user_id,current_job,current_job_name,target_job,target_job_name,candidate_job,candidate_job_name,match_score,gap_score,missing_skill_count,direct_transition_probability,path_probability,path_length,growth_score,estimated_training_hours,recommendation_score,is_target,rank
u001,15-1251.00,Computer Programmers,15-1252.00,Software Developers,15-1252.00,Software Developers,0.857432,0.0,0,0.615385,0.615385,1,0.481869,40.0,0.550433,1,1
u001,15-1251.00,Computer Programmers,15-1252.00,Software Developers,15-1254.00,Web Developers,0.95823,0.0,0,0.25641,0.25641,1,0.500482,40.0,0.544737,0,2
u001,15-1251.00,Computer Programmers,15-1252.00,Software Developers,15-2051.00,Data Scientists,0.904937,0.0,0,0.0,0.341881,2,0.50033,40.0,0.533553,0,3
u001,15-1251.00,Computer Programmers,15-1252.00,Software Developers,15-1212.00,Information Security Analysts,0.928191,0.0,0,0.0,0.273504,2,0.498374,40.0,0.533467,0,4
u001,15-1251.00,Computer Programmers,15-1252.00,Software Developers,15-1244.00,Network and Computer Systems Administrators,0.970578,0.005545,2,0.0,0.0,-1,0.583766,65.77,0.522939,0,5
u001,15-1251.00,Computer Programmers,15-1252.00,Software Developers,15-1211.00,Computer Systems Analysts,0.965727,0.0,0,0.0,0.0,-1,0.555833,40.0,0.517952,0,6
u001,15-1251.00,Computer Programmers,15-1252.00,Software Developers,15-1255.00,Web and Digital Interface Designers,0.93311,0.0,0,0.0,0.102564,2,0.503011,40.0,0.510736,0,7
u001,15-1251.00,Computer Programmers,15-1252.00,Software Developers,15-1253.00,Software Quality Assurance Analysts and Testers,0.950251,0.0,0,0.0,0.0,-1,0.509293,40.0,0.504007,0,8
u001,15-1251.00,Computer Programmers,15-1252.00,Software Developers,15-1242.00,Database Administrators,0.94327,0.0,0,0.0,0.0,-1,0.516171,40.0,0.501897,0,9
u001,15-1251.00,Computer Programmers,15-1252.00,Software Developers,15-1243.00,Database Architects,0.944257,0.0,0,0.0,0.0,-1,0.511853,40.0,0.501694,0,10
u001,15-1251.00,Computer Programmers,15-1252.00,Software Developers,15-2031.00,Operations Research Analysts,0.888467,0.009822,0,0.128205,0.128205,1,0.527362,43.14,0.49569,0,11
u002,15-1254.00,Web Developers,15-1252.00,Software Developers,15-1255.00,Web and Digital Interface Designers,0.940392,0.0,0,0.4,0.4,1,0.50253,40.0,0.558556,0,1
u002,15-1254.00,Web Developers,15-1252.00,Software Developers,15-1252.00,Software Developers,0.875544,0.0,0,0.6,0.6,1,0.481388,40.0,0.556203,1,2
u002,15-1254.00,Web Developers,15-1252.00,Software Developers,15-2051.00,Data Scientists,0.918023,0.0,0,0.0,0.333334,2,0.499848,40.0,0.538088,0,3
u002,15-1254.00,Web Developers,15-1252.00,Software Developers,15-1212.00,Information Security Analysts,0.93996,0.0,0,0.0,0.266666,2,0.497892,40.0,0.537666,0,4
u002,15-1254.00,Web Developers,15-1252.00,Software Developers,15-1244.00,Network and Computer Systems Administrators,0.96838,0.005202,1,0.0,0.0,-1,0.583284,53.66,0.521963,0,5
u002,15-1254.00,Web Developers,15-1252.00,Software Developers,15-1211.00,Computer Systems Analysts,0.973538,0.0,0,0.0,0.0,-1,0.555351,40.0,0.521395,0,6
u002,15-1254.00,Web Developers,15-1252.00,Software Developers,15-1243.00,Database Architects,0.959132,0.0,0,0.0,0.0,-1,0.511371,40.0,0.508315,0,7
u002,15-1254.00,Web Developers,15-1252.00,Software Developers,15-1242.00,Database Administrators,0.955273,0.0,0,0.0,0.0,-1,0.51569,40.0,0.507226,0,8
u002,15-1254.00,Web Developers,15-1252.00,Software Developers,15-1253.00,Software Quality Assurance Analysts and Testers,0.953278,0.0,0,0.0,0.0,-1,0.508811,40.0,0.505297,0,9
u002,15-1254.00,Web Developers,15-1252.00,Software Developers,15-1251.00,Computer Programmers,0.942804,0.0,0,0.0,0.0,-1,0.499518,40.0,0.499189,0,10
u002,15-1254.00,Web Developers,15-1252.00,Software Developers,15-2031.00,Operations Research Analysts,0.898277,0.013305,0,0.0,0.0,-1,0.526881,44.26,0.47993,0,11
u003,15-1242.00,Database Administrators,15-2051.00,Data Scientists,15-2051.00,Data Scientists,0.937911,0.0,0,1.0,1.0,1,0.484159,40.0,0.644684,1,1
u003,15-1242.00,Database Administrators,15-2051.00,Data Scientists,15-1211.00,Computer Systems Analysts,0.97752,0.000241,0,0.0,0.0,-1,0.539661,40.08,0.520773,0,2
u003,15-1242.00,Database Administrators,15-2051.00,Data Scientists,15-1244.00,Network and Computer Systems Administrators,0.96652,0.008003,1,0.0,0.0,-1,0.567594,54.56,0.518073,0,3
u003,15-1242.00,Database Administrators,15-2051.00,Data Scientists,15-1243.00,Database Architects,0.959256,0.0,0,0.0,0.0,-1,0.495681,40.0,0.506017,0,4
u003,15-1242.00,Database Administrators,15-2051.00,Data Scientists,15-1254.00,Web Developers,0.955431,0.0,0,0.0,0.0,-1,0.48431,40.0,0.502591,0,5
u003,15-1242.00,Database Administrators,15-2051.00,Data Scientists,15-1253.00,Software Quality Assurance Analysts and Testers,0.947961,0.0,0,0.0,0.0,-1,0.493122,40.0,0.500551,0,6
u003,15-1242.00,Database Administrators,15-2051.00,Data Scientists,15-1212.00,Information Security Analysts,0.948181,0.0,0,0.0,0.0,-1,0.482202,40.0,0.499012,0,7
u003,15-1242.00,Database Administrators,15-2051.00,Data Scientists,15-1255.00,Web and Digital Interface Designers,0.943588,0.0,0,0.0,0.0,-1,0.48684,40.0,0.49764,0,8
u003,15-1242.00,Database Administrators,15-2051.00,Data Scientists,15-2031.00,Operations Research Analysts,0.921587,0.0,0,0.0,0.0,-1,0.511191,40.0,0.491393,0,9
u003,15-1242.00,Database Administrators,15-2051.00,Data Scientists,15-1251.00,Computer Programmers,0.929562,0.009322,0,0.0,0.0,-1,0.483829,42.98,0.488547,0,10
u003,15-1242.00,Database Administrators,15-2051.00,Data Scientists,15-1252.00,Software Developers,0.901322,0.0,0,0.0,0.0,-1,0.465698,40.0,0.47545,0,11
u004,15-1244.00,Network and Computer Systems Administrators,15-1212.00,Information Security Analysts,15-1212.00,Information Security Analysts,0.916586,0.0,0,1.0,1.0,1,0.414608,40.0,0.624655,1,1
u004,15-1244.00,Network and Computer Systems Administrators,15-1212.00,Information Security Analysts,15-1211.00,Computer Systems Analysts,0.958218,0.0,0,0.0,0.0,-1,0.472067,40.0,0.502008,0,2
u004,15-1244.00,Network and Computer Systems Administrators,15-1212.00,Information Security Analysts,15-1242.00,Database Administrators,0.917292,0.0,0,0.0,0.0,-1,0.432406,40.0,0.477642,0,3
u004,15-1244.00,Network and Computer Systems Administrators,15-1212.00,Information Security Analysts,15-1253.00,Software Quality Assurance Analysts and Testers,0.918301,0.0,0,0.0,0.0,-1,0.425527,40.0,0.477064,0,4
u004,15-1244.00,Network and Computer Systems Administrators,15-1212.00,Information Security Analysts,15-1243.00,Database Architects,0.910229,0.0,0,0.0,0.0,-1,0.428087,40.0,0.473816,0,5
u004,15-1244.00,Network and Computer Systems Administrators,15-1212.00,Information Security Analysts,15-1254.00,Web Developers,0.913924,0.0,0,0.0,0.0,-1,0.416716,40.0,0.473773,0,6
u004,15-1244.00,Network and Computer Systems Administrators,15-1212.00,Information Security Analysts,15-1255.00,Web and Digital Interface Designers,0.887202,0.0,0,0.0,0.0,-1,0.419245,40.0,0.462128,0,7
u004,15-1244.00,Network and Computer Systems Administrators,15-1212.00,Information Security Analysts,15-1251.00,Computer Programmers,0.885311,0.005974,0,0.0,0.0,-1,0.416234,41.91,0.459332,0,8
u004,15-1244.00,Network and Computer Systems Administrators,15-1212.00,Information Security Analysts,15-2051.00,Data Scientists,0.879344,0.0,0,0.0,0.0,-1,0.416564,40.0,0.458189,0,9
u004,15-1244.00,Network and Computer Systems Administrators,15-1212.00,Information Security Analysts,15-2031.00,Operations Research Analysts,0.851464,0.004706,0,0.0,0.0,-1,0.443597,41.51,0.448522,0,10
u004,15-1244.00,Network and Computer Systems Administrators,15-1212.00,Information Security Analysts,15-1252.00,Software Developers,0.854173,0.000611,0,0.0,0.0,-1,0.398103,40.2,0.443941,0,11
u005,15-1253.00,Software Quality Assurance Analysts and Testers,15-1252.00,Software Developers,15-1252.00,Software Developers,0.879238,0.0,0,1.0,1.0,1,0.472576,40.0,0.616543,1,1
u005,15-1253.00,Software Quality Assurance Analysts and Testers,15-1252.00,Software Developers,15-2051.00,Data Scientists,0.917364,0.00082,0,0.0,0.555556,2,0.491037,40.26,0.569598,0,2
u005,15-1253.00,Software Quality Assurance Analysts and Testers,15-1252.00,Software Developers,15-1212.00,Information Security Analysts,0.94943,0.0,0,0.0,0.444444,2,0.489081,40.0,0.567272,0,3
u005,15-1253.00,Software Quality Assurance Analysts and Testers,15-1252.00,Software Developers,15-1244.00,Network and Computer Systems Administrators,0.971457,0.001321,0,0.0,0.0,-1,0.574473,40.42,0.522996,0,4
u005,15-1253.00,Software Quality Assurance Analysts and Testers,15-1252.00,Software Developers,15-1211.00,Computer Systems Analysts,0.971518,7.8e-05,0,0.0,0.0,-1,0.54654,40.02,0.519145,0,5
u005,15-1253.00,Software Quality Assurance Analysts and Testers,15-1252.00,Software Developers,15-1242.00,Database Administrators,0.945486,0.0,0,0.0,0.0,-1,0.506878,40.0,0.5015,0,6
u005,15-1253.00,Software Quality Assurance Analysts and Testers,15-1252.00,Software Developers,15-1254.00,Web Developers,0.948504,0.0,0,0.0,0.0,-1,0.491189,40.0,0.500505,0,7
u005,15-1253.00,Software Quality Assurance Analysts and Testers,15-1252.00,Software Developers,15-1243.00,Database Architects,0.940965,0.0,0,0.0,0.0,-1,0.50256,40.0,0.498818,0,8
u005,15-1253.00,Software Quality Assurance Analysts and Testers,15-1252.00,Software Developers,15-1255.00,Web and Digital Interface Designers,0.925018,0.0,0,0.0,0.0,-1,0.493718,40.0,0.490316,0,9
u005,15-1253.00,Software Quality Assurance Analysts and Testers,15-1252.00,Software Developers,15-1251.00,Computer Programmers,0.925472,0.005821,0,0.0,0.0,-1,0.490707,41.86,0.488613,0,10
u005,15-1253.00,Software Quality Assurance Analysts and Testers,15-1252.00,Software Developers,15-2031.00,Operations Research Analysts,0.88398,0.019258,0,0.0,0.0,-1,0.518069,46.16,0.470687,0,11
u006,15-1211.00,Computer Systems Analysts,15-2051.00,Data Scientists,15-2051.00,Data Scientists,0.908285,0.0,0,1.0,1.0,1,0.444497,40.0,0.625403,1,1
u006,15-1211.00,Computer Systems Analysts,15-2051.00,Data Scientists,15-1244.00,Network and Computer Systems Administrators,0.988498,0.0,0,0.0,0.0,-1,0.527933,40.0,0.524014,0,2
u006,15-1211.00,Computer Systems Analysts,15-2051.00,Data Scientists,15-1242.00,Database Administrators,0.945392,0.0,0,0.0,0.0,-1,0.460339,40.0,0.494477,0,3
u006,15-1211.00,Computer Systems Analysts,15-2051.00,Data Scientists,15-1253.00,Software Quality Assurance Analysts and Testers,0.947466,0.0,0,0.0,0.0,-1,0.45346,40.0,0.494379,0,4
u006,15-1211.00,Computer Systems Analysts,15-2051.00,Data Scientists,15-1243.00,Database Architects,0.939391,0.0,0,0.0,0.0,-1,0.45602,40.0,0.491129,0,5
u006,15-1211.00,Computer Systems Analysts,15-2051.00,Data Scientists,15-1212.00,Information Security Analysts,0.943017,0.0,0,0.0,0.0,-1,0.442541,40.0,0.490739,0,6
u006,15-1211.00,Computer Systems Analysts,15-2051.00,Data Scientists,15-1254.00,Web Developers,0.941542,0.0,0,0.0,0.0,-1,0.444649,40.0,0.490391,0,7
u006,15-1211.00,Computer Systems Analysts,15-2051.00,Data Scientists,15-1255.00,Web and Digital Interface Designers,0.920688,0.0,0,0.0,0.0,-1,0.447179,40.0,0.481386,0,8
u006,15-1211.00,Computer Systems Analysts,15-2051.00,Data Scientists,15-1251.00,Computer Programmers,0.912416,0.005404,0,0.0,0.0,-1,0.444167,41.73,0.475861,0,9
u006,15-1211.00,Computer Systems Analysts,15-2051.00,Data Scientists,15-1252.00,Software Developers,0.892072,0.0,0,0.0,0.0,-1,0.426037,40.0,0.465338,0,10
u006,15-1211.00,Computer Systems Analysts,15-2051.00,Data Scientists,15-2031.00,Operations Research Analysts,0.879538,0.011331,0,0.0,0.0,-1,0.47153,43.63,0.463689,0,11
u007,15-1252.00,Software Developers,15-1253.00,Software Quality Assurance Analysts and Testers,15-2051.00,Data Scientists,0.933115,0.0,0,0.555556,0.555556,1,0.518461,40.0,0.581004,0,1
u007,15-1252.00,Software Developers,15-1253.00,Software Quality Assurance Analysts and Testers,15-1212.00,Information Security Analysts,0.954333,0.001503,0,0.444444,0.444444,1,0.516505,40.48,0.573216,0,2
u007,15-1252.00,Software Developers,15-1253.00,Software Quality Assurance Analysts and Testers,15-1211.00,Computer Systems Analysts,0.968197,0.006804,2,0.0,0.0,-1,0.573963,66.18,0.520082,0,3
u007,15-1252.00,Software Developers,15-1253.00,Software Quality Assurance Analysts and Testers,15-1244.00,Network and Computer Systems Administrators,0.960342,0.01684,4,0.0,0.0,-1,0.601897,93.39,0.518228,0,4
u007,15-1252.00,Software Developers,15-1253.00,Software Quality Assurance Analysts and Testers,15-1243.00,Database Architects,0.95366,0.00642,1,0.0,0.0,-1,0.529983,54.05,0.507039,0,5
u007,15-1252.00,Software Developers,15-1253.00,Software Quality Assurance Analysts and Testers,15-1242.00,Database Administrators,0.950512,0.004933,1,0.0,0.0,-1,0.534302,53.58,0.506642,0,6
u007,15-1252.00,Software Developers,15-1253.00,Software Quality Assurance Analysts and Testers,15-1255.00,Web and Digital Interface Designers,0.939419,0.009899,1,0.0,0.0,-1,0.521142,55.17,0.498435,0,7
u007,15-1252.00,Software Developers,15-1253.00,Software Quality Assurance Analysts and Testers,15-1253.00,Software Quality Assurance Analysts and Testers,0.929952,0.011161,2,0.0,0.0,-1,0.527424,67.57,0.494802,1,8
u007,15-1252.00,Software Developers,15-1253.00,Software Quality Assurance Analysts and Testers,15-1254.00,Web Developers,0.925347,0.02016,1,0.0,0.0,-1,0.518612,58.45,0.489158,0,9
u007,15-1252.00,Software Developers,15-1253.00,Software Quality Assurance Analysts and Testers,15-2031.00,Operations Research Analysts,0.900514,0.017951,1,0.0,0.0,-1,0.545493,57.74,0.482567,0,10
u007,15-1252.00,Software Developers,15-1253.00,Software Quality Assurance Analysts and Testers,15-1251.00,Computer Programmers,0.887056,0.039531,2,0.0,0.0,-1,0.518131,76.65,0.467012,0,11
u008,15-1253.00,Software Quality Assurance Analysts and Testers,15-1252.00,Software Developers,15-1252.00,Software Developers,0.872637,0.0,0,1.0,1.0,1,0.472576,40.0,0.613573,1,1
u008,15-1253.00,Software Quality Assurance Analysts and Testers,15-1252.00,Software Developers,15-2051.00,Data Scientists,0.915235,0.0,0,0.0,0.555556,2,0.491037,40.0,0.568845,0,2
u008,15-1253.00,Software Quality Assurance Analysts and Testers,15-1252.00,Software Developers,15-1212.00,Information Security Analysts,0.943704,0.0,0,0.0,0.444444,2,0.489081,40.0,0.564695,0,3
u008,15-1253.00,Software Quality Assurance Analysts and Testers,15-1252.00,Software Developers,15-1244.00,Network and Computer Systems Administrators,0.974423,0.001494,1,0.0,0.0,-1,0.574473,52.48,0.524288,0,4
u008,15-1253.00,Software Quality Assurance Analysts and Testers,15-1252.00,Software Developers,15-1211.00,Computer Systems Analysts,0.975795,0.0,0,0.0,0.0,-1,0.54654,40.0,0.521089,0,5
u008,15-1253.00,Software Quality Assurance Analysts and Testers,15-1252.00,Software Developers,15-1242.00,Database Administrators,0.947652,0.0,0,0.0,0.0,-1,0.506878,40.0,0.502475,0,6
u008,15-1253.00,Software Quality Assurance Analysts and Testers,15-1252.00,Software Developers,15-1254.00,Web Developers,0.951266,0.0,0,0.0,0.0,-1,0.491189,40.0,0.501748,0,7
u008,15-1253.00,Software Quality Assurance Analysts and Testers,15-1252.00,Software Developers,15-1243.00,Database Architects,0.94191,0.0,0,0.0,0.0,-1,0.50256,40.0,0.499243,0,8
u008,15-1253.00,Software Quality Assurance Analysts and Testers,15-1252.00,Software Developers,15-1251.00,Computer Programmers,0.932845,0.004375,0,0.0,0.0,-1,0.490707,41.4,0.492292,0,9
u008,15-1253.00,Software Quality Assurance Analysts and Testers,15-1252.00,Software Developers,15-1255.00,Web and Digital Interface Designers,0.925351,0.0,0,0.0,0.0,-1,0.493718,40.0,0.490466,0,10
u008,15-1253.00,Software Quality Assurance Analysts and Testers,15-1252.00,Software Developers,15-2031.00,Operations Research Analysts,0.891367,0.010794,0,0.0,0.0,-1,0.518069,43.45,0.476127,0,11
u009,15-1254.00,Web Developers,15-1252.00,Software Developers,15-1255.00,Web and Digital Interface Designers,0.94291,0.0,0,0.4,0.4,1,0.50253,40.0,0.559689,0,1
u009,15-1254.00,Web Developers,15-1252.00,Software Developers,15-1252.00,Software Developers,0.880659,0.003284,1,0.6,0.6,1,0.481388,53.05,0.557684,1,2
u009,15-1254.00,Web Developers,15-1252.00,Software Developers,15-1212.00,Information Security Analysts,0.948485,0.0,0,0.0,0.266666,2,0.497892,40.0,0.541502,0,3
u009,15-1254.00,Web Developers,15-1252.00,Software Developers,15-2051.00,Data Scientists,0.921848,0.003281,0,0.0,0.333334,2,0.499848,41.05,0.538989,0,4
u009,15-1254.00,Web Developers,15-1252.00,Software Developers,15-1244.00,Network and Computer Systems Administrators,0.968046,0.007166,2,0.0,0.0,-1,0.583284,66.29,0.521322,0,5
u009,15-1254.00,Web Developers,15-1252.00,Software Developers,15-1211.00,Computer Systems Analysts,0.972988,0.0,0,0.0,0.0,-1,0.555351,40.0,0.521147,0,6
u009,15-1254.00,Web Developers,15-1252.00,Software Developers,15-1242.00,Database Administrators,0.957533,0.0,0,0.0,0.0,-1,0.51569,40.0,0.508243,0,7
u009,15-1254.00,Web Developers,15-1252.00,Software Developers,15-1243.00,Database Architects,0.95805,0.0,0,0.0,0.0,-1,0.511371,40.0,0.507828,0,8
u009,15-1254.00,Web Developers,15-1252.00,Software Developers,15-1253.00,Software Quality Assurance Analysts and Testers,0.951199,0.0,0,0.0,0.0,-1,0.508811,40.0,0.504361,0,9
u009,15-1254.00,Web Developers,15-1252.00,Software Developers,15-1251.00,Computer Programmers,0.938805,0.0,0,0.0,0.0,-1,0.499518,40.0,0.49739,0,10
u009,15-1254.00,Web Developers,15-1252.00,Software Developers,15-2031.00,Operations Research Analysts,0.88948,0.021629,0,0.0,0.0,-1,0.526881,46.92,0.473891,0,11
u010,15-1255.00,Web and Digital Interface Designers,15-2031.00,Operations Research Analysts,15-1211.00,Computer Systems Analysts,0.969493,0.004185,2,0.0,0.0,-1,0.552821,65.34,0.518149,0,1
u010,15-1255.00,Web and Digital Interface Designers,15-2031.00,Operations Research Analysts,15-1244.00,Network and Computer Systems Administrators,0.959582,0.013179,3,0.0,0.0,-1,0.580755,80.22,0.51563,0,2
u010,15-1255.00,Web and Digital Interface Designers,15-2031.00,Operations Research Analysts,15-1243.00,Database Architects,0.968815,0.0,0,0.0,0.0,-1,0.508841,40.0,0.512293,0,3
u010,15-1255.00,Web and Digital Interface Designers,15-2031.00,Operations Research Analysts,15-1254.00,Web Developers,0.96512,0.0,0,0.0,0.0,-1,0.49747,40.0,0.508924,0,4
u010,15-1255.00,Web and Digital Interface Designers,15-2031.00,Operations Research Analysts,15-1242.00,Database Administrators,0.95951,0.0,0,0.0,0.0,-1,0.51316,40.0,0.508754,0,5
u010,15-1255.00,Web and Digital Interface Designers,15-2031.00,Operations Research Analysts,15-1212.00,Information Security Analysts,0.943388,0.0,0,0.0,0.0,-1,0.495363,40.0,0.498829,0,6
u010,15-1255.00,Web and Digital Interface Designers,15-2031.00,Operations Research Analysts,15-1253.00,Software Quality Assurance Analysts and Testers,0.940275,0.00367,1,0.0,0.0,-1,0.506282,53.17,0.498149,0,7
u010,15-1255.00,Web and Digital Interface Designers,15-2031.00,Operations Research Analysts,15-2051.00,Data Scientists,0.938659,0.0,0,0.0,0.0,-1,0.497319,40.0,0.496994,0,8
u010,15-1255.00,Web and Digital Interface Designers,15-2031.00,Operations Research Analysts,15-1251.00,Computer Programmers,0.935449,0.003447,1,0.0,0.0,-1,0.496989,53.1,0.494638,0,9
u010,15-1255.00,Web and Digital Interface Designers,15-2031.00,Operations Research Analysts,15-2031.00,Operations Research Analysts,0.911267,0.00577,1,0.0,0.0,-1,0.524351,53.85,0.48728,1,10
u010,15-1255.00,Web and Digital Interface Designers,15-2031.00,Operations Research Analysts,15-1252.00,Software Developers,0.906211,0.0,0,0.0,0.0,-1,0.478858,40.0,0.479624,0,11
u011,15-2031.00,Operations Research Analysts,15-2051.00,Data Scientists,15-2051.00,Data Scientists,0.943102,0.0,0,1.0,1.0,1,0.472968,40.0,0.645341,1,1
u011,15-2031.00,Operations Research Analysts,15-2051.00,Data Scientists,15-1211.00,Computer Systems Analysts,0.948875,0.006631,2,0.0,0.0,-1,0.52847,66.12,0.504606,0,2
u011,15-2031.00,Operations Research Analysts,15-2051.00,Data Scientists,15-1242.00,Database Administrators,0.947968,0.0,0,0.0,0.0,-1,0.488809,40.0,0.499907,0,3
u011,15-2031.00,Operations Research Analysts,15-2051.00,Data Scientists,15-1243.00,Database Architects,0.949343,0.0,0,0.0,0.0,-1,0.48449,40.0,0.499878,0,4
u011,15-2031.00,Operations Research Analysts,15-2051.00,Data Scientists,15-1244.00,Network and Computer Systems Administrators,0.933757,0.020365,4,0.0,0.0,-1,0.556403,94.52,0.49856,0,5
u011,15-2031.00,Operations Research Analysts,15-2051.00,Data Scientists,15-1254.00,Web Developers,0.943593,0.003798,0,0.0,0.0,-1,0.473119,41.22,0.494635,0,6
u011,15-2031.00,Operations Research Analysts,15-2051.00,Data Scientists,15-1255.00,Web and Digital Interface Designers,0.933871,0.000243,0,0.0,0.0,-1,0.475649,40.08,0.491528,0,7
u011,15-2031.00,Operations Research Analysts,15-2051.00,Data Scientists,15-1253.00,Software Quality Assurance Analysts and Testers,0.923707,0.004468,1,0.0,0.0,-1,0.481931,53.43,0.486841,0,8
u011,15-2031.00,Operations Research Analysts,15-2051.00,Data Scientists,15-1212.00,Information Security Analysts,0.924393,0.001255,0,0.0,0.0,-1,0.471011,40.4,0.486315,0,9
u011,15-2031.00,Operations Research Analysts,15-2051.00,Data Scientists,15-1251.00,Computer Programmers,0.914168,0.021908,1,0.0,0.0,-1,0.472638,59.01,0.476794,0,10
u011,15-2031.00,Operations Research Analysts,15-2051.00,Data Scientists,15-1252.00,Software Developers,0.89451,0.003227,0,0.0,0.0,-1,0.454507,41.03,0.469899,0,11
u012,15-2051.00,Data Scientists,15-1211.00,Computer Systems Analysts,15-1244.00,Network and Computer Systems Administrators,0.970653,0.006787,0,0.0,0.0,-1,0.583436,42.17,0.522613,0,1
u012,15-2051.00,Data Scientists,15-1211.00,Computer Systems Analysts,15-1211.00,Computer Systems Analysts,0.973732,0.001819,0,0.0,0.0,-1,0.555503,40.58,0.52105,1,2
u012,15-2051.00,Data Scientists,15-1211.00,Computer Systems Analysts,15-1242.00,Database Administrators,0.959869,0.0,0,0.0,0.0,-1,0.515841,40.0,0.509317,0,3
u012,15-2051.00,Data Scientists,15-1211.00,Computer Systems Analysts,15-1243.00,Database Architects,0.958851,0.0,0,0.0,0.0,-1,0.511523,40.0,0.508211,0,4
u012,15-2051.00,Data Scientists,15-1211.00,Computer Systems Analysts,15-1212.00,Information Security Analysts,0.956101,0.0,0,0.0,0.0,-1,0.498044,40.0,0.504952,0,5
u012,15-2051.00,Data Scientists,15-1211.00,Computer Systems Analysts,15-1255.00,Web and Digital Interface Designers,0.946542,0.000567,0,0.0,0.0,-1,0.502681,40.18,0.501204,0,6
u012,15-2051.00,Data Scientists,15-1211.00,Computer Systems Analysts,15-1253.00,Software Quality Assurance Analysts and Testers,0.940887,0.002403,0,0.0,0.0,-1,0.508963,40.77,0.499143,0,7
u012,15-2051.00,Data Scientists,15-1211.00,Computer Systems Analysts,15-1254.00,Web Developers,0.944703,0.004167,0,0.0,0.0,-1,0.500152,41.33,0.499097,0,8
u012,15-2051.00,Data Scientists,15-1211.00,Computer Systems Analysts,15-2031.00,Operations Research Analysts,0.92171,0.002046,1,0.0,0.0,-1,0.527032,52.65,0.493313,0,9
u012,15-2051.00,Data Scientists,15-1211.00,Computer Systems Analysts,15-1252.00,Software Developers,0.919325,0.003229,0,0.0,0.0,-1,0.481539,41.03,0.48512,0,10
u012,15-2051.00,Data Scientists,15-1211.00,Computer Systems Analysts,15-1251.00,Computer Programmers,0.910185,0.021357,0,0.0,0.0,-1,0.49967,46.83,0.479195,0,11
u013,15-1211.00,Computer Systems Analysts,15-2051.00,Data Scientists,15-2051.00,Data Scientists,0.9134,0.0,0,1.0,1.0,1,0.444497,40.0,0.627705,1,1
u013,15-1211.00,Computer Systems Analysts,15-2051.00,Data Scientists,15-1244.00,Network and Computer Systems Administrators,0.980256,0.002549,1,0.0,0.0,-1,0.527933,52.82,0.519668,0,2
u013,15-1211.00,Computer Systems Analysts,15-2051.00,Data Scientists,15-1253.00,Software Quality Assurance Analysts and Testers,0.953441,0.0,0,0.0,0.0,-1,0.45346,40.0,0.497067,0,3
u013,15-1211.00,Computer Systems Analysts,15-2051.00,Data Scientists,15-1242.00,Database Administrators,0.94981,0.0,0,0.0,0.0,-1,0.460339,40.0,0.496465,0,4
u013,15-1211.00,Computer Systems Analysts,15-2051.00,Data Scientists,15-1243.00,Database Architects,0.945859,0.0,0,0.0,0.0,-1,0.45602,40.0,0.494039,0,5
u013,15-1211.00,Computer Systems Analysts,15-2051.00,Data Scientists,15-1254.00,Web Developers,0.947322,0.0,0,0.0,0.0,-1,0.444649,40.0,0.492992,0,6
u013,15-1211.00,Computer Systems Analysts,15-2051.00,Data Scientists,15-1212.00,Information Security Analysts,0.941502,0.0,0,0.0,0.0,-1,0.442541,40.0,0.490057,0,7
u013,15-1211.00,Computer Systems Analysts,15-2051.00,Data Scientists,15-1255.00,Web and Digital Interface Designers,0.921109,0.0,0,0.0,0.0,-1,0.447179,40.0,0.481576,0,8
u013,15-1211.00,Computer Systems Analysts,15-2051.00,Data Scientists,15-1251.00,Computer Programmers,0.914502,0.007111,0,0.0,0.0,-1,0.444167,42.28,0.476373,0,9
u013,15-1211.00,Computer Systems Analysts,15-2051.00,Data Scientists,15-2031.00,Operations Research Analysts,0.890639,0.006151,0,0.0,0.0,-1,0.47153,41.97,0.469979,0,10
u013,15-1211.00,Computer Systems Analysts,15-2051.00,Data Scientists,15-1252.00,Software Developers,0.888852,0.0,0,0.0,0.0,-1,0.426037,40.0,0.463889,0,11
u014,15-1212.00,Information Security Analysts,15-1242.00,Database Administrators,15-1211.00,Computer Systems Analysts,0.975395,0.000514,0,0.0,0.0,-1,0.557459,40.16,0.522418,0,1
u014,15-1212.00,Information Security Analysts,15-1242.00,Database Administrators,15-1244.00,Network and Computer Systems Administrators,0.965719,0.012007,2,0.0,0.0,-1,0.585392,67.84,0.519381,0,2
u014,15-1212.00,Information Security Analysts,15-1242.00,Database Administrators,15-1242.00,Database Administrators,0.956793,0.000597,0,0.0,0.0,-1,0.517798,40.19,0.508077,1,3
u014,15-1212.00,Information Security Analysts,15-1242.00,Database Administrators,15-1243.00,Database Architects,0.955923,0.001592,0,0.0,0.0,-1,0.513479,40.51,0.506789,0,4
u014,15-1212.00,Information Security Analysts,15-1242.00,Database Administrators,15-1253.00,Software Quality Assurance Analysts and Testers,0.949107,0.001106,0,0.0,0.0,-1,0.510919,40.35,0.50346,0,5
u014,15-1212.00,Information Security Analysts,15-1242.00,Database Administrators,15-1255.00,Web and Digital Interface Designers,0.946043,0.004315,0,0.0,0.0,-1,0.504637,41.38,0.500336,0,6
u014,15-1212.00,Information Security Analysts,15-1242.00,Database Administrators,15-1254.00,Web Developers,0.94667,0.008909,0,0.0,0.0,-1,0.502108,42.85,0.49909,0,7
u014,15-1212.00,Information Security Analysts,15-1242.00,Database Administrators,15-2051.00,Data Scientists,0.937917,0.004409,0,0.0,0.0,-1,0.501956,41.41,0.496254,0,8
u014,15-1212.00,Information Security Analysts,15-1242.00,Database Administrators,15-1252.00,Software Developers,0.923546,0.000433,0,0.0,0.0,-1,0.483495,40.14,0.488012,0,9
u014,15-1212.00,Information Security Analysts,15-1242.00,Database Administrators,15-1251.00,Computer Programmers,0.913506,0.024508,0,0.0,0.0,-1,0.501626,47.84,0.480195,0,10
u014,15-1212.00,Information Security Analysts,15-1242.00,Database Administrators,15-2031.00,Operations Research Analysts,0.896357,0.025734,0,0.0,0.0,-1,0.528989,48.24,0.476275,0,11
u015,15-1242.00,Database Administrators,15-2051.00,Data Scientists,15-2051.00,Data Scientists,0.945815,0.0,0,1.0,1.0,1,0.484159,40.0,0.648241,1,1
u015,15-1242.00,Database Administrators,15-2051.00,Data Scientists,15-1211.00,Computer Systems Analysts,0.984259,0.0,0,0.0,0.0,-1,0.539661,40.0,0.523866,0,2
u015,15-1242.00,Database Administrators,15-2051.00,Data Scientists,15-1244.00,Network and Computer Systems Administrators,0.97499,0.006675,2,0.0,0.0,-1,0.567594,66.14,0.522216,0,3
u015,15-1242.00,Database Administrators,15-2051.00,Data Scientists,15-1243.00,Database Architects,0.96264,0.0,0,0.0,0.0,-1,0.495681,40.0,0.50754,0,4
u015,15-1242.00,Database Administrators,15-2051.00,Data Scientists,15-1212.00,Information Security Analysts,0.964756,0.0,0,0.0,0.0,-1,0.482202,40.0,0.50647,0,5
u015,15-1242.00,Database Administrators,15-2051.00,Data Scientists,15-1253.00,Software Quality Assurance Analysts and Testers,0.954148,0.0,0,0.0,0.0,-1,0.493122,40.0,0.503335,0,6
u015,15-1242.00,Database Administrators,15-2051.00,Data Scientists,15-1254.00,Web Developers,0.9533,0.001858,0,0.0,0.0,-1,0.48431,40.59,0.501167,0,7
u015,15-1242.00,Database Administrators,15-2051.00,Data Scientists,15-1255.00,Web and Digital Interface Designers,0.945716,0.0,0,0.0,0.0,-1,0.48684,40.0,0.498598,0,8
u015,15-1242.00,Database Administrators,15-2051.00,Data Scientists,15-2031.00,Operations Research Analysts,0.923328,0.00551,0,0.0,0.0,-1,0.511191,41.76,0.490799,0,9
u015,15-1242.00,Database Administrators,15-2051.00,Data Scientists,15-1252.00,Software Developers,0.924826,0.0,0,0.0,0.0,-1,0.465698,40.0,0.486026,0,10
u015,15-1242.00,Database Administrators,15-2051.00,Data Scientists,15-1251.00,Computer Programmers,0.924368,0.015773,0,0.0,0.0,-1,0.483829,45.05,0.484597,0,11
u016,15-1243.00,Database Architects,15-1244.00,Network and Computer Systems Administrators,15-1211.00,Computer Systems Analysts,0.970728,0.001552,0,0.0,0.0,-1,0.54398,40.5,0.518037,0,1
u016,15-1243.00,Database Architects,15-1244.00,Network and Computer Systems Administrators,15-1244.00,Network and Computer Systems Administrators,0.96529,0.009542,0,0.0,0.0,-1,0.571913,43.05,0.517782,1,2
u016,15-1243.00,Database Architects,15-1244.00,Network and Computer Systems Administrators,15-1242.00,Database Administrators,0.960909,0.0,0,0.0,0.0,-1,0.504319,40.0,0.508057,0,3
u016,15-1243.00,Database Architects,15-1244.00,Network and Computer Systems Administrators,15-1254.00,Web Developers,0.960463,0.0,0,0.0,0.0,-1,0.488629,40.0,0.505503,0,4
u016,15-1243.00,Database Architects,15-1244.00,Network and Computer Systems Administrators,15-1255.00,Web and Digital Interface Designers,0.954323,0.0,0,0.0,0.0,-1,0.491159,40.0,0.503119,0,5
u016,15-1243.00,Database Architects,15-1244.00,Network and Computer Systems Administrators,15-1253.00,Software Quality Assurance Analysts and Testers,0.9418,0.001005,0,0.0,0.0,-1,0.49744,40.32,0.498175,0,6
u016,15-1243.00,Database Architects,15-1244.00,Network and Computer Systems Administrators,15-1251.00,Computer Programmers,0.939308,0.001064,0,0.0,0.0,-1,0.488147,40.34,0.495645,0,7
u016,15-1243.00,Database Architects,15-1244.00,Network and Computer Systems Administrators,15-1212.00,Information Security Analysts,0.938553,0.0,0,0.0,0.0,-1,0.486521,40.0,0.495327,0,8
u016,15-1243.00,Database Architects,15-1244.00,Network and Computer Systems Administrators,15-2051.00,Data Scientists,0.92844,0.0,0,0.0,0.0,-1,0.488477,40.0,0.49107,0,9
u016,15-1243.00,Database Architects,15-1244.00,Network and Computer Systems Administrators,15-2031.00,Operations Research Analysts,0.911079,0.003623,0,0.0,0.0,-1,0.51551,41.16,0.486406,0,10
u016,15-1243.00,Database Architects,15-1244.00,Network and Computer Systems Administrators,15-1252.00,Software Developers,0.904328,0.0,0,0.0,0.0,-1,0.470017,40.0,0.47745,0,11
u017,15-1244.00,Network and Computer Systems Administrators,15-1212.00,Information Security Analysts,15-1212.00,Information Security Analysts,0.913779,0.0,0,1.0,1.0,1,0.414608,40.0,0.623392,1,1
u017,15-1244.00,Network and Computer Systems Administrators,15-1212.00,Information Security Analysts,15-1211.00,Computer Systems Analysts,0.958803,0.0,0,0.0,0.0,-1,0.472067,40.0,0.502271,0,2
u017,15-1244.00,Network and Computer Systems Administrators,15-1212.00,Information Security Analysts,15-1242.00,Database Administrators,0.915316,0.0,0,0.0,0.0,-1,0.432406,40.0,0.476753,0,3
u017,15-1244.00,Network and Computer Systems Administrators,15-1212.00,Information Security Analysts,15-1253.00,Software Quality Assurance Analysts and Testers,0.914103,0.0,0,0.0,0.0,-1,0.425527,40.0,0.475175,0,4
u017,15-1244.00,Network and Computer Systems Administrators,15-1212.00,Information Security Analysts,15-1254.00,Web Developers,0.913215,0.0,0,0.0,0.0,-1,0.416716,40.0,0.473454,0,5
u017,15-1244.00,Network and Computer Systems Administrators,15-1212.00,Information Security Analysts,15-1243.00,Database Architects,0.908358,0.0,0,0.0,0.0,-1,0.428087,40.0,0.472974,0,6
u017,15-1244.00,Network and Computer Systems Administrators,15-1212.00,Information Security Analysts,15-1255.00,Web and Digital Interface Designers,0.884587,0.0,0,0.0,0.0,-1,0.419245,40.0,0.460951,0,7
u017,15-1244.00,Network and Computer Systems Administrators,15-1212.00,Information Security Analysts,15-1251.00,Computer Programmers,0.883037,0.00756,0,0.0,0.0,-1,0.416234,42.42,0.457912,0,8
u017,15-1244.00,Network and Computer Systems Administrators,15-1212.00,Information Security Analysts,15-2051.00,Data Scientists,0.873462,0.0,0,0.0,0.0,-1,0.416564,40.0,0.455543,0,9
u017,15-1244.00,Network and Computer Systems Administrators,15-1212.00,Information Security Analysts,15-2031.00,Operations Research Analysts,0.847433,0.004556,0,0.0,0.0,-1,0.443597,41.46,0.446745,0,10
u017,15-1244.00,Network and Computer Systems Administrators,15-1212.00,Information Security Analysts,15-1252.00,Software Developers,0.85682,0.0,0,0.0,0.0,-1,0.398103,40.0,0.445285,0,11
u018,15-1251.00,Computer Programmers,15-1252.00,Software Developers,15-1252.00,Software Developers,0.860464,0.0,0,0.615385,0.615385,1,0.481869,40.0,0.551797,1,1
u018,15-1251.00,Computer Programmers,15-1252.00,Software Developers,15-1254.00,Web Developers,0.9641,0.0,0,0.25641,0.25641,1,0.500482,40.0,0.547379,0,2
u018,15-1251.00,Computer Programmers,15-1252.00,Software Developers,15-2051.00,Data Scientists,0.91204,0.0,0,0.0,0.341881,2,0.50033,40.0,0.53675,0,3
u018,15-1251.00,Computer Programmers,15-1252.00,Software Developers,15-1212.00,Information Security Analysts,0.930329,0.0,0,0.0,0.273504,2,0.498374,40.0,0.53443,0,4
u018,15-1251.00,Computer Programmers,15-1252.00,Software Developers,15-1211.00,Computer Systems Analysts,0.967642,0.001308,0,0.0,0.0,-1,0.555833,40.42,0.518487,0,5
u018,15-1251.00,Computer Programmers,15-1252.00,Software Developers,15-1244.00,Network and Computer Systems Administrators,0.962188,0.013753,2,0.0,0.0,-1,0.583766,68.4,0.517111,0,6
u018,15-1251.00,Computer Programmers,15-1252.00,Software Developers,15-1255.00,Web and Digital Interface Designers,0.940286,0.0,0,0.0,0.102564,2,0.503011,40.0,0.513965,0,7
u018,15-1251.00,Computer Programmers,15-1252.00,Software Developers,15-1253.00,Software Quality Assurance Analysts and Testers,0.958685,0.0,0,0.0,0.0,-1,0.509293,40.0,0.507802,0,8
u018,15-1251.00,Computer Programmers,15-1252.00,Software Developers,15-1242.00,Database Administrators,0.951952,0.0,0,0.0,0.0,-1,0.516171,40.0,0.505804,0,9
u018,15-1251.00,Computer Programmers,15-1252.00,Software Developers,15-1243.00,Database Architects,0.952954,0.0,0,0.0,0.0,-1,0.511853,40.0,0.505607,0,10
u018,15-1251.00,Computer Programmers,15-1252.00,Software Developers,15-2031.00,Operations Research Analysts,0.89225,0.010654,0,0.128205,0.128205,1,0.527362,43.41,0.497184,0,11
u019,15-1252.00,Software Developers,15-1253.00,Software Quality Assurance Analysts and Testers,15-2051.00,Data Scientists,0.929518,0.0,0,0.555556,0.555556,1,0.518461,40.0,0.579386,0,1
u019,15-1252.00,Software Developers,15-1253.00,Software Quality Assurance Analysts and Testers,15-1212.00,Information Security Analysts,0.945764,0.000491,0,0.444444,0.444444,1,0.516505,40.16,0.569614,0,2
u019,15-1252.00,Software Developers,15-1253.00,Software Quality Assurance Analysts and Testers,15-1244.00,Network and Computer Systems Administrators,0.962769,0.01145,2,0.0,0.0,-1,0.601897,67.66,0.520668,0,3
u019,15-1252.00,Software Developers,15-1253.00,Software Quality Assurance Analysts and Testers,15-1211.00,Computer Systems Analysts,0.964297,0.004622,1,0.0,0.0,-1,0.573963,53.48,0.518873,0,4
u019,15-1252.00,Software Developers,15-1253.00,Software Quality Assurance Analysts and Testers,15-1243.00,Database Architects,0.94945,0.004443,0,0.0,0.0,-1,0.529983,41.42,0.505639,0,5
u019,15-1252.00,Software Developers,15-1253.00,Software Quality Assurance Analysts and Testers,15-1242.00,Database Administrators,0.946177,0.002854,0,0.0,0.0,-1,0.534302,40.91,0.505212,0,6
u019,15-1252.00,Software Developers,15-1253.00,Software Quality Assurance Analysts and Testers,15-1255.00,Web and Digital Interface Designers,0.934784,0.0073,0,0.0,0.0,-1,0.521142,42.34,0.496999,0,7
u019,15-1252.00,Software Developers,15-1253.00,Software Quality Assurance Analysts and Testers,15-1253.00,Software Quality Assurance Analysts and Testers,0.926673,0.007958,1,0.0,0.0,-1,0.527424,54.55,0.494127,1,8
u019,15-1252.00,Software Developers,15-1253.00,Software Quality Assurance Analysts and Testers,15-1254.00,Web Developers,0.926123,0.017993,0,0.0,0.0,-1,0.518612,45.76,0.490049,0,9
u019,15-1252.00,Software Developers,15-1253.00,Software Quality Assurance Analysts and Testers,15-2031.00,Operations Research Analysts,0.904471,0.011946,0,0.0,0.0,-1,0.545493,43.82,0.485849,0,10
u019,15-1252.00,Software Developers,15-1253.00,Software Quality Assurance Analysts and Testers,15-1251.00,Computer Programmers,0.89259,0.034929,1,0.0,0.0,-1,0.518131,63.18,0.470653,0,11
u020,15-1253.00,Software Quality Assurance Analysts and Testers,15-1252.00,Software Developers,15-1252.00,Software Developers,0.865468,0.0,0,1.0,1.0,1,0.472576,40.0,0.610347,1,1
u020,15-1253.00,Software Quality Assurance Analysts and Testers,15-1252.00,Software Developers,15-2051.00,Data Scientists,0.90288,0.0,0,0.0,0.555556,2,0.491037,40.0,0.563285,0,2
u020,15-1253.00,Software Quality Assurance Analysts and Testers,15-1252.00,Software Developers,15-1212.00,Information Security Analysts,0.932284,0.0,0,0.0,0.444444,2,0.489081,40.0,0.559556,0,3
u020,15-1253.00,Software Quality Assurance Analysts and Testers,15-1252.00,Software Developers,15-1244.00,Network and Computer Systems Administrators,0.972892,0.002375,0,0.0,0.0,-1,0.574473,40.76,0.523379,0,4
u020,15-1253.00,Software Quality Assurance Analysts and Testers,15-1252.00,Software Developers,15-1211.00,Computer Systems Analysts,0.968682,0.0,0,0.0,0.0,-1,0.54654,40.0,0.517888,0,5
u020,15-1253.00,Software Quality Assurance Analysts and Testers,15-1252.00,Software Developers,15-1254.00,Web Developers,0.947437,0.0,0,0.0,0.0,-1,0.491189,40.0,0.500025,0,6
u020,15-1253.00,Software Quality Assurance Analysts and Testers,15-1252.00,Software Developers,15-1242.00,Database Administrators,0.935578,0.0,0,0.0,0.0,-1,0.506878,40.0,0.497042,0,7
u020,15-1253.00,Software Quality Assurance Analysts and Testers,15-1252.00,Software Developers,15-1243.00,Database Architects,0.936708,0.0,0,0.0,0.0,-1,0.50256,40.0,0.496902,0,8
u020,15-1253.00,Software Quality Assurance Analysts and Testers,15-1252.00,Software Developers,15-1251.00,Computer Programmers,0.928045,0.001704,0,0.0,0.0,-1,0.490707,40.55,0.490801,0,9
u020,15-1253.00,Software Quality Assurance Analysts and Testers,15-1252.00,Software Developers,15-1255.00,Web and Digital Interface Designers,0.917013,0.0,0,0.0,0.0,-1,0.493718,40.0,0.486714,0,10
u020,15-1253.00,Software Quality Assurance Analysts and Testers,15-1252.00,Software Developers,15-2031.00,Operations Research Analysts,0.880991,0.012466,0,0.0,0.0,-1,0.518069,43.99,0.47104,0,11
u021,15-1254.00,Web Developers,15-1252.00,Software Developers,15-1255.00,Web and Digital Interface Designers,0.936443,0.0,0,0.4,0.4,1,0.50253,40.0,0.556779,0,1
u021,15-1254.00,Web Developers,15-1252.00,Software Developers,15-1252.00,Software Developers,0.874327,0.0,0,0.6,0.6,1,0.481388,40.0,0.555655,1,2
u021,15-1254.00,Web Developers,15-1252.00,Software Developers,15-2051.00,Data Scientists,0.914492,0.0,0,0.0,0.333334,2,0.499848,40.0,0.536499,0,3
u021,15-1254.00,Web Developers,15-1252.00,Software Developers,15-1212.00,Information Security Analysts,0.93531,0.0,0,0.0,0.266666,2,0.497892,40.0,0.535573,0,4
u021,15-1254.00,Web Developers,15-1252.00,Software Developers,15-1244.00,Network and Computer Systems Administrators,0.970383,0.007031,1,0.0,0.0,-1,0.583284,54.25,0.522407,0,5
u021,15-1254.00,Web Developers,15-1252.00,Software Developers,15-1211.00,Computer Systems Analysts,0.967527,0.000918,0,0.0,0.0,-1,0.555351,40.29,0.51846,0,6
u021,15-1254.00,Web Developers,15-1252.00,Software Developers,15-1242.00,Database Administrators,0.952693,0.0,0,0.0,0.0,-1,0.51569,40.0,0.506065,0,7
u021,15-1254.00,Web Developers,15-1252.00,Software Developers,15-1243.00,Database Architects,0.950867,0.0,0,0.0,0.0,-1,0.511371,40.0,0.504596,0,8
u021,15-1254.00,Web Developers,15-1252.00,Software Developers,15-1253.00,Software Quality Assurance Analysts and Testers,0.94297,0.0,0,0.0,0.0,-1,0.508811,40.0,0.500658,0,9
u021,15-1254.00,Web Developers,15-1252.00,Software Developers,15-1251.00,Computer Programmers,0.934617,0.0,0,0.0,0.0,-1,0.499518,40.0,0.495505,0,10
u021,15-1254.00,Web Developers,15-1252.00,Software Developers,15-2031.00,Operations Research Analysts,0.901576,0.008584,0,0.0,0.0,-1,0.526881,42.75,0.482595,0,11
u022,15-1255.00,Web and Digital Interface Designers,15-2031.00,Operations Research Analysts,15-1211.00,Computer Systems Analysts,0.969101,0.003364,1,0.0,0.0,-1,0.552821,53.08,0.518178,0,1
u022,15-1255.00,Web and Digital Interface Designers,15-2031.00,Operations Research Analysts,15-1244.00,Network and Computer Systems Administrators,0.963127,0.01243,2,0.0,0.0,-1,0.580755,67.98,0.517413,0,2
u022,15-1255.00,Web and Digital Interface Designers,15-2031.00,Operations Research Analysts,15-1243.00,Database Architects,0.964857,0.0,0,0.0,0.0,-1,0.508841,40.0,0.510512,0,3
u022,15-1255.00,Web and Digital Interface Designers,15-2031.00,Operations Research Analysts,15-1242.00,Database Administrators,0.955939,0.0,0,0.0,0.0,-1,0.51316,40.0,0.507146,0,4
u022,15-1255.00,Web and Digital Interface Designers,15-2031.00,Operations Research Analysts,15-1254.00,Web Developers,0.960582,0.0,0,0.0,0.0,-1,0.49747,40.0,0.506883,0,5
u022,15-1255.00,Web and Digital Interface Designers,15-2031.00,Operations Research Analysts,15-1212.00,Information Security Analysts,0.944561,0.0,0,0.0,0.0,-1,0.495363,40.0,0.499357,0,6
u022,15-1255.00,Web and Digital Interface Designers,15-2031.00,Operations Research Analysts,15-1253.00,Software Quality Assurance Analysts and Testers,0.940242,0.000255,0,0.0,0.0,-1,0.506282,40.08,0.498987,0,7
u022,15-1255.00,Web and Digital Interface Designers,15-2031.00,Operations Research Analysts,15-1251.00,Computer Programmers,0.937686,0.0,0,0.0,0.0,-1,0.496989,40.0,0.496507,0,8
u022,15-1255.00,Web and Digital Interface Designers,15-2031.00,Operations Research Analysts,15-2051.00,Data Scientists,0.934878,0.0,0,0.0,0.0,-1,0.497319,40.0,0.495293,0,9
u022,15-1255.00,Web and Digital Interface Designers,15-2031.00,Operations Research Analysts,15-2031.00,Operations Research Analysts,0.904918,0.011049,1,0.0,0.0,-1,0.524351,55.54,0.483104,1,10
u022,15-1255.00,Web and Digital Interface Designers,15-2031.00,Operations Research Analysts,15-1252.00,Software Developers,0.911842,0.0,0,0.0,0.0,-1,0.478858,40.0,0.482157,0,11
u023,15-2031.00,Operations Research Analysts,15-2051.00,Data Scientists,15-2051.00,Data Scientists,0.94564,0.0,0,1.0,1.0,1,0.472968,40.0,0.646483,1,1
u023,15-2031.00,Operations Research Analysts,15-2051.00,Data Scientists,15-1211.00,Computer Systems Analysts,0.958117,0.004604,1,0.0,0.0,-1,0.52847,53.47,0.509272,0,2
u023,15-2031.00,Operations Research Analysts,15-2051.00,Data Scientists,15-1244.00,Network and Computer Systems Administrators,0.944933,0.018182,4,0.0,0.0,-1,0.556403,93.82,0.504135,0,3
u023,15-2031.00,Operations Research Analysts,15-2051.00,Data Scientists,15-1242.00,Database Administrators,0.95363,0.000725,0,0.0,0.0,-1,0.488809,40.23,0.502274,0,4
u023,15-2031.00,Operations Research Analysts,15-2051.00,Data Scientists,15-1243.00,Database Architects,0.955201,0.001872,0,0.0,0.0,-1,0.48449,40.6,0.502046,0,5
u023,15-2031.00,Operations Research Analysts,15-2051.00,Data Scientists,15-1212.00,Information Security Analysts,0.939231,0.000629,0,0.0,0.0,-1,0.471011,40.2,0.493148,0,6
u023,15-2031.00,Operations Research Analysts,15-2051.00,Data Scientists,15-1254.00,Web Developers,0.942607,0.008811,0,0.0,0.0,-1,0.473119,42.82,0.492938,0,7
u023,15-2031.00,Operations Research Analysts,15-2051.00,Data Scientists,15-1253.00,Software Quality Assurance Analysts and Testers,0.934914,0.003694,0,0.0,0.0,-1,0.481931,41.18,0.492077,0,8
u023,15-2031.00,Operations Research Analysts,15-2051.00,Data Scientists,15-1255.00,Web and Digital Interface Designers,0.934651,0.004639,0,0.0,0.0,-1,0.475649,41.48,0.490781,0,9
u023,15-2031.00,Operations Research Analysts,15-2051.00,Data Scientists,15-1251.00,Computer Programmers,0.913486,0.027409,0,0.0,0.0,-1,0.472638,48.77,0.475112,0,10
u023,15-2031.00,Operations Research Analysts,15-2051.00,Data Scientists,15-1252.00,Software Developers,0.903064,0.003749,1,0.0,0.0,-1,0.454507,53.2,0.473617,0,11
u024,15-2051.00,Data Scientists,15-1211.00,Computer Systems Analysts,15-1211.00,Computer Systems Analysts,0.975018,0.002447,1,0.0,0.0,-1,0.555503,52.78,0.521472,1,1
u024,15-2051.00,Data Scientists,15-1211.00,Computer Systems Analysts,15-1244.00,Network and Computer Systems Administrators,0.96822,0.011208,1,0.0,0.0,-1,0.583436,55.59,0.520412,0,2
u024,15-2051.00,Data Scientists,15-1211.00,Computer Systems Analysts,15-1242.00,Database Administrators,0.96649,0.0,0,0.0,0.0,-1,0.515841,40.0,0.512297,0,3
u024,15-2051.00,Data Scientists,15-1211.00,Computer Systems Analysts,15-1243.00,Database Architects,0.965997,0.0,0,0.0,0.0,-1,0.511523,40.0,0.511427,0,4
u024,15-2051.00,Data Scientists,15-1211.00,Computer Systems Analysts,15-1212.00,Information Security Analysts,0.961314,0.0,0,0.0,0.0,-1,0.498044,40.0,0.507298,0,5
u024,15-2051.00,Data Scientists,15-1211.00,Computer Systems Analysts,15-1253.00,Software Quality Assurance Analysts and Testers,0.953761,0.001201,0,0.0,0.0,-1,0.508963,40.38,0.505237,0,6
u024,15-2051.00,Data Scientists,15-1211.00,Computer Systems Analysts,15-1255.00,Web and Digital Interface Designers,0.954462,0.0,0,0.0,0.0,-1,0.502681,40.0,0.50491,0,7
u024,15-2051.00,Data Scientists,15-1211.00,Computer Systems Analysts,15-1254.00,Web Developers,0.954791,0.00209,0,0.0,0.0,-1,0.500152,40.67,0.504157,0,8
u024,15-2051.00,Data Scientists,15-1211.00,Computer Systems Analysts,15-2031.00,Operations Research Analysts,0.930345,0.008026,0,0.0,0.0,-1,0.527032,42.57,0.495703,0,9
u024,15-2051.00,Data Scientists,15-1211.00,Computer Systems Analysts,15-1251.00,Computer Programmers,0.930243,0.0118,0,0.0,0.0,-1,0.49967,43.78,0.49061,0,10
u024,15-2051.00,Data Scientists,15-1211.00,Computer Systems Analysts,15-1252.00,Software Developers,0.919572,0.003325,1,0.0,0.0,-1,0.481539,53.06,0.485207,0,11
u025,15-1211.00,Computer Systems Analysts,15-2051.00,Data Scientists,15-2051.00,Data Scientists,0.904568,0.0,0,1.0,1.0,1,0.444497,40.0,0.62373,1,1
u025,15-1211.00,Computer Systems Analysts,15-2051.00,Data Scientists,15-1244.00,Network and Computer Systems Administrators,0.984548,0.000998,1,0.0,0.0,-1,0.527933,52.32,0.521987,0,2
u025,15-1211.00,Computer Systems Analysts,15-2051.00,Data Scientists,15-1242.00,Database Administrators,0.949884,0.0,0,0.0,0.0,-1,0.460339,40.0,0.496499,0,3
u025,15-1211.00,Computer Systems Analysts,15-2051.00,Data Scientists,15-1253.00,Software Quality Assurance Analysts and Testers,0.94696,0.0,0,0.0,0.0,-1,0.45346,40.0,0.494151,0,4
u025,15-1211.00,Computer Systems Analysts,15-2051.00,Data Scientists,15-1243.00,Database Architects,0.945194,0.0,0,0.0,0.0,-1,0.45602,40.0,0.49374,0,5
u025,15-1211.00,Computer Systems Analysts,15-2051.00,Data Scientists,15-1254.00,Web Developers,0.945483,0.0,0,0.0,0.0,-1,0.444649,40.0,0.492165,0,6
u025,15-1211.00,Computer Systems Analysts,15-2051.00,Data Scientists,15-1212.00,Information Security Analysts,0.939509,0.0,0,0.0,0.0,-1,0.442541,40.0,0.48916,0,7
u025,15-1211.00,Computer Systems Analysts,15-2051.00,Data Scientists,15-1255.00,Web and Digital Interface Designers,0.923739,0.0,0,0.0,0.0,-1,0.447179,40.0,0.48276,0,8
u025,15-1211.00,Computer Systems Analysts,15-2051.00,Data Scientists,15-1251.00,Computer Programmers,0.919296,0.00167,0,0.0,0.0,-1,0.444167,40.53,0.479891,0,9
u025,15-1211.00,Computer Systems Analysts,15-2051.00,Data Scientists,15-1252.00,Software Developers,0.895573,0.0,0,0.0,0.0,-1,0.426037,40.0,0.466913,0,10
u025,15-1211.00,Computer Systems Analysts,15-2051.00,Data Scientists,15-2031.00,Operations Research Analysts,0.876609,0.008466,0,0.0,0.0,-1,0.47153,42.71,0.463087,0,11
u026,15-1212.00,Information Security Analysts,15-1242.00,Database Administrators,15-1211.00,Computer Systems Analysts,0.979947,0.001608,0,0.0,0.0,-1,0.557459,40.51,0.524193,0,1
u026,15-1212.00,Information Security Analysts,15-1242.00,Database Administrators,15-1244.00,Network and Computer Systems Administrators,0.973142,0.007996,2,0.0,0.0,-1,0.585392,66.56,0.523723,0,2
u026,15-1212.00,Information Security Analysts,15-1242.00,Database Administrators,15-1242.00,Database Administrators,0.96159,0.002025,0,0.0,0.0,-1,0.517798,40.65,0.509879,1,3
u026,15-1212.00,Information Security Analysts,15-1242.00,Database Administrators,15-1253.00,Software Quality Assurance Analysts and Testers,0.955817,0.002765,0,0.0,0.0,-1,0.510919,40.88,0.506064,0,4
u026,15-1212.00,Information Security Analysts,15-1242.00,Database Administrators,15-1243.00,Database Architects,0.951009,0.003277,0,0.0,0.0,-1,0.513479,41.05,0.504156,0,5
u026,15-1212.00,Information Security Analysts,15-1242.00,Database Administrators,15-1254.00,Web Developers,0.946505,0.010665,0,0.0,0.0,-1,0.502108,43.41,0.498577,0,6
u026,15-1212.00,Information Security Analysts,15-1242.00,Database Administrators,15-2051.00,Data Scientists,0.934965,0.0,0,0.0,0.0,-1,0.501956,40.0,0.496028,0,7
u026,15-1212.00,Information Security Analysts,15-1242.00,Database Administrators,15-1255.00,Web and Digital Interface Designers,0.934282,0.006264,0,0.0,0.0,-1,0.504637,42.0,0.494557,0,8
u026,15-1212.00,Information Security Analysts,15-1242.00,Database Administrators,15-1252.00,Software Developers,0.918516,0.000206,0,0.0,0.0,-1,0.483495,40.07,0.485805,0,9
u026,15-1212.00,Information Security Analysts,15-1242.00,Database Administrators,15-2031.00,Operations Research Analysts,0.904035,0.014358,0,0.0,0.0,-1,0.528989,44.59,0.482574,0,10
u026,15-1212.00,Information Security Analysts,15-1242.00,Database Administrators,15-1251.00,Computer Programmers,0.915491,0.027456,0,0.0,0.0,-1,0.501626,48.79,0.480351,0,11
u027,15-1242.00,Database Administrators,15-2051.00,Data Scientists,15-2051.00,Data Scientists,0.935985,0.0,0,1.0,1.0,1,0.484159,40.0,0.643817,1,1
u027,15-1242.00,Database Administrators,15-2051.00,Data Scientists,15-1244.00,Network and Computer Systems Administrators,0.972226,0.007992,2,0.0,0.0,-1,0.567594,66.56,0.520643,0,2
u027,15-1242.00,Database Administrators,15-2051.00,Data Scientists,15-1211.00,Computer Systems Analysts,0.9774,0.00103,0,0.0,0.0,-1,0.539661,40.33,0.520522,0,3
u027,15-1242.00,Database Administrators,15-2051.00,Data Scientists,15-1243.00,Database Architects,0.960045,0.0,0,0.0,0.0,-1,0.495681,40.0,0.506373,0,4
u027,15-1242.00,Database Administrators,15-2051.00,Data Scientists,15-1254.00,Web Developers,0.962141,0.0,0,0.0,0.0,-1,0.48431,40.0,0.50561,0,5
u027,15-1242.00,Database Administrators,15-2051.00,Data Scientists,15-1253.00,Software Quality Assurance Analysts and Testers,0.951946,0.0,0,0.0,0.0,-1,0.493122,40.0,0.502344,0,6
u027,15-1242.00,Database Administrators,15-2051.00,Data Scientists,15-1212.00,Information Security Analysts,0.95218,0.0,0,0.0,0.0,-1,0.482202,40.0,0.500811,0,7
u027,15-1242.00,Database Administrators,15-2051.00,Data Scientists,15-1255.00,Web and Digital Interface Designers,0.948147,0.0,0,0.0,0.0,-1,0.48684,40.0,0.499692,0,8
u027,15-1242.00,Database Administrators,15-2051.00,Data Scientists,15-1251.00,Computer Programmers,0.932302,0.002916,0,0.0,0.0,-1,0.483829,40.93,0.491381,0,9
u027,15-1242.00,Database Administrators,15-2051.00,Data Scientists,15-2031.00,Operations Research Analysts,0.909764,0.007834,0,0.0,0.0,-1,0.511191,42.51,0.484114,0,10
u027,15-1242.00,Database Administrators,15-2051.00,Data Scientists,15-1252.00,Software Developers,0.897707,2e-05,0,0.0,0.0,-1,0.465698,40.01,0.473818,0,11
u028,15-1243.00,Database Architects,15-1244.00,Network and Computer Systems Administrators,15-1244.00,Network and Computer Systems Administrators,0.968946,0.010157,3,0.0,0.0,-1,0.571913,79.25,0.519274,1,1
u028,15-1243.00,Database Architects,15-1244.00,Network and Computer Systems Administrators,15-1211.00,Computer Systems Analysts,0.974569,0.003738,1,0.0,0.0,-1,0.54398,53.2,0.519218,0,2
u028,15-1243.00,Database Architects,15-1244.00,Network and Computer Systems Administrators,15-1242.00,Database Administrators,0.962622,0.0,0,0.0,0.0,-1,0.504319,40.0,0.508828,0,3
u028,15-1243.00,Database Architects,15-1244.00,Network and Computer Systems Administrators,15-1254.00,Web Developers,0.96004,0.0,0,0.0,0.0,-1,0.488629,40.0,0.505312,0,4
u028,15-1243.00,Database Architects,15-1244.00,Network and Computer Systems Administrators,15-1255.00,Web and Digital Interface Designers,0.952249,0.0,0,0.0,0.0,-1,0.491159,40.0,0.502186,0,5
u028,15-1243.00,Database Architects,15-1244.00,Network and Computer Systems Administrators,15-1212.00,Information Security Analysts,0.953352,0.0,0,0.0,0.0,-1,0.486521,40.0,0.501987,0,6
u028,15-1243.00,Database Architects,15-1244.00,Network and Computer Systems Administrators,15-1253.00,Software Quality Assurance Analysts and Testers,0.947117,0.000272,0,0.0,0.0,-1,0.49744,40.09,0.500751,0,7
u028,15-1243.00,Database Architects,15-1244.00,Network and Computer Systems Administrators,15-2051.00,Data Scientists,0.933759,0.0,0,0.0,0.0,-1,0.488477,40.0,0.493463,0,8
u028,15-1243.00,Database Architects,15-1244.00,Network and Computer Systems Administrators,15-1251.00,Computer Programmers,0.931282,0.005518,0,0.0,0.0,-1,0.488147,41.77,0.490919,0,9
u028,15-1243.00,Database Architects,15-1244.00,Network and Computer Systems Administrators,15-2031.00,Operations Research Analysts,0.905075,0.0109,0,0.0,0.0,-1,0.51551,43.49,0.481885,0,10
u028,15-1243.00,Database Architects,15-1244.00,Network and Computer Systems Administrators,15-1252.00,Software Developers,0.911477,0.0,0,0.0,0.0,-1,0.470017,40.0,0.480667,0,11
u029,15-1244.00,Network and Computer Systems Administrators,15-1212.00,Information Security Analysts,15-1212.00,Information Security Analysts,0.918315,0.0,0,1.0,1.0,1,0.414608,40.0,0.625433,1,1
u029,15-1244.00,Network and Computer Systems Administrators,15-1212.00,Information Security Analysts,15-1211.00,Computer Systems Analysts,0.960792,0.0,0,0.0,0.0,-1,0.472067,40.0,0.503167,0,2
u029,15-1244.00,Network and Computer Systems Administrators,15-1212.00,Information Security Analysts,15-1242.00,Database Administrators,0.923475,0.0,0,0.0,0.0,-1,0.432406,40.0,0.480424,0,3
u029,15-1244.00,Network and Computer Systems Administrators,15-1212.00,Information Security Analysts,15-1253.00,Software Quality Assurance Analysts and Testers,0.924487,0.0,0,0.0,0.0,-1,0.425527,40.0,0.479848,0,4
u029,15-1244.00,Network and Computer Systems Administrators,15-1212.00,Information Security Analysts,15-1243.00,Database Architects,0.917555,0.0,0,0.0,0.0,-1,0.428087,40.0,0.477113,0,5
u029,15-1244.00,Network and Computer Systems Administrators,15-1212.00,Information Security Analysts,15-1254.00,Web Developers,0.918736,0.0,0,0.0,0.0,-1,0.416716,40.0,0.475938,0,6
u029,15-1244.00,Network and Computer Systems Administrators,15-1212.00,Information Security Analysts,15-1255.00,Web and Digital Interface Designers,0.896245,0.0,0,0.0,0.0,-1,0.419245,40.0,0.466197,0,7
u029,15-1244.00,Network and Computer Systems Administrators,15-1212.00,Information Security Analysts,15-1251.00,Computer Programmers,0.896519,0.0,0,0.0,0.0,-1,0.416234,40.0,0.465869,0,8
u029,15-1244.00,Network and Computer Systems Administrators,15-1212.00,Information Security Analysts,15-2051.00,Data Scientists,0.883368,0.0,0,0.0,0.0,-1,0.416564,40.0,0.46,0,9
u029,15-1244.00,Network and Computer Systems Administrators,15-1212.00,Information Security Analysts,15-1252.00,Software Developers,0.862673,0.0,0,0.0,0.0,-1,0.398103,40.0,0.447918,0,10
u029,15-1244.00,Network and Computer Systems Administrators,15-1212.00,Information Security Analysts,15-2031.00,Operations Research Analysts,0.84688,0.00686,0,0.0,0.0,-1,0.443597,42.2,0.44592,0,11
u030,15-1251.00,Computer Programmers,15-1252.00,Software Developers,15-1254.00,Web Developers,0.958951,0.0,0,0.25641,0.25641,1,0.500482,40.0,0.545062,0,1
u030,15-1251.00,Computer Programmers,15-1252.00,Software Developers,15-1252.00,Software Developers,0.842268,0.0,0,0.615385,0.615385,1,0.481869,40.0,0.543609,1,2
u030,15-1251.00,Computer Programmers,15-1252.00,Software Developers,15-2051.00,Data Scientists,0.905421,0.0,0,0.0,0.341881,2,0.50033,40.0,0.533771,0,3
u030,15-1251.00,Computer Programmers,15-1252.00,Software Developers,15-1212.00,Information Security Analysts,0.911757,0.0,0,0.0,0.273504,2,0.498374,40.0,0.526072,0,4
u030,15-1251.00,Computer Programmers,15-1252.00,Software Developers,15-1211.00,Computer Systems Analysts,0.957264,0.000697,0,0.0,0.0,-1,0.555833,40.22,0.513969,0,5
u030,15-1251.00,Computer Programmers,15-1252.00,Software Developers,15-1244.00,Network and Computer Systems Administrators,0.952544,0.011489,2,0.0,0.0,-1,0.583766,67.68,0.513337,0,6
u030,15-1251.00,Computer Programmers,15-1252.00,Software Developers,15-1255.00,Web and Digital Interface Designers,0.934111,0.0,0,0.0,0.102564,2,0.503011,40.0,0.511186,0,7
u030,15-1251.00,Computer Programmers,15-1252.00,Software Developers,15-1242.00,Database Administrators,0.941354,0.0,0,0.0,0.0,-1,0.516171,40.0,0.501035,0,8
u030,15-1251.00,Computer Programmers,15-1252.00,Software Developers,15-1253.00,Software Quality Assurance Analysts and Testers,0.942767,0.0,0,0.0,0.0,-1,0.509293,40.0,0.500639,0,9
u030,15-1251.00,Computer Programmers,15-1252.00,Software Developers,15-1243.00,Database Architects,0.941864,0.0,0,0.0,0.0,-1,0.511853,40.0,0.500616,0,10
u030,15-1251.00,Computer Programmers,15-1252.00,Software Developers,15-2031.00,Operations Research Analysts,0.888832,0.000704,0,0.128205,0.128205,1,0.527362,40.23,0.498133,0,11
u031,15-1252.00,Software Developers,15-1253.00,Software Quality Assurance Analysts and Testers,15-2051.00,Data Scientists,0.925044,0.000176,0,0.555556,0.555556,1,0.518461,40.06,0.577328,0,1
u031,15-1252.00,Software Developers,15-1253.00,Software Quality Assurance Analysts and Testers,15-1212.00,Information Security Analysts,0.947285,0.0,0,0.444444,0.444444,1,0.516505,40.0,0.57042,0,2
u031,15-1252.00,Software Developers,15-1253.00,Software Quality Assurance Analysts and Testers,15-1244.00,Network and Computer Systems Administrators,0.959352,0.012409,4,0.0,0.0,-1,0.601897,91.97,0.518891,0,3
u031,15-1252.00,Software Developers,15-1253.00,Software Quality Assurance Analysts and Testers,15-1211.00,Computer Systems Analysts,0.963727,0.00684,2,0.0,0.0,-1,0.573963,66.19,0.518062,0,4
u031,15-1252.00,Software Developers,15-1253.00,Software Quality Assurance Analysts and Testers,15-1242.00,Database Administrators,0.941791,0.006815,2,0.0,0.0,-1,0.534302,66.18,0.502248,0,5
u031,15-1252.00,Software Developers,15-1253.00,Software Quality Assurance Analysts and Testers,15-1243.00,Database Architects,0.94332,0.008839,2,0.0,0.0,-1,0.529983,66.83,0.501782,0,6
u031,15-1252.00,Software Developers,15-1253.00,Software Quality Assurance Analysts and Testers,15-1255.00,Web and Digital Interface Designers,0.928324,0.010847,1,0.0,0.0,-1,0.521142,55.47,0.493205,0,7
u031,15-1252.00,Software Developers,15-1253.00,Software Quality Assurance Analysts and Testers,15-1253.00,Software Quality Assurance Analysts and Testers,0.925165,0.009944,2,0.0,0.0,-1,0.527424,67.18,0.492952,1,8
u031,15-1252.00,Software Developers,15-1253.00,Software Quality Assurance Analysts and Testers,15-1254.00,Web Developers,0.919212,0.023966,2,0.0,0.0,-1,0.518612,71.67,0.485446,0,9
u031,15-1252.00,Software Developers,15-1253.00,Software Quality Assurance Analysts and Testers,15-2031.00,Operations Research Analysts,0.887455,0.022258,2,0.0,0.0,-1,0.545493,71.12,0.475614,0,10
u031,15-1252.00,Software Developers,15-1253.00,Software Quality Assurance Analysts and Testers,15-1251.00,Computer Programmers,0.885176,0.03931,2,0.0,0.0,-1,0.518131,76.58,0.466221,0,11
u032,15-1253.00,Software Quality Assurance Analysts and Testers,15-1252.00,Software Developers,15-1252.00,Software Developers,0.875912,0.0,0,1.0,1.0,1,0.472576,40.0,0.615047,1,1
u032,15-1253.00,Software Quality Assurance Analysts and Testers,15-1252.00,Software Developers,15-2051.00,Data Scientists,0.915914,0.000293,0,0.0,0.555556,2,0.491037,40.09,0.569077,0,2
u032,15-1253.00,Software Quality Assurance Analysts and Testers,15-1252.00,Software Developers,15-1212.00,Information Security Analysts,0.948843,0.0,0,0.0,0.444444,2,0.489081,40.0,0.567008,0,3
u032,15-1253.00,Software Quality Assurance Analysts and Testers,15-1252.00,Software Developers,15-1244.00,Network and Computer Systems Administrators,0.975347,0.003357,1,0.0,0.0,-1,0.574473,53.07,0.524238,0,4
u032,15-1253.00,Software Quality Assurance Analysts and Testers,15-1252.00,Software Developers,15-1211.00,Computer Systems Analysts,0.977516,0.0,0,0.0,0.0,-1,0.54654,40.0,0.521863,0,5
u032,15-1253.00,Software Quality Assurance Analysts and Testers,15-1252.00,Software Developers,15-1242.00,Database Administrators,0.947018,0.0,0,0.0,0.0,-1,0.506878,40.0,0.50219,0,6
u032,15-1253.00,Software Quality Assurance Analysts and Testers,15-1252.00,Software Developers,15-1254.00,Web Developers,0.952121,0.0,0,0.0,0.0,-1,0.491189,40.0,0.502133,0,7
u032,15-1253.00,Software Quality Assurance Analysts and Testers,15-1252.00,Software Developers,15-1243.00,Database Architects,0.943346,0.0,0,0.0,0.0,-1,0.50256,40.0,0.49989,0,8
u032,15-1253.00,Software Quality Assurance Analysts and Testers,15-1252.00,Software Developers,15-1251.00,Computer Programmers,0.930387,0.00449,0,0.0,0.0,-1,0.490707,41.44,0.491158,0,9
u032,15-1253.00,Software Quality Assurance Analysts and Testers,15-1252.00,Software Developers,15-1255.00,Web and Digital Interface Designers,0.9247,0.0,0,0.0,0.0,-1,0.493718,40.0,0.490173,0,10
u032,15-1253.00,Software Quality Assurance Analysts and Testers,15-1252.00,Software Developers,15-2031.00,Operations Research Analysts,0.885019,0.017079,0,0.0,0.0,-1,0.518069,45.47,0.471699,0,11
u033,15-1254.00,Web Developers,15-1252.00,Software Developers,15-1255.00,Web and Digital Interface Designers,0.939694,0.0,0,0.4,0.4,1,0.50253,40.0,0.558242,0,1
u033,15-1254.00,Web Developers,15-1252.00,Software Developers,15-1252.00,Software Developers,0.869154,0.0,0,0.6,0.6,1,0.481388,40.0,0.553328,1,2
u033,15-1254.00,Web Developers,15-1252.00,Software Developers,15-2051.00,Data Scientists,0.912667,0.0,0,0.0,0.333334,2,0.499848,40.0,0.535677,0,3
u033,15-1254.00,Web Developers,15-1252.00,Software Developers,15-1212.00,Information Security Analysts,0.934979,0.0,0,0.0,0.266666,2,0.497892,40.0,0.535424,0,4
u033,15-1254.00,Web Developers,15-1252.00,Software Developers,15-1244.00,Network and Computer Systems Administrators,0.970134,0.00729,2,0.0,0.0,-1,0.583284,66.33,0.52223,0,5
u033,15-1254.00,Web Developers,15-1252.00,Software Developers,15-1211.00,Computer Systems Analysts,0.967464,0.0,0,0.0,0.0,-1,0.555351,40.0,0.518661,0,6
u033,15-1254.00,Web Developers,15-1252.00,Software Developers,15-1243.00,Database Architects,0.95432,0.0,0,0.0,0.0,-1,0.511371,40.0,0.50615,0,7
u033,15-1254.00,Web Developers,15-1252.00,Software Developers,15-1242.00,Database Administrators,0.950994,0.0,0,0.0,0.0,-1,0.51569,40.0,0.505301,0,8
u033,15-1254.00,Web Developers,15-1252.00,Software Developers,15-1253.00,Software Quality Assurance Analysts and Testers,0.952698,0.0,0,0.0,0.0,-1,0.508811,40.0,0.505036,0,9
u033,15-1254.00,Web Developers,15-1252.00,Software Developers,15-1251.00,Computer Programmers,0.944785,0.0,0,0.0,0.0,-1,0.499518,40.0,0.500081,0,10
u033,15-1254.00,Web Developers,15-1252.00,Software Developers,15-2031.00,Operations Research Analysts,0.887613,0.015022,0,0.0,0.0,-1,0.526881,44.81,0.474702,0,11
u034,15-1255.00,Web and Digital Interface Designers,15-2031.00,Operations Research Analysts,15-1211.00,Computer Systems Analysts,0.972502,0.001999,0,0.0,0.0,-1,0.552821,40.64,0.52005,0,1
u034,15-1255.00,Web and Digital Interface Designers,15-2031.00,Operations Research Analysts,15-1244.00,Network and Computer Systems Administrators,0.963617,0.010849,1,0.0,0.0,-1,0.580755,55.47,0.518029,0,2
u034,15-1255.00,Web and Digital Interface Designers,15-2031.00,Operations Research Analysts,15-1243.00,Database Architects,0.962867,0.0,0,0.0,0.0,-1,0.508841,40.0,0.509616,0,3
u034,15-1255.00,Web and Digital Interface Designers,15-2031.00,Operations Research Analysts,15-1242.00,Database Administrators,0.957394,0.0,0,0.0,0.0,-1,0.51316,40.0,0.507801,0,4
u034,15-1255.00,Web and Digital Interface Designers,15-2031.00,Operations Research Analysts,15-1254.00,Web Developers,0.958171,0.0,0,0.0,0.0,-1,0.49747,40.0,0.505798,0,5
u034,15-1255.00,Web and Digital Interface Designers,15-2031.00,Operations Research Analysts,15-1212.00,Information Security Analysts,0.952768,0.0,0,0.0,0.0,-1,0.495363,40.0,0.50305,0,6
u034,15-1255.00,Web and Digital Interface Designers,15-2031.00,Operations Research Analysts,15-1253.00,Software Quality Assurance Analysts and Testers,0.940159,0.001814,0,0.0,0.0,-1,0.506282,40.58,0.49856,0,7
u034,15-1255.00,Web and Digital Interface Designers,15-2031.00,Operations Research Analysts,15-2051.00,Data Scientists,0.933999,0.0,0,0.0,0.0,-1,0.497319,40.0,0.494898,0,8
u034,15-1255.00,Web and Digital Interface Designers,15-2031.00,Operations Research Analysts,15-1251.00,Computer Programmers,0.925348,0.007119,0,0.0,0.0,-1,0.496989,42.28,0.489175,0,9
u034,15-1255.00,Web and Digital Interface Designers,15-2031.00,Operations Research Analysts,15-1252.00,Software Developers,0.913313,0.0,0,0.0,0.0,-1,0.478858,40.0,0.482819,0,10
u034,15-1255.00,Web and Digital Interface Designers,15-2031.00,Operations Research Analysts,15-2031.00,Operations Research Analysts,0.893873,0.017523,1,0.0,0.0,-1,0.524351,57.61,0.476515,1,11
u035,15-2031.00,Operations Research Analysts,15-2051.00,Data Scientists,15-2051.00,Data Scientists,0.946836,0.0,0,1.0,1.0,1,0.472968,40.0,0.647021,1,1
u035,15-2031.00,Operations Research Analysts,15-2051.00,Data Scientists,15-1211.00,Computer Systems Analysts,0.958553,0.004601,1,0.0,0.0,-1,0.52847,53.47,0.509469,0,2
u035,15-2031.00,Operations Research Analysts,15-2051.00,Data Scientists,15-1242.00,Database Administrators,0.956435,0.002339,0,0.0,0.0,-1,0.488809,40.75,0.503132,0,3
u035,15-2031.00,Operations Research Analysts,15-2051.00,Data Scientists,15-1243.00,Database Architects,0.955463,0.003616,0,0.0,0.0,-1,0.48449,41.16,0.501728,0,4
u035,15-2031.00,Operations Research Analysts,15-2051.00,Data Scientists,15-1244.00,Network and Computer Systems Administrators,0.938162,0.020039,4,0.0,0.0,-1,0.556403,94.41,0.500624,0,5
u035,15-2031.00,Operations Research Analysts,15-2051.00,Data Scientists,15-1254.00,Web Developers,0.944302,0.011113,0,0.0,0.0,-1,0.473119,43.56,0.493126,0,6
u035,15-2031.00,Operations Research Analysts,15-2051.00,Data Scientists,15-1253.00,Software Quality Assurance Analysts and Testers,0.936057,0.0031,0,0.0,0.0,-1,0.481931,40.99,0.49274,0,7
u035,15-2031.00,Operations Research Analysts,15-2051.00,Data Scientists,15-1212.00,Information Security Analysts,0.93683,0.00029,0,0.0,0.0,-1,0.471011,40.09,0.492153,0,8
u035,15-2031.00,Operations Research Analysts,15-2051.00,Data Scientists,15-1255.00,Web and Digital Interface Designers,0.931649,0.006656,0,0.0,0.0,-1,0.475649,42.13,0.488925,0,9
u035,15-2031.00,Operations Research Analysts,15-2051.00,Data Scientists,15-1252.00,Software Developers,0.905915,0.0,0,0.0,0.0,-1,0.454507,40.0,0.475838,0,10
u035,15-2031.00,Operations Research Analysts,15-2051.00,Data Scientists,15-1251.00,Computer Programmers,0.913878,0.02805,0,0.0,0.0,-1,0.472638,48.98,0.475128,0,11
u036,15-2051.00,Data Scientists,15-1211.00,Computer Systems Analysts,15-1211.00,Computer Systems Analysts,0.973591,0.004357,1,0.0,0.0,-1,0.555503,53.39,0.520352,1,1
u036,15-2051.00,Data Scientists,15-1211.00,Computer Systems Analysts,15-1244.00,Network and Computer Systems Administrators,0.958509,0.014417,3,0.0,0.0,-1,0.583436,80.61,0.51524,0,2
u036,15-2051.00,Data Scientists,15-1211.00,Computer Systems Analysts,15-1242.00,Database Administrators,0.967974,0.0,0,0.0,0.0,-1,0.515841,40.0,0.512965,0,3
u036,15-2051.00,Data Scientists,15-1211.00,Computer Systems Analysts,15-1243.00,Database Architects,0.96382,0.0,0,0.0,0.0,-1,0.511523,40.0,0.510448,0,4
u036,15-2051.00,Data Scientists,15-1211.00,Computer Systems Analysts,15-1212.00,Information Security Analysts,0.96448,0.000217,0,0.0,0.0,-1,0.498044,40.07,0.508668,0,5
u036,15-2051.00,Data Scientists,15-1211.00,Computer Systems Analysts,15-1255.00,Web and Digital Interface Designers,0.950845,0.00099,0,0.0,0.0,-1,0.502681,40.32,0.503035,0,6
u036,15-2051.00,Data Scientists,15-1211.00,Computer Systems Analysts,15-1253.00,Software Quality Assurance Analysts and Testers,0.9475,0.000652,0,0.0,0.0,-1,0.508963,40.21,0.502556,0,7
u036,15-2051.00,Data Scientists,15-1211.00,Computer Systems Analysts,15-1254.00,Web Developers,0.950827,0.005825,0,0.0,0.0,-1,0.500152,41.86,0.501438,0,8
u036,15-2051.00,Data Scientists,15-1211.00,Computer Systems Analysts,15-2031.00,Operations Research Analysts,0.934826,0.005844,0,0.0,0.0,-1,0.527032,41.87,0.498266,0,9
u036,15-2051.00,Data Scientists,15-1211.00,Computer Systems Analysts,15-1252.00,Software Developers,0.924192,0.003685,1,0.0,0.0,-1,0.481539,53.18,0.487196,0,10
u036,15-2051.00,Data Scientists,15-1211.00,Computer Systems Analysts,15-1251.00,Computer Programmers,0.920018,0.019476,0,0.0,0.0,-1,0.49967,46.23,0.484089,0,11
u037,15-1211.00,Computer Systems Analysts,15-2051.00,Data Scientists,15-2051.00,Data Scientists,0.915491,0.0,0,1.0,1.0,1,0.444497,40.0,0.628645,1,1
u037,15-1211.00,Computer Systems Analysts,15-2051.00,Data Scientists,15-1244.00,Network and Computer Systems Administrators,0.984889,0.0,0,0.0,0.0,-1,0.527933,40.0,0.52239,0,2
u037,15-1211.00,Computer Systems Analysts,15-2051.00,Data Scientists,15-1242.00,Database Administrators,0.955075,0.0,0,0.0,0.0,-1,0.460339,40.0,0.498835,0,3
u037,15-1211.00,Computer Systems Analysts,15-2051.00,Data Scientists,15-1243.00,Database Architects,0.949033,0.0,0,0.0,0.0,-1,0.45602,40.0,0.495468,0,4
u037,15-1211.00,Computer Systems Analysts,15-2051.00,Data Scientists,15-1253.00,Software Quality Assurance Analysts and Testers,0.949592,0.0,0,0.0,0.0,-1,0.45346,40.0,0.495335,0,5
u037,15-1211.00,Computer Systems Analysts,15-2051.00,Data Scientists,15-1254.00,Web Developers,0.945079,0.0,0,0.0,0.0,-1,0.444649,40.0,0.491983,0,6
u037,15-1211.00,Computer Systems Analysts,15-2051.00,Data Scientists,15-1212.00,Information Security Analysts,0.943806,0.0,0,0.0,0.0,-1,0.442541,40.0,0.491094,0,7
u037,15-1211.00,Computer Systems Analysts,15-2051.00,Data Scientists,15-1255.00,Web and Digital Interface Designers,0.926271,0.0,0,0.0,0.0,-1,0.447179,40.0,0.483899,0,8
u037,15-1211.00,Computer Systems Analysts,15-2051.00,Data Scientists,15-1251.00,Computer Programmers,0.925005,0.000898,0,0.0,0.0,-1,0.444167,40.29,0.482653,0,9
u037,15-1211.00,Computer Systems Analysts,15-2051.00,Data Scientists,15-2031.00,Operations Research Analysts,0.888008,0.006861,0,0.0,0.0,-1,0.47153,42.2,0.468618,0,10
u037,15-1211.00,Computer Systems Analysts,15-2051.00,Data Scientists,15-1252.00,Software Developers,0.895365,0.0,0,0.0,0.0,-1,0.426037,40.0,0.46682,0,11
u038,15-1212.00,Information Security Analysts,15-1242.00,Database Administrators,15-1244.00,Network and Computer Systems Administrators,0.978403,0.002594,1,0.0,0.0,-1,0.585392,52.83,0.527442,0,1
u038,15-1212.00,Information Security Analysts,15-1242.00,Database Administrators,15-1211.00,Computer Systems Analysts,0.978627,0.0,0,0.0,0.0,-1,0.557459,40.0,0.524001,0,2
u038,15-1212.00,Information Security Analysts,15-1242.00,Database Administrators,15-1242.00,Database Administrators,0.955884,0.0,0,0.0,0.0,-1,0.517798,40.0,0.507817,1,3
u038,15-1212.00,Information Security Analysts,15-1242.00,Database Administrators,15-1253.00,Software Quality Assurance Analysts and Testers,0.952747,0.0,0,0.0,0.0,-1,0.510919,40.0,0.505374,0,4
u038,15-1212.00,Information Security Analysts,15-1242.00,Database Administrators,15-1243.00,Database Architects,0.948545,0.0,0,0.0,0.0,-1,0.513479,40.0,0.503867,0,5
u038,15-1212.00,Information Security Analysts,15-1242.00,Database Administrators,15-1254.00,Web Developers,0.940331,0.005348,0,0.0,0.0,-1,0.502108,41.71,0.497128,0,6
u038,15-1212.00,Information Security Analysts,15-1242.00,Database Administrators,15-1255.00,Web and Digital Interface Designers,0.934194,0.0,0,0.0,0.0,-1,0.504637,40.0,0.496083,0,7
u038,15-1212.00,Information Security Analysts,15-1242.00,Database Administrators,15-2051.00,Data Scientists,0.926477,0.00073,0,0.0,0.0,-1,0.501956,40.23,0.492026,0,8
u038,15-1212.00,Information Security Analysts,15-1242.00,Database Administrators,15-1252.00,Software Developers,0.918362,0.0,0,0.0,0.0,-1,0.483495,40.0,0.485787,0,9
u038,15-1212.00,Information Security Analysts,15-1242.00,Database Administrators,15-1251.00,Computer Programmers,0.911801,0.017794,0,0.0,0.0,-1,0.501626,45.69,0.481106,0,10
u038,15-1212.00,Information Security Analysts,15-1242.00,Database Administrators,15-2031.00,Operations Research Analysts,0.888482,0.021752,0,0.0,0.0,-1,0.528989,46.96,0.473727,0,11
u039,15-1242.00,Database Administrators,15-2051.00,Data Scientists,15-2051.00,Data Scientists,0.946611,0.0,0,1.0,1.0,1,0.484159,40.0,0.648599,1,1
u039,15-1242.00,Database Administrators,15-2051.00,Data Scientists,15-1211.00,Computer Systems Analysts,0.986298,0.0,0,0.0,0.0,-1,0.539661,40.0,0.524783,0,2
u039,15-1242.00,Database Administrators,15-2051.00,Data Scientists,15-1244.00,Network and Computer Systems Administrators,0.976285,0.004527,1,0.0,0.0,-1,0.567594,53.45,0.523336,0,3
u039,15-1242.00,Database Administrators,15-2051.00,Data Scientists,15-1243.00,Database Architects,0.972447,0.0,0,0.0,0.0,-1,0.495681,40.0,0.511953,0,4
u039,15-1242.00,Database Administrators,15-2051.00,Data Scientists,15-1254.00,Web Developers,0.964423,0.0,0,0.0,0.0,-1,0.48431,40.0,0.506637,0,5
u039,15-1242.00,Database Administrators,15-2051.00,Data Scientists,15-1212.00,Information Security Analysts,0.964225,0.0,0,0.0,0.0,-1,0.482202,40.0,0.506232,0,6
u039,15-1242.00,Database Administrators,15-2051.00,Data Scientists,15-1253.00,Software Quality Assurance Analysts and Testers,0.959001,5.4e-05,0,0.0,0.0,-1,0.493122,40.02,0.505505,0,7
u039,15-1242.00,Database Administrators,15-2051.00,Data Scientists,15-1255.00,Web and Digital Interface Designers,0.952842,0.0,0,0.0,0.0,-1,0.48684,40.0,0.501805,0,8
u039,15-1242.00,Database Administrators,15-2051.00,Data Scientists,15-1251.00,Computer Programmers,0.933172,0.008472,0,0.0,0.0,-1,0.483829,42.71,0.490384,0,9
u039,15-1242.00,Database Administrators,15-2051.00,Data Scientists,15-2031.00,Operations Research Analysts,0.919796,0.010902,1,0.0,0.0,-1,0.511191,55.49,0.487862,0,10
u039,15-1242.00,Database Administrators,15-2051.00,Data Scientists,15-1252.00,Software Developers,0.917382,0.0,0,0.0,0.0,-1,0.465698,40.0,0.482677,0,11
u040,15-1243.00,Database Architects,15-1244.00,Network and Computer Systems Administrators,15-1211.00,Computer Systems Analysts,0.97409,0.00048,0,0.0,0.0,-1,0.54398,40.15,0.519817,0,1
u040,15-1243.00,Database Architects,15-1244.00,Network and Computer Systems Administrators,15-1244.00,Network and Computer Systems Administrators,0.963948,0.012573,2,0.0,0.0,-1,0.571913,68.02,0.51642,1,2
u040,15-1243.00,Database Architects,15-1244.00,Network and Computer Systems Administrators,15-1242.00,Database Administrators,0.9627,0.0,0,0.0,0.0,-1,0.504319,40.0,0.508863,0,3
u040,15-1243.00,Database Architects,15-1244.00,Network and Computer Systems Administrators,15-1254.00,Web Developers,0.961234,0.0,0,0.0,0.0,-1,0.488629,40.0,0.505849,0,4
u040,15-1243.00,Database Architects,15-1244.00,Network and Computer Systems Administrators,15-1255.00,Web and Digital Interface Designers,0.952518,0.0,0,0.0,0.0,-1,0.491159,40.0,0.502307,0,5
u040,15-1243.00,Database Architects,15-1244.00,Network and Computer Systems Administrators,15-1253.00,Software Quality Assurance Analysts and Testers,0.945604,0.002004,0,0.0,0.0,-1,0.49744,40.64,0.499637,0,6
u040,15-1243.00,Database Architects,15-1244.00,Network and Computer Systems Administrators,15-1212.00,Information Security Analysts,0.941813,0.0,0,0.0,0.0,-1,0.486521,40.0,0.496794,0,7
u040,15-1243.00,Database Architects,15-1244.00,Network and Computer Systems Administrators,15-2051.00,Data Scientists,0.933613,0.0,0,0.0,0.0,-1,0.488477,40.0,0.493397,0,8
u040,15-1243.00,Database Architects,15-1244.00,Network and Computer Systems Administrators,15-1251.00,Computer Programmers,0.935579,0.004667,0,0.0,0.0,-1,0.488147,41.49,0.493066,0,9
u040,15-1243.00,Database Architects,15-1244.00,Network and Computer Systems Administrators,15-2031.00,Operations Research Analysts,0.917172,0.007639,0,0.0,0.0,-1,0.51551,42.44,0.488144,0,10
u040,15-1243.00,Database Architects,15-1244.00,Network and Computer Systems Administrators,15-1252.00,Software Developers,0.909949,0.0,0,0.0,0.0,-1,0.470017,40.0,0.47998,0,11
u041,15-1244.00,Network and Computer Systems Administrators,15-1212.00,Information Security Analysts,15-1212.00,Information Security Analysts,0.903409,0.0,0,1.0,1.0,1,0.414608,40.0,0.618725,1,1
u041,15-1244.00,Network and Computer Systems Administrators,15-1212.00,Information Security Analysts,15-1211.00,Computer Systems Analysts,0.948546,0.0,0,0.0,0.0,-1,0.472067,40.0,0.497656,0,2
u041,15-1244.00,Network and Computer Systems Administrators,15-1212.00,Information Security Analysts,15-1242.00,Database Administrators,0.905755,0.0,0,0.0,0.0,-1,0.432406,40.0,0.47245,0,3
u041,15-1244.00,Network and Computer Systems Administrators,15-1212.00,Information Security Analysts,15-1253.00,Software Quality Assurance Analysts and Testers,0.907706,0.0,0,0.0,0.0,-1,0.425527,40.0,0.472297,0,4
u041,15-1244.00,Network and Computer Systems Administrators,15-1212.00,Information Security Analysts,15-1254.00,Web Developers,0.900696,0.0,0,0.0,0.0,-1,0.416716,40.0,0.46782,0,5
u041,15-1244.00,Network and Computer Systems Administrators,15-1212.00,Information Security Analysts,15-1243.00,Database Architects,0.894205,0.0,0,0.0,0.0,-1,0.428087,40.0,0.466605,0,6
u041,15-1244.00,Network and Computer Systems Administrators,15-1212.00,Information Security Analysts,15-1255.00,Web and Digital Interface Designers,0.872503,0.0,0,0.0,0.0,-1,0.419245,40.0,0.455513,0,7
u041,15-1244.00,Network and Computer Systems Administrators,15-1212.00,Information Security Analysts,15-1251.00,Computer Programmers,0.874926,0.005147,0,0.0,0.0,-1,0.416234,41.65,0.454865,0,8
u041,15-1244.00,Network and Computer Systems Administrators,15-1212.00,Information Security Analysts,15-2051.00,Data Scientists,0.863938,0.0,0,0.0,0.0,-1,0.416564,40.0,0.451257,0,9
u041,15-1244.00,Network and Computer Systems Administrators,15-1212.00,Information Security Analysts,15-2031.00,Operations Research Analysts,0.834416,0.005604,0,0.0,0.0,-1,0.443597,41.79,0.440626,0,10
u041,15-1244.00,Network and Computer Systems Administrators,15-1212.00,Information Security Analysts,15-1252.00,Software Developers,0.838386,0.000447,0,0.0,0.0,-1,0.398103,40.14,0.436878,0,11
u042,15-1251.00,Computer Programmers,15-1252.00,Software Developers,15-1252.00,Software Developers,0.853728,0.0,0,0.615385,0.615385,1,0.481869,40.0,0.548766,1,1
u042,15-1251.00,Computer Programmers,15-1252.00,Software Developers,15-1254.00,Web Developers,0.958593,0.0,0,0.25641,0.25641,1,0.500482,40.0,0.544901,0,2
u042,15-1251.00,Computer Programmers,15-1252.00,Software Developers,15-2051.00,Data Scientists,0.905168,0.0,0,0.0,0.341881,2,0.50033,40.0,0.533657,0,3
u042,15-1251.00,Computer Programmers,15-1252.00,Software Developers,15-1212.00,Information Security Analysts,0.925281,0.0,0,0.0,0.273504,2,0.498374,40.0,0.532158,0,4
u042,15-1251.00,Computer Programmers,15-1252.00,Software Developers,15-1244.00,Network and Computer Systems Administrators,0.969131,0.006848,1,0.0,0.0,-1,0.583766,54.19,0.521962,0,5
u042,15-1251.00,Computer Programmers,15-1252.00,Software Developers,15-1211.00,Computer Systems Analysts,0.965524,0.001601,0,0.0,0.0,-1,0.555833,40.51,0.517461,0,6
u042,15-1251.00,Computer Programmers,15-1252.00,Software Developers,15-1255.00,Web and Digital Interface Designers,0.935907,0.0,0,0.0,0.102564,2,0.503011,40.0,0.511995,0,7
u042,15-1251.00,Computer Programmers,15-1252.00,Software Developers,15-1253.00,Software Quality Assurance Analysts and Testers,0.947878,0.0,0,0.0,0.0,-1,0.509293,40.0,0.502939,0,8
u042,15-1251.00,Computer Programmers,15-1252.00,Software Developers,15-1242.00,Database Administrators,0.944354,0.0,0,0.0,0.0,-1,0.516171,40.0,0.502385,0,9
u042,15-1251.00,Computer Programmers,15-1252.00,Software Developers,15-1243.00,Database Architects,0.94509,0.0,0,0.0,0.0,-1,0.511853,40.0,0.502068,0,10
u042,15-1251.00,Computer Programmers,15-1252.00,Software Developers,15-2031.00,Operations Research Analysts,0.88609,0.007762,0,0.128205,0.128205,1,0.527362,42.48,0.495135,0,11
u043,15-1252.00,Software Developers,15-1253.00,Software Quality Assurance Analysts and Testers,15-2051.00,Data Scientists,0.931995,0.000965,0,0.555556,0.555556,1,0.518461,40.31,0.580259,0,1
u043,15-1252.00,Software Developers,15-1253.00,Software Quality Assurance Analysts and Testers,15-1212.00,Information Security Analysts,0.948002,0.002251,0,0.444444,0.444444,1,0.516505,40.72,0.57018,0,2
u043,15-1252.00,Software Developers,15-1253.00,Software Quality Assurance Analysts and Testers,15-1211.00,Computer Systems Analysts,0.963907,0.009505,2,0.0,0.0,-1,0.573963,67.04,0.517476,0,3
u043,15-1252.00,Software Developers,15-1253.00,Software Quality Assurance Analysts and Testers,15-1244.00,Network and Computer Systems Administrators,0.955677,0.018993,3,0.0,0.0,-1,0.601897,82.08,0.515591,0,4
u043,15-1252.00,Software Developers,15-1253.00,Software Quality Assurance Analysts and Testers,15-1243.00,Database Architects,0.948128,0.008623,1,0.0,0.0,-1,0.529983,54.76,0.503999,0,5
u043,15-1252.00,Software Developers,15-1253.00,Software Quality Assurance Analysts and Testers,15-1242.00,Database Administrators,0.94364,0.006702,1,0.0,0.0,-1,0.534302,54.14,0.503108,0,6
u043,15-1252.00,Software Developers,15-1253.00,Software Quality Assurance Analysts and Testers,15-1255.00,Web and Digital Interface Designers,0.932918,0.01211,1,0.0,0.0,-1,0.521142,55.88,0.494957,0,7
u043,15-1252.00,Software Developers,15-1253.00,Software Quality Assurance Analysts and Testers,15-1253.00,Software Quality Assurance Analysts and Testers,0.925044,0.015157,2,0.0,0.0,-1,0.527424,68.85,0.491594,1,8
u043,15-1252.00,Software Developers,15-1253.00,Software Quality Assurance Analysts and Testers,15-1254.00,Web Developers,0.918578,0.02394,1,0.0,0.0,-1,0.518612,59.66,0.485167,0,9
u043,15-1252.00,Software Developers,15-1253.00,Software Quality Assurance Analysts and Testers,15-2031.00,Operations Research Analysts,0.898696,0.0197,1,0.0,0.0,-1,0.545493,58.3,0.481312,0,10
u043,15-1252.00,Software Developers,15-1253.00,Software Quality Assurance Analysts and Testers,15-1251.00,Computer Programmers,0.877214,0.044552,2,0.0,0.0,-1,0.518131,78.26,0.461328,0,11
u044,15-1253.00,Software Quality Assurance Analysts and Testers,15-1252.00,Software Developers,15-1252.00,Software Developers,0.881187,0.0,0,1.0,1.0,1,0.472576,40.0,0.617421,1,1
u044,15-1253.00,Software Quality Assurance Analysts and Testers,15-1252.00,Software Developers,15-2051.00,Data Scientists,0.916373,0.000906,0,0.0,0.555556,2,0.491037,40.29,0.569131,0,2
u044,15-1253.00,Software Quality Assurance Analysts and Testers,15-1252.00,Software Developers,15-1212.00,Information Security Analysts,0.951362,0.0,0,0.0,0.444444,2,0.489081,40.0,0.568142,0,3
u044,15-1253.00,Software Quality Assurance Analysts and Testers,15-1252.00,Software Developers,15-1244.00,Network and Computer Systems Administrators,0.973861,0.006481,2,0.0,0.0,-1,0.574473,66.07,0.522788,0,4
u044,15-1253.00,Software Quality Assurance Analysts and Testers,15-1252.00,Software Developers,15-1211.00,Computer Systems Analysts,0.976206,0.0,0,0.0,0.0,-1,0.54654,40.0,0.521274,0,5
u044,15-1253.00,Software Quality Assurance Analysts and Testers,15-1252.00,Software Developers,15-1254.00,Web Developers,0.958856,0.0,0,0.0,0.0,-1,0.491189,40.0,0.505164,0,6
u044,15-1253.00,Software Quality Assurance Analysts and Testers,15-1252.00,Software Developers,15-1242.00,Database Administrators,0.952014,0.0,0,0.0,0.0,-1,0.506878,40.0,0.504438,0,7
u044,15-1253.00,Software Quality Assurance Analysts and Testers,15-1252.00,Software Developers,15-1243.00,Database Architects,0.948212,0.0,0,0.0,0.0,-1,0.50256,40.0,0.50208,0,8
u044,15-1253.00,Software Quality Assurance Analysts and Testers,15-1252.00,Software Developers,15-1251.00,Computer Programmers,0.936915,0.001028,0,0.0,0.0,-1,0.490707,40.33,0.494961,0,9
u044,15-1253.00,Software Quality Assurance Analysts and Testers,15-1252.00,Software Developers,15-1255.00,Web and Digital Interface Designers,0.931887,0.0,0,0.0,0.0,-1,0.493718,40.0,0.493407,0,10
u044,15-1253.00,Software Quality Assurance Analysts and Testers,15-1252.00,Software Developers,15-2031.00,Operations Research Analysts,0.886113,0.018572,0,0.0,0.0,-1,0.518069,45.94,0.471818,0,11
u045,15-1254.00,Web Developers,15-1252.00,Software Developers,15-1255.00,Web and Digital Interface Designers,0.933018,0.0,0,0.4,0.4,1,0.50253,40.0,0.555238,0,1
u045,15-1254.00,Web Developers,15-1252.00,Software Developers,15-1252.00,Software Developers,0.870113,0.0,0,0.6,0.6,1,0.481388,40.0,0.553759,1,2
u045,15-1254.00,Web Developers,15-1252.00,Software Developers,15-2051.00,Data Scientists,0.913584,0.0,0,0.0,0.333334,2,0.499848,40.0,0.53609,0,3
u045,15-1254.00,Web Developers,15-1252.00,Software Developers,15-1212.00,Information Security Analysts,0.935141,0.0,0,0.0,0.266666,2,0.497892,40.0,0.535497,0,4
u045,15-1254.00,Web Developers,15-1252.00,Software Developers,15-1244.00,Network and Computer Systems Administrators,0.967958,0.005942,1,0.0,0.0,-1,0.583284,53.9,0.521588,0,5
u045,15-1254.00,Web Developers,15-1252.00,Software Developers,15-1211.00,Computer Systems Analysts,0.96551,0.0,0,0.0,0.0,-1,0.555351,40.0,0.517782,0,6
u045,15-1254.00,Web Developers,15-1252.00,Software Developers,15-1243.00,Database Architects,0.949608,0.0,0,0.0,0.0,-1,0.511371,40.0,0.504029,0,7
u045,15-1254.00,Web Developers,15-1252.00,Software Developers,15-1242.00,Database Administrators,0.945845,0.0,0,0.0,0.0,-1,0.51569,40.0,0.502984,0,8
u045,15-1254.00,Web Developers,15-1252.00,Software Developers,15-1253.00,Software Quality Assurance Analysts and Testers,0.943006,0.0,0,0.0,0.0,-1,0.508811,40.0,0.500674,0,9
u045,15-1254.00,Web Developers,15-1252.00,Software Developers,15-1251.00,Computer Programmers,0.924729,0.001335,0,0.0,0.0,-1,0.499518,40.43,0.490722,0,10
u045,15-1254.00,Web Developers,15-1252.00,Software Developers,15-2031.00,Operations Research Analysts,0.890004,0.014454,0,0.0,0.0,-1,0.526881,44.63,0.47592,0,11
u046,15-1255.00,Web and Digital Interface Designers,15-2031.00,Operations Research Analysts,15-1211.00,Computer Systems Analysts,0.967901,0.00491,1,0.0,0.0,-1,0.552821,53.57,0.517251,0,1
u046,15-1255.00,Web and Digital Interface Designers,15-2031.00,Operations Research Analysts,15-1244.00,Network and Computer Systems Administrators,0.959623,0.012106,2,0.0,0.0,-1,0.580755,67.87,0.515917,0,2
u046,15-1255.00,Web and Digital Interface Designers,15-2031.00,Operations Research Analysts,15-1243.00,Database Architects,0.963432,0.0,0,0.0,0.0,-1,0.508841,40.0,0.50987,0,3
u046,15-1255.00,Web and Digital Interface Designers,15-2031.00,Operations Research Analysts,15-1254.00,Web Developers,0.962348,0.0,0,0.0,0.0,-1,0.49747,40.0,0.507677,0,4
u046,15-1255.00,Web and Digital Interface Designers,15-2031.00,Operations Research Analysts,15-1242.00,Database Administrators,0.956042,0.0,0,0.0,0.0,-1,0.51316,40.0,0.507193,0,5
u046,15-1255.00,Web and Digital Interface Designers,15-2031.00,Operations Research Analysts,15-1253.00,Software Quality Assurance Analysts and Testers,0.946494,0.001271,0,0.0,0.0,-1,0.506282,40.41,0.501547,0,6
u046,15-1255.00,Web and Digital Interface Designers,15-2031.00,Operations Research Analysts,15-1251.00,Computer Programmers,0.944229,0.0,0,0.0,0.0,-1,0.496989,40.0,0.499451,0,7
u046,15-1255.00,Web and Digital Interface Designers,15-2031.00,Operations Research Analysts,15-1212.00,Information Security Analysts,0.944081,0.0,0,0.0,0.0,-1,0.495363,40.0,0.499141,0,8
u046,15-1255.00,Web and Digital Interface Designers,15-2031.00,Operations Research Analysts,15-2051.00,Data Scientists,0.934,0.0,0,0.0,0.0,-1,0.497319,40.0,0.494898,0,9
u046,15-1255.00,Web and Digital Interface Designers,15-2031.00,Operations Research Analysts,15-2031.00,Operations Research Analysts,0.902566,0.004582,0,0.0,0.0,-1,0.524351,41.47,0.483662,1,10
u046,15-1255.00,Web and Digital Interface Designers,15-2031.00,Operations Research Analysts,15-1252.00,Software Developers,0.898165,0.0,0,0.0,0.0,-1,0.478858,40.0,0.476003,0,11
u047,15-2031.00,Operations Research Analysts,15-2051.00,Data Scientists,15-2051.00,Data Scientists,0.957123,0.0,0,1.0,1.0,1,0.472968,40.0,0.651651,1,1
u047,15-2031.00,Operations Research Analysts,15-2051.00,Data Scientists,15-1211.00,Computer Systems Analysts,0.959369,0.006586,1,0.0,0.0,-1,0.52847,54.11,0.50934,0,2
u047,15-2031.00,Operations Research Analysts,15-2051.00,Data Scientists,15-1242.00,Database Administrators,0.958721,0.000485,0,0.0,0.0,-1,0.488809,40.16,0.504624,0,3
u047,15-2031.00,Operations Research Analysts,15-2051.00,Data Scientists,15-1243.00,Database Architects,0.957077,0.00013,0,0.0,0.0,-1,0.48449,40.04,0.503326,0,4
u047,15-2031.00,Operations Research Analysts,15-2051.00,Data Scientists,15-1244.00,Network and Computer Systems Administrators,0.939162,0.019656,3,0.0,0.0,-1,0.556403,82.29,0.501169,0,5
u047,15-2031.00,Operations Research Analysts,15-2051.00,Data Scientists,15-1212.00,Information Security Analysts,0.945875,0.0,0,0.0,0.0,-1,0.471011,40.0,0.496296,0,6
u047,15-2031.00,Operations Research Analysts,15-2051.00,Data Scientists,15-1253.00,Software Quality Assurance Analysts and Testers,0.943332,0.002782,0,0.0,0.0,-1,0.481931,40.89,0.496093,0,7
u047,15-2031.00,Operations Research Analysts,15-2051.00,Data Scientists,15-1254.00,Web Developers,0.946521,0.006584,0,0.0,0.0,-1,0.473119,42.11,0.495256,0,8
u047,15-2031.00,Operations Research Analysts,15-2051.00,Data Scientists,15-1255.00,Web and Digital Interface Designers,0.941378,0.002624,0,0.0,0.0,-1,0.475649,40.84,0.494311,0,9
u047,15-2031.00,Operations Research Analysts,15-2051.00,Data Scientists,15-1251.00,Computer Programmers,0.920821,0.022053,0,0.0,0.0,-1,0.472638,47.06,0.479752,0,10
u047,15-2031.00,Operations Research Analysts,15-2051.00,Data Scientists,15-1252.00,Software Developers,0.903262,0.002414,0,0.0,0.0,-1,0.454507,40.77,0.47404,0,11
u048,15-2051.00,Data Scientists,15-1211.00,Computer Systems Analysts,15-1211.00,Computer Systems Analysts,0.970351,0.00066,0,0.0,0.0,-1,0.555503,40.21,0.519818,1,1
u048,15-2051.00,Data Scientists,15-1211.00,Computer Systems Analysts,15-1244.00,Network and Computer Systems Administrators,0.960268,0.008853,1,0.0,0.0,-1,0.583436,54.83,0.517423,0,2
u048,15-2051.00,Data Scientists,15-1211.00,Computer Systems Analysts,15-1242.00,Database Administrators,0.958274,0.0,0,0.0,0.0,-1,0.515841,40.0,0.508599,0,3
u048,15-2051.00,Data Scientists,15-1211.00,Computer Systems Analysts,15-1243.00,Database Architects,0.957119,0.0,0,0.0,0.0,-1,0.511523,40.0,0.507432,0,4
u048,15-2051.00,Data Scientists,15-1211.00,Computer Systems Analysts,15-1212.00,Information Security Analysts,0.954314,0.0,0,0.0,0.0,-1,0.498044,40.0,0.504148,0,5
u048,15-2051.00,Data Scientists,15-1211.00,Computer Systems Analysts,15-1253.00,Software Quality Assurance Analysts and Testers,0.945939,0.0,0,0.0,0.0,-1,0.508963,40.0,0.502017,0,6
u048,15-2051.00,Data Scientists,15-1211.00,Computer Systems Analysts,15-1254.00,Web Developers,0.94788,0.003023,0,0.0,0.0,-1,0.500152,40.97,0.500813,0,7
u048,15-2051.00,Data Scientists,15-1211.00,Computer Systems Analysts,15-1255.00,Web and Digital Interface Designers,0.944471,0.0,0,0.0,0.0,-1,0.502681,40.0,0.500414,0,8
u048,15-2051.00,Data Scientists,15-1211.00,Computer Systems Analysts,15-2031.00,Operations Research Analysts,0.920148,0.002536,0,0.0,0.0,-1,0.527032,40.81,0.492488,0,9
u048,15-2051.00,Data Scientists,15-1211.00,Computer Systems Analysts,15-1252.00,Software Developers,0.917072,0.003003,0,0.0,0.0,-1,0.481539,40.96,0.484162,0,10
u048,15-2051.00,Data Scientists,15-1211.00,Computer Systems Analysts,15-1251.00,Computer Programmers,0.912452,0.017318,0,0.0,0.0,-1,0.49967,45.54,0.481224,0,11
u049,15-1211.00,Computer Systems Analysts,15-2051.00,Data Scientists,15-2051.00,Data Scientists,0.91062,0.0,0,1.0,1.0,1,0.444497,40.0,0.626454,1,1
u049,15-1211.00,Computer Systems Analysts,15-2051.00,Data Scientists,15-1244.00,Network and Computer Systems Administrators,0.982273,0.002214,1,0.0,0.0,-1,0.527933,52.71,0.520659,0,2
u049,15-1211.00,Computer Systems Analysts,15-2051.00,Data Scientists,15-1242.00,Database Administrators,0.948786,0.0,0,0.0,0.0,-1,0.460339,40.0,0.496005,0,3
u049,15-1211.00,Computer Systems Analysts,15-2051.00,Data Scientists,15-1243.00,Database Architects,0.94832,0.0,0,0.0,0.0,-1,0.45602,40.0,0.495147,0,4
u049,15-1211.00,Computer Systems Analysts,15-2051.00,Data Scientists,15-1253.00,Software Quality Assurance Analysts and Testers,0.946968,0.0,0,0.0,0.0,-1,0.45346,40.0,0.494155,0,5
u049,15-1211.00,Computer Systems Analysts,15-2051.00,Data Scientists,15-1254.00,Web Developers,0.947592,0.0,0,0.0,0.0,-1,0.444649,40.0,0.493114,0,6
u049,15-1211.00,Computer Systems Analysts,15-2051.00,Data Scientists,15-1212.00,Information Security Analysts,0.941911,0.0,0,0.0,0.0,-1,0.442541,40.0,0.490241,0,7
u049,15-1211.00,Computer Systems Analysts,15-2051.00,Data Scientists,15-1255.00,Web and Digital Interface Designers,0.927712,0.0,0,0.0,0.0,-1,0.447179,40.0,0.484547,0,8
u049,15-1211.00,Computer Systems Analysts,15-2051.00,Data Scientists,15-1251.00,Computer Programmers,0.917388,0.006603,0,0.0,0.0,-1,0.444167,42.11,0.477799,0,9
u049,15-1211.00,Computer Systems Analysts,15-2051.00,Data Scientists,15-1252.00,Software Developers,0.897158,0.0,0,0.0,0.0,-1,0.426037,40.0,0.467626,0,10
u049,15-1211.00,Computer Systems Analysts,15-2051.00,Data Scientists,15-2031.00,Operations Research Analysts,0.882998,0.009843,0,0.0,0.0,-1,0.47153,43.15,0.465618,0,11
u050,15-1212.00,Information Security Analysts,15-1242.00,Database Administrators,15-1244.00,Network and Computer Systems Administrators,0.972764,0.007391,1,0.0,0.0,-1,0.585392,54.36,0.523705,0,1
u050,15-1212.00,Information Security Analysts,15-1242.00,Database Administrators,15-1211.00,Computer Systems Analysts,0.970968,0.0,0,0.0,0.0,-1,0.557459,40.0,0.520554,0,2
u050,15-1212.00,Information Security Analysts,15-1242.00,Database Administrators,15-1242.00,Database Administrators,0.951652,0.0,0,0.0,0.0,-1,0.517798,40.0,0.505913,1,3
u050,15-1212.00,Information Security Analysts,15-1242.00,Database Administrators,15-1253.00,Software Quality Assurance Analysts and Testers,0.95375,0.0003,0,0.0,0.0,-1,0.510919,40.1,0.505751,0,4
u050,15-1212.00,Information Security Analysts,15-1242.00,Database Administrators,15-1243.00,Database Architects,0.942967,0.000774,0,0.0,0.0,-1,0.513479,40.25,0.501164,0,5
u050,15-1212.00,Information Security Analysts,15-1242.00,Database Administrators,15-1254.00,Web Developers,0.942204,0.008027,0,0.0,0.0,-1,0.502108,42.57,0.497301,0,6
u050,15-1212.00,Information Security Analysts,15-1242.00,Database Administrators,15-1255.00,Web and Digital Interface Designers,0.930122,0.003369,0,0.0,0.0,-1,0.504637,41.08,0.493408,0,7
u050,15-1212.00,Information Security Analysts,15-1242.00,Database Administrators,15-2051.00,Data Scientists,0.92689,0.000866,0,0.0,0.0,-1,0.501956,40.28,0.492177,0,8
u050,15-1212.00,Information Security Analysts,15-1242.00,Database Administrators,15-1252.00,Software Developers,0.90943,0.0,0,0.0,0.0,-1,0.483495,40.0,0.481768,0,9
u050,15-1212.00,Information Security Analysts,15-1242.00,Database Administrators,15-1251.00,Computer Programmers,0.91474,0.023076,0,0.0,0.0,-1,0.501626,47.38,0.481108,0,10
u050,15-1212.00,Information Security Analysts,15-1242.00,Database Administrators,15-2031.00,Operations Research Analysts,0.894505,0.020666,0,0.0,0.0,-1,0.528989,46.61,0.476709,0,11
u051,15-1242.00,Database Administrators,15-2051.00,Data Scientists,15-2051.00,Data Scientists,0.952456,0.0,0,1.0,1.0,1,0.484159,40.0,0.651229,1,1
u051,15-1242.00,Database Administrators,15-2051.00,Data Scientists,15-1211.00,Computer Systems Analysts,0.981134,0.000702,0,0.0,0.0,-1,0.539661,40.22,0.522284,0,2
u051,15-1242.00,Database Administrators,15-2051.00,Data Scientists,15-1244.00,Network and Computer Systems Administrators,0.96865,0.008933,1,0.0,0.0,-1,0.567594,54.86,0.518798,0,3
u051,15-1242.00,Database Administrators,15-2051.00,Data Scientists,15-1243.00,Database Architects,0.970486,0.0,0,0.0,0.0,-1,0.495681,40.0,0.511071,0,4
u051,15-1242.00,Database Administrators,15-2051.00,Data Scientists,15-1254.00,Web Developers,0.9647,0.0,0,0.0,0.0,-1,0.48431,40.0,0.506762,0,5
u051,15-1242.00,Database Administrators,15-2051.00,Data Scientists,15-1212.00,Information Security Analysts,0.961484,0.0,0,0.0,0.0,-1,0.482202,40.0,0.504998,0,6
u051,15-1242.00,Database Administrators,15-2051.00,Data Scientists,15-1253.00,Software Quality Assurance Analysts and Testers,0.957389,0.000105,0,0.0,0.0,-1,0.493122,40.03,0.504767,0,7
u051,15-1242.00,Database Administrators,15-2051.00,Data Scientists,15-1255.00,Web and Digital Interface Designers,0.95441,0.0,0,0.0,0.0,-1,0.48684,40.0,0.502511,0,8
u051,15-1242.00,Database Administrators,15-2051.00,Data Scientists,15-2031.00,Operations Research Analysts,0.936206,0.00235,0,0.0,0.0,-1,0.511191,40.75,0.497384,0,9
u051,15-1242.00,Database Administrators,15-2051.00,Data Scientists,15-1251.00,Computer Programmers,0.938523,0.009667,0,0.0,0.0,-1,0.483829,43.09,0.492493,0,10
u051,15-1242.00,Database Administrators,15-2051.00,Data Scientists,15-1252.00,Software Developers,0.91318,0.001714,0,0.0,0.0,-1,0.465698,40.55,0.480357,0,11
u052,15-1243.00,Database Architects,15-1244.00,Network and Computer Systems Administrators,15-1211.00,Computer Systems Analysts,0.977974,0.001936,0,0.0,0.0,-1,0.54398,40.62,0.521201,0,1
u052,15-1243.00,Database Architects,15-1244.00,Network and Computer Systems Administrators,15-1244.00,Network and Computer Systems Administrators,0.966085,0.011291,1,0.0,0.0,-1,0.571913,55.61,0.517702,1,2
u052,15-1243.00,Database Architects,15-1244.00,Network and Computer Systems Administrators,15-1242.00,Database Administrators,0.965169,0.0,0,0.0,0.0,-1,0.504319,40.0,0.509974,0,3
u052,15-1243.00,Database Architects,15-1244.00,Network and Computer Systems Administrators,15-1254.00,Web Developers,0.96266,0.0,0,0.0,0.0,-1,0.488629,40.0,0.506491,0,4
u052,15-1243.00,Database Architects,15-1244.00,Network and Computer Systems Administrators,15-1255.00,Web and Digital Interface Designers,0.958818,0.0,0,0.0,0.0,-1,0.491159,40.0,0.505142,0,5
u052,15-1243.00,Database Architects,15-1244.00,Network and Computer Systems Administrators,15-1212.00,Information Security Analysts,0.956738,0.0,0,0.0,0.0,-1,0.486521,40.0,0.50351,0,6
u052,15-1243.00,Database Architects,15-1244.00,Network and Computer Systems Administrators,15-1253.00,Software Quality Assurance Analysts and Testers,0.948851,0.001649,0,0.0,0.0,-1,0.49744,40.53,0.501187,0,7
u052,15-1243.00,Database Architects,15-1244.00,Network and Computer Systems Administrators,15-2051.00,Data Scientists,0.948348,0.0,0,0.0,0.0,-1,0.488477,40.0,0.500028,0,8
u052,15-1243.00,Database Architects,15-1244.00,Network and Computer Systems Administrators,15-2031.00,Operations Research Analysts,0.9192,0.006018,0,0.0,0.0,-1,0.51551,41.93,0.489462,0,9
u052,15-1243.00,Database Architects,15-1244.00,Network and Computer Systems Administrators,15-1251.00,Computer Programmers,0.928422,0.009763,0,0.0,0.0,-1,0.488147,43.12,0.488571,0,10
u052,15-1243.00,Database Architects,15-1244.00,Network and Computer Systems Administrators,15-1252.00,Software Developers,0.923235,0.0,0,0.0,0.0,-1,0.470017,40.0,0.485958,0,11
u053,15-1244.00,Network and Computer Systems Administrators,15-1212.00,Information Security Analysts,15-1212.00,Information Security Analysts,0.905871,0.0,0,1.0,1.0,1,0.414608,40.0,0.619833,1,1
u053,15-1244.00,Network and Computer Systems Administrators,15-1212.00,Information Security Analysts,15-1211.00,Computer Systems Analysts,0.950795,0.0,0,0.0,0.0,-1,0.472067,40.0,0.498668,0,2
u053,15-1244.00,Network and Computer Systems Administrators,15-1212.00,Information Security Analysts,15-1253.00,Software Quality Assurance Analysts and Testers,0.912386,0.0,0,0.0,0.0,-1,0.425527,40.0,0.474403,0,3
u053,15-1244.00,Network and Computer Systems Administrators,15-1212.00,Information Security Analysts,15-1242.00,Database Administrators,0.907402,0.0,0,0.0,0.0,-1,0.432406,40.0,0.473192,0,4
u053,15-1244.00,Network and Computer Systems Administrators,15-1212.00,Information Security Analysts,15-1254.00,Web Developers,0.904203,0.0,0,0.0,0.0,-1,0.416716,40.0,0.469399,0,5
u053,15-1244.00,Network and Computer Systems Administrators,15-1212.00,Information Security Analysts,15-1243.00,Database Architects,0.899754,0.0,0,0.0,0.0,-1,0.428087,40.0,0.469102,0,6
u053,15-1244.00,Network and Computer Systems Administrators,15-1212.00,Information Security Analysts,15-1255.00,Web and Digital Interface Designers,0.872406,0.0,0,0.0,0.0,-1,0.419245,40.0,0.45547,0,7
u053,15-1244.00,Network and Computer Systems Administrators,15-1212.00,Information Security Analysts,15-1251.00,Computer Programmers,0.876159,0.008339,0,0.0,0.0,-1,0.416234,42.67,0.454622,0,8
u053,15-1244.00,Network and Computer Systems Administrators,15-1212.00,Information Security Analysts,15-2051.00,Data Scientists,0.863056,0.0,0,0.0,0.0,-1,0.416564,40.0,0.45086,0,9
u053,15-1244.00,Network and Computer Systems Administrators,15-1212.00,Information Security Analysts,15-1252.00,Software Developers,0.84778,0.0,0,0.0,0.0,-1,0.398103,40.0,0.441216,0,10
u053,15-1244.00,Network and Computer Systems Administrators,15-1212.00,Information Security Analysts,15-2031.00,Operations Research Analysts,0.834758,0.011993,0,0.0,0.0,-1,0.443597,43.84,0.439183,0,11
u054,15-1251.00,Computer Programmers,15-1252.00,Software Developers,15-1252.00,Software Developers,0.86577,0.0,0,0.615385,0.615385,1,0.481869,40.0,0.554185,1,1
u054,15-1251.00,Computer Programmers,15-1252.00,Software Developers,15-1254.00,Web Developers,0.966755,0.0,0,0.25641,0.25641,1,0.500482,40.0,0.548573,0,2
u054,15-1251.00,Computer Programmers,15-1252.00,Software Developers,15-2051.00,Data Scientists,0.914974,0.0,0,0.0,0.341881,2,0.50033,40.0,0.53807,0,3
u054,15-1251.00,Computer Programmers,15-1252.00,Software Developers,15-1212.00,Information Security Analysts,0.931003,0.0,0,0.0,0.273504,2,0.498374,40.0,0.534733,0,4
u054,15-1251.00,Computer Programmers,15-1252.00,Software Developers,15-1244.00,Network and Computer Systems Administrators,0.966821,0.007744,2,0.0,0.0,-1,0.583766,66.48,0.520698,0,5
u054,15-1251.00,Computer Programmers,15-1252.00,Software Developers,15-1211.00,Computer Systems Analysts,0.970206,0.0,0,0.0,0.0,-1,0.555833,40.0,0.519967,0,6
u054,15-1251.00,Computer Programmers,15-1252.00,Software Developers,15-1255.00,Web and Digital Interface Designers,0.940528,0.0,0,0.0,0.102564,2,0.503011,40.0,0.514074,0,7
u054,15-1251.00,Computer Programmers,15-1252.00,Software Developers,15-1253.00,Software Quality Assurance Analysts and Testers,0.954035,0.0,0,0.0,0.0,-1,0.509293,40.0,0.50571,0,8
u054,15-1251.00,Computer Programmers,15-1252.00,Software Developers,15-1243.00,Database Architects,0.953113,0.0,0,0.0,0.0,-1,0.511853,40.0,0.505679,0,9
u054,15-1251.00,Computer Programmers,15-1252.00,Software Developers,15-1242.00,Database Administrators,0.951259,0.0,0,0.0,0.0,-1,0.516171,40.0,0.505492,0,10
u054,15-1251.00,Computer Programmers,15-1252.00,Software Developers,15-2031.00,Operations Research Analysts,0.900207,0.003422,0,0.128205,0.128205,1,0.527362,41.1,0.502573,0,11
u055,15-1252.00,Software Developers,15-1253.00,Software Quality Assurance Analysts and Testers,15-2051.00,Data Scientists,0.928544,0.001781,0,0.555556,0.555556,1,0.518461,40.57,0.578502,0,1
u055,15-1252.00,Software Developers,15-1253.00,Software Quality Assurance Analysts and Testers,15-1212.00,Information Security Analysts,0.948371,0.0,0,0.444444,0.444444,1,0.516505,40.0,0.570909,0,2
u055,15-1252.00,Software Developers,15-1253.00,Software Quality Assurance Analysts and Testers,15-1244.00,Network and Computer Systems Administrators,0.960212,0.014412,4,0.0,0.0,-1,0.601897,92.61,0.518777,0,3
u055,15-1252.00,Software Developers,15-1253.00,Software Quality Assurance Analysts and Testers,15-1211.00,Computer Systems Analysts,0.96165,0.010145,3,0.0,0.0,-1,0.573963,79.25,0.516301,0,4
u055,15-1252.00,Software Developers,15-1253.00,Software Quality Assurance Analysts and Testers,15-1243.00,Database Architects,0.944685,0.01197,2,0.0,0.0,-1,0.529983,67.83,0.501613,0,5
u055,15-1252.00,Software Developers,15-1253.00,Software Quality Assurance Analysts and Testers,15-1242.00,Database Administrators,0.940052,0.009726,2,0.0,0.0,-1,0.534302,67.11,0.500737,0,6
u055,15-1252.00,Software Developers,15-1253.00,Software Quality Assurance Analysts and Testers,15-1255.00,Web and Digital Interface Designers,0.927835,0.014276,1,0.0,0.0,-1,0.521142,56.57,0.492128,0,7
u055,15-1252.00,Software Developers,15-1253.00,Software Quality Assurance Analysts and Testers,15-1253.00,Software Quality Assurance Analysts and Testers,0.925413,0.014504,3,0.0,0.0,-1,0.527424,80.64,0.491924,1,8
u055,15-1252.00,Software Developers,15-1253.00,Software Quality Assurance Analysts and Testers,15-2031.00,Operations Research Analysts,0.899342,0.016668,1,0.0,0.0,-1,0.545493,57.33,0.482361,0,9
u055,15-1252.00,Software Developers,15-1253.00,Software Quality Assurance Analysts and Testers,15-1254.00,Web Developers,0.914517,0.028182,2,0.0,0.0,-1,0.518612,73.02,0.482279,0,10
u055,15-1252.00,Software Developers,15-1253.00,Software Quality Assurance Analysts and Testers,15-1251.00,Computer Programmers,0.879274,0.045893,3,0.0,0.0,-1,0.518131,90.69,0.461919,0,11
u056,15-1253.00,Software Quality Assurance Analysts and Testers,15-1252.00,Software Developers,15-1252.00,Software Developers,0.878898,0.000123,0,1.0,1.0,1,0.472576,40.04,0.61636,1,1
u056,15-1253.00,Software Quality Assurance Analysts and Testers,15-1252.00,Software Developers,15-2051.00,Data Scientists,0.921687,0.0,0,0.0,0.555556,2,0.491037,40.0,0.571748,0,2
u056,15-1253.00,Software Quality Assurance Analysts and Testers,15-1252.00,Software Developers,15-1212.00,Information Security Analysts,0.949695,0.0,0,0.0,0.444444,2,0.489081,40.0,0.567391,0,3
u056,15-1253.00,Software Quality Assurance Analysts and Testers,15-1252.00,Software Developers,15-1244.00,Network and Computer Systems Administrators,0.977098,0.001094,0,0.0,0.0,-1,0.574473,40.35,0.525591,0,4
u056,15-1253.00,Software Quality Assurance Analysts and Testers,15-1252.00,Software Developers,15-1211.00,Computer Systems Analysts,0.974083,0.0,0,0.0,0.0,-1,0.54654,40.0,0.520318,0,5
u056,15-1253.00,Software Quality Assurance Analysts and Testers,15-1252.00,Software Developers,15-1242.00,Database Administrators,0.949489,0.0,0,0.0,0.0,-1,0.506878,40.0,0.503302,0,6
u056,15-1253.00,Software Quality Assurance Analysts and Testers,15-1252.00,Software Developers,15-1254.00,Web Developers,0.954408,0.0,0,0.0,0.0,-1,0.491189,40.0,0.503162,0,7
u056,15-1253.00,Software Quality Assurance Analysts and Testers,15-1252.00,Software Developers,15-1243.00,Database Architects,0.946296,0.0,0,0.0,0.0,-1,0.50256,40.0,0.501217,0,8
u056,15-1253.00,Software Quality Assurance Analysts and Testers,15-1252.00,Software Developers,15-1251.00,Computer Programmers,0.935095,0.0,0,0.0,0.0,-1,0.490707,40.0,0.494399,0,9
u056,15-1253.00,Software Quality Assurance Analysts and Testers,15-1252.00,Software Developers,15-1255.00,Web and Digital Interface Designers,0.932225,0.0,0,0.0,0.0,-1,0.493718,40.0,0.493559,0,10
u056,15-1253.00,Software Quality Assurance Analysts and Testers,15-1252.00,Software Developers,15-2031.00,Operations Research Analysts,0.889397,0.014317,0,0.0,0.0,-1,0.518069,44.58,0.47436,0,11
u057,15-1254.00,Web Developers,15-1252.00,Software Developers,15-1255.00,Web and Digital Interface Designers,0.942733,0.0,0,0.4,0.4,1,0.50253,40.0,0.559609,0,1
u057,15-1254.00,Web Developers,15-1252.00,Software Developers,15-1252.00,Software Developers,0.882196,0.0,0,0.6,0.6,1,0.481388,40.0,0.559196,1,2
u057,15-1254.00,Web Developers,15-1252.00,Software Developers,15-2051.00,Data Scientists,0.919904,0.0,0,0.0,0.333334,2,0.499848,40.0,0.538934,0,3
u057,15-1254.00,Web Developers,15-1252.00,Software Developers,15-1212.00,Information Security Analysts,0.941047,0.0,0,0.0,0.266666,2,0.497892,40.0,0.538155,0,4
u057,15-1254.00,Web Developers,15-1252.00,Software Developers,15-1244.00,Network and Computer Systems Administrators,0.975941,0.003824,2,0.0,0.0,-1,0.583284,65.22,0.52571,0,5
u057,15-1254.00,Web Developers,15-1252.00,Software Developers,15-1211.00,Computer Systems Analysts,0.973422,0.0,0,0.0,0.0,-1,0.555351,40.0,0.521343,0,6
u057,15-1254.00,Web Developers,15-1252.00,Software Developers,15-1242.00,Database Administrators,0.955141,0.0,0,0.0,0.0,-1,0.51569,40.0,0.507167,0,7
u057,15-1254.00,Web Developers,15-1252.00,Software Developers,15-1243.00,Database Architects,0.955071,0.0,0,0.0,0.0,-1,0.511371,40.0,0.506488,0,8
u057,15-1254.00,Web Developers,15-1252.00,Software Developers,15-1253.00,Software Quality Assurance Analysts and Testers,0.950138,0.0,0,0.0,0.0,-1,0.508811,40.0,0.503884,0,9
u057,15-1254.00,Web Developers,15-1252.00,Software Developers,15-1251.00,Computer Programmers,0.93981,0.0,0,0.0,0.0,-1,0.499518,40.0,0.497842,0,10
u057,15-1254.00,Web Developers,15-1252.00,Software Developers,15-2031.00,Operations Research Analysts,0.902004,0.013122,0,0.0,0.0,-1,0.526881,44.2,0.481653,0,11
u058,15-1255.00,Web and Digital Interface Designers,15-2031.00,Operations Research Analysts,15-1211.00,Computer Systems Analysts,0.970722,0.00442,1,0.0,0.0,-1,0.552821,53.41,0.518643,0,1
u058,15-1255.00,Web and Digital Interface Designers,15-2031.00,Operations Research Analysts,15-1244.00,Network and Computer Systems Administrators,0.960956,0.014553,3,0.0,0.0,-1,0.580755,80.66,0.515905,0,2
u058,15-1255.00,Web and Digital Interface Designers,15-2031.00,Operations Research Analysts,15-1243.00,Database Architects,0.969504,0.0,0,0.0,0.0,-1,0.508841,40.0,0.512603,0,3
u058,15-1255.00,Web and Digital Interface Designers,15-2031.00,Operations Research Analysts,15-1242.00,Database Administrators,0.958492,0.0,0,0.0,0.0,-1,0.51316,40.0,0.508296,0,4
u058,15-1255.00,Web and Digital Interface Designers,15-2031.00,Operations Research Analysts,15-1254.00,Web Developers,0.963223,0.0,0,0.0,0.0,-1,0.49747,40.0,0.508071,0,5
u058,15-1255.00,Web and Digital Interface Designers,15-2031.00,Operations Research Analysts,15-1253.00,Software Quality Assurance Analysts and Testers,0.94303,0.002232,0,0.0,0.0,-1,0.506282,40.71,0.499748,0,6
u058,15-1255.00,Web and Digital Interface Designers,15-2031.00,Operations Research Analysts,15-1212.00,Information Security Analysts,0.944825,0.0,0,0.0,0.0,-1,0.495363,40.0,0.499476,0,7
u058,15-1255.00,Web and Digital Interface Designers,15-2031.00,Operations Research Analysts,15-1251.00,Computer Programmers,0.941399,0.001454,0,0.0,0.0,-1,0.496989,40.47,0.497814,0,8
u058,15-1255.00,Web and Digital Interface Designers,15-2031.00,Operations Research Analysts,15-2051.00,Data Scientists,0.9364,0.0,0,0.0,0.0,-1,0.497319,40.0,0.495978,0,9
u058,15-1255.00,Web and Digital Interface Designers,15-2031.00,Operations Research Analysts,15-2031.00,Operations Research Analysts,0.910744,0.006108,0,0.0,0.0,-1,0.524351,41.95,0.48696,1,10
u058,15-1255.00,Web and Digital Interface Designers,15-2031.00,Operations Research Analysts,15-1252.00,Software Developers,0.907753,0.0,0,0.0,0.0,-1,0.478858,40.0,0.480317,0,11
u059,15-2031.00,Operations Research Analysts,15-2051.00,Data Scientists,15-2051.00,Data Scientists,0.95417,0.0,0,1.0,1.0,1,0.472968,40.0,0.650322,1,1
u059,15-2031.00,Operations Research Analysts,15-2051.00,Data Scientists,15-1211.00,Computer Systems Analysts,0.969422,0.003715,1,0.0,0.0,-1,0.52847,53.19,0.514582,0,2
u059,15-2031.00,Operations Research Analysts,15-2051.00,Data Scientists,15-1242.00,Database Administrators,0.970053,0.0,0,0.0,0.0,-1,0.488809,40.0,0.509845,0,3
u059,15-2031.00,Operations Research Analysts,15-2051.00,Data Scientists,15-1244.00,Network and Computer Systems Administrators,0.954142,0.014805,2,0.0,0.0,-1,0.556403,68.74,0.509123,0,4
u059,15-2031.00,Operations Research Analysts,15-2051.00,Data Scientists,15-1243.00,Database Architects,0.96585,0.0,0,0.0,0.0,-1,0.48449,40.0,0.507306,0,5
u059,15-2031.00,Operations Research Analysts,15-2051.00,Data Scientists,15-1212.00,Information Security Analysts,0.951257,0.0,0,0.0,0.0,-1,0.471011,40.0,0.498717,0,6
u059,15-2031.00,Operations Research Analysts,15-2051.00,Data Scientists,15-1254.00,Web Developers,0.95069,0.001348,0,0.0,0.0,-1,0.473119,40.43,0.498441,0,7
u059,15-2031.00,Operations Research Analysts,15-2051.00,Data Scientists,15-1255.00,Web and Digital Interface Designers,0.944919,0.001057,0,0.0,0.0,-1,0.475649,40.34,0.496297,0,8
u059,15-2031.00,Operations Research Analysts,15-2051.00,Data Scientists,15-1253.00,Software Quality Assurance Analysts and Testers,0.942778,0.001642,0,0.0,0.0,-1,0.481931,40.53,0.496129,0,9
u059,15-2031.00,Operations Research Analysts,15-2051.00,Data Scientists,15-1251.00,Computer Programmers,0.929727,0.016562,0,0.0,0.0,-1,0.472638,45.3,0.485132,0,10
u059,15-2031.00,Operations Research Analysts,15-2051.00,Data Scientists,15-1252.00,Software Developers,0.912032,0.002103,0,0.0,0.0,-1,0.454507,40.67,0.478065,0,11
u060,15-2051.00,Data Scientists,15-1211.00,Computer Systems Analysts,15-1211.00,Computer Systems Analysts,0.97673,0.002652,1,0.0,0.0,-1,0.555503,52.85,0.522191,1,1
u060,15-2051.00,Data Scientists,15-1211.00,Computer Systems Analysts,15-1244.00,Network and Computer Systems Administrators,0.961193,0.012318,3,0.0,0.0,-1,0.583436,79.94,0.516973,0,2
u060,15-2051.00,Data Scientists,15-1211.00,Computer Systems Analysts,15-1242.00,Database Administrators,0.967899,0.0,0,0.0,0.0,-1,0.515841,40.0,0.512931,0,3
u060,15-2051.00,Data Scientists,15-1211.00,Computer Systems Analysts,15-1243.00,Database Architects,0.965151,0.0,0,0.0,0.0,-1,0.511523,40.0,0.511046,0,4
u060,15-2051.00,Data Scientists,15-1211.00,Computer Systems Analysts,15-1212.00,Information Security Analysts,0.96334,0.0,0,0.0,0.0,-1,0.498044,40.0,0.50821,0,5
u060,15-2051.00,Data Scientists,15-1211.00,Computer Systems Analysts,15-1254.00,Web Developers,0.956369,0.000439,0,0.0,0.0,-1,0.500152,40.14,0.505279,0,6
u060,15-2051.00,Data Scientists,15-1211.00,Computer Systems Analysts,15-1253.00,Software Quality Assurance Analysts and Testers,0.951467,0.0,0,0.0,0.0,-1,0.508963,40.0,0.504505,0,7
u060,15-2051.00,Data Scientists,15-1211.00,Computer Systems Analysts,15-1255.00,Web and Digital Interface Designers,0.952866,0.0,0,0.0,0.0,-1,0.502681,40.0,0.504192,0,8
u060,15-2051.00,Data Scientists,15-1211.00,Computer Systems Analysts,15-2031.00,Operations Research Analysts,0.935518,0.002444,0,0.0,0.0,-1,0.527032,40.78,0.499427,0,9
u060,15-2051.00,Data Scientists,15-1211.00,Computer Systems Analysts,15-1251.00,Computer Programmers,0.925426,0.01343,0,0.0,0.0,-1,0.49967,44.3,0.488035,0,10
u060,15-2051.00,Data Scientists,15-1211.00,Computer Systems Analysts,15-1252.00,Software Developers,0.920425,0.003669,1,0.0,0.0,-1,0.481539,53.17,0.485505,0,11
u061,15-1211.00,Computer Systems Analysts,15-2051.00,Data Scientists,15-2051.00,Data Scientists,0.906831,0.0,0,1.0,1.0,1,0.444497,40.0,0.624749,1,1
u061,15-1211.00,Computer Systems Analysts,15-2051.00,Data Scientists,15-1244.00,Network and Computer Systems Administrators,0.985183,0.0,0,0.0,0.0,-1,0.527933,40.0,0.522522,0,2
u061,15-1211.00,Computer Systems Analysts,15-2051.00,Data Scientists,15-1242.00,Database Administrators,0.944519,0.0,0,0.0,0.0,-1,0.460339,40.0,0.494084,0,3
u061,15-1211.00,Computer Systems Analysts,15-2051.00,Data Scientists,15-1253.00,Software Quality Assurance Analysts and Testers,0.945763,0.0,0,0.0,0.0,-1,0.45346,40.0,0.493612,0,4
u061,15-1211.00,Computer Systems Analysts,15-2051.00,Data Scientists,15-1243.00,Database Architects,0.940811,0.0,0,0.0,0.0,-1,0.45602,40.0,0.491768,0,5
u061,15-1211.00,Computer Systems Analysts,15-2051.00,Data Scientists,15-1254.00,Web Developers,0.942508,0.0,0,0.0,0.0,-1,0.444649,40.0,0.490826,0,6
u061,15-1211.00,Computer Systems Analysts,15-2051.00,Data Scientists,15-1212.00,Information Security Analysts,0.936091,0.0,0,0.0,0.0,-1,0.442541,40.0,0.487622,0,7
u061,15-1211.00,Computer Systems Analysts,15-2051.00,Data Scientists,15-1255.00,Web and Digital Interface Designers,0.919566,0.0,0,0.0,0.0,-1,0.447179,40.0,0.480882,0,8
u061,15-1211.00,Computer Systems Analysts,15-2051.00,Data Scientists,15-1251.00,Computer Programmers,0.916574,0.002354,0,0.0,0.0,-1,0.444167,40.75,0.478495,0,9
u061,15-1211.00,Computer Systems Analysts,15-2051.00,Data Scientists,15-2031.00,Operations Research Analysts,0.877881,0.006576,0,0.0,0.0,-1,0.47153,42.1,0.464132,0,10
u061,15-1211.00,Computer Systems Analysts,15-2051.00,Data Scientists,15-1252.00,Software Developers,0.881354,0.0,0,0.0,0.0,-1,0.426037,40.0,0.460515,0,11
u062,15-1212.00,Information Security Analysts,15-1242.00,Database Administrators,15-1211.00,Computer Systems Analysts,0.980075,0.0,0,0.0,0.0,-1,0.557459,40.0,0.524653,0,1
u062,15-1212.00,Information Security Analysts,15-1242.00,Database Administrators,15-1244.00,Network and Computer Systems Administrators,0.973421,0.008342,2,0.0,0.0,-1,0.585392,66.67,0.523763,0,2
u062,15-1212.00,Information Security Analysts,15-1242.00,Database Administrators,15-1242.00,Database Administrators,0.963255,0.0,0,0.0,0.0,-1,0.517798,40.0,0.511134,1,3
u062,15-1212.00,Information Security Analysts,15-1242.00,Database Administrators,15-1253.00,Software Quality Assurance Analysts and Testers,0.960898,0.000375,0,0.0,0.0,-1,0.510919,40.12,0.508948,0,4
u062,15-1212.00,Information Security Analysts,15-1242.00,Database Administrators,15-1243.00,Database Architects,0.957481,0.0,0,0.0,0.0,-1,0.513479,40.0,0.507888,0,5
u062,15-1212.00,Information Security Analysts,15-1242.00,Database Administrators,15-1254.00,Web Developers,0.954956,0.003983,0,0.0,0.0,-1,0.502108,41.27,0.504051,0,6
u062,15-1212.00,Information Security Analysts,15-1242.00,Database Administrators,15-1255.00,Web and Digital Interface Designers,0.945902,0.000405,0,0.0,0.0,-1,0.504637,40.13,0.50125,0,7
u062,15-1212.00,Information Security Analysts,15-1242.00,Database Administrators,15-2051.00,Data Scientists,0.936449,0.003876,0,0.0,0.0,-1,0.501956,41.24,0.495727,0,8
u062,15-1212.00,Information Security Analysts,15-1242.00,Database Administrators,15-1251.00,Computer Programmers,0.922546,0.018591,0,0.0,0.0,-1,0.501626,45.95,0.485742,0,9
u062,15-1212.00,Information Security Analysts,15-1242.00,Database Administrators,15-1252.00,Software Developers,0.914112,0.001158,0,0.0,0.0,-1,0.483495,40.37,0.483585,0,10
u062,15-1212.00,Information Security Analysts,15-1242.00,Database Administrators,15-2031.00,Operations Research Analysts,0.895265,0.024589,1,0.0,0.0,-1,0.528989,59.87,0.47607,0,11
u063,15-1242.00,Database Administrators,15-2051.00,Data Scientists,15-2051.00,Data Scientists,0.941804,0.0,0,1.0,1.0,1,0.484159,40.0,0.646436,1,1
u063,15-1242.00,Database Administrators,15-2051.00,Data Scientists,15-1211.00,Computer Systems Analysts,0.980035,0.000368,0,0.0,0.0,-1,0.539661,40.12,0.521873,0,2
u063,15-1242.00,Database Administrators,15-2051.00,Data Scientists,15-1244.00,Network and Computer Systems Administrators,0.964066,0.013486,2,0.0,0.0,-1,0.567594,68.32,0.515597,0,3
u063,15-1242.00,Database Administrators,15-2051.00,Data Scientists,15-1243.00,Database Architects,0.971501,0.0,0,0.0,0.0,-1,0.495681,40.0,0.511527,0,4
u063,15-1242.00,Database Administrators,15-2051.00,Data Scientists,15-1254.00,Web Developers,0.969425,0.0,0,0.0,0.0,-1,0.48431,40.0,0.508888,0,5
u063,15-1242.00,Database Administrators,15-2051.00,Data Scientists,15-1253.00,Software Quality Assurance Analysts and Testers,0.963033,0.002578,0,0.0,0.0,-1,0.493122,40.83,0.506688,0,6
u063,15-1242.00,Database Administrators,15-2051.00,Data Scientists,15-1212.00,Information Security Analysts,0.959929,0.0,0,0.0,0.0,-1,0.482202,40.0,0.504298,0,7
u063,15-1242.00,Database Administrators,15-2051.00,Data Scientists,15-1255.00,Web and Digital Interface Designers,0.958377,0.0,0,0.0,0.0,-1,0.48684,40.0,0.504295,0,8
u063,15-1242.00,Database Administrators,15-2051.00,Data Scientists,15-1251.00,Computer Programmers,0.938642,0.004342,0,0.0,0.0,-1,0.483829,41.39,0.493878,0,9
u063,15-1242.00,Database Administrators,15-2051.00,Data Scientists,15-2031.00,Operations Research Analysts,0.919284,0.010613,0,0.0,0.0,-1,0.511191,43.4,0.487703,0,10
u063,15-1242.00,Database Administrators,15-2051.00,Data Scientists,15-1252.00,Software Developers,0.907962,0.0,0,0.0,0.0,-1,0.465698,40.0,0.478438,0,11
u064,15-1243.00,Database Architects,15-1244.00,Network and Computer Systems Administrators,15-1211.00,Computer Systems Analysts,0.975282,0.002378,1,0.0,0.0,-1,0.54398,52.76,0.519879,0,1
u064,15-1243.00,Database Architects,15-1244.00,Network and Computer Systems Administrators,15-1244.00,Network and Computer Systems Administrators,0.966214,0.010109,3,0.0,0.0,-1,0.571913,79.24,0.518056,1,2
u064,15-1243.00,Database Architects,15-1244.00,Network and Computer Systems Administrators,15-1242.00,Database Administrators,0.962272,0.0,0,0.0,0.0,-1,0.504319,40.0,0.50867,0,3
u064,15-1243.00,Database Architects,15-1244.00,Network and Computer Systems Administrators,15-1254.00,Web Developers,0.964082,0.0,0,0.0,0.0,-1,0.488629,40.0,0.507131,0,4
u064,15-1243.00,Database Architects,15-1244.00,Network and Computer Systems Administrators,15-1255.00,Web and Digital Interface Designers,0.955939,0.0,0,0.0,0.0,-1,0.491159,40.0,0.503846,0,5
u064,15-1243.00,Database Architects,15-1244.00,Network and Computer Systems Administrators,15-1253.00,Software Quality Assurance Analysts and Testers,0.951692,0.0,0,0.0,0.0,-1,0.49744,40.0,0.502877,0,6
u064,15-1243.00,Database Architects,15-1244.00,Network and Computer Systems Administrators,15-1212.00,Information Security Analysts,0.950244,0.0,0,0.0,0.0,-1,0.486521,40.0,0.500588,0,7
u064,15-1243.00,Database Architects,15-1244.00,Network and Computer Systems Administrators,15-1251.00,Computer Programmers,0.94074,0.000738,0,0.0,0.0,-1,0.488147,40.24,0.496371,0,8
u064,15-1243.00,Database Architects,15-1244.00,Network and Computer Systems Administrators,15-2051.00,Data Scientists,0.936162,0.0,0,0.0,0.0,-1,0.488477,40.0,0.494545,0,9
u064,15-1243.00,Database Architects,15-1244.00,Network and Computer Systems Administrators,15-2031.00,Operations Research Analysts,0.913383,0.003366,0,0.0,0.0,-1,0.51551,41.08,0.487507,0,10
u064,15-1243.00,Database Architects,15-1244.00,Network and Computer Systems Administrators,15-1252.00,Software Developers,0.904661,0.0,0,0.0,0.0,-1,0.470017,40.0,0.4776,0,11
u065,15-1244.00,Network and Computer Systems Administrators,15-1212.00,Information Security Analysts,15-1212.00,Information Security Analysts,0.898206,0.0,0,1.0,1.0,1,0.414608,40.0,0.616384,1,1
u065,15-1244.00,Network and Computer Systems Administrators,15-1212.00,Information Security Analysts,15-1211.00,Computer Systems Analysts,0.950892,0.0,0,0.0,0.0,-1,0.472067,40.0,0.498711,0,2
u065,15-1244.00,Network and Computer Systems Administrators,15-1212.00,Information Security Analysts,15-1242.00,Database Administrators,0.90764,0.0,0,0.0,0.0,-1,0.432406,40.0,0.473299,0,3
u065,15-1244.00,Network and Computer Systems Administrators,15-1212.00,Information Security Analysts,15-1253.00,Software Quality Assurance Analysts and Testers,0.90735,0.0,0,0.0,0.0,-1,0.425527,40.0,0.472137,0,4
u065,15-1244.00,Network and Computer Systems Administrators,15-1212.00,Information Security Analysts,15-1254.00,Web Developers,0.907091,0.0,0,0.0,0.0,-1,0.416716,40.0,0.470698,0,5
u065,15-1244.00,Network and Computer Systems Administrators,15-1212.00,Information Security Analysts,15-1243.00,Database Architects,0.901949,0.0,0,0.0,0.0,-1,0.428087,40.0,0.47009,0,6
u065,15-1244.00,Network and Computer Systems Administrators,15-1212.00,Information Security Analysts,15-1251.00,Computer Programmers,0.88298,2.2e-05,0,0.0,0.0,-1,0.416234,40.01,0.459771,0,7
u065,15-1244.00,Network and Computer Systems Administrators,15-1212.00,Information Security Analysts,15-1255.00,Web and Digital Interface Designers,0.876618,0.0,0,0.0,0.0,-1,0.419245,40.0,0.457365,0,8
u065,15-1244.00,Network and Computer Systems Administrators,15-1212.00,Information Security Analysts,15-2051.00,Data Scientists,0.860151,0.0,0,0.0,0.0,-1,0.416564,40.0,0.449553,0,9
u065,15-1244.00,Network and Computer Systems Administrators,15-1212.00,Information Security Analysts,15-2031.00,Operations Research Analysts,0.837875,0.003733,0,0.0,0.0,-1,0.443597,41.19,0.44265,0,10
u065,15-1244.00,Network and Computer Systems Administrators,15-1212.00,Information Security Analysts,15-1252.00,Software Developers,0.844266,0.0,0,0.0,0.0,-1,0.398103,40.0,0.439635,0,11
u066,15-1251.00,Computer Programmers,15-1252.00,Software Developers,15-1252.00,Software Developers,0.871849,0.0,0,0.615385,0.615385,1,0.481869,40.0,0.55692,1,1
u066,15-1251.00,Computer Programmers,15-1252.00,Software Developers,15-1254.00,Web Developers,0.962381,0.0,0,0.25641,0.25641,1,0.500482,40.0,0.546605,0,2
u066,15-1251.00,Computer Programmers,15-1252.00,Software Developers,15-2051.00,Data Scientists,0.917955,0.0,0,0.0,0.341881,2,0.50033,40.0,0.539411,0,3
u066,15-1251.00,Computer Programmers,15-1252.00,Software Developers,15-1212.00,Information Security Analysts,0.937693,0.0,0,0.0,0.273504,2,0.498374,40.0,0.537744,0,4
u066,15-1251.00,Computer Programmers,15-1252.00,Software Developers,15-1244.00,Network and Computer Systems Administrators,0.972775,0.00566,1,0.0,0.0,-1,0.583766,53.81,0.523899,0,5
u066,15-1251.00,Computer Programmers,15-1252.00,Software Developers,15-1211.00,Computer Systems Analysts,0.970173,0.0,0,0.0,0.0,-1,0.555833,40.0,0.519953,0,6
u066,15-1251.00,Computer Programmers,15-1252.00,Software Developers,15-1255.00,Web and Digital Interface Designers,0.940309,0.0,0,0.0,0.102564,2,0.503011,40.0,0.513975,0,7
u066,15-1251.00,Computer Programmers,15-1252.00,Software Developers,15-1242.00,Database Administrators,0.954605,0.0,0,0.0,0.0,-1,0.516171,40.0,0.506998,0,8
u066,15-1251.00,Computer Programmers,15-1252.00,Software Developers,15-1253.00,Software Quality Assurance Analysts and Testers,0.955014,0.0,0,0.0,0.0,-1,0.509293,40.0,0.50615,0,9
u066,15-1251.00,Computer Programmers,15-1252.00,Software Developers,15-1243.00,Database Architects,0.95412,0.0,0,0.0,0.0,-1,0.511853,40.0,0.506132,0,10
u066,15-1251.00,Computer Programmers,15-1252.00,Software Developers,15-2031.00,Operations Research Analysts,0.898378,0.008144,0,0.128205,0.128205,1,0.527362,42.61,0.500569,0,11
u067,15-1252.00,Software Developers,15-1253.00,Software Quality Assurance Analysts and Testers,15-2051.00,Data Scientists,0.924459,0.001128,0,0.555556,0.555556,1,0.518461,40.36,0.576827,0,1
u067,15-1252.00,Software Developers,15-1253.00,Software Quality Assurance Analysts and Testers,15-1212.00,Information Security Analysts,0.944839,0.001579,0,0.444444,0.444444,1,0.516505,40.51,0.568925,0,2
u067,15-1252.00,Software Developers,15-1253.00,Software Quality Assurance Analysts and Testers,15-1211.00,Computer Systems Analysts,0.957342,0.00894,2,0.0,0.0,-1,0.573963,66.86,0.514663,0,3
u067,15-1252.00,Software Developers,15-1253.00,Software Quality Assurance Analysts and Testers,15-1244.00,Network and Computer Systems Administrators,0.949713,0.019341,3,0.0,0.0,-1,0.601897,82.19,0.51282,0,4
u067,15-1252.00,Software Developers,15-1253.00,Software Quality Assurance Analysts and Testers,15-1243.00,Database Architects,0.945903,0.008577,1,0.0,0.0,-1,0.529983,54.74,0.50301,0,5
u067,15-1252.00,Software Developers,15-1253.00,Software Quality Assurance Analysts and Testers,15-1242.00,Database Administrators,0.941839,0.006929,1,0.0,0.0,-1,0.534302,54.22,0.502241,0,6
u067,15-1252.00,Software Developers,15-1253.00,Software Quality Assurance Analysts and Testers,15-1255.00,Web and Digital Interface Designers,0.934169,0.012394,1,0.0,0.0,-1,0.521142,55.97,0.495449,0,7
u067,15-1252.00,Software Developers,15-1253.00,Software Quality Assurance Analysts and Testers,15-1253.00,Software Quality Assurance Analysts and Testers,0.913186,0.015958,2,0.0,0.0,-1,0.527424,69.11,0.486058,1,8
u067,15-1252.00,Software Developers,15-1253.00,Software Quality Assurance Analysts and Testers,15-1254.00,Web Developers,0.917902,0.021886,1,0.0,0.0,-1,0.518612,59.0,0.485376,0,9
u067,15-1252.00,Software Developers,15-1253.00,Software Quality Assurance Analysts and Testers,15-2031.00,Operations Research Analysts,0.892296,0.021092,1,0.0,0.0,-1,0.545493,58.75,0.478084,0,10
u067,15-1252.00,Software Developers,15-1253.00,Software Quality Assurance Analysts and Testers,15-1251.00,Computer Programmers,0.877588,0.044082,2,0.0,0.0,-1,0.518131,78.11,0.461614,0,11
u068,15-1253.00,Software Quality Assurance Analysts and Testers,15-1252.00,Software Developers,15-1252.00,Software Developers,0.903024,0.0,0,1.0,1.0,1,0.472576,40.0,0.627247,1,1
u068,15-1253.00,Software Quality Assurance Analysts and Testers,15-1252.00,Software Developers,15-2051.00,Data Scientists,0.927503,0.0,0,0.0,0.555556,2,0.491037,40.0,0.574365,0,2
u068,15-1253.00,Software Quality Assurance Analysts and Testers,15-1252.00,Software Developers,15-1212.00,Information Security Analysts,0.95107,0.0,0,0.0,0.444444,2,0.489081,40.0,0.56801,0,3
u068,15-1253.00,Software Quality Assurance Analysts and Testers,15-1252.00,Software Developers,15-1244.00,Network and Computer Systems Administrators,0.97388,0.005721,2,0.0,0.0,-1,0.574473,65.83,0.522987,0,4
u068,15-1253.00,Software Quality Assurance Analysts and Testers,15-1252.00,Software Developers,15-1211.00,Computer Systems Analysts,0.978341,0.0,0,0.0,0.0,-1,0.54654,40.0,0.522234,0,5
u068,15-1253.00,Software Quality Assurance Analysts and Testers,15-1252.00,Software Developers,15-1242.00,Database Administrators,0.951914,0.0,0,0.0,0.0,-1,0.506878,40.0,0.504393,0,6
u068,15-1253.00,Software Quality Assurance Analysts and Testers,15-1252.00,Software Developers,15-1243.00,Database Architects,0.950801,0.0,0,0.0,0.0,-1,0.50256,40.0,0.503245,0,7
u068,15-1253.00,Software Quality Assurance Analysts and Testers,15-1252.00,Software Developers,15-1254.00,Web Developers,0.950501,0.000971,0,0.0,0.0,-1,0.491189,40.31,0.501161,0,8
u068,15-1253.00,Software Quality Assurance Analysts and Testers,15-1252.00,Software Developers,15-1255.00,Web and Digital Interface Designers,0.929711,0.0,0,0.0,0.0,-1,0.493718,40.0,0.492428,0,9
u068,15-1253.00,Software Quality Assurance Analysts and Testers,15-1252.00,Software Developers,15-1251.00,Computer Programmers,0.926969,0.014596,0,0.0,0.0,-1,0.490707,44.67,0.487093,0,10
u068,15-1253.00,Software Quality Assurance Analysts and Testers,15-1252.00,Software Developers,15-2031.00,Operations Research Analysts,0.906291,0.007448,0,0.0,0.0,-1,0.518069,42.38,0.483679,0,11
u069,15-1254.00,Web Developers,15-1252.00,Software Developers,15-1252.00,Software Developers,0.881944,0.0,0,0.6,0.6,1,0.481388,40.0,0.559083,1,1
u069,15-1254.00,Web Developers,15-1252.00,Software Developers,15-1255.00,Web and Digital Interface Designers,0.938107,0.0,0,0.4,0.4,1,0.50253,40.0,0.557528,0,2
u069,15-1254.00,Web Developers,15-1252.00,Software Developers,15-2051.00,Data Scientists,0.918888,0.0,0,0.0,0.333334,2,0.499848,40.0,0.538477,0,3
u069,15-1254.00,Web Developers,15-1252.00,Software Developers,15-1212.00,Information Security Analysts,0.931733,0.000108,0,0.0,0.266666,2,0.497892,40.03,0.533937,0,4
u069,15-1254.00,Web Developers,15-1252.00,Software Developers,15-1244.00,Network and Computer Systems Administrators,0.974227,0.004125,2,0.0,0.0,-1,0.583284,65.32,0.524864,0,5
u069,15-1254.00,Web Developers,15-1252.00,Software Developers,15-1211.00,Computer Systems Analysts,0.972769,8.7e-05,0,0.0,0.0,-1,0.555351,40.03,0.521027,0,6
u069,15-1254.00,Web Developers,15-1252.00,Software Developers,15-1243.00,Database Architects,0.953992,0.0,0,0.0,0.0,-1,0.511371,40.0,0.506002,0,7
u069,15-1254.00,Web Developers,15-1252.00,Software Developers,15-1242.00,Database Administrators,0.950716,0.0,0,0.0,0.0,-1,0.51569,40.0,0.505176,0,8
u069,15-1254.00,Web Developers,15-1252.00,Software Developers,15-1253.00,Software Quality Assurance Analysts and Testers,0.941555,0.0,0,0.0,0.0,-1,0.508811,40.0,0.500021,0,9
u069,15-1254.00,Web Developers,15-1252.00,Software Developers,15-1251.00,Computer Programmers,0.933541,0.0,0,0.0,0.0,-1,0.499518,40.0,0.495021,0,10
u069,15-1254.00,Web Developers,15-1252.00,Software Developers,15-2031.00,Operations Research Analysts,0.89664,0.007559,0,0.0,0.0,-1,0.526881,42.42,0.480631,0,11
u070,15-1255.00,Web and Digital Interface Designers,15-2031.00,Operations Research Analysts,15-1211.00,Computer Systems Analysts,0.972211,0.005098,2,0.0,0.0,-1,0.552821,65.63,0.519143,0,1
u070,15-1255.00,Web and Digital Interface Designers,15-2031.00,Operations Research Analysts,15-1244.00,Network and Computer Systems Administrators,0.963891,0.013431,3,0.0,0.0,-1,0.580755,80.3,0.517507,0,2
u070,15-1255.00,Web and Digital Interface Designers,15-2031.00,Operations Research Analysts,15-1243.00,Database Architects,0.966116,0.0,0,0.0,0.0,-1,0.508841,40.0,0.511078,0,3
u070,15-1255.00,Web and Digital Interface Designers,15-2031.00,Operations Research Analysts,15-1242.00,Database Administrators,0.95862,0.0,0,0.0,0.0,-1,0.51316,40.0,0.508353,0,4
u070,15-1255.00,Web and Digital Interface Designers,15-2031.00,Operations Research Analysts,15-1254.00,Web Developers,0.95503,0.0,0,0.0,0.0,-1,0.49747,40.0,0.504384,0,5
u070,15-1255.00,Web and Digital Interface Designers,15-2031.00,Operations Research Analysts,15-1212.00,Information Security Analysts,0.949387,0.0,0,0.0,0.0,-1,0.495363,40.0,0.501529,0,6
u070,15-1255.00,Web and Digital Interface Designers,15-2031.00,Operations Research Analysts,15-1253.00,Software Quality Assurance Analysts and Testers,0.943497,0.003931,1,0.0,0.0,-1,0.506282,53.26,0.499533,0,7
u070,15-1255.00,Web and Digital Interface Designers,15-2031.00,Operations Research Analysts,15-2051.00,Data Scientists,0.942243,0.0,0,0.0,0.0,-1,0.497319,40.0,0.498607,0,8
u070,15-1255.00,Web and Digital Interface Designers,15-2031.00,Operations Research Analysts,15-1251.00,Computer Programmers,0.931267,0.008735,1,0.0,0.0,-1,0.496989,54.8,0.491435,0,9
u070,15-1255.00,Web and Digital Interface Designers,15-2031.00,Operations Research Analysts,15-2031.00,Operations Research Analysts,0.91445,0.005544,1,0.0,0.0,-1,0.524351,53.77,0.488769,1,10
u070,15-1255.00,Web and Digital Interface Designers,15-2031.00,Operations Research Analysts,15-1252.00,Software Developers,0.918777,0.0,0,0.0,0.0,-1,0.478858,40.0,0.485279,0,11
u071,15-2031.00,Operations Research Analysts,15-2051.00,Data Scientists,15-2051.00,Data Scientists,0.944893,0.0,0,1.0,1.0,1,0.472968,40.0,0.646147,1,1
u071,15-2031.00,Operations Research Analysts,15-2051.00,Data Scientists,15-1211.00,Computer Systems Analysts,0.959078,0.002085,0,0.0,0.0,-1,0.52847,40.67,0.510334,0,2
u071,15-2031.00,Operations Research Analysts,15-2051.00,Data Scientists,15-1244.00,Network and Computer Systems Administrators,0.943478,0.017154,3,0.0,0.0,-1,0.556403,81.49,0.503737,0,3
u071,15-2031.00,Operations Research Analysts,15-2051.00,Data Scientists,15-1242.00,Database Administrators,0.954402,0.000113,0,0.0,0.0,-1,0.488809,40.04,0.502774,0,4
u071,15-2031.00,Operations Research Analysts,15-2051.00,Data Scientists,15-1243.00,Database Architects,0.955702,0.001035,0,0.0,0.0,-1,0.48449,40.33,0.502481,0,5
u071,15-2031.00,Operations Research Analysts,15-2051.00,Data Scientists,15-1254.00,Web Developers,0.945253,0.007707,0,0.0,0.0,-1,0.473119,42.47,0.494405,0,6
u071,15-2031.00,Operations Research Analysts,15-2051.00,Data Scientists,15-1253.00,Software Quality Assurance Analysts and Testers,0.938585,0.002152,0,0.0,0.0,-1,0.481931,40.69,0.494115,0,7
u071,15-2031.00,Operations Research Analysts,15-2051.00,Data Scientists,15-1212.00,Information Security Analysts,0.937849,0.001518,0,0.0,0.0,-1,0.471011,40.49,0.492304,0,8
u071,15-2031.00,Operations Research Analysts,15-2051.00,Data Scientists,15-1255.00,Web and Digital Interface Designers,0.935481,0.00367,0,0.0,0.0,-1,0.475649,41.17,0.491396,0,9
u071,15-2031.00,Operations Research Analysts,15-2051.00,Data Scientists,15-1251.00,Computer Programmers,0.914842,0.025139,0,0.0,0.0,-1,0.472638,48.04,0.47629,0,10
u071,15-2031.00,Operations Research Analysts,15-2051.00,Data Scientists,15-1252.00,Software Developers,0.906032,0.0,0,0.0,0.0,-1,0.454507,40.0,0.47589,0,11
u072,15-2051.00,Data Scientists,15-1211.00,Computer Systems Analysts,15-1211.00,Computer Systems Analysts,0.973757,0.00102,0,0.0,0.0,-1,0.555503,40.33,0.521261,1,1
u072,15-2051.00,Data Scientists,15-1211.00,Computer Systems Analysts,15-1244.00,Network and Computer Systems Administrators,0.9617,0.010115,2,0.0,0.0,-1,0.583436,67.24,0.517752,0,2
u072,15-2051.00,Data Scientists,15-1211.00,Computer Systems Analysts,15-1242.00,Database Administrators,0.9617,0.0,0,0.0,0.0,-1,0.515841,40.0,0.510141,0,3
u072,15-2051.00,Data Scientists,15-1211.00,Computer Systems Analysts,15-1243.00,Database Architects,0.957773,0.0,0,0.0,0.0,-1,0.511523,40.0,0.507726,0,4
u072,15-2051.00,Data Scientists,15-1211.00,Computer Systems Analysts,15-1212.00,Information Security Analysts,0.957402,0.0,0,0.0,0.0,-1,0.498044,40.0,0.505537,0,5
u072,15-2051.00,Data Scientists,15-1211.00,Computer Systems Analysts,15-1253.00,Software Quality Assurance Analysts and Testers,0.952814,0.0,0,0.0,0.0,-1,0.508963,40.0,0.505111,0,6
u072,15-2051.00,Data Scientists,15-1211.00,Computer Systems Analysts,15-1254.00,Web Developers,0.951271,0.003932,0,0.0,0.0,-1,0.500152,41.26,0.502111,0,7
u072,15-2051.00,Data Scientists,15-1211.00,Computer Systems Analysts,15-1255.00,Web and Digital Interface Designers,0.94743,0.0,0,0.0,0.0,-1,0.502681,40.0,0.501746,0,8
u072,15-2051.00,Data Scientists,15-1211.00,Computer Systems Analysts,15-2031.00,Operations Research Analysts,0.92157,0.005979,0,0.0,0.0,-1,0.527032,41.91,0.492267,0,9
u072,15-2051.00,Data Scientists,15-1211.00,Computer Systems Analysts,15-1251.00,Computer Programmers,0.925698,0.012925,0,0.0,0.0,-1,0.49967,44.14,0.488283,0,10
u072,15-2051.00,Data Scientists,15-1211.00,Computer Systems Analysts,15-1252.00,Software Developers,0.920609,0.000336,0,0.0,0.0,-1,0.481539,40.11,0.486421,0,11
u073,15-1211.00,Computer Systems Analysts,15-2051.00,Data Scientists,15-2051.00,Data Scientists,0.911509,0.0,0,1.0,1.0,1,0.444497,40.0,0.626854,1,1
u073,15-1211.00,Computer Systems Analysts,15-2051.00,Data Scientists,15-1244.00,Network and Computer Systems Administrators,0.986837,0.0,0,0.0,0.0,-1,0.527933,40.0,0.523266,0,2
u073,15-1211.00,Computer Systems Analysts,15-2051.00,Data Scientists,15-1242.00,Database Administrators,0.950319,0.0,0,0.0,0.0,-1,0.460339,40.0,0.496694,0,3
u073,15-1211.00,Computer Systems Analysts,15-2051.00,Data Scientists,15-1253.00,Software Quality Assurance Analysts and Testers,0.949517,0.0,0,0.0,0.0,-1,0.45346,40.0,0.495302,0,4
u073,15-1211.00,Computer Systems Analysts,15-2051.00,Data Scientists,15-1243.00,Database Architects,0.942818,0.0,0,0.0,0.0,-1,0.45602,40.0,0.492671,0,5
u073,15-1211.00,Computer Systems Analysts,15-2051.00,Data Scientists,15-1254.00,Web Developers,0.945608,0.0,0,0.0,0.0,-1,0.444649,40.0,0.492221,0,6
u073,15-1211.00,Computer Systems Analysts,15-2051.00,Data Scientists,15-1212.00,Information Security Analysts,0.942676,0.0,0,0.0,0.0,-1,0.442541,40.0,0.490585,0,7
u073,15-1211.00,Computer Systems Analysts,15-2051.00,Data Scientists,15-1255.00,Web and Digital Interface Designers,0.923326,0.0,0,0.0,0.0,-1,0.447179,40.0,0.482573,0,8
u073,15-1211.00,Computer Systems Analysts,15-2051.00,Data Scientists,15-1251.00,Computer Programmers,0.921703,0.002914,0,0.0,0.0,-1,0.444167,40.93,0.480663,0,9
u073,15-1211.00,Computer Systems Analysts,15-2051.00,Data Scientists,15-2031.00,Operations Research Analysts,0.886258,0.003001,0,0.0,0.0,-1,0.47153,40.96,0.468795,0,10
u073,15-1211.00,Computer Systems Analysts,15-2051.00,Data Scientists,15-1252.00,Software Developers,0.889174,0.0,0,0.0,0.0,-1,0.426037,40.0,0.464034,0,11
u074,15-1212.00,Information Security Analysts,15-1242.00,Database Administrators,15-1244.00,Network and Computer Systems Administrators,0.971057,0.008787,1,0.0,0.0,-1,0.585392,54.81,0.522588,0,1
u074,15-1212.00,Information Security Analysts,15-1242.00,Database Administrators,15-1211.00,Computer Systems Analysts,0.973786,0.000229,0,0.0,0.0,-1,0.557459,40.07,0.521765,0,2
u074,15-1212.00,Information Security Analysts,15-1242.00,Database Administrators,15-1242.00,Database Administrators,0.961336,0.0,0,0.0,0.0,-1,0.517798,40.0,0.510271,1,3
u074,15-1212.00,Information Security Analysts,15-1242.00,Database Administrators,15-1243.00,Database Architects,0.951576,0.0,0,0.0,0.0,-1,0.513479,40.0,0.505231,0,4
u074,15-1212.00,Information Security Analysts,15-1242.00,Database Administrators,15-1253.00,Software Quality Assurance Analysts and Testers,0.951666,0.0,0,0.0,0.0,-1,0.510919,40.0,0.504888,0,5
u074,15-1212.00,Information Security Analysts,15-1242.00,Database Administrators,15-1254.00,Web Developers,0.94638,0.005443,0,0.0,0.0,-1,0.502108,41.74,0.499827,0,6
u074,15-1212.00,Information Security Analysts,15-1242.00,Database Administrators,15-1255.00,Web and Digital Interface Designers,0.94168,0.001685,0,0.0,0.0,-1,0.504637,40.54,0.49903,0,7
u074,15-1212.00,Information Security Analysts,15-1242.00,Database Administrators,15-2051.00,Data Scientists,0.933316,0.002655,0,0.0,0.0,-1,0.501956,40.85,0.494622,0,8
u074,15-1212.00,Information Security Analysts,15-1242.00,Database Administrators,15-1252.00,Software Developers,0.912237,0.0,0,0.0,0.0,-1,0.483495,40.0,0.483031,0,9
u074,15-1212.00,Information Security Analysts,15-1242.00,Database Administrators,15-1251.00,Computer Programmers,0.917079,0.020529,0,0.0,0.0,-1,0.501626,46.57,0.482797,0,10
u074,15-1212.00,Information Security Analysts,15-1242.00,Database Administrators,15-2031.00,Operations Research Analysts,0.896633,0.021661,0,0.0,0.0,-1,0.528989,46.93,0.477418,0,11
u075,15-1242.00,Database Administrators,15-2051.00,Data Scientists,15-2051.00,Data Scientists,0.940684,0.0,0,1.0,1.0,1,0.484159,40.0,0.645932,1,1
u075,15-1242.00,Database Administrators,15-2051.00,Data Scientists,15-1211.00,Computer Systems Analysts,0.981298,0.000362,0,0.0,0.0,-1,0.539661,40.12,0.522443,0,2
u075,15-1242.00,Database Administrators,15-2051.00,Data Scientists,15-1244.00,Network and Computer Systems Administrators,0.973811,0.007322,1,0.0,0.0,-1,0.567594,54.34,0.521523,0,3
u075,15-1242.00,Database Administrators,15-2051.00,Data Scientists,15-1243.00,Database Architects,0.967797,0.0,0,0.0,0.0,-1,0.495681,40.0,0.509861,0,4
u075,15-1242.00,Database Administrators,15-2051.00,Data Scientists,15-1254.00,Web Developers,0.965063,0.0,0,0.0,0.0,-1,0.48431,40.0,0.506925,0,5
u075,15-1242.00,Database Administrators,15-2051.00,Data Scientists,15-1253.00,Software Quality Assurance Analysts and Testers,0.955609,0.0,0,0.0,0.0,-1,0.493122,40.0,0.503992,0,6
u075,15-1242.00,Database Administrators,15-2051.00,Data Scientists,15-1212.00,Information Security Analysts,0.954644,0.0,0,0.0,0.0,-1,0.482202,40.0,0.50192,0,7
u075,15-1242.00,Database Administrators,15-2051.00,Data Scientists,15-1255.00,Web and Digital Interface Designers,0.951288,0.0,0,0.0,0.0,-1,0.48684,40.0,0.501106,0,8
u075,15-1242.00,Database Administrators,15-2051.00,Data Scientists,15-1251.00,Computer Programmers,0.941636,0.000437,0,0.0,0.0,-1,0.483829,40.14,0.496201,0,9
u075,15-1242.00,Database Administrators,15-2051.00,Data Scientists,15-2031.00,Operations Research Analysts,0.920999,0.002685,0,0.0,0.0,-1,0.511191,40.86,0.490457,0,10
u075,15-1242.00,Database Administrators,15-2051.00,Data Scientists,15-1252.00,Software Developers,0.90214,0.0,0,0.0,0.0,-1,0.465698,40.0,0.475818,0,11
u076,15-1243.00,Database Architects,15-1244.00,Network and Computer Systems Administrators,15-1211.00,Computer Systems Analysts,0.979345,0.0,0,0.0,0.0,-1,0.54398,40.0,0.522302,0,1
u076,15-1243.00,Database Architects,15-1244.00,Network and Computer Systems Administrators,15-1244.00,Network and Computer Systems Administrators,0.97173,0.004788,1,0.0,0.0,-1,0.571913,53.53,0.521869,1,2
u076,15-1243.00,Database Architects,15-1244.00,Network and Computer Systems Administrators,15-1242.00,Database Administrators,0.962252,0.0,0,0.0,0.0,-1,0.504319,40.0,0.508661,0,3
u076,15-1243.00,Database Architects,15-1244.00,Network and Computer Systems Administrators,15-1254.00,Web Developers,0.963233,0.0,0,0.0,0.0,-1,0.488629,40.0,0.506749,0,4
u076,15-1243.00,Database Architects,15-1244.00,Network and Computer Systems Administrators,15-1255.00,Web and Digital Interface Designers,0.953121,0.0,0,0.0,0.0,-1,0.491159,40.0,0.502578,0,5
u076,15-1243.00,Database Architects,15-1244.00,Network and Computer Systems Administrators,15-1253.00,Software Quality Assurance Analysts and Testers,0.949287,0.0,0,0.0,0.0,-1,0.49744,40.0,0.501795,0,6
u076,15-1243.00,Database Architects,15-1244.00,Network and Computer Systems Administrators,15-1212.00,Information Security Analysts,0.946846,0.0,0,0.0,0.0,-1,0.486521,40.0,0.499059,0,7
u076,15-1243.00,Database Architects,15-1244.00,Network and Computer Systems Administrators,15-1251.00,Computer Programmers,0.938784,0.0,0,0.0,0.0,-1,0.488147,40.0,0.495675,0,8
u076,15-1243.00,Database Architects,15-1244.00,Network and Computer Systems Administrators,15-2051.00,Data Scientists,0.933751,0.0,0,0.0,0.0,-1,0.488477,40.0,0.49346,0,9
u076,15-1243.00,Database Architects,15-1244.00,Network and Computer Systems Administrators,15-2031.00,Operations Research Analysts,0.914314,0.006041,0,0.0,0.0,-1,0.51551,41.93,0.487257,0,10
u076,15-1243.00,Database Architects,15-1244.00,Network and Computer Systems Administrators,15-1252.00,Software Developers,0.906871,0.0,0,0.0,0.0,-1,0.470017,40.0,0.478594,0,11
u077,15-1244.00,Network and Computer Systems Administrators,15-1212.00,Information Security Analysts,15-1212.00,Information Security Analysts,0.914582,0.0,0,1.0,1.0,1,0.414608,40.0,0.623753,1,1
u077,15-1244.00,Network and Computer Systems Administrators,15-1212.00,Information Security Analysts,15-1211.00,Computer Systems Analysts,0.955126,0.0,0,0.0,0.0,-1,0.472067,40.0,0.500617,0,2
u077,15-1244.00,Network and Computer Systems Administrators,15-1212.00,Information Security Analysts,15-1253.00,Software Quality Assurance Analysts and Testers,0.916098,0.0,0,0.0,0.0,-1,0.425527,40.0,0.476073,0,3
u077,15-1244.00,Network and Computer Systems Administrators,15-1212.00,Information Security Analysts,15-1242.00,Database Administrators,0.91284,0.0,0,0.0,0.0,-1,0.432406,40.0,0.475639,0,4
u077,15-1244.00,Network and Computer Systems Administrators,15-1212.00,Information Security Analysts,15-1243.00,Database Architects,0.906909,0.0,0,0.0,0.0,-1,0.428087,40.0,0.472322,0,5
u077,15-1244.00,Network and Computer Systems Administrators,15-1212.00,Information Security Analysts,15-1254.00,Web Developers,0.906503,0.0,0,0.0,0.0,-1,0.416716,40.0,0.470434,0,6
u077,15-1244.00,Network and Computer Systems Administrators,15-1212.00,Information Security Analysts,15-1255.00,Web and Digital Interface Designers,0.885656,0.0,0,0.0,0.0,-1,0.419245,40.0,0.461432,0,7
u077,15-1244.00,Network and Computer Systems Administrators,15-1212.00,Information Security Analysts,15-1251.00,Computer Programmers,0.883247,0.003221,0,0.0,0.0,-1,0.416234,41.03,0.459091,0,8
u077,15-1244.00,Network and Computer Systems Administrators,15-1212.00,Information Security Analysts,15-2051.00,Data Scientists,0.870739,0.0,0,0.0,0.0,-1,0.416564,40.0,0.454317,0,9
u077,15-1244.00,Network and Computer Systems Administrators,15-1212.00,Information Security Analysts,15-1252.00,Software Developers,0.861462,0.0,0,0.0,0.0,-1,0.398103,40.0,0.447374,0,10
u077,15-1244.00,Network and Computer Systems Administrators,15-1212.00,Information Security Analysts,15-2031.00,Operations Research Analysts,0.836754,0.008649,0,0.0,0.0,-1,0.443597,42.77,0.440917,0,11
u078,15-1251.00,Computer Programmers,15-1252.00,Software Developers,15-1252.00,Software Developers,0.855967,0.002072,0,0.615385,0.615385,1,0.481869,40.66,0.549255,1,1
u078,15-1251.00,Computer Programmers,15-1252.00,Software Developers,15-1254.00,Web Developers,0.962336,0.0,0,0.25641,0.25641,1,0.500482,40.0,0.546585,0,2
u078,15-1251.00,Computer Programmers,15-1252.00,Software Developers,15-2051.00,Data Scientists,0.912485,0.0,0,0.0,0.341881,2,0.50033,40.0,0.53695,0,3
u078,15-1251.00,Computer Programmers,15-1252.00,Software Developers,15-1212.00,Information Security Analysts,0.927342,0.0,0,0.0,0.273504,2,0.498374,40.0,0.533085,0,4
u078,15-1251.00,Computer Programmers,15-1252.00,Software Developers,15-1244.00,Network and Computer Systems Administrators,0.961657,0.010865,2,0.0,0.0,-1,0.583766,67.48,0.517594,0,5
u078,15-1251.00,Computer Programmers,15-1252.00,Software Developers,15-1211.00,Computer Systems Analysts,0.963485,0.0,0,0.0,0.0,-1,0.555833,40.0,0.516943,0,6
u078,15-1251.00,Computer Programmers,15-1252.00,Software Developers,15-1255.00,Web and Digital Interface Designers,0.929756,0.0,0,0.0,0.102564,2,0.503011,40.0,0.509226,0,7
u078,15-1251.00,Computer Programmers,15-1252.00,Software Developers,15-1253.00,Software Quality Assurance Analysts and Testers,0.949542,0.0,0,0.0,0.0,-1,0.509293,40.0,0.503688,0,8
u078,15-1251.00,Computer Programmers,15-1252.00,Software Developers,15-1242.00,Database Administrators,0.946989,0.0,0,0.0,0.0,-1,0.516171,40.0,0.503571,0,9
u078,15-1251.00,Computer Programmers,15-1252.00,Software Developers,15-1243.00,Database Architects,0.945913,0.0,0,0.0,0.0,-1,0.511853,40.0,0.502439,0,10
u078,15-1251.00,Computer Programmers,15-1252.00,Software Developers,15-2031.00,Operations Research Analysts,0.898519,0.003099,0,0.128205,0.128205,1,0.527362,40.99,0.501894,0,11
u079,15-1252.00,Software Developers,15-1253.00,Software Quality Assurance Analysts and Testers,15-2051.00,Data Scientists,0.931381,0.001015,0,0.555556,0.555556,1,0.518461,40.32,0.57997,0,1
u079,15-1252.00,Software Developers,15-1253.00,Software Quality Assurance Analysts and Testers,15-1212.00,Information Security Analysts,0.953678,0.000801,0,0.444444,0.444444,1,0.516505,40.26,0.573097,0,2
u079,15-1252.00,Software Developers,15-1253.00,Software Quality Assurance Analysts and Testers,15-1211.00,Computer Systems Analysts,0.968047,0.00991,3,0.0,0.0,-1,0.573963,79.17,0.519238,0,3
u079,15-1252.00,Software Developers,15-1253.00,Software Quality Assurance Analysts and Testers,15-1244.00,Network and Computer Systems Administrators,0.958904,0.020138,5,0.0,0.0,-1,0.601897,106.44,0.516757,0,4
u079,15-1252.00,Software Developers,15-1253.00,Software Quality Assurance Analysts and Testers,15-1242.00,Database Administrators,0.948663,0.008381,2,0.0,0.0,-1,0.534302,66.68,0.504949,0,5
u079,15-1252.00,Software Developers,15-1253.00,Software Quality Assurance Analysts and Testers,15-1243.00,Database Architects,0.949586,0.010522,2,0.0,0.0,-1,0.529983,67.37,0.504181,0,6
u079,15-1252.00,Software Developers,15-1253.00,Software Quality Assurance Analysts and Testers,15-1255.00,Web and Digital Interface Designers,0.935327,0.012681,1,0.0,0.0,-1,0.521142,56.06,0.495898,0,7
u079,15-1252.00,Software Developers,15-1253.00,Software Quality Assurance Analysts and Testers,15-1253.00,Software Quality Assurance Analysts and Testers,0.928356,0.015123,3,0.0,0.0,-1,0.527424,80.84,0.493093,1,8
u079,15-1252.00,Software Developers,15-1253.00,Software Quality Assurance Analysts and Testers,15-1254.00,Web Developers,0.920289,0.026237,2,0.0,0.0,-1,0.518612,72.4,0.485362,0,9
u079,15-1252.00,Software Developers,15-1253.00,Software Quality Assurance Analysts and Testers,15-2031.00,Operations Research Analysts,0.896371,0.0254,2,0.0,0.0,-1,0.545493,72.13,0.478841,0,10
u079,15-1252.00,Software Developers,15-1253.00,Software Quality Assurance Analysts and Testers,15-1251.00,Computer Programmers,0.881212,0.044894,3,0.0,0.0,-1,0.518131,90.37,0.463042,0,11
u080,15-1253.00,Software Quality Assurance Analysts and Testers,15-1252.00,Software Developers,15-1252.00,Software Developers,0.879313,0.0,0,1.0,1.0,1,0.472576,40.0,0.616578,1,1
u080,15-1253.00,Software Quality Assurance Analysts and Testers,15-1252.00,Software Developers,15-2051.00,Data Scientists,0.912776,0.0,0,0.0,0.555556,2,0.491037,40.0,0.567738,0,2
u080,15-1253.00,Software Quality Assurance Analysts and Testers,15-1252.00,Software Developers,15-1212.00,Information Security Analysts,0.942881,0.0,0,0.0,0.444444,2,0.489081,40.0,0.564325,0,3
u080,15-1253.00,Software Quality Assurance Analysts and Testers,15-1252.00,Software Developers,15-1244.00,Network and Computer Systems Administrators,0.972916,0.001855,1,0.0,0.0,-1,0.574473,52.59,0.52352,0,4
u080,15-1253.00,Software Quality Assurance Analysts and Testers,15-1252.00,Software Developers,15-1211.00,Computer Systems Analysts,0.975327,0.0,0,0.0,0.0,-1,0.54654,40.0,0.520878,0,5
u080,15-1253.00,Software Quality Assurance Analysts and Testers,15-1252.00,Software Developers,15-1254.00,Web Developers,0.949058,0.0,0,0.0,0.0,-1,0.491189,40.0,0.500755,0,6
u080,15-1253.00,Software Quality Assurance Analysts and Testers,15-1252.00,Software Developers,15-1242.00,Database Administrators,0.944203,0.001114,0,0.0,0.0,-1,0.506878,40.36,0.500645,0,7
u080,15-1253.00,Software Quality Assurance Analysts and Testers,15-1252.00,Software Developers,15-1243.00,Database Architects,0.94057,0.000405,0,0.0,0.0,-1,0.50256,40.13,0.498539,0,8
u080,15-1253.00,Software Quality Assurance Analysts and Testers,15-1252.00,Software Developers,15-1255.00,Web and Digital Interface Designers,0.917089,0.0,0,0.0,0.0,-1,0.493718,40.0,0.486748,0,9
u080,15-1253.00,Software Quality Assurance Analysts and Testers,15-1252.00,Software Developers,15-1251.00,Computer Programmers,0.922494,0.008248,0,0.0,0.0,-1,0.490707,42.64,0.486666,0,10
u080,15-1253.00,Software Quality Assurance Analysts and Testers,15-1252.00,Software Developers,15-2031.00,Operations Research Analysts,0.889746,0.020744,0,0.0,0.0,-1,0.518069,46.64,0.47291,0,11
u081,15-1254.00,Web Developers,15-1252.00,Software Developers,15-1255.00,Web and Digital Interface Designers,0.942108,0.0,0,0.4,0.4,1,0.50253,40.0,0.559328,0,1
u081,15-1254.00,Web Developers,15-1252.00,Software Developers,15-1252.00,Software Developers,0.873068,0.002365,0,0.6,0.6,1,0.481388,40.76,0.554497,1,2
u081,15-1254.00,Web Developers,15-1252.00,Software Developers,15-2051.00,Data Scientists,0.927223,0.0,0,0.0,0.333334,2,0.499848,40.0,0.542227,0,3
u081,15-1254.00,Web Developers,15-1252.00,Software Developers,15-1212.00,Information Security Analysts,0.946514,0.0,0,0.0,0.266666,2,0.497892,40.0,0.540615,0,4
u081,15-1254.00,Web Developers,15-1252.00,Software Developers,15-1244.00,Network and Computer Systems Administrators,0.971921,0.006874,0,0.0,0.0,-1,0.583284,42.2,0.523139,0,5
u081,15-1254.00,Web Developers,15-1252.00,Software Developers,15-1211.00,Computer Systems Analysts,0.973391,0.000295,0,0.0,0.0,-1,0.555351,40.09,0.521255,0,6
u081,15-1254.00,Web Developers,15-1252.00,Software Developers,15-1242.00,Database Administrators,0.959158,0.0,0,0.0,0.0,-1,0.51569,40.0,0.508974,0,7
u081,15-1254.00,Web Developers,15-1252.00,Software Developers,15-1243.00,Database Architects,0.955891,0.0,0,0.0,0.0,-1,0.511371,40.0,0.506856,0,8
u081,15-1254.00,Web Developers,15-1252.00,Software Developers,15-1253.00,Software Quality Assurance Analysts and Testers,0.953411,0.0,0,0.0,0.0,-1,0.508811,40.0,0.505357,0,9
u081,15-1254.00,Web Developers,15-1252.00,Software Developers,15-1251.00,Computer Programmers,0.9387,0.0,0,0.0,0.0,-1,0.499518,40.0,0.497343,0,10
u081,15-1254.00,Web Developers,15-1252.00,Software Developers,15-2031.00,Operations Research Analysts,0.899764,0.014166,1,0.0,0.0,-1,0.526881,56.53,0.480384,0,11
u082,15-1255.00,Web and Digital Interface Designers,15-2031.00,Operations Research Analysts,15-1211.00,Computer Systems Analysts,0.972117,0.000785,0,0.0,0.0,-1,0.552821,40.25,0.520179,0,1
u082,15-1255.00,Web and Digital Interface Designers,15-2031.00,Operations Research Analysts,15-1244.00,Network and Computer Systems Administrators,0.968033,0.010671,2,0.0,0.0,-1,0.580755,67.41,0.52006,0,2
u082,15-1255.00,Web and Digital Interface Designers,15-2031.00,Operations Research Analysts,15-1243.00,Database Architects,0.963842,0.0,0,0.0,0.0,-1,0.508841,40.0,0.510055,0,3
u082,15-1255.00,Web and Digital Interface Designers,15-2031.00,Operations Research Analysts,15-1242.00,Database Administrators,0.959889,0.0,0,0.0,0.0,-1,0.51316,40.0,0.508924,0,4
u082,15-1255.00,Web and Digital Interface Designers,15-2031.00,Operations Research Analysts,15-1254.00,Web Developers,0.958441,0.0,0,0.0,0.0,-1,0.49747,40.0,0.505919,0,5
u082,15-1255.00,Web and Digital Interface Designers,15-2031.00,Operations Research Analysts,15-1212.00,Information Security Analysts,0.948926,0.0,0,0.0,0.0,-1,0.495363,40.0,0.501321,0,6
u082,15-1255.00,Web and Digital Interface Designers,15-2031.00,Operations Research Analysts,15-1253.00,Software Quality Assurance Analysts and Testers,0.944572,0.000134,0,0.0,0.0,-1,0.506282,40.04,0.500966,0,7
u082,15-1255.00,Web and Digital Interface Designers,15-2031.00,Operations Research Analysts,15-1251.00,Computer Programmers,0.937041,0.0,0,0.0,0.0,-1,0.496989,40.0,0.496217,0,8
u082,15-1255.00,Web and Digital Interface Designers,15-2031.00,Operations Research Analysts,15-2051.00,Data Scientists,0.933631,0.0,0,0.0,0.0,-1,0.497319,40.0,0.494732,0,9
u082,15-1255.00,Web and Digital Interface Designers,15-2031.00,Operations Research Analysts,15-2031.00,Operations Research Analysts,0.902014,0.010207,1,0.0,0.0,-1,0.524351,55.27,0.482007,1,10
u082,15-1255.00,Web and Digital Interface Designers,15-2031.00,Operations Research Analysts,15-1252.00,Software Developers,0.9077,0.0,0,0.0,0.0,-1,0.478858,40.0,0.480294,0,11
u083,15-2031.00,Operations Research Analysts,15-2051.00,Data Scientists,15-2051.00,Data Scientists,0.943895,0.0,0,1.0,1.0,1,0.472968,40.0,0.645698,1,1
u083,15-2031.00,Operations Research Analysts,15-2051.00,Data Scientists,15-1211.00,Computer Systems Analysts,0.957202,0.0074,1,0.0,0.0,-1,0.52847,54.37,0.508161,0,2
u083,15-2031.00,Operations Research Analysts,15-2051.00,Data Scientists,15-1244.00,Network and Computer Systems Administrators,0.942776,0.015275,2,0.0,0.0,-1,0.556403,68.89,0.503891,0,3
u083,15-2031.00,Operations Research Analysts,15-2051.00,Data Scientists,15-1242.00,Database Administrators,0.955558,0.000973,0,0.0,0.0,-1,0.488809,40.31,0.503079,0,4
u083,15-2031.00,Operations Research Analysts,15-2051.00,Data Scientists,15-1243.00,Database Architects,0.954101,0.0,0,0.0,0.0,-1,0.48449,40.0,0.502019,0,5
u083,15-2031.00,Operations Research Analysts,15-2051.00,Data Scientists,15-1254.00,Web Developers,0.947643,0.002996,0,0.0,0.0,-1,0.473119,40.96,0.496658,0,6
u083,15-2031.00,Operations Research Analysts,15-2051.00,Data Scientists,15-1255.00,Web and Digital Interface Designers,0.93763,0.0,0,0.0,0.0,-1,0.475649,40.0,0.493281,0,7
u083,15-2031.00,Operations Research Analysts,15-2051.00,Data Scientists,15-1212.00,Information Security Analysts,0.93696,0.0,0,0.0,0.0,-1,0.471011,40.0,0.492284,0,8
u083,15-2031.00,Operations Research Analysts,15-2051.00,Data Scientists,15-1253.00,Software Quality Assurance Analysts and Testers,0.933114,0.004307,0,0.0,0.0,-1,0.481931,41.38,0.491114,0,9
u083,15-2031.00,Operations Research Analysts,15-2051.00,Data Scientists,15-1251.00,Computer Programmers,0.924353,0.017545,0,0.0,0.0,-1,0.472638,45.61,0.482468,0,10
u083,15-2031.00,Operations Research Analysts,15-2051.00,Data Scientists,15-1252.00,Software Developers,0.891356,0.003656,0,0.0,0.0,-1,0.454507,41.17,0.468372,0,11
u084,15-2051.00,Data Scientists,15-1211.00,Computer Systems Analysts,15-1211.00,Computer Systems Analysts,0.969764,0.006448,1,0.0,0.0,-1,0.555503,54.06,0.518107,1,1
u084,15-2051.00,Data Scientists,15-1211.00,Computer Systems Analysts,15-1244.00,Network and Computer Systems Administrators,0.959855,0.015512,4,0.0,0.0,-1,0.583436,92.96,0.515572,0,2
u084,15-2051.00,Data Scientists,15-1211.00,Computer Systems Analysts,15-1242.00,Database Administrators,0.96082,0.0,0,0.0,0.0,-1,0.515841,40.0,0.509745,0,3
u084,15-2051.00,Data Scientists,15-1211.00,Computer Systems Analysts,15-1243.00,Database Architects,0.959411,0.001034,0,0.0,0.0,-1,0.511523,40.33,0.508205,0,4
u084,15-2051.00,Data Scientists,15-1211.00,Computer Systems Analysts,15-1212.00,Information Security Analysts,0.959859,4e-05,0,0.0,0.0,-1,0.498044,40.01,0.506633,0,5
u084,15-2051.00,Data Scientists,15-1211.00,Computer Systems Analysts,15-1255.00,Web and Digital Interface Designers,0.953311,0.001073,0,0.0,0.0,-1,0.502681,40.34,0.504124,0,6
u084,15-2051.00,Data Scientists,15-1211.00,Computer Systems Analysts,15-1254.00,Web Developers,0.950399,0.001006,0,0.0,0.0,-1,0.500152,40.32,0.502451,0,7
u084,15-2051.00,Data Scientists,15-1211.00,Computer Systems Analysts,15-1253.00,Software Quality Assurance Analysts and Testers,0.943051,0.002389,0,0.0,0.0,-1,0.508963,40.76,0.50012,0,8
u084,15-2051.00,Data Scientists,15-1211.00,Computer Systems Analysts,15-2031.00,Operations Research Analysts,0.924622,0.007237,1,0.0,0.0,-1,0.527032,54.32,0.493325,0,9
u084,15-2051.00,Data Scientists,15-1211.00,Computer Systems Analysts,15-1251.00,Computer Programmers,0.926047,0.009509,0,0.0,0.0,-1,0.49967,43.04,0.489294,0,10
u084,15-2051.00,Data Scientists,15-1211.00,Computer Systems Analysts,15-1252.00,Software Developers,0.911764,0.005955,1,0.0,0.0,-1,0.481539,53.91,0.481036,0,11
u085,15-1211.00,Computer Systems Analysts,15-2051.00,Data Scientists,15-2051.00,Data Scientists,0.903415,0.0,0,1.0,1.0,1,0.444497,40.0,0.623212,1,1
u085,15-1211.00,Computer Systems Analysts,15-2051.00,Data Scientists,15-1244.00,Network and Computer Systems Administrators,0.984501,0.001173,1,0.0,0.0,-1,0.527933,52.38,0.521922,0,2
u085,15-1211.00,Computer Systems Analysts,15-2051.00,Data Scientists,15-1253.00,Software Quality Assurance Analysts and Testers,0.948365,0.0,0,0.0,0.0,-1,0.45346,40.0,0.494783,0,3
u085,15-1211.00,Computer Systems Analysts,15-2051.00,Data Scientists,15-1242.00,Database Administrators,0.943561,0.0,0,0.0,0.0,-1,0.460339,40.0,0.493653,0,4
u085,15-1211.00,Computer Systems Analysts,15-2051.00,Data Scientists,15-1243.00,Database Architects,0.938653,0.0,0,0.0,0.0,-1,0.45602,40.0,0.490797,0,5
u085,15-1211.00,Computer Systems Analysts,15-2051.00,Data Scientists,15-1254.00,Web Developers,0.938495,0.0,0,0.0,0.0,-1,0.444649,40.0,0.48902,0,6
u085,15-1211.00,Computer Systems Analysts,15-2051.00,Data Scientists,15-1212.00,Information Security Analysts,0.936689,0.0,0,0.0,0.0,-1,0.442541,40.0,0.487891,0,7
u085,15-1211.00,Computer Systems Analysts,15-2051.00,Data Scientists,15-1255.00,Web and Digital Interface Designers,0.916744,0.0,0,0.0,0.0,-1,0.447179,40.0,0.479612,0,8
u085,15-1211.00,Computer Systems Analysts,15-2051.00,Data Scientists,15-1251.00,Computer Programmers,0.916085,0.005845,0,0.0,0.0,-1,0.444167,41.87,0.477402,0,9
u085,15-1211.00,Computer Systems Analysts,15-2051.00,Data Scientists,15-2031.00,Operations Research Analysts,0.882346,0.003996,0,0.0,0.0,-1,0.47153,41.28,0.466786,0,10
u085,15-1211.00,Computer Systems Analysts,15-2051.00,Data Scientists,15-1252.00,Software Developers,0.890364,0.0,0,0.0,0.0,-1,0.426037,40.0,0.464569,0,11
u086,15-1212.00,Information Security Analysts,15-1242.00,Database Administrators,15-1244.00,Network and Computer Systems Administrators,0.975714,0.007472,0,0.0,0.0,-1,0.585392,42.39,0.525012,0,1
u086,15-1212.00,Information Security Analysts,15-1242.00,Database Administrators,15-1211.00,Computer Systems Analysts,0.968839,0.002972,0,0.0,0.0,-1,0.557459,40.95,0.518853,0,2
u086,15-1212.00,Information Security Analysts,15-1242.00,Database Administrators,15-1242.00,Database Administrators,0.947862,0.001742,0,0.0,0.0,-1,0.517798,40.56,0.503772,1,3
u086,15-1212.00,Information Security Analysts,15-1242.00,Database Administrators,15-1253.00,Software Quality Assurance Analysts and Testers,0.942991,0.002464,0,0.0,0.0,-1,0.510919,40.79,0.500368,0,4
u086,15-1212.00,Information Security Analysts,15-1242.00,Database Administrators,15-1243.00,Database Architects,0.938772,0.002971,0,0.0,0.0,-1,0.513479,40.95,0.498727,0,5
u086,15-1212.00,Information Security Analysts,15-1242.00,Database Administrators,15-2051.00,Data Scientists,0.928535,0.001276,0,0.0,0.0,-1,0.501956,40.41,0.492815,0,6
u086,15-1212.00,Information Security Analysts,15-1242.00,Database Administrators,15-1254.00,Web Developers,0.931646,0.013013,0,0.0,0.0,-1,0.502108,44.16,0.491304,0,7
u086,15-1212.00,Information Security Analysts,15-1242.00,Database Administrators,15-1255.00,Web and Digital Interface Designers,0.925531,0.00591,0,0.0,0.0,-1,0.504637,41.89,0.490707,0,8
u086,15-1212.00,Information Security Analysts,15-1242.00,Database Administrators,15-1252.00,Software Developers,0.907156,0.0009,0,0.0,0.0,-1,0.483495,40.29,0.48052,0,9
u086,15-1212.00,Information Security Analysts,15-1242.00,Database Administrators,15-1251.00,Computer Programmers,0.903241,0.02692,0,0.0,0.0,-1,0.501626,48.61,0.474972,0,10
u086,15-1212.00,Information Security Analysts,15-1242.00,Database Administrators,15-2031.00,Operations Research Analysts,0.888779,0.023317,0,0.0,0.0,-1,0.528989,47.46,0.47347,0,11
u087,15-1242.00,Database Administrators,15-2051.00,Data Scientists,15-2051.00,Data Scientists,0.942599,0.0,0,1.0,1.0,1,0.484159,40.0,0.646793,1,1
u087,15-1242.00,Database Administrators,15-2051.00,Data Scientists,15-1211.00,Computer Systems Analysts,0.981701,0.0,0,0.0,0.0,-1,0.539661,40.0,0.522715,0,2
u087,15-1242.00,Database Administrators,15-2051.00,Data Scientists,15-1244.00,Network and Computer Systems Administrators,0.971869,0.008402,2,0.0,0.0,-1,0.567594,66.69,0.52038,0,3
u087,15-1242.00,Database Administrators,15-2051.00,Data Scientists,15-1243.00,Database Architects,0.968648,0.0,0,0.0,0.0,-1,0.495681,40.0,0.510244,0,4
u087,15-1242.00,Database Administrators,15-2051.00,Data Scientists,15-1254.00,Web Developers,0.963664,0.0,0,0.0,0.0,-1,0.48431,40.0,0.506296,0,5
u087,15-1242.00,Database Administrators,15-2051.00,Data Scientists,15-1253.00,Software Quality Assurance Analysts and Testers,0.957507,0.0,0,0.0,0.0,-1,0.493122,40.0,0.504846,0,6
u087,15-1242.00,Database Administrators,15-2051.00,Data Scientists,15-1212.00,Information Security Analysts,0.960666,0.0,0,0.0,0.0,-1,0.482202,40.0,0.50463,0,7
u087,15-1242.00,Database Administrators,15-2051.00,Data Scientists,15-1255.00,Web and Digital Interface Designers,0.953491,0.0,0,0.0,0.0,-1,0.48684,40.0,0.502097,0,8
u087,15-1242.00,Database Administrators,15-2051.00,Data Scientists,15-1251.00,Computer Programmers,0.942246,0.002394,0,0.0,0.0,-1,0.483829,40.77,0.495986,0,9
u087,15-1242.00,Database Administrators,15-2051.00,Data Scientists,15-2031.00,Operations Research Analysts,0.92127,0.005121,0,0.0,0.0,-1,0.511191,41.64,0.48997,0,10
u087,15-1242.00,Database Administrators,15-2051.00,Data Scientists,15-1252.00,Software Developers,0.91124,0.0,0,0.0,0.0,-1,0.465698,40.0,0.479913,0,11
u088,15-1243.00,Database Architects,15-1244.00,Network and Computer Systems Administrators,15-1244.00,Network and Computer Systems Administrators,0.972861,0.003699,0,0.0,0.0,-1,0.571913,41.18,0.52265,1,1
u088,15-1243.00,Database Architects,15-1244.00,Network and Computer Systems Administrators,15-1211.00,Computer Systems Analysts,0.973719,0.000194,0,0.0,0.0,-1,0.54398,40.06,0.519722,0,2
u088,15-1243.00,Database Architects,15-1244.00,Network and Computer Systems Administrators,15-1242.00,Database Administrators,0.955595,0.0,0,0.0,0.0,-1,0.504319,40.0,0.505665,0,3
u088,15-1243.00,Database Architects,15-1244.00,Network and Computer Systems Administrators,15-1254.00,Web Developers,0.954521,0.0,0,0.0,0.0,-1,0.488629,40.0,0.502829,0,4
u088,15-1243.00,Database Architects,15-1244.00,Network and Computer Systems Administrators,15-1253.00,Software Quality Assurance Analysts and Testers,0.940722,0.002337,0,0.0,0.0,-1,0.49744,40.75,0.497356,0,5
u088,15-1243.00,Database Architects,15-1244.00,Network and Computer Systems Administrators,15-1255.00,Web and Digital Interface Designers,0.941489,0.0,0,0.0,0.0,-1,0.491159,40.0,0.497344,0,6
u088,15-1243.00,Database Architects,15-1244.00,Network and Computer Systems Administrators,15-1212.00,Information Security Analysts,0.939118,0.0,0,0.0,0.0,-1,0.486521,40.0,0.495581,0,7
u088,15-1243.00,Database Architects,15-1244.00,Network and Computer Systems Administrators,15-2051.00,Data Scientists,0.926059,0.0,0,0.0,0.0,-1,0.488477,40.0,0.489998,0,8
u088,15-1243.00,Database Architects,15-1244.00,Network and Computer Systems Administrators,15-1251.00,Computer Programmers,0.922786,0.009162,0,0.0,0.0,-1,0.488147,42.93,0.486185,0,9
u088,15-1243.00,Database Architects,15-1244.00,Network and Computer Systems Administrators,15-2031.00,Operations Research Analysts,0.909529,0.003749,0,0.0,0.0,-1,0.51551,41.2,0.485677,0,10
u088,15-1243.00,Database Architects,15-1244.00,Network and Computer Systems Administrators,15-1252.00,Software Developers,0.908854,0.0,0,0.0,0.0,-1,0.470017,40.0,0.479487,0,11
u089,15-1244.00,Network and Computer Systems Administrators,15-1212.00,Information Security Analysts,15-1212.00,Information Security Analysts,0.913794,0.0,0,1.0,1.0,1,0.414608,40.0,0.623398,1,1
u089,15-1244.00,Network and Computer Systems Administrators,15-1212.00,Information Security Analysts,15-1211.00,Computer Systems Analysts,0.956852,0.0,0,0.0,0.0,-1,0.472067,40.0,0.501393,0,2
u089,15-1244.00,Network and Computer Systems Administrators,15-1212.00,Information Security Analysts,15-1242.00,Database Administrators,0.917837,0.0,0,0.0,0.0,-1,0.432406,40.0,0.477888,0,3
u089,15-1244.00,Network and Computer Systems Administrators,15-1212.00,Information Security Analysts,15-1253.00,Software Quality Assurance Analysts and Testers,0.919797,0.0,0,0.0,0.0,-1,0.425527,40.0,0.477738,0,4
u089,15-1244.00,Network and Computer Systems Administrators,15-1212.00,Information Security Analysts,15-1254.00,Web Developers,0.91578,0.0,0,0.0,0.0,-1,0.416716,40.0,0.474608,0,5
u089,15-1244.00,Network and Computer Systems Administrators,15-1212.00,Information Security Analysts,15-1243.00,Database Architects,0.910985,0.0,0,0.0,0.0,-1,0.428087,40.0,0.474156,0,6
u089,15-1244.00,Network and Computer Systems Administrators,15-1212.00,Information Security Analysts,15-1255.00,Web and Digital Interface Designers,0.887199,0.0,0,0.0,0.0,-1,0.419245,40.0,0.462126,0,7
u089,15-1244.00,Network and Computer Systems Administrators,15-1212.00,Information Security Analysts,15-1251.00,Computer Programmers,0.888313,0.004102,0,0.0,0.0,-1,0.416234,41.31,0.461151,0,8
u089,15-1244.00,Network and Computer Systems Administrators,15-1212.00,Information Security Analysts,15-2051.00,Data Scientists,0.878807,0.0,0,0.0,0.0,-1,0.416564,40.0,0.457948,0,9
u089,15-1244.00,Network and Computer Systems Administrators,15-1212.00,Information Security Analysts,15-2031.00,Operations Research Analysts,0.850532,0.005065,0,0.0,0.0,-1,0.443597,41.62,0.448013,0,10
u089,15-1244.00,Network and Computer Systems Administrators,15-1212.00,Information Security Analysts,15-1252.00,Software Developers,0.854131,0.0,0,0.0,0.0,-1,0.398103,40.0,0.444075,0,11
u090,15-1251.00,Computer Programmers,15-1252.00,Software Developers,15-1252.00,Software Developers,0.857072,0.0,0,0.615385,0.615385,1,0.481869,40.0,0.55027,1,1
u090,15-1251.00,Computer Programmers,15-1252.00,Software Developers,15-1254.00,Web Developers,0.960517,0.0,0,0.25641,0.25641,1,0.500482,40.0,0.545767,0,2
u090,15-1251.00,Computer Programmers,15-1252.00,Software Developers,15-2051.00,Data Scientists,0.912191,0.0,0,0.0,0.341881,2,0.50033,40.0,0.536817,0,3
u090,15-1251.00,Computer Programmers,15-1252.00,Software Developers,15-1212.00,Information Security Analysts,0.9273,0.0,0,0.0,0.273504,2,0.498374,40.0,0.533067,0,4
u090,15-1251.00,Computer Programmers,15-1252.00,Software Developers,15-1244.00,Network and Computer Systems Administrators,0.972478,0.002708,0,0.0,0.0,-1,0.583766,40.87,0.524503,0,5
u090,15-1251.00,Computer Programmers,15-1252.00,Software Developers,15-1211.00,Computer Systems Analysts,0.96823,0.0,0,0.0,0.0,-1,0.555833,40.0,0.519078,0,6
u090,15-1251.00,Computer Programmers,15-1252.00,Software Developers,15-1255.00,Web and Digital Interface Designers,0.935329,0.0,0,0.0,0.102564,2,0.503011,40.0,0.511734,0,7
u090,15-1251.00,Computer Programmers,15-1252.00,Software Developers,15-1253.00,Software Quality Assurance Analysts and Testers,0.953691,0.0,0,0.0,0.0,-1,0.509293,40.0,0.505555,0,8
u090,15-1251.00,Computer Programmers,15-1252.00,Software Developers,15-1242.00,Database Administrators,0.948713,0.0,0,0.0,0.0,-1,0.516171,40.0,0.504347,0,9
u090,15-1251.00,Computer Programmers,15-1252.00,Software Developers,15-1243.00,Database Architects,0.946039,0.0,0,0.0,0.0,-1,0.511853,40.0,0.502495,0,10
u090,15-1251.00,Computer Programmers,15-1252.00,Software Developers,15-2031.00,Operations Research Analysts,0.890095,0.001541,0,0.128205,0.128205,1,0.527362,40.49,0.498492,0,11
u091,15-1252.00,Software Developers,15-1253.00,Software Quality Assurance Analysts and Testers,15-2051.00,Data Scientists,0.929828,0.00064,0,0.555556,0.555556,1,0.518461,40.2,0.579365,0,1
u091,15-1252.00,Software Developers,15-1253.00,Software Quality Assurance Analysts and Testers,15-1212.00,Information Security Analysts,0.9521,0.002237,0,0.444444,0.444444,1,0.516505,40.72,0.572028,0,2
u091,15-1252.00,Software Developers,15-1253.00,Software Quality Assurance Analysts and Testers,15-1211.00,Computer Systems Analysts,0.96549,0.011836,3,0.0,0.0,-1,0.573963,79.79,0.517606,0,3
u091,15-1252.00,Software Developers,15-1253.00,Software Quality Assurance Analysts and Testers,15-1244.00,Network and Computer Systems Administrators,0.954908,0.020671,5,0.0,0.0,-1,0.601897,106.61,0.514825,0,4
u091,15-1252.00,Software Developers,15-1253.00,Software Quality Assurance Analysts and Testers,15-1243.00,Database Architects,0.95003,0.010571,2,0.0,0.0,-1,0.529983,67.38,0.504368,0,5
u091,15-1252.00,Software Developers,15-1253.00,Software Quality Assurance Analysts and Testers,15-1242.00,Database Administrators,0.944766,0.008438,2,0.0,0.0,-1,0.534302,66.7,0.503181,0,6
u091,15-1252.00,Software Developers,15-1253.00,Software Quality Assurance Analysts and Testers,15-1255.00,Web and Digital Interface Designers,0.935506,0.012571,1,0.0,0.0,-1,0.521142,56.02,0.496006,0,7
u091,15-1252.00,Software Developers,15-1253.00,Software Quality Assurance Analysts and Testers,15-1253.00,Software Quality Assurance Analysts and Testers,0.922404,0.016237,3,0.0,0.0,-1,0.527424,81.2,0.490136,1,8
u091,15-1252.00,Software Developers,15-1253.00,Software Quality Assurance Analysts and Testers,15-1254.00,Web Developers,0.921603,0.026794,2,0.0,0.0,-1,0.518612,72.57,0.485815,0,9
u091,15-1252.00,Software Developers,15-1253.00,Software Quality Assurance Analysts and Testers,15-2031.00,Operations Research Analysts,0.893843,0.024859,2,0.0,0.0,-1,0.545493,71.95,0.477838,0,10
u091,15-1252.00,Software Developers,15-1253.00,Software Quality Assurance Analysts and Testers,15-1251.00,Computer Programmers,0.877983,0.046488,3,0.0,0.0,-1,0.518131,90.88,0.46119,0,11
u092,15-1253.00,Software Quality Assurance Analysts and Testers,15-1252.00,Software Developers,15-1252.00,Software Developers,0.875777,0.000665,0,1.0,1.0,1,0.472576,40.21,0.61482,1,1
u092,15-1253.00,Software Quality Assurance Analysts and Testers,15-1252.00,Software Developers,15-2051.00,Data Scientists,0.920315,0.00167,0,0.0,0.555556,2,0.491037,40.53,0.570713,0,2
u092,15-1253.00,Software Quality Assurance Analysts and Testers,15-1252.00,Software Developers,15-1212.00,Information Security Analysts,0.954327,0.0,0,0.0,0.444444,2,0.489081,40.0,0.569476,0,3
u092,15-1253.00,Software Quality Assurance Analysts and Testers,15-1252.00,Software Developers,15-1244.00,Network and Computer Systems Administrators,0.97477,0.003797,1,0.0,0.0,-1,0.574473,53.21,0.523868,0,4
u092,15-1253.00,Software Quality Assurance Analysts and Testers,15-1252.00,Software Developers,15-1211.00,Computer Systems Analysts,0.975094,0.0,0,0.0,0.0,-1,0.54654,40.0,0.520773,0,5
u092,15-1253.00,Software Quality Assurance Analysts and Testers,15-1252.00,Software Developers,15-1242.00,Database Administrators,0.950296,0.0,0,0.0,0.0,-1,0.506878,40.0,0.503665,0,6
u092,15-1253.00,Software Quality Assurance Analysts and Testers,15-1252.00,Software Developers,15-1254.00,Web Developers,0.951619,0.0,0,0.0,0.0,-1,0.491189,40.0,0.501907,0,7
u092,15-1253.00,Software Quality Assurance Analysts and Testers,15-1252.00,Software Developers,15-1243.00,Database Architects,0.943683,0.0,0,0.0,0.0,-1,0.50256,40.0,0.500041,0,8
u092,15-1253.00,Software Quality Assurance Analysts and Testers,15-1252.00,Software Developers,15-1251.00,Computer Programmers,0.938448,0.006788,0,0.0,0.0,-1,0.490707,42.17,0.494211,0,9
u092,15-1253.00,Software Quality Assurance Analysts and Testers,15-1252.00,Software Developers,15-1255.00,Web and Digital Interface Designers,0.92949,0.0,0,0.0,0.0,-1,0.493718,40.0,0.492328,0,10
u092,15-1253.00,Software Quality Assurance Analysts and Testers,15-1252.00,Software Developers,15-2031.00,Operations Research Analysts,0.891591,0.019073,0,0.0,0.0,-1,0.518069,46.1,0.474158,0,11
u093,15-1254.00,Web Developers,15-1252.00,Software Developers,15-1252.00,Software Developers,0.886659,0.0,0,0.6,0.6,1,0.481388,40.0,0.561205,1,1
u093,15-1254.00,Web Developers,15-1252.00,Software Developers,15-1255.00,Web and Digital Interface Designers,0.943158,0.0,0,0.4,0.4,1,0.50253,40.0,0.5598,0,2
u093,15-1254.00,Web Developers,15-1252.00,Software Developers,15-2051.00,Data Scientists,0.924936,0.0,0,0.0,0.333334,2,0.499848,40.0,0.541199,0,3
u093,15-1254.00,Web Developers,15-1252.00,Software Developers,15-1212.00,Information Security Analysts,0.938913,0.0,0,0.0,0.266666,2,0.497892,40.0,0.537195,0,4
u093,15-1254.00,Web Developers,15-1252.00,Software Developers,15-1244.00,Network and Computer Systems Administrators,0.973539,0.003894,0,0.0,0.0,-1,0.583284,41.25,0.524611,0,5
u093,15-1254.00,Web Developers,15-1252.00,Software Developers,15-1211.00,Computer Systems Analysts,0.973431,0.0,0,0.0,0.0,-1,0.555351,40.0,0.521347,0,6
u093,15-1254.00,Web Developers,15-1252.00,Software Developers,15-1243.00,Database Architects,0.958565,0.0,0,0.0,0.0,-1,0.511371,40.0,0.50806,0,7
u093,15-1254.00,Web Developers,15-1252.00,Software Developers,15-1242.00,Database Administrators,0.955482,0.0,0,0.0,0.0,-1,0.51569,40.0,0.50732,0,8
u093,15-1254.00,Web Developers,15-1252.00,Software Developers,15-1253.00,Software Quality Assurance Analysts and Testers,0.949837,0.0,0,0.0,0.0,-1,0.508811,40.0,0.503748,0,9
u093,15-1254.00,Web Developers,15-1252.00,Software Developers,15-1251.00,Computer Programmers,0.935465,0.0,0,0.0,0.0,-1,0.499518,40.0,0.495887,0,10
u093,15-1254.00,Web Developers,15-1252.00,Software Developers,15-2031.00,Operations Research Analysts,0.905357,0.010388,0,0.0,0.0,-1,0.526881,43.32,0.483846,0,11
u094,15-1255.00,Web and Digital Interface Designers,15-2031.00,Operations Research Analysts,15-1211.00,Computer Systems Analysts,0.970014,0.003743,1,0.0,0.0,-1,0.552821,53.2,0.518494,0,1
u094,15-1255.00,Web and Digital Interface Designers,15-2031.00,Operations Research Analysts,15-1244.00,Network and Computer Systems Administrators,0.960897,0.013055,3,0.0,0.0,-1,0.580755,80.18,0.516253,0,2
u094,15-1255.00,Web and Digital Interface Designers,15-2031.00,Operations Research Analysts,15-1243.00,Database Architects,0.96339,0.0,0,0.0,0.0,-1,0.508841,40.0,0.509852,0,3
u094,15-1255.00,Web and Digital Interface Designers,15-2031.00,Operations Research Analysts,15-1242.00,Database Administrators,0.955472,0.0,0,0.0,0.0,-1,0.51316,40.0,0.506936,0,4
u094,15-1255.00,Web and Digital Interface Designers,15-2031.00,Operations Research Analysts,15-1254.00,Web Developers,0.958529,0.0,0,0.0,0.0,-1,0.49747,40.0,0.505958,0,5
u094,15-1255.00,Web and Digital Interface Designers,15-2031.00,Operations Research Analysts,15-1253.00,Software Quality Assurance Analysts and Testers,0.944434,0.00126,0,0.0,0.0,-1,0.506282,40.4,0.500623,0,6
u094,15-1255.00,Web and Digital Interface Designers,15-2031.00,Operations Research Analysts,15-1212.00,Information Security Analysts,0.942781,0.0,0,0.0,0.0,-1,0.495363,40.0,0.498556,0,7
u094,15-1255.00,Web and Digital Interface Designers,15-2031.00,Operations Research Analysts,15-2051.00,Data Scientists,0.936139,0.0,0,0.0,0.0,-1,0.497319,40.0,0.49586,0,8
u094,15-1255.00,Web and Digital Interface Designers,15-2031.00,Operations Research Analysts,15-1251.00,Computer Programmers,0.93596,0.00091,0,0.0,0.0,-1,0.496989,40.29,0.495503,0,9
u094,15-1255.00,Web and Digital Interface Designers,15-2031.00,Operations Research Analysts,15-2031.00,Operations Research Analysts,0.905345,0.004605,1,0.0,0.0,-1,0.524351,53.47,0.484906,1,10
u094,15-1255.00,Web and Digital Interface Designers,15-2031.00,Operations Research Analysts,15-1252.00,Software Developers,0.905782,0.0,0,0.0,0.0,-1,0.478858,40.0,0.479431,0,11
u095,15-2031.00,Operations Research Analysts,15-2051.00,Data Scientists,15-2051.00,Data Scientists,0.951986,0.0,0,1.0,1.0,1,0.472968,40.0,0.649339,1,1
u095,15-2031.00,Operations Research Analysts,15-2051.00,Data Scientists,15-1211.00,Computer Systems Analysts,0.960265,0.004945,1,0.0,0.0,-1,0.52847,53.58,0.510154,0,2
u095,15-2031.00,Operations Research Analysts,15-2051.00,Data Scientists,15-1242.00,Database Administrators,0.959943,0.0,0,0.0,0.0,-1,0.488809,40.0,0.505296,0,3
u095,15-2031.00,Operations Research Analysts,15-2051.00,Data Scientists,15-1243.00,Database Architects,0.960928,0.0,0,0.0,0.0,-1,0.48449,40.0,0.505091,0,4
u095,15-2031.00,Operations Research Analysts,15-2051.00,Data Scientists,15-1244.00,Network and Computer Systems Administrators,0.944898,0.018708,4,0.0,0.0,-1,0.556403,93.99,0.503988,0,5
u095,15-2031.00,Operations Research Analysts,15-2051.00,Data Scientists,15-1254.00,Web Developers,0.951981,0.005814,0,0.0,0.0,-1,0.473119,41.86,0.497906,0,6
u095,15-2031.00,Operations Research Analysts,15-2051.00,Data Scientists,15-1212.00,Information Security Analysts,0.946083,0.0,0,0.0,0.0,-1,0.471011,40.0,0.496389,0,7
u095,15-2031.00,Operations Research Analysts,15-2051.00,Data Scientists,15-1253.00,Software Quality Assurance Analysts and Testers,0.940978,0.0013,0,0.0,0.0,-1,0.481931,40.42,0.495405,0,8
u095,15-2031.00,Operations Research Analysts,15-2051.00,Data Scientists,15-1255.00,Web and Digital Interface Designers,0.942155,0.00201,0,0.0,0.0,-1,0.475649,40.64,0.494815,0,9
u095,15-2031.00,Operations Research Analysts,15-2051.00,Data Scientists,15-1251.00,Computer Programmers,0.923117,0.02102,0,0.0,0.0,-1,0.472638,46.73,0.481043,0,10
u095,15-2031.00,Operations Research Analysts,15-2051.00,Data Scientists,15-1252.00,Software Developers,0.904741,0.003026,0,0.0,0.0,-1,0.454507,40.97,0.474553,0,11
u096,15-2051.00,Data Scientists,15-1211.00,Computer Systems Analysts,15-1211.00,Computer Systems Analysts,0.975453,0.003856,2,0.0,0.0,-1,0.555503,65.23,0.521315,1,1
u096,15-2051.00,Data Scientists,15-1211.00,Computer Systems Analysts,15-1242.00,Database Administrators,0.97114,0.0,0,0.0,0.0,-1,0.515841,40.0,0.514389,0,2
u096,15-2051.00,Data Scientists,15-1211.00,Computer Systems Analysts,15-1244.00,Network and Computer Systems Administrators,0.957033,0.015763,4,0.0,0.0,-1,0.583436,93.04,0.514239,0,3
u096,15-2051.00,Data Scientists,15-1211.00,Computer Systems Analysts,15-1243.00,Database Architects,0.970501,0.0,0,0.0,0.0,-1,0.511523,40.0,0.513454,0,4
u096,15-2051.00,Data Scientists,15-1211.00,Computer Systems Analysts,15-1212.00,Information Security Analysts,0.962934,0.0,0,0.0,0.0,-1,0.498044,40.0,0.508027,0,5
u096,15-2051.00,Data Scientists,15-1211.00,Computer Systems Analysts,15-1255.00,Web and Digital Interface Designers,0.961291,0.0,0,0.0,0.0,-1,0.502681,40.0,0.507983,0,6
u096,15-2051.00,Data Scientists,15-1211.00,Computer Systems Analysts,15-1254.00,Web Developers,0.956535,0.003223,0,0.0,0.0,-1,0.500152,41.03,0.504658,0,7
u096,15-2051.00,Data Scientists,15-1211.00,Computer Systems Analysts,15-1253.00,Software Quality Assurance Analysts and Testers,0.952259,0.003313,1,0.0,0.0,-1,0.508963,53.06,0.504033,0,8
u096,15-2051.00,Data Scientists,15-1211.00,Computer Systems Analysts,15-2031.00,Operations Research Analysts,0.933769,0.006192,0,0.0,0.0,-1,0.527032,41.98,0.497703,0,9
u096,15-2051.00,Data Scientists,15-1211.00,Computer Systems Analysts,15-1252.00,Software Developers,0.930416,5.1e-05,0,0.0,0.0,-1,0.481539,40.02,0.490905,0,10
u096,15-2051.00,Data Scientists,15-1211.00,Computer Systems Analysts,15-1251.00,Computer Programmers,0.931668,0.014058,1,0.0,0.0,-1,0.49967,56.5,0.490687,0,11
u097,15-1211.00,Computer Systems Analysts,15-2051.00,Data Scientists,15-2051.00,Data Scientists,0.91604,0.0,0,1.0,1.0,1,0.444497,40.0,0.628893,1,1
u097,15-1211.00,Computer Systems Analysts,15-2051.00,Data Scientists,15-1244.00,Network and Computer Systems Administrators,0.987053,0.000953,1,0.0,0.0,-1,0.527933,52.3,0.523126,0,2
u097,15-1211.00,Computer Systems Analysts,15-2051.00,Data Scientists,15-1242.00,Database Administrators,0.953528,0.0,0,0.0,0.0,-1,0.460339,40.0,0.498139,0,3
u097,15-1211.00,Computer Systems Analysts,15-2051.00,Data Scientists,15-1253.00,Software Quality Assurance Analysts and Testers,0.95397,0.0,0,0.0,0.0,-1,0.45346,40.0,0.497306,0,4
u097,15-1211.00,Computer Systems Analysts,15-2051.00,Data Scientists,15-1243.00,Database Architects,0.951493,0.0,0,0.0,0.0,-1,0.45602,40.0,0.496575,0,5
u097,15-1211.00,Computer Systems Analysts,15-2051.00,Data Scientists,15-1212.00,Information Security Analysts,0.949839,0.0,0,0.0,0.0,-1,0.442541,40.0,0.493809,0,6
u097,15-1211.00,Computer Systems Analysts,15-2051.00,Data Scientists,15-1254.00,Web Developers,0.947757,0.0,0,0.0,0.0,-1,0.444649,40.0,0.493188,0,7
u097,15-1211.00,Computer Systems Analysts,15-2051.00,Data Scientists,15-1255.00,Web and Digital Interface Designers,0.929606,0.0,0,0.0,0.0,-1,0.447179,40.0,0.485399,0,8
u097,15-1211.00,Computer Systems Analysts,15-2051.00,Data Scientists,15-1251.00,Computer Programmers,0.915654,0.008957,0,0.0,0.0,-1,0.444167,42.87,0.47643,0,9
u097,15-1211.00,Computer Systems Analysts,15-2051.00,Data Scientists,15-1252.00,Software Developers,0.90237,0.0,0,0.0,0.0,-1,0.426037,40.0,0.469972,0,10
u097,15-1211.00,Computer Systems Analysts,15-2051.00,Data Scientists,15-2031.00,Operations Research Analysts,0.887138,0.009688,0,0.0,0.0,-1,0.47153,43.1,0.46752,0,11
u098,15-1212.00,Information Security Analysts,15-1242.00,Database Administrators,15-1244.00,Network and Computer Systems Administrators,0.975386,0.004243,1,0.0,0.0,-1,0.585392,53.36,0.525672,0,1
u098,15-1212.00,Information Security Analysts,15-1242.00,Database Administrators,15-1211.00,Computer Systems Analysts,0.977152,1.3e-05,0,0.0,0.0,-1,0.557459,40.0,0.523334,0,2
u098,15-1212.00,Information Security Analysts,15-1242.00,Database Administrators,15-1253.00,Software Quality Assurance Analysts and Testers,0.953441,0.0,0,0.0,0.0,-1,0.510919,40.0,0.505686,0,3
u098,15-1212.00,Information Security Analysts,15-1242.00,Database Administrators,15-1242.00,Database Administrators,0.950414,0.000373,0,0.0,0.0,-1,0.517798,40.12,0.505263,1,4
u098,15-1212.00,Information Security Analysts,15-1242.00,Database Administrators,15-1243.00,Database Architects,0.946829,0.0,0,0.0,0.0,-1,0.513479,40.0,0.503095,0,5
u098,15-1212.00,Information Security Analysts,15-1242.00,Database Administrators,15-1255.00,Web and Digital Interface Designers,0.93563,0.002045,0,0.0,0.0,-1,0.504637,40.65,0.496218,0,6
u098,15-1212.00,Information Security Analysts,15-1242.00,Database Administrators,15-1254.00,Web Developers,0.938069,0.010381,0,0.0,0.0,-1,0.502108,43.32,0.494852,0,7
u098,15-1212.00,Information Security Analysts,15-1242.00,Database Administrators,15-2051.00,Data Scientists,0.925902,0.004745,0,0.0,0.0,-1,0.501956,41.52,0.490763,0,8
u098,15-1212.00,Information Security Analysts,15-1242.00,Database Administrators,15-1252.00,Software Developers,0.919371,0.0,0,0.0,0.0,-1,0.483495,40.0,0.486241,0,9
u098,15-1212.00,Information Security Analysts,15-1242.00,Database Administrators,15-1251.00,Computer Programmers,0.910952,0.021445,0,0.0,0.0,-1,0.501626,46.86,0.479811,0,10
u098,15-1212.00,Information Security Analysts,15-1242.00,Database Administrators,15-2031.00,Operations Research Analysts,0.87914,0.030089,0,0.0,0.0,-1,0.528989,49.63,0.467439,0,11
u099,15-1242.00,Database Administrators,15-2051.00,Data Scientists,15-2051.00,Data Scientists,0.93602,0.0,0,1.0,1.0,1,0.484159,40.0,0.643833,1,1
u099,15-1242.00,Database Administrators,15-2051.00,Data Scientists,15-1244.00,Network and Computer Systems Administrators,0.972682,0.005472,1,0.0,0.0,-1,0.567594,53.75,0.521478,0,2
u099,15-1242.00,Database Administrators,15-2051.00,Data Scientists,15-1211.00,Computer Systems Analysts,0.978425,0.0,0,0.0,0.0,-1,0.539661,40.0,0.521241,0,3
u099,15-1242.00,Database Administrators,15-2051.00,Data Scientists,15-1243.00,Database Architects,0.961514,0.0,0,0.0,0.0,-1,0.495681,40.0,0.507034,0,4
u099,15-1242.00,Database Administrators,15-2051.00,Data Scientists,15-1254.00,Web Developers,0.961344,0.0,0,0.0,0.0,-1,0.48431,40.0,0.505251,0,5
u099,15-1242.00,Database Administrators,15-2051.00,Data Scientists,15-1253.00,Software Quality Assurance Analysts and Testers,0.954374,0.0,0,0.0,0.0,-1,0.493122,40.0,0.503437,0,6
u099,15-1242.00,Database Administrators,15-2051.00,Data Scientists,15-1212.00,Information Security Analysts,0.951564,0.0,0,0.0,0.0,-1,0.482202,40.0,0.500534,0,7
u099,15-1242.00,Database Administrators,15-2051.00,Data Scientists,15-1255.00,Web and Digital Interface Designers,0.94284,0.0,0,0.0,0.0,-1,0.48684,40.0,0.497304,0,8
u099,15-1242.00,Database Administrators,15-2051.00,Data Scientists,15-1251.00,Computer Programmers,0.933961,0.005426,0,0.0,0.0,-1,0.483829,41.74,0.4915,0,9
u099,15-1242.00,Database Administrators,15-2051.00,Data Scientists,15-2031.00,Operations Research Analysts,0.91267,0.006111,0,0.0,0.0,-1,0.511191,41.96,0.485852,0,10
u099,15-1242.00,Database Administrators,15-2051.00,Data Scientists,15-1252.00,Software Developers,0.897382,0.0,0,0.0,0.0,-1,0.465698,40.0,0.473677,0,11
u100,15-1243.00,Database Architects,15-1244.00,Network and Computer Systems Administrators,15-1211.00,Computer Systems Analysts,0.973039,0.001849,0,0.0,0.0,-1,0.54398,40.59,0.519002,0,1
u100,15-1243.00,Database Architects,15-1244.00,Network and Computer Systems Administrators,15-1244.00,Network and Computer Systems Administrators,0.966796,0.007939,0,0.0,0.0,-1,0.571913,42.54,0.51886,1,2
u100,15-1243.00,Database Architects,15-1244.00,Network and Computer Systems Administrators,15-1242.00,Database Administrators,0.958887,0.0,0,0.0,0.0,-1,0.504319,40.0,0.507147,0,3
u100,15-1243.00,Database Architects,15-1244.00,Network and Computer Systems Administrators,15-1254.00,Web Developers,0.958818,0.0,0,0.0,0.0,-1,0.488629,40.0,0.504762,0,4
u100,15-1243.00,Database Architects,15-1244.00,Network and Computer Systems Administrators,15-1255.00,Web and Digital Interface Designers,0.953419,0.0,0,0.0,0.0,-1,0.491159,40.0,0.502712,0,5
u100,15-1243.00,Database Architects,15-1244.00,Network and Computer Systems Administrators,15-1212.00,Information Security Analysts,0.944898,0.0,0,0.0,0.0,-1,0.486521,40.0,0.498182,0,6
u100,15-1243.00,Database Architects,15-1244.00,Network and Computer Systems Administrators,15-1253.00,Software Quality Assurance Analysts and Testers,0.937973,0.001428,0,0.0,0.0,-1,0.49744,40.46,0.496347,0,7
u100,15-1243.00,Database Architects,15-1244.00,Network and Computer Systems Administrators,15-2051.00,Data Scientists,0.927007,0.0,0,0.0,0.0,-1,0.488477,40.0,0.490425,0,8
u100,15-1243.00,Database Architects,15-1244.00,Network and Computer Systems Administrators,15-1251.00,Computer Programmers,0.929682,0.005341,0,0.0,0.0,-1,0.488147,41.71,0.490243,0,9
u100,15-1243.00,Database Architects,15-1244.00,Network and Computer Systems Administrators,15-2031.00,Operations Research Analysts,0.907491,0.012822,1,0.0,0.0,-1,0.51551,56.1,0.482492,0,10
u100,15-1243.00,Database Architects,15-1244.00,Network and Computer Systems Administrators,15-1252.00,Software Developers,0.910758,0.0,0,0.0,0.0,-1,0.470017,40.0,0.480344,0,11
u101,15-1244.00,Network and Computer Systems Administrators,15-1212.00,Information Security Analysts,15-1212.00,Information Security Analysts,0.908046,0.0,0,1.0,1.0,1,0.414608,40.0,0.620812,1,1
u101,15-1244.00,Network and Computer Systems Administrators,15-1212.00,Information Security Analysts,15-1211.00,Computer Systems Analysts,0.952353,0.0,0,0.0,0.0,-1,0.472067,40.0,0.499369,0,2
u101,15-1244.00,Network and Computer Systems Administrators,15-1212.00,Information Security Analysts,15-1242.00,Database Administrators,0.91087,0.0,0,0.0,0.0,-1,0.432406,40.0,0.474752,0,3
u101,15-1244.00,Network and Computer Systems Administrators,15-1212.00,Information Security Analysts,15-1253.00,Software Quality Assurance Analysts and Testers,0.910806,0.0,0,0.0,0.0,-1,0.425527,40.0,0.473692,0,4
u101,15-1244.00,Network and Computer Systems Administrators,15-1212.00,Information Security Analysts,15-1243.00,Database Architects,0.903787,0.0,0,0.0,0.0,-1,0.428087,40.0,0.470917,0,5
u101,15-1244.00,Network and Computer Systems Administrators,15-1212.00,Information Security Analysts,15-1254.00,Web Developers,0.903528,0.0,0,0.0,0.0,-1,0.416716,40.0,0.469095,0,6
u101,15-1244.00,Network and Computer Systems Administrators,15-1212.00,Information Security Analysts,15-1255.00,Web and Digital Interface Designers,0.878114,0.0,0,0.0,0.0,-1,0.419245,40.0,0.458038,0,7
u101,15-1244.00,Network and Computer Systems Administrators,15-1212.00,Information Security Analysts,15-1251.00,Computer Programmers,0.87958,0.005309,0,0.0,0.0,-1,0.416234,41.7,0.456919,0,8
u101,15-1244.00,Network and Computer Systems Administrators,15-1212.00,Information Security Analysts,15-2051.00,Data Scientists,0.87123,0.0,0,0.0,0.0,-1,0.416564,40.0,0.454538,0,9
u101,15-1244.00,Network and Computer Systems Administrators,15-1212.00,Information Security Analysts,15-2031.00,Operations Research Analysts,0.846251,0.000838,0,0.0,0.0,-1,0.443597,40.27,0.447143,0,10
u101,15-1244.00,Network and Computer Systems Administrators,15-1212.00,Information Security Analysts,15-1252.00,Software Developers,0.853399,0.0,0,0.0,0.0,-1,0.398103,40.0,0.443745,0,11
u102,15-1251.00,Computer Programmers,15-1252.00,Software Developers,15-1252.00,Software Developers,0.858215,0.0,0,0.615385,0.615385,1,0.481869,40.0,0.550785,1,1
u102,15-1251.00,Computer Programmers,15-1252.00,Software Developers,15-1254.00,Web Developers,0.958978,0.0,0,0.25641,0.25641,1,0.500482,40.0,0.545074,0,2
u102,15-1251.00,Computer Programmers,15-1252.00,Software Developers,15-2051.00,Data Scientists,0.912002,0.0,0,0.0,0.341881,2,0.50033,40.0,0.536733,0,3
u102,15-1251.00,Computer Programmers,15-1252.00,Software Developers,15-1212.00,Information Security Analysts,0.930254,0.0,0,0.0,0.273504,2,0.498374,40.0,0.534396,0,4
u102,15-1251.00,Computer Programmers,15-1252.00,Software Developers,15-1244.00,Network and Computer Systems Administrators,0.966534,0.006207,1,0.0,0.0,-1,0.583766,53.99,0.520953,0,5
u102,15-1251.00,Computer Programmers,15-1252.00,Software Developers,15-1211.00,Computer Systems Analysts,0.964525,0.0,0,0.0,0.0,-1,0.555833,40.0,0.517411,0,6
u102,15-1251.00,Computer Programmers,15-1252.00,Software Developers,15-1255.00,Web and Digital Interface Designers,0.933583,0.0,0,0.0,0.102564,2,0.503011,40.0,0.510949,0,7
u102,15-1251.00,Computer Programmers,15-1252.00,Software Developers,15-1253.00,Software Quality Assurance Analysts and Testers,0.952428,0.0,0,0.0,0.0,-1,0.509293,40.0,0.504986,0,8
u102,15-1251.00,Computer Programmers,15-1252.00,Software Developers,15-1242.00,Database Administrators,0.949139,0.0,0,0.0,0.0,-1,0.516171,40.0,0.504538,0,9
u102,15-1251.00,Computer Programmers,15-1252.00,Software Developers,15-1243.00,Database Architects,0.947523,0.0,0,0.0,0.0,-1,0.511853,40.0,0.503163,0,10
u102,15-1251.00,Computer Programmers,15-1252.00,Software Developers,15-2031.00,Operations Research Analysts,0.896806,0.0076,0,0.128205,0.128205,1,0.527362,42.43,0.499998,0,11
u103,15-1252.00,Software Developers,15-1253.00,Software Quality Assurance Analysts and Testers,15-2051.00,Data Scientists,0.929539,0.0,0,0.555556,0.555556,1,0.518461,40.0,0.579395,0,1
u103,15-1252.00,Software Developers,15-1253.00,Software Quality Assurance Analysts and Testers,15-1212.00,Information Security Analysts,0.948386,0.0,0,0.444444,0.444444,1,0.516505,40.0,0.570916,0,2
u103,15-1252.00,Software Developers,15-1253.00,Software Quality Assurance Analysts and Testers,15-1211.00,Computer Systems Analysts,0.966471,0.007489,1,0.0,0.0,-1,0.573963,54.4,0.519134,0,3
u103,15-1252.00,Software Developers,15-1253.00,Software Quality Assurance Analysts and Testers,15-1244.00,Network and Computer Systems Administrators,0.96013,0.015896,2,0.0,0.0,-1,0.601897,69.09,0.518369,0,4
u103,15-1252.00,Software Developers,15-1253.00,Software Quality Assurance Analysts and Testers,15-1242.00,Database Administrators,0.944452,0.007306,1,0.0,0.0,-1,0.534302,54.34,0.503322,0,5
u103,15-1252.00,Software Developers,15-1253.00,Software Quality Assurance Analysts and Testers,15-1243.00,Database Architects,0.944357,0.009319,1,0.0,0.0,-1,0.529983,54.98,0.502128,0,6
u103,15-1252.00,Software Developers,15-1253.00,Software Quality Assurance Analysts and Testers,15-1255.00,Web and Digital Interface Designers,0.930716,0.010755,0,0.0,0.0,-1,0.521142,43.44,0.494305,0,7
u103,15-1252.00,Software Developers,15-1253.00,Software Quality Assurance Analysts and Testers,15-1253.00,Software Quality Assurance Analysts and Testers,0.926557,0.009441,1,0.0,0.0,-1,0.527424,55.02,0.493704,1,8
u103,15-1252.00,Software Developers,15-1253.00,Software Quality Assurance Analysts and Testers,15-1254.00,Web Developers,0.918286,0.02489,1,0.0,0.0,-1,0.518612,59.96,0.484798,0,9
u103,15-1252.00,Software Developers,15-1253.00,Software Quality Assurance Analysts and Testers,15-2031.00,Operations Research Analysts,0.887538,0.022427,2,0.0,0.0,-1,0.545493,71.18,0.475609,0,10
u103,15-1252.00,Software Developers,15-1253.00,Software Quality Assurance Analysts and Testers,15-1251.00,Computer Programmers,0.884919,0.037675,1,0.0,0.0,-1,0.518131,64.06,0.466514,0,11
u104,15-1253.00,Software Quality Assurance Analysts and Testers,15-1252.00,Software Developers,15-1252.00,Software Developers,0.89572,0.0,0,1.0,1.0,1,0.472576,40.0,0.62396,1,1
u104,15-1253.00,Software Quality Assurance Analysts and Testers,15-1252.00,Software Developers,15-2051.00,Data Scientists,0.926528,0.0,0,0.0,0.555556,2,0.491037,40.0,0.573927,0,2
u104,15-1253.00,Software Quality Assurance Analysts and Testers,15-1252.00,Software Developers,15-1212.00,Information Security Analysts,0.9547,0.0,0,0.0,0.444444,2,0.489081,40.0,0.569644,0,3
u104,15-1253.00,Software Quality Assurance Analysts and Testers,15-1252.00,Software Developers,15-1244.00,Network and Computer Systems Administrators,0.976653,0.004082,1,0.0,0.0,-1,0.574473,53.31,0.524644,0,4
u104,15-1253.00,Software Quality Assurance Analysts and Testers,15-1252.00,Software Developers,15-1211.00,Computer Systems Analysts,0.982204,0.0,0,0.0,0.0,-1,0.54654,40.0,0.523973,0,5
u104,15-1253.00,Software Quality Assurance Analysts and Testers,15-1252.00,Software Developers,15-1242.00,Database Administrators,0.953889,0.0,0,0.0,0.0,-1,0.506878,40.0,0.505282,0,6
u104,15-1253.00,Software Quality Assurance Analysts and Testers,15-1252.00,Software Developers,15-1243.00,Database Architects,0.947743,0.0,0,0.0,0.0,-1,0.50256,40.0,0.501868,0,7
u104,15-1253.00,Software Quality Assurance Analysts and Testers,15-1252.00,Software Developers,15-1254.00,Web Developers,0.949742,0.0,0,0.0,0.0,-1,0.491189,40.0,0.501062,0,8
u104,15-1253.00,Software Quality Assurance Analysts and Testers,15-1252.00,Software Developers,15-1255.00,Web and Digital Interface Designers,0.931278,0.0,0,0.0,0.0,-1,0.493718,40.0,0.493133,0,9
u104,15-1253.00,Software Quality Assurance Analysts and Testers,15-1252.00,Software Developers,15-1251.00,Computer Programmers,0.930883,0.006846,0,0.0,0.0,-1,0.490707,42.19,0.490792,0,10
u104,15-1253.00,Software Quality Assurance Analysts and Testers,15-1252.00,Software Developers,15-2031.00,Operations Research Analysts,0.896502,0.009971,0,0.0,0.0,-1,0.518069,43.19,0.478643,0,11
u105,15-1254.00,Web Developers,15-1252.00,Software Developers,15-1255.00,Web and Digital Interface Designers,0.9456,0.0,0,0.4,0.4,1,0.50253,40.0,0.560899,0,1
u105,15-1254.00,Web Developers,15-1252.00,Software Developers,15-1252.00,Software Developers,0.882747,0.0,0,0.6,0.6,1,0.481388,40.0,0.559444,1,2
u105,15-1254.00,Web Developers,15-1252.00,Software Developers,15-2051.00,Data Scientists,0.922821,0.0,0,0.0,0.333334,2,0.499848,40.0,0.540247,0,3
u105,15-1254.00,Web Developers,15-1252.00,Software Developers,15-1212.00,Information Security Analysts,0.944036,0.0,0,0.0,0.266666,2,0.497892,40.0,0.5395,0,4
u105,15-1254.00,Web Developers,15-1252.00,Software Developers,15-1211.00,Computer Systems Analysts,0.976197,0.0,0,0.0,0.0,-1,0.555351,40.0,0.522591,0,5
u105,15-1254.00,Web Developers,15-1252.00,Software Developers,15-1244.00,Network and Computer Systems Administrators,0.969579,0.006042,2,0.0,0.0,-1,0.583284,65.93,0.522293,0,6
u105,15-1254.00,Web Developers,15-1252.00,Software Developers,15-1242.00,Database Administrators,0.96014,0.0,0,0.0,0.0,-1,0.51569,40.0,0.509417,0,7
u105,15-1254.00,Web Developers,15-1252.00,Software Developers,15-1243.00,Database Architects,0.960794,0.0,0,0.0,0.0,-1,0.511371,40.0,0.509063,0,8
u105,15-1254.00,Web Developers,15-1252.00,Software Developers,15-1253.00,Software Quality Assurance Analysts and Testers,0.952889,0.0,0,0.0,0.0,-1,0.508811,40.0,0.505122,0,9
u105,15-1254.00,Web Developers,15-1252.00,Software Developers,15-1251.00,Computer Programmers,0.940956,0.0,0,0.0,0.0,-1,0.499518,40.0,0.498358,0,10
u105,15-1254.00,Web Developers,15-1252.00,Software Developers,15-2031.00,Operations Research Analysts,0.899813,0.014343,0,0.0,0.0,-1,0.526881,44.59,0.480363,0,11
u106,15-1255.00,Web and Digital Interface Designers,15-2031.00,Operations Research Analysts,15-1211.00,Computer Systems Analysts,0.970673,0.002851,0,0.0,0.0,-1,0.552821,40.91,0.519013,0,1
u106,15-1255.00,Web and Digital Interface Designers,15-2031.00,Operations Research Analysts,15-1244.00,Network and Computer Systems Administrators,0.955898,0.016557,2,0.0,0.0,-1,0.580755,69.3,0.513128,0,2
u106,15-1255.00,Web and Digital Interface Designers,15-2031.00,Operations Research Analysts,15-1243.00,Database Architects,0.965357,0.0,0,0.0,0.0,-1,0.508841,40.0,0.510737,0,3
u106,15-1255.00,Web and Digital Interface Designers,15-2031.00,Operations Research Analysts,15-1242.00,Database Administrators,0.962462,0.0,0,0.0,0.0,-1,0.51316,40.0,0.510082,0,4
u106,15-1255.00,Web and Digital Interface Designers,15-2031.00,Operations Research Analysts,15-1254.00,Web Developers,0.964422,0.0,0,0.0,0.0,-1,0.49747,40.0,0.508611,0,5
u106,15-1255.00,Web and Digital Interface Designers,15-2031.00,Operations Research Analysts,15-1212.00,Information Security Analysts,0.951521,0.0,0,0.0,0.0,-1,0.495363,40.0,0.502489,0,6
u106,15-1255.00,Web and Digital Interface Designers,15-2031.00,Operations Research Analysts,15-1253.00,Software Quality Assurance Analysts and Testers,0.947514,0.001225,0,0.0,0.0,-1,0.506282,40.39,0.502017,0,7
u106,15-1255.00,Web and Digital Interface Designers,15-2031.00,Operations Research Analysts,15-2051.00,Data Scientists,0.947554,0.0,0,0.0,0.0,-1,0.497319,40.0,0.500997,0,8
u106,15-1255.00,Web and Digital Interface Designers,15-2031.00,Operations Research Analysts,15-1251.00,Computer Programmers,0.936638,0.006312,0,0.0,0.0,-1,0.496989,42.02,0.494457,0,9
u106,15-1255.00,Web and Digital Interface Designers,15-2031.00,Operations Research Analysts,15-2031.00,Operations Research Analysts,0.916383,0.0038,1,0.0,0.0,-1,0.524351,53.22,0.490075,1,10
u106,15-1255.00,Web and Digital Interface Designers,15-2031.00,Operations Research Analysts,15-1252.00,Software Developers,0.915691,0.0,0,0.0,0.0,-1,0.478858,40.0,0.483889,0,11
u107,15-2031.00,Operations Research Analysts,15-2051.00,Data Scientists,15-2051.00,Data Scientists,0.958037,0.0,0,1.0,1.0,1,0.472968,40.0,0.652062,1,1
u107,15-2031.00,Operations Research Analysts,15-2051.00,Data Scientists,15-1211.00,Computer Systems Analysts,0.957312,0.008019,2,0.0,0.0,-1,0.52847,66.57,0.508056,0,2
u107,15-2031.00,Operations Research Analysts,15-2051.00,Data Scientists,15-1243.00,Database Architects,0.967029,3.8e-05,0,0.0,0.0,-1,0.48449,40.01,0.507827,0,3
u107,15-2031.00,Operations Research Analysts,15-2051.00,Data Scientists,15-1242.00,Database Administrators,0.96523,9.6e-05,0,0.0,0.0,-1,0.488809,40.03,0.507651,0,4
u107,15-2031.00,Operations Research Analysts,15-2051.00,Data Scientists,15-1254.00,Web Developers,0.954513,0.000867,0,0.0,0.0,-1,0.473119,40.28,0.500282,0,5
u107,15-2031.00,Operations Research Analysts,15-2051.00,Data Scientists,15-1255.00,Web and Digital Interface Designers,0.947499,3.9e-05,0,0.0,0.0,-1,0.475649,40.01,0.497712,0,6
u107,15-2031.00,Operations Research Analysts,15-2051.00,Data Scientists,15-1244.00,Network and Computer Systems Administrators,0.932924,0.027058,5,0.0,0.0,-1,0.556403,108.66,0.496512,0,7
u107,15-2031.00,Operations Research Analysts,15-2051.00,Data Scientists,15-1212.00,Information Security Analysts,0.944878,0.001086,0,0.0,0.0,-1,0.471011,40.35,0.495575,0,8
u107,15-2031.00,Operations Research Analysts,15-2051.00,Data Scientists,15-1253.00,Software Quality Assurance Analysts and Testers,0.939641,0.005308,1,0.0,0.0,-1,0.481931,53.7,0.493801,0,9
u107,15-2031.00,Operations Research Analysts,15-2051.00,Data Scientists,15-1251.00,Computer Programmers,0.929478,0.017769,1,0.0,0.0,-1,0.472638,57.69,0.484718,0,10
u107,15-2031.00,Operations Research Analysts,15-2051.00,Data Scientists,15-1252.00,Software Developers,0.90522,0.004511,1,0.0,0.0,-1,0.454507,53.44,0.474397,0,11
u108,15-2051.00,Data Scientists,15-1211.00,Computer Systems Analysts,15-1211.00,Computer Systems Analysts,0.969647,0.007055,1,0.0,0.0,-1,0.555503,54.26,0.517903,1,1
u108,15-2051.00,Data Scientists,15-1211.00,Computer Systems Analysts,15-1244.00,Network and Computer Systems Administrators,0.95656,0.016185,3,0.0,0.0,-1,0.583436,81.18,0.513921,0,2
u108,15-2051.00,Data Scientists,15-1211.00,Computer Systems Analysts,15-1242.00,Database Administrators,0.960793,0.000137,0,0.0,0.0,-1,0.515841,40.04,0.509699,0,3
u108,15-2051.00,Data Scientists,15-1211.00,Computer Systems Analysts,15-1243.00,Database Architects,0.95532,0.000335,0,0.0,0.0,-1,0.511523,40.11,0.506539,0,4
u108,15-2051.00,Data Scientists,15-1211.00,Computer Systems Analysts,15-1212.00,Information Security Analysts,0.959673,0.001549,0,0.0,0.0,-1,0.498044,40.5,0.506172,0,5
u108,15-2051.00,Data Scientists,15-1211.00,Computer Systems Analysts,15-1253.00,Software Quality Assurance Analysts and Testers,0.948154,0.002074,0,0.0,0.0,-1,0.508963,40.66,0.502495,0,6
u108,15-2051.00,Data Scientists,15-1211.00,Computer Systems Analysts,15-1255.00,Web and Digital Interface Designers,0.948822,0.0,0,0.0,0.0,-1,0.502681,40.0,0.502372,0,7
u108,15-2051.00,Data Scientists,15-1211.00,Computer Systems Analysts,15-1254.00,Web Developers,0.944396,0.006239,0,0.0,0.0,-1,0.500152,42.0,0.498441,0,8
u108,15-2051.00,Data Scientists,15-1211.00,Computer Systems Analysts,15-2031.00,Operations Research Analysts,0.918961,0.010613,1,0.0,0.0,-1,0.527032,55.4,0.489934,0,9
u108,15-2051.00,Data Scientists,15-1211.00,Computer Systems Analysts,15-1251.00,Computer Programmers,0.92392,0.014765,0,0.0,0.0,-1,0.49967,44.72,0.487024,0,10
u108,15-2051.00,Data Scientists,15-1211.00,Computer Systems Analysts,15-1252.00,Software Developers,0.911967,0.004345,1,0.0,0.0,-1,0.481539,53.39,0.48153,0,11
u109,15-1211.00,Computer Systems Analysts,15-2051.00,Data Scientists,15-2051.00,Data Scientists,0.911908,0.0,0,1.0,1.0,1,0.444497,40.0,0.627033,1,1
u109,15-1211.00,Computer Systems Analysts,15-2051.00,Data Scientists,15-1244.00,Network and Computer Systems Administrators,0.986977,0.000955,0,0.0,0.0,-1,0.527933,40.31,0.523091,0,2
u109,15-1211.00,Computer Systems Analysts,15-2051.00,Data Scientists,15-1242.00,Database Administrators,0.953114,0.0,0,0.0,0.0,-1,0.460339,40.0,0.497952,0,3
u109,15-1211.00,Computer Systems Analysts,15-2051.00,Data Scientists,15-1253.00,Software Quality Assurance Analysts and Testers,0.954376,0.0,0,0.0,0.0,-1,0.45346,40.0,0.497488,0,4
u109,15-1211.00,Computer Systems Analysts,15-2051.00,Data Scientists,15-1243.00,Database Architects,0.948851,0.0,0,0.0,0.0,-1,0.45602,40.0,0.495386,0,5
u109,15-1211.00,Computer Systems Analysts,15-2051.00,Data Scientists,15-1254.00,Web Developers,0.948391,0.0,0,0.0,0.0,-1,0.444649,40.0,0.493473,0,6
u109,15-1211.00,Computer Systems Analysts,15-2051.00,Data Scientists,15-1212.00,Information Security Analysts,0.944183,0.0,0,0.0,0.0,-1,0.442541,40.0,0.491264,0,7
u109,15-1211.00,Computer Systems Analysts,15-2051.00,Data Scientists,15-1255.00,Web and Digital Interface Designers,0.924835,0.0,0,0.0,0.0,-1,0.447179,40.0,0.483253,0,8
u109,15-1211.00,Computer Systems Analysts,15-2051.00,Data Scientists,15-1251.00,Computer Programmers,0.921459,0.004602,0,0.0,0.0,-1,0.444167,41.47,0.480131,0,9
u109,15-1211.00,Computer Systems Analysts,15-2051.00,Data Scientists,15-1252.00,Software Developers,0.899632,0.0,0,0.0,0.0,-1,0.426037,40.0,0.46874,0,10
u109,15-1211.00,Computer Systems Analysts,15-2051.00,Data Scientists,15-2031.00,Operations Research Analysts,0.886045,0.00459,0,0.0,0.0,-1,0.47153,41.47,0.468302,0,11
u110,15-1212.00,Information Security Analysts,15-1242.00,Database Administrators,15-1244.00,Network and Computer Systems Administrators,0.972658,0.008351,1,0.0,0.0,-1,0.585392,54.67,0.523417,0,1
u110,15-1212.00,Information Security Analysts,15-1242.00,Database Administrators,15-1211.00,Computer Systems Analysts,0.975533,0.001793,0,0.0,0.0,-1,0.557459,40.57,0.52216,0,2
u110,15-1212.00,Information Security Analysts,15-1242.00,Database Administrators,15-1242.00,Database Administrators,0.95956,0.0,0,0.0,0.0,-1,0.517798,40.0,0.509472,1,3
u110,15-1212.00,Information Security Analysts,15-1242.00,Database Administrators,15-1243.00,Database Architects,0.954252,0.000175,0,0.0,0.0,-1,0.513479,40.06,0.506391,0,4
u110,15-1212.00,Information Security Analysts,15-1242.00,Database Administrators,15-1253.00,Software Quality Assurance Analysts and Testers,0.954317,0.0,0,0.0,0.0,-1,0.510919,40.0,0.50608,0,5
u110,15-1212.00,Information Security Analysts,15-1242.00,Database Administrators,15-1254.00,Web Developers,0.947646,0.006573,0,0.0,0.0,-1,0.502108,42.1,0.500114,0,6
u110,15-1212.00,Information Security Analysts,15-1242.00,Database Administrators,15-1255.00,Web and Digital Interface Designers,0.943545,0.002676,0,0.0,0.0,-1,0.504637,40.86,0.499622,0,7
u110,15-1212.00,Information Security Analysts,15-1242.00,Database Administrators,15-2051.00,Data Scientists,0.939589,0.0,0,0.0,0.0,-1,0.501956,40.0,0.498108,0,8
u110,15-1212.00,Information Security Analysts,15-1242.00,Database Administrators,15-1252.00,Software Developers,0.918852,0.0,0,0.0,0.0,-1,0.483495,40.0,0.486008,0,9
u110,15-1212.00,Information Security Analysts,15-1242.00,Database Administrators,15-1251.00,Computer Programmers,0.917203,0.022027,0,0.0,0.0,-1,0.501626,47.05,0.482478,0,10
u110,15-1212.00,Information Security Analysts,15-1242.00,Database Administrators,15-2031.00,Operations Research Analysts,0.902803,0.014852,0,0.0,0.0,-1,0.528989,44.75,0.481897,0,11
u111,15-1242.00,Database Administrators,15-2051.00,Data Scientists,15-2051.00,Data Scientists,0.930871,0.0,0,1.0,1.0,1,0.484159,40.0,0.641516,1,1
u111,15-1242.00,Database Administrators,15-2051.00,Data Scientists,15-1211.00,Computer Systems Analysts,0.981742,0.0,0,0.0,0.0,-1,0.539661,40.0,0.522733,0,2
u111,15-1242.00,Database Administrators,15-2051.00,Data Scientists,15-1244.00,Network and Computer Systems Administrators,0.975922,0.007182,2,0.0,0.0,-1,0.567594,66.3,0.522509,0,3
u111,15-1242.00,Database Administrators,15-2051.00,Data Scientists,15-1243.00,Database Architects,0.962928,0.0,0,0.0,0.0,-1,0.495681,40.0,0.50767,0,4
u111,15-1242.00,Database Administrators,15-2051.00,Data Scientists,15-1254.00,Web Developers,0.956761,0.0,0,0.0,0.0,-1,0.48431,40.0,0.503189,0,5
u111,15-1242.00,Database Administrators,15-2051.00,Data Scientists,15-1253.00,Software Quality Assurance Analysts and Testers,0.949795,0.0,0,0.0,0.0,-1,0.493122,40.0,0.501376,0,6
u111,15-1242.00,Database Administrators,15-2051.00,Data Scientists,15-1212.00,Information Security Analysts,0.952471,0.0,0,0.0,0.0,-1,0.482202,40.0,0.500942,0,7
u111,15-1242.00,Database Administrators,15-2051.00,Data Scientists,15-1255.00,Web and Digital Interface Designers,0.945938,0.0,0,0.0,0.0,-1,0.48684,40.0,0.498698,0,8
u111,15-1242.00,Database Administrators,15-2051.00,Data Scientists,15-1251.00,Computer Programmers,0.933301,0.003215,0,0.0,0.0,-1,0.483829,41.03,0.491756,0,9
u111,15-1242.00,Database Administrators,15-2051.00,Data Scientists,15-2031.00,Operations Research Analysts,0.909086,0.006443,1,0.0,0.0,-1,0.511191,54.06,0.484157,0,10
u111,15-1242.00,Database Administrators,15-2051.00,Data Scientists,15-1252.00,Software Developers,0.905225,0.0,0,0.0,0.0,-1,0.465698,40.0,0.477206,0,11
u112,15-1243.00,Database Architects,15-1244.00,Network and Computer Systems Administrators,15-1211.00,Computer Systems Analysts,0.980752,0.000764,0,0.0,0.0,-1,0.54398,40.24,0.522744,0,1
u112,15-1243.00,Database Architects,15-1244.00,Network and Computer Systems Administrators,15-1244.00,Network and Computer Systems Administrators,0.972795,0.00657,1,0.0,0.0,-1,0.571913,54.1,0.521902,1,2
u112,15-1243.00,Database Architects,15-1244.00,Network and Computer Systems Administrators,15-1242.00,Database Administrators,0.965408,0.0,0,0.0,0.0,-1,0.504319,40.0,0.510081,0,3
u112,15-1243.00,Database Architects,15-1244.00,Network and Computer Systems Administrators,15-1254.00,Web Developers,0.964895,0.0,0,0.0,0.0,-1,0.488629,40.0,0.507497,0,4
u112,15-1243.00,Database Architects,15-1244.00,Network and Computer Systems Administrators,15-1255.00,Web and Digital Interface Designers,0.955783,0.0,0,0.0,0.0,-1,0.491159,40.0,0.503776,0,5
u112,15-1243.00,Database Architects,15-1244.00,Network and Computer Systems Administrators,15-1253.00,Software Quality Assurance Analysts and Testers,0.950798,0.0,0,0.0,0.0,-1,0.49744,40.0,0.502475,0,6
u112,15-1243.00,Database Architects,15-1244.00,Network and Computer Systems Administrators,15-1212.00,Information Security Analysts,0.951955,0.0,0,0.0,0.0,-1,0.486521,40.0,0.501358,0,7
u112,15-1243.00,Database Architects,15-1244.00,Network and Computer Systems Administrators,15-2051.00,Data Scientists,0.939161,0.0,0,0.0,0.0,-1,0.488477,40.0,0.495894,0,8
u112,15-1243.00,Database Architects,15-1244.00,Network and Computer Systems Administrators,15-1251.00,Computer Programmers,0.936689,0.0,0,0.0,0.0,-1,0.488147,40.0,0.494732,0,9
u112,15-1243.00,Database Architects,15-1244.00,Network and Computer Systems Administrators,15-2031.00,Operations Research Analysts,0.912945,0.006868,0,0.0,0.0,-1,0.51551,42.2,0.486435,0,10
u112,15-1243.00,Database Architects,15-1244.00,Network and Computer Systems Administrators,15-1252.00,Software Developers,0.91325,0.0,0,0.0,0.0,-1,0.470017,40.0,0.481465,0,11
u113,15-1244.00,Network and Computer Systems Administrators,15-1212.00,Information Security Analysts,15-1212.00,Information Security Analysts,0.914397,0.0,0,1.0,1.0,1,0.414608,40.0,0.62367,1,1
u113,15-1244.00,Network and Computer Systems Administrators,15-1212.00,Information Security Analysts,15-1211.00,Computer Systems Analysts,0.95487,0.0,0,0.0,0.0,-1,0.472067,40.0,0.500501,0,2
u113,15-1244.00,Network and Computer Systems Administrators,15-1212.00,Information Security Analysts,15-1242.00,Database Administrators,0.915743,0.0,0,0.0,0.0,-1,0.432406,40.0,0.476945,0,3
u113,15-1244.00,Network and Computer Systems Administrators,15-1212.00,Information Security Analysts,15-1253.00,Software Quality Assurance Analysts and Testers,0.915441,0.0,0,0.0,0.0,-1,0.425527,40.0,0.475777,0,4
u113,15-1244.00,Network and Computer Systems Administrators,15-1212.00,Information Security Analysts,15-1243.00,Database Architects,0.907078,0.0,0,0.0,0.0,-1,0.428087,40.0,0.472398,0,5
u113,15-1244.00,Network and Computer Systems Administrators,15-1212.00,Information Security Analysts,15-1254.00,Web Developers,0.90851,0.0,0,0.0,0.0,-1,0.416716,40.0,0.471337,0,6
u113,15-1244.00,Network and Computer Systems Administrators,15-1212.00,Information Security Analysts,15-1255.00,Web and Digital Interface Designers,0.885795,0.0,0,0.0,0.0,-1,0.419245,40.0,0.461495,0,7
u113,15-1244.00,Network and Computer Systems Administrators,15-1212.00,Information Security Analysts,15-1251.00,Computer Programmers,0.880256,0.006073,0,0.0,0.0,-1,0.416234,41.94,0.457032,0,8
u113,15-1244.00,Network and Computer Systems Administrators,15-1212.00,Information Security Analysts,15-2051.00,Data Scientists,0.87417,0.0,0,0.0,0.0,-1,0.416564,40.0,0.455861,0,9
u113,15-1244.00,Network and Computer Systems Administrators,15-1212.00,Information Security Analysts,15-1252.00,Software Developers,0.859637,0.0,0,0.0,0.0,-1,0.398103,40.0,0.446552,0,10
u113,15-1244.00,Network and Computer Systems Administrators,15-1212.00,Information Security Analysts,15-2031.00,Operations Research Analysts,0.846207,0.004959,0,0.0,0.0,-1,0.443597,41.59,0.446093,0,11
u114,15-1251.00,Computer Programmers,15-1252.00,Software Developers,15-1252.00,Software Developers,0.852875,0.0,0,0.615385,0.615385,1,0.481869,40.0,0.548382,1,1
u114,15-1251.00,Computer Programmers,15-1252.00,Software Developers,15-1254.00,Web Developers,0.955637,0.0,0,0.25641,0.25641,1,0.500482,40.0,0.543571,0,2
u114,15-1251.00,Computer Programmers,15-1252.00,Software Developers,15-2051.00,Data Scientists,0.905032,0.0,0,0.0,0.341881,2,0.50033,40.0,0.533596,0,3
u114,15-1251.00,Computer Programmers,15-1252.00,Software Developers,15-1212.00,Information Security Analysts,0.926386,0.0,0,0.0,0.273504,2,0.498374,40.0,0.532655,0,4
u114,15-1251.00,Computer Programmers,15-1252.00,Software Developers,15-1244.00,Network and Computer Systems Administrators,0.96572,0.007886,2,0.0,0.0,-1,0.583766,66.52,0.520167,0,5
u114,15-1251.00,Computer Programmers,15-1252.00,Software Developers,15-1211.00,Computer Systems Analysts,0.964998,0.0,0,0.0,0.0,-1,0.555833,40.0,0.517624,0,6
u114,15-1251.00,Computer Programmers,15-1252.00,Software Developers,15-1255.00,Web and Digital Interface Designers,0.930491,0.0,0,0.0,0.102564,2,0.503011,40.0,0.509557,0,7
u114,15-1251.00,Computer Programmers,15-1252.00,Software Developers,15-1253.00,Software Quality Assurance Analysts and Testers,0.952511,0.0,0,0.0,0.0,-1,0.509293,40.0,0.505024,0,8
u114,15-1251.00,Computer Programmers,15-1252.00,Software Developers,15-1242.00,Database Administrators,0.945056,0.0,0,0.0,0.0,-1,0.516171,40.0,0.502701,0,9
u114,15-1251.00,Computer Programmers,15-1252.00,Software Developers,15-1243.00,Database Architects,0.941929,0.0,0,0.0,0.0,-1,0.511853,40.0,0.500646,0,10
u114,15-1251.00,Computer Programmers,15-1252.00,Software Developers,15-2031.00,Operations Research Analysts,0.88667,0.003488,0,0.128205,0.128205,1,0.527362,41.12,0.496465,0,11
u115,15-1252.00,Software Developers,15-1253.00,Software Quality Assurance Analysts and Testers,15-2051.00,Data Scientists,0.925152,0.000889,0,0.555556,0.555556,1,0.518461,40.28,0.577199,0,1
u115,15-1252.00,Software Developers,15-1253.00,Software Quality Assurance Analysts and Testers,15-1212.00,Information Security Analysts,0.947352,0.001727,0,0.444444,0.444444,1,0.516505,40.55,0.570019,0,2
u115,15-1252.00,Software Developers,15-1253.00,Software Quality Assurance Analysts and Testers,15-1211.00,Computer Systems Analysts,0.965125,0.009851,3,0.0,0.0,-1,0.573963,79.15,0.517938,0,3
u115,15-1252.00,Software Developers,15-1253.00,Software Quality Assurance Analysts and Testers,15-1244.00,Network and Computer Systems Administrators,0.955018,0.018778,5,0.0,0.0,-1,0.601897,106.01,0.515348,0,4
u115,15-1252.00,Software Developers,15-1253.00,Software Quality Assurance Analysts and Testers,15-1242.00,Database Administrators,0.947745,0.00743,2,0.0,0.0,-1,0.534302,66.38,0.504773,0,5
u115,15-1252.00,Software Developers,15-1253.00,Software Quality Assurance Analysts and Testers,15-1243.00,Database Architects,0.950042,0.009512,2,0.0,0.0,-1,0.529983,67.04,0.504639,0,6
u115,15-1252.00,Software Developers,15-1253.00,Software Quality Assurance Analysts and Testers,15-1255.00,Web and Digital Interface Designers,0.932283,0.011978,1,0.0,0.0,-1,0.521142,55.83,0.494704,0,7
u115,15-1252.00,Software Developers,15-1253.00,Software Quality Assurance Analysts and Testers,15-1253.00,Software Quality Assurance Analysts and Testers,0.923278,0.014521,3,0.0,0.0,-1,0.527424,80.65,0.490959,1,8
u115,15-1252.00,Software Developers,15-1253.00,Software Quality Assurance Analysts and Testers,15-1254.00,Web Developers,0.921946,0.024814,2,0.0,0.0,-1,0.518612,71.94,0.486464,0,9
u115,15-1252.00,Software Developers,15-1253.00,Software Quality Assurance Analysts and Testers,15-2031.00,Operations Research Analysts,0.893422,0.021223,2,0.0,0.0,-1,0.545493,70.79,0.478558,0,10
u115,15-1252.00,Software Developers,15-1253.00,Software Quality Assurance Analysts and Testers,15-1251.00,Computer Programmers,0.880831,0.04481,3,0.0,0.0,-1,0.518131,90.34,0.462891,0,11
u116,15-1253.00,Software Quality Assurance Analysts and Testers,15-1252.00,Software Developers,15-1252.00,Software Developers,0.875001,0.0,0,1.0,1.0,1,0.472576,40.0,0.614637,1,1
u116,15-1253.00,Software Quality Assurance Analysts and Testers,15-1252.00,Software Developers,15-2051.00,Data Scientists,0.920648,0.0,0,0.0,0.555556,2,0.491037,40.0,0.571281,0,2
u116,15-1253.00,Software Quality Assurance Analysts and Testers,15-1252.00,Software Developers,15-1212.00,Information Security Analysts,0.947876,0.0,0,0.0,0.444444,2,0.489081,40.0,0.566573,0,3
u116,15-1253.00,Software Quality Assurance Analysts and Testers,15-1252.00,Software Developers,15-1244.00,Network and Computer Systems Administrators,0.979033,0.002712,2,0.0,0.0,-1,0.574473,64.87,0.526058,0,4
u116,15-1253.00,Software Quality Assurance Analysts and Testers,15-1252.00,Software Developers,15-1211.00,Computer Systems Analysts,0.977937,0.0,0,0.0,0.0,-1,0.54654,40.0,0.522053,0,5
u116,15-1253.00,Software Quality Assurance Analysts and Testers,15-1252.00,Software Developers,15-1254.00,Web Developers,0.963455,0.0,0,0.0,0.0,-1,0.491189,40.0,0.507233,0,6
u116,15-1253.00,Software Quality Assurance Analysts and Testers,15-1252.00,Software Developers,15-1242.00,Database Administrators,0.953875,0.0,0,0.0,0.0,-1,0.506878,40.0,0.505275,0,7
u116,15-1253.00,Software Quality Assurance Analysts and Testers,15-1252.00,Software Developers,15-1243.00,Database Architects,0.951915,0.0,0,0.0,0.0,-1,0.50256,40.0,0.503746,0,8
u116,15-1253.00,Software Quality Assurance Analysts and Testers,15-1252.00,Software Developers,15-1251.00,Computer Programmers,0.941437,0.0,0,0.0,0.0,-1,0.490707,40.0,0.497252,0,9
u116,15-1253.00,Software Quality Assurance Analysts and Testers,15-1252.00,Software Developers,15-1255.00,Web and Digital Interface Designers,0.932886,0.0,0,0.0,0.0,-1,0.493718,40.0,0.493856,0,10
u116,15-1253.00,Software Quality Assurance Analysts and Testers,15-1252.00,Software Developers,15-2031.00,Operations Research Analysts,0.894309,0.01497,0,0.0,0.0,-1,0.518069,44.79,0.476407,0,11
u117,15-1254.00,Web Developers,15-1252.00,Software Developers,15-1255.00,Web and Digital Interface Designers,0.935972,0.0,0,0.4,0.4,1,0.50253,40.0,0.556567,0,1
u117,15-1254.00,Web Developers,15-1252.00,Software Developers,15-1252.00,Software Developers,0.872712,0.0,0,0.6,0.6,1,0.481388,40.0,0.554929,1,2
u117,15-1254.00,Web Developers,15-1252.00,Software Developers,15-2051.00,Data Scientists,0.919803,0.0,0,0.0,0.333334,2,0.499848,40.0,0.538889,0,3
u117,15-1254.00,Web Developers,15-1252.00,Software Developers,15-1212.00,Information Security Analysts,0.936725,0.0,0,0.0,0.266666,2,0.497892,40.0,0.53621,0,4
u117,15-1254.00,Web Developers,15-1252.00,Software Developers,15-1211.00,Computer Systems Analysts,0.974866,0.0,0,0.0,0.0,-1,0.555351,40.0,0.521992,0,5
u117,15-1254.00,Web Developers,15-1252.00,Software Developers,15-1244.00,Network and Computer Systems Administrators,0.968889,0.008263,2,0.0,0.0,-1,0.583284,66.64,0.521427,0,6
u117,15-1254.00,Web Developers,15-1252.00,Software Developers,15-1242.00,Database Administrators,0.952966,0.0,0,0.0,0.0,-1,0.51569,40.0,0.506188,0,7
u117,15-1254.00,Web Developers,15-1252.00,Software Developers,15-1253.00,Software Quality Assurance Analysts and Testers,0.954031,0.0,0,0.0,0.0,-1,0.508811,40.0,0.505636,0,8
u117,15-1254.00,Web Developers,15-1252.00,Software Developers,15-1243.00,Database Architects,0.952109,0.0,0,0.0,0.0,-1,0.511371,40.0,0.505155,0,9
u117,15-1254.00,Web Developers,15-1252.00,Software Developers,15-1251.00,Computer Programmers,0.940936,0.0,0,0.0,0.0,-1,0.499518,40.0,0.498349,0,10
u117,15-1254.00,Web Developers,15-1252.00,Software Developers,15-2031.00,Operations Research Analysts,0.894244,0.015011,0,0.0,0.0,-1,0.526881,44.8,0.477689,0,11
u118,15-1255.00,Web and Digital Interface Designers,15-2031.00,Operations Research Analysts,15-1211.00,Computer Systems Analysts,0.970731,0.005459,1,0.0,0.0,-1,0.552821,53.75,0.518387,0,1
u118,15-1255.00,Web and Digital Interface Designers,15-2031.00,Operations Research Analysts,15-1244.00,Network and Computer Systems Administrators,0.96254,0.013634,3,0.0,0.0,-1,0.580755,80.36,0.516848,0,2
u118,15-1255.00,Web and Digital Interface Designers,15-2031.00,Operations Research Analysts,15-1243.00,Database Architects,0.967064,0.0,0,0.0,0.0,-1,0.508841,40.0,0.511505,0,3
u118,15-1255.00,Web and Digital Interface Designers,15-2031.00,Operations Research Analysts,15-1242.00,Database Administrators,0.959615,0.0,0,0.0,0.0,-1,0.51316,40.0,0.508801,0,4
u118,15-1255.00,Web and Digital Interface Designers,15-2031.00,Operations Research Analysts,15-1254.00,Web Developers,0.963856,0.0,0,0.0,0.0,-1,0.49747,40.0,0.508356,0,5
u118,15-1255.00,Web and Digital Interface Designers,15-2031.00,Operations Research Analysts,15-1253.00,Software Quality Assurance Analysts and Testers,0.951332,0.001739,0,0.0,0.0,-1,0.506282,40.56,0.503607,0,6
u118,15-1255.00,Web and Digital Interface Designers,15-2031.00,Operations Research Analysts,15-1212.00,Information Security Analysts,0.95369,0.0,0,0.0,0.0,-1,0.495363,40.0,0.503465,0,7
u118,15-1255.00,Web and Digital Interface Designers,15-2031.00,Operations Research Analysts,15-1251.00,Computer Programmers,0.9437,0.0,0,0.0,0.0,-1,0.496989,40.0,0.499213,0,8
u118,15-1255.00,Web and Digital Interface Designers,15-2031.00,Operations Research Analysts,15-2051.00,Data Scientists,0.940393,0.0,0,0.0,0.0,-1,0.497319,40.0,0.497775,0,9
u118,15-1255.00,Web and Digital Interface Designers,15-2031.00,Operations Research Analysts,15-2031.00,Operations Research Analysts,0.906397,0.00973,1,0.0,0.0,-1,0.524351,55.11,0.484099,1,10
u118,15-1255.00,Web and Digital Interface Designers,15-2031.00,Operations Research Analysts,15-1252.00,Software Developers,0.904864,0.0,0,0.0,0.0,-1,0.478858,40.0,0.479018,0,11
u119,15-2031.00,Operations Research Analysts,15-2051.00,Data Scientists,15-2051.00,Data Scientists,0.951713,0.0,0,1.0,1.0,1,0.472968,40.0,0.649216,1,1
u119,15-2031.00,Operations Research Analysts,15-2051.00,Data Scientists,15-1211.00,Computer Systems Analysts,0.959677,0.006281,1,0.0,0.0,-1,0.52847,54.01,0.509555,0,2
u119,15-2031.00,Operations Research Analysts,15-2051.00,Data Scientists,15-1242.00,Database Administrators,0.959466,0.000447,0,0.0,0.0,-1,0.488809,40.14,0.504969,0,3
u119,15-2031.00,Operations Research Analysts,15-2051.00,Data Scientists,15-1243.00,Database Architects,0.96056,0.0,0,0.0,0.0,-1,0.48449,40.0,0.504925,0,4
u119,15-2031.00,Operations Research Analysts,15-2051.00,Data Scientists,15-1244.00,Network and Computer Systems Administrators,0.938437,0.023903,3,0.0,0.0,-1,0.556403,83.65,0.499781,0,5
u119,15-2031.00,Operations Research Analysts,15-2051.00,Data Scientists,15-1254.00,Web Developers,0.949994,0.000622,0,0.0,0.0,-1,0.473119,40.2,0.49831,0,6
u119,15-2031.00,Operations Research Analysts,15-2051.00,Data Scientists,15-1253.00,Software Quality Assurance Analysts and Testers,0.945796,0.003068,0,0.0,0.0,-1,0.481931,40.98,0.497131,0,7
u119,15-2031.00,Operations Research Analysts,15-2051.00,Data Scientists,15-1255.00,Web and Digital Interface Designers,0.940741,0.0,0,0.0,0.0,-1,0.475649,40.0,0.494681,0,8
u119,15-2031.00,Operations Research Analysts,15-2051.00,Data Scientists,15-1212.00,Information Security Analysts,0.940347,0.001944,0,0.0,0.0,-1,0.471011,40.62,0.493322,0,9
u119,15-2031.00,Operations Research Analysts,15-2051.00,Data Scientists,15-1251.00,Computer Programmers,0.931095,0.016065,0,0.0,0.0,-1,0.472638,45.14,0.485872,0,10
u119,15-2031.00,Operations Research Analysts,15-2051.00,Data Scientists,15-1252.00,Software Developers,0.902276,0.001928,0,0.0,0.0,-1,0.454507,40.62,0.473718,0,11
u120,15-2051.00,Data Scientists,15-1211.00,Computer Systems Analysts,15-1211.00,Computer Systems Analysts,0.978822,0.001894,0,0.0,0.0,-1,0.555503,40.61,0.523322,1,1
u120,15-2051.00,Data Scientists,15-1211.00,Computer Systems Analysts,15-1244.00,Network and Computer Systems Administrators,0.963457,0.009706,1,0.0,0.0,-1,0.583436,55.11,0.518645,0,2
u120,15-2051.00,Data Scientists,15-1211.00,Computer Systems Analysts,15-1242.00,Database Administrators,0.966802,0.0,0,0.0,0.0,-1,0.515841,40.0,0.512437,0,3
u120,15-2051.00,Data Scientists,15-1211.00,Computer Systems Analysts,15-1243.00,Database Architects,0.964354,0.0,0,0.0,0.0,-1,0.511523,40.0,0.510688,0,4
u120,15-2051.00,Data Scientists,15-1211.00,Computer Systems Analysts,15-1212.00,Information Security Analysts,0.962179,0.0,0,0.0,0.0,-1,0.498044,40.0,0.507687,0,5
u120,15-2051.00,Data Scientists,15-1211.00,Computer Systems Analysts,15-1253.00,Software Quality Assurance Analysts and Testers,0.957359,7.2e-05,0,0.0,0.0,-1,0.508963,40.02,0.507138,0,6
u120,15-2051.00,Data Scientists,15-1211.00,Computer Systems Analysts,15-1254.00,Web Developers,0.955636,0.000272,0,0.0,0.0,-1,0.500152,40.09,0.504991,0,7
u120,15-2051.00,Data Scientists,15-1211.00,Computer Systems Analysts,15-1255.00,Web and Digital Interface Designers,0.952283,0.0,0,0.0,0.0,-1,0.502681,40.0,0.503929,0,8
u120,15-2051.00,Data Scientists,15-1211.00,Computer Systems Analysts,15-2031.00,Operations Research Analysts,0.927073,0.002371,0,0.0,0.0,-1,0.527032,40.76,0.495645,0,9
u120,15-2051.00,Data Scientists,15-1211.00,Computer Systems Analysts,15-1251.00,Computer Programmers,0.927839,0.010756,0,0.0,0.0,-1,0.49967,43.44,0.489789,0,10
u120,15-2051.00,Data Scientists,15-1211.00,Computer Systems Analysts,15-1252.00,Software Developers,0.920107,0.000561,0,0.0,0.0,-1,0.481539,40.18,0.486139,0,11
u121,15-1211.00,Computer Systems Analysts,15-2051.00,Data Scientists,15-2051.00,Data Scientists,0.912685,0.0,0,1.0,1.0,1,0.444497,40.0,0.627383,1,1
u121,15-1211.00,Computer Systems Analysts,15-2051.00,Data Scientists,15-1244.00,Network and Computer Systems Administrators,0.980618,0.0,0,0.0,0.0,-1,0.527933,40.0,0.520468,0,2
u121,15-1211.00,Computer Systems Analysts,15-2051.00,Data Scientists,15-1253.00,Software Quality Assurance Analysts and Testers,0.949989,0.0,0,0.0,0.0,-1,0.45346,40.0,0.495514,0,3
u121,15-1211.00,Computer Systems Analysts,15-2051.00,Data Scientists,15-1242.00,Database Administrators,0.945774,0.0,0,0.0,0.0,-1,0.460339,40.0,0.494649,0,4
u121,15-1211.00,Computer Systems Analysts,15-2051.00,Data Scientists,15-1254.00,Web Developers,0.944089,0.0,0,0.0,0.0,-1,0.444649,40.0,0.491537,0,5
u121,15-1211.00,Computer Systems Analysts,15-2051.00,Data Scientists,15-1243.00,Database Architects,0.938717,0.0,0,0.0,0.0,-1,0.45602,40.0,0.490826,0,6
u121,15-1211.00,Computer Systems Analysts,15-2051.00,Data Scientists,15-1212.00,Information Security Analysts,0.939574,0.0,0,0.0,0.0,-1,0.442541,40.0,0.489189,0,7
u121,15-1211.00,Computer Systems Analysts,15-2051.00,Data Scientists,15-1255.00,Web and Digital Interface Designers,0.92236,0.0,0,0.0,0.0,-1,0.447179,40.0,0.482139,0,8
u121,15-1211.00,Computer Systems Analysts,15-2051.00,Data Scientists,15-1251.00,Computer Programmers,0.918195,0.000534,0,0.0,0.0,-1,0.444167,40.17,0.479679,0,9
u121,15-1211.00,Computer Systems Analysts,15-2051.00,Data Scientists,15-2031.00,Operations Research Analysts,0.878353,0.007213,0,0.0,0.0,-1,0.47153,42.31,0.464185,0,10
u121,15-1211.00,Computer Systems Analysts,15-2051.00,Data Scientists,15-1252.00,Software Developers,0.886983,0.0,0,0.0,0.0,-1,0.426037,40.0,0.463048,0,11
u122,15-1212.00,Information Security Analysts,15-1242.00,Database Administrators,15-1244.00,Network and Computer Systems Administrators,0.973707,0.007398,1,0.0,0.0,-1,0.585392,54.37,0.524128,0,1
u122,15-1212.00,Information Security Analysts,15-1242.00,Database Administrators,15-1211.00,Computer Systems Analysts,0.976694,0.001991,0,0.0,0.0,-1,0.557459,40.64,0.522633,0,2
u122,15-1212.00,Information Security Analysts,15-1242.00,Database Administrators,15-1242.00,Database Administrators,0.95553,0.000292,0,0.0,0.0,-1,0.517798,40.09,0.507585,1,3
u122,15-1212.00,Information Security Analysts,15-1242.00,Database Administrators,15-1243.00,Database Architects,0.953087,0.00128,0,0.0,0.0,-1,0.513479,40.41,0.505591,0,4
u122,15-1212.00,Information Security Analysts,15-1242.00,Database Administrators,15-1253.00,Software Quality Assurance Analysts and Testers,0.951778,0.000817,0,0.0,0.0,-1,0.510919,40.26,0.504734,0,5
u122,15-1212.00,Information Security Analysts,15-1242.00,Database Administrators,15-1255.00,Web and Digital Interface Designers,0.940438,0.00312,0,0.0,0.0,-1,0.504637,41.0,0.498113,0,6
u122,15-1212.00,Information Security Analysts,15-1242.00,Database Administrators,15-2051.00,Data Scientists,0.936785,0.0,0,0.0,0.0,-1,0.501956,40.0,0.496847,0,7
u122,15-1212.00,Information Security Analysts,15-1242.00,Database Administrators,15-1254.00,Web Developers,0.940916,0.013875,0,0.0,0.0,-1,0.502108,44.44,0.495259,0,8
u122,15-1212.00,Information Security Analysts,15-1242.00,Database Administrators,15-1252.00,Software Developers,0.925077,0.0,0,0.0,0.0,-1,0.483495,40.0,0.488809,0,9
u122,15-1212.00,Information Security Analysts,15-1242.00,Database Administrators,15-1251.00,Computer Programmers,0.91248,0.024908,0,0.0,0.0,-1,0.501626,47.97,0.479633,0,10
u122,15-1212.00,Information Security Analysts,15-1242.00,Database Administrators,15-2031.00,Operations Research Analysts,0.894725,0.025273,0,0.0,0.0,-1,0.528989,48.09,0.475656,0,11
u123,15-1242.00,Database Administrators,15-2051.00,Data Scientists,15-2051.00,Data Scientists,0.945025,0.0,0,1.0,1.0,1,0.484159,40.0,0.647885,1,1
u123,15-1242.00,Database Administrators,15-2051.00,Data Scientists,15-1211.00,Computer Systems Analysts,0.982607,0.000869,0,0.0,0.0,-1,0.539661,40.28,0.522905,0,2
u123,15-1242.00,Database Administrators,15-2051.00,Data Scientists,15-1244.00,Network and Computer Systems Administrators,0.971735,0.010869,1,0.0,0.0,-1,0.567594,55.48,0.519703,0,3
u123,15-1242.00,Database Administrators,15-2051.00,Data Scientists,15-1243.00,Database Architects,0.970197,0.0,0,0.0,0.0,-1,0.495681,40.0,0.510941,0,4
u123,15-1242.00,Database Administrators,15-2051.00,Data Scientists,15-1253.00,Software Quality Assurance Analysts and Testers,0.957349,0.0,0,0.0,0.0,-1,0.493122,40.0,0.504775,0,5
u123,15-1242.00,Database Administrators,15-2051.00,Data Scientists,15-1254.00,Web Developers,0.959274,0.0,0,0.0,0.0,-1,0.48431,40.0,0.50432,0,6
u123,15-1242.00,Database Administrators,15-2051.00,Data Scientists,15-1212.00,Information Security Analysts,0.959573,0.0,0,0.0,0.0,-1,0.482202,40.0,0.504138,0,7
u123,15-1242.00,Database Administrators,15-2051.00,Data Scientists,15-1255.00,Web and Digital Interface Designers,0.950963,0.0,0,0.0,0.0,-1,0.48684,40.0,0.500959,0,8
u123,15-1242.00,Database Administrators,15-2051.00,Data Scientists,15-2031.00,Operations Research Analysts,0.930802,0.001834,0,0.0,0.0,-1,0.511191,40.59,0.495081,0,9
u123,15-1242.00,Database Administrators,15-2051.00,Data Scientists,15-1251.00,Computer Programmers,0.936676,0.011712,0,0.0,0.0,-1,0.483829,43.75,0.491151,0,10
u123,15-1242.00,Database Administrators,15-2051.00,Data Scientists,15-1252.00,Software Developers,0.916062,0.0,0,0.0,0.0,-1,0.465698,40.0,0.482082,0,11
u124,15-1243.00,Database Architects,15-1244.00,Network and Computer Systems Administrators,15-1211.00,Computer Systems Analysts,0.976115,0.0,0,0.0,0.0,-1,0.54398,40.0,0.520849,0,1
u124,15-1243.00,Database Architects,15-1244.00,Network and Computer Systems Administrators,15-1244.00,Network and Computer Systems Administrators,0.961551,0.012617,1,0.0,0.0,-1,0.571913,56.04,0.515331,1,2
u124,15-1243.00,Database Architects,15-1244.00,Network and Computer Systems Administrators,15-1242.00,Database Administrators,0.968728,0.0,0,0.0,0.0,-1,0.504319,40.0,0.511576,0,3
u124,15-1243.00,Database Architects,15-1244.00,Network and Computer Systems Administrators,15-1254.00,Web Developers,0.966642,0.0,0,0.0,0.0,-1,0.488629,40.0,0.508283,0,4
u124,15-1243.00,Database Architects,15-1244.00,Network and Computer Systems Administrators,15-1253.00,Software Quality Assurance Analysts and Testers,0.953072,0.001273,0,0.0,0.0,-1,0.49744,40.41,0.50318,0,5
u124,15-1243.00,Database Architects,15-1244.00,Network and Computer Systems Administrators,15-1255.00,Web and Digital Interface Designers,0.952763,0.0,0,0.0,0.0,-1,0.491159,40.0,0.502417,0,6
u124,15-1243.00,Database Architects,15-1244.00,Network and Computer Systems Administrators,15-1212.00,Information Security Analysts,0.948163,0.0,0,0.0,0.0,-1,0.486521,40.0,0.499652,0,7
u124,15-1243.00,Database Architects,15-1244.00,Network and Computer Systems Administrators,15-2051.00,Data Scientists,0.942753,0.0,0,0.0,0.0,-1,0.488477,40.0,0.497511,0,8
u124,15-1243.00,Database Architects,15-1244.00,Network and Computer Systems Administrators,15-2031.00,Operations Research Analysts,0.92641,0.003281,0,0.0,0.0,-1,0.51551,41.05,0.493391,0,9
u124,15-1243.00,Database Architects,15-1244.00,Network and Computer Systems Administrators,15-1251.00,Computer Programmers,0.935678,0.006617,0,0.0,0.0,-1,0.488147,42.12,0.492623,0,10
u124,15-1243.00,Database Architects,15-1244.00,Network and Computer Systems Administrators,15-1252.00,Software Developers,0.908405,0.0,0,0.0,0.0,-1,0.470017,40.0,0.479285,0,11
u125,15-1244.00,Network and Computer Systems Administrators,15-1212.00,Information Security Analysts,15-1212.00,Information Security Analysts,0.909397,0.0,0,1.0,1.0,1,0.414608,40.0,0.62142,1,1
u125,15-1244.00,Network and Computer Systems Administrators,15-1212.00,Information Security Analysts,15-1211.00,Computer Systems Analysts,0.954831,0.0,0,0.0,0.0,-1,0.472067,40.0,0.500484,0,2
u125,15-1244.00,Network and Computer Systems Administrators,15-1212.00,Information Security Analysts,15-1242.00,Database Administrators,0.914099,0.0,0,0.0,0.0,-1,0.432406,40.0,0.476205,0,3
u125,15-1244.00,Network and Computer Systems Administrators,15-1212.00,Information Security Analysts,15-1253.00,Software Quality Assurance Analysts and Testers,0.910441,0.0,0,0.0,0.0,-1,0.425527,40.0,0.473527,0,4
u125,15-1244.00,Network and Computer Systems Administrators,15-1212.00,Information Security Analysts,15-1243.00,Database Architects,0.909137,0.0,0,0.0,0.0,-1,0.428087,40.0,0.473325,0,5
u125,15-1244.00,Network and Computer Systems Administrators,15-1212.00,Information Security Analysts,15-1254.00,Web Developers,0.906728,0.0,0,0.0,0.0,-1,0.416716,40.0,0.470535,0,6
u125,15-1244.00,Network and Computer Systems Administrators,15-1212.00,Information Security Analysts,15-1255.00,Web and Digital Interface Designers,0.885151,0.0,0,0.0,0.0,-1,0.419245,40.0,0.461205,0,7
u125,15-1244.00,Network and Computer Systems Administrators,15-1212.00,Information Security Analysts,15-1251.00,Computer Programmers,0.883685,0.000855,0,0.0,0.0,-1,0.416234,40.27,0.45988,0,8
u125,15-1244.00,Network and Computer Systems Administrators,15-1212.00,Information Security Analysts,15-2051.00,Data Scientists,0.86907,0.0,0,0.0,0.0,-1,0.416564,40.0,0.453566,0,9
u125,15-1244.00,Network and Computer Systems Administrators,15-1212.00,Information Security Analysts,15-1252.00,Software Developers,0.857525,0.0,0,0.0,0.0,-1,0.398103,40.0,0.445602,0,10
u125,15-1244.00,Network and Computer Systems Administrators,15-1212.00,Information Security Analysts,15-2031.00,Operations Research Analysts,0.842373,0.004082,0,0.0,0.0,-1,0.443597,41.31,0.444587,0,11
u126,15-1251.00,Computer Programmers,15-1252.00,Software Developers,15-1252.00,Software Developers,0.84922,0.0,0,0.615385,0.615385,1,0.481869,40.0,0.546737,1,1
u126,15-1251.00,Computer Programmers,15-1252.00,Software Developers,15-1254.00,Web Developers,0.954341,0.0,0,0.25641,0.25641,1,0.500482,40.0,0.542987,0,2
u126,15-1251.00,Computer Programmers,15-1252.00,Software Developers,15-2051.00,Data Scientists,0.904663,0.0,0,0.0,0.341881,2,0.50033,40.0,0.53343,0,3
u126,15-1251.00,Computer Programmers,15-1252.00,Software Developers,15-1212.00,Information Security Analysts,0.92153,0.0,0,0.0,0.273504,2,0.498374,40.0,0.53047,0,4
u126,15-1251.00,Computer Programmers,15-1252.00,Software Developers,15-1244.00,Network and Computer Systems Administrators,0.967331,0.00802,1,0.0,0.0,-1,0.583766,54.57,0.520859,0,5
u126,15-1251.00,Computer Programmers,15-1252.00,Software Developers,15-1211.00,Computer Systems Analysts,0.964636,0.000966,0,0.0,0.0,-1,0.555833,40.31,0.51722,0,6
u126,15-1251.00,Computer Programmers,15-1252.00,Software Developers,15-1255.00,Web and Digital Interface Designers,0.928353,0.0,0,0.0,0.102564,2,0.503011,40.0,0.508595,0,7
u126,15-1251.00,Computer Programmers,15-1252.00,Software Developers,15-1253.00,Software Quality Assurance Analysts and Testers,0.949875,0.0,0,0.0,0.0,-1,0.509293,40.0,0.503838,0,8
u126,15-1251.00,Computer Programmers,15-1252.00,Software Developers,15-1242.00,Database Administrators,0.944043,0.0,0,0.0,0.0,-1,0.516171,40.0,0.502245,0,9
u126,15-1251.00,Computer Programmers,15-1252.00,Software Developers,15-1243.00,Database Architects,0.944277,0.0,0,0.0,0.0,-1,0.511853,40.0,0.501703,0,10
u126,15-1251.00,Computer Programmers,15-1252.00,Software Developers,15-2031.00,Operations Research Analysts,0.884966,0.010402,0,0.128205,0.128205,1,0.527362,43.33,0.493969,0,11
u127,15-1252.00,Software Developers,15-1253.00,Software Quality Assurance Analysts and Testers,15-2051.00,Data Scientists,0.927183,0.001121,0,0.555556,0.555556,1,0.518461,40.36,0.578055,0,1
u127,15-1252.00,Software Developers,15-1253.00,Software Quality Assurance Analysts and Testers,15-1212.00,Information Security Analysts,0.945449,0.004339,0,0.444444,0.444444,1,0.516505,41.39,0.56851,0,2
u127,15-1252.00,Software Developers,15-1253.00,Software Quality Assurance Analysts and Testers,15-1211.00,Computer Systems Analysts,0.963819,0.011224,2,0.0,0.0,-1,0.573963,67.59,0.517007,0,3
u127,15-1252.00,Software Developers,15-1253.00,Software Quality Assurance Analysts and Testers,15-1244.00,Network and Computer Systems Administrators,0.954281,0.021015,4,0.0,0.0,-1,0.601897,94.72,0.514457,0,4
u127,15-1252.00,Software Developers,15-1253.00,Software Quality Assurance Analysts and Testers,15-1242.00,Database Administrators,0.948971,0.00777,1,0.0,0.0,-1,0.534302,54.49,0.50524,0,5
u127,15-1252.00,Software Developers,15-1253.00,Software Quality Assurance Analysts and Testers,15-1243.00,Database Architects,0.950247,0.008568,1,0.0,0.0,-1,0.529983,54.74,0.504967,0,6
u127,15-1252.00,Software Developers,15-1253.00,Software Quality Assurance Analysts and Testers,15-1255.00,Web and Digital Interface Designers,0.934165,0.012384,1,0.0,0.0,-1,0.521142,55.96,0.495449,0,7
u127,15-1252.00,Software Developers,15-1253.00,Software Quality Assurance Analysts and Testers,15-1253.00,Software Quality Assurance Analysts and Testers,0.918697,0.017961,2,0.0,0.0,-1,0.527424,69.75,0.488037,1,8
u127,15-1252.00,Software Developers,15-1253.00,Software Quality Assurance Analysts and Testers,15-1254.00,Web Developers,0.919732,0.025238,1,0.0,0.0,-1,0.518612,60.08,0.485362,0,9
u127,15-1252.00,Software Developers,15-1253.00,Software Quality Assurance Analysts and Testers,15-2031.00,Operations Research Analysts,0.903257,0.016712,1,0.0,0.0,-1,0.545493,57.35,0.484112,0,10
u127,15-1252.00,Software Developers,15-1253.00,Software Quality Assurance Analysts and Testers,15-1251.00,Computer Programmers,0.878063,0.047364,2,0.0,0.0,-1,0.518131,79.16,0.461007,0,11
u128,15-1253.00,Software Quality Assurance Analysts and Testers,15-1252.00,Software Developers,15-1252.00,Software Developers,0.880659,0.0,0,1.0,1.0,1,0.472576,40.0,0.617183,1,1
u128,15-1253.00,Software Quality Assurance Analysts and Testers,15-1252.00,Software Developers,15-2051.00,Data Scientists,0.916526,0.0,0,0.0,0.555556,2,0.491037,40.0,0.569426,0,2
u128,15-1253.00,Software Quality Assurance Analysts and Testers,15-1252.00,Software Developers,15-1212.00,Information Security Analysts,0.946053,0.0,0,0.0,0.444444,2,0.489081,40.0,0.565753,0,3
u128,15-1253.00,Software Quality Assurance Analysts and Testers,15-1252.00,Software Developers,15-1244.00,Network and Computer Systems Administrators,0.977092,0.003438,2,0.0,0.0,-1,0.574473,65.1,0.525003,0,4
u128,15-1253.00,Software Quality Assurance Analysts and Testers,15-1252.00,Software Developers,15-1211.00,Computer Systems Analysts,0.974316,0.0,0,0.0,0.0,-1,0.54654,40.0,0.520423,0,5
u128,15-1253.00,Software Quality Assurance Analysts and Testers,15-1252.00,Software Developers,15-1242.00,Database Administrators,0.949647,0.0,0,0.0,0.0,-1,0.506878,40.0,0.503373,0,6
u128,15-1253.00,Software Quality Assurance Analysts and Testers,15-1252.00,Software Developers,15-1254.00,Web Developers,0.95456,0.0,0,0.0,0.0,-1,0.491189,40.0,0.50323,0,7
u128,15-1253.00,Software Quality Assurance Analysts and Testers,15-1252.00,Software Developers,15-1243.00,Database Architects,0.944292,0.0,0,0.0,0.0,-1,0.50256,40.0,0.500315,0,8
u128,15-1253.00,Software Quality Assurance Analysts and Testers,15-1252.00,Software Developers,15-1251.00,Computer Programmers,0.931927,0.00558,0,0.0,0.0,-1,0.490707,41.79,0.491578,0,9
u128,15-1253.00,Software Quality Assurance Analysts and Testers,15-1252.00,Software Developers,15-1255.00,Web and Digital Interface Designers,0.926405,0.0,0,0.0,0.0,-1,0.493718,40.0,0.49094,0,10
u128,15-1253.00,Software Quality Assurance Analysts and Testers,15-1252.00,Software Developers,15-2031.00,Operations Research Analysts,0.890403,0.013808,0,0.0,0.0,-1,0.518069,44.42,0.47494,0,11
u129,15-1254.00,Web Developers,15-1252.00,Software Developers,15-1255.00,Web and Digital Interface Designers,0.945731,0.0,0,0.4,0.4,1,0.50253,40.0,0.560959,0,1
u129,15-1254.00,Web Developers,15-1252.00,Software Developers,15-1252.00,Software Developers,0.88293,0.0,0,0.6,0.6,1,0.481388,40.0,0.559527,1,2
u129,15-1254.00,Web Developers,15-1252.00,Software Developers,15-2051.00,Data Scientists,0.925452,0.0,0,0.0,0.333334,2,0.499848,40.0,0.541431,0,3
u129,15-1254.00,Web Developers,15-1252.00,Software Developers,15-1212.00,Information Security Analysts,0.942513,0.0,0,0.0,0.266666,2,0.497892,40.0,0.538815,0,4
u129,15-1254.00,Web Developers,15-1252.00,Software Developers,15-1244.00,Network and Computer Systems Administrators,0.971621,0.005993,1,0.0,0.0,-1,0.583284,53.92,0.523224,0,5
u129,15-1254.00,Web Developers,15-1252.00,Software Developers,15-1211.00,Computer Systems Analysts,0.972012,0.00082,0,0.0,0.0,-1,0.555351,40.26,0.520503,0,6
u129,15-1254.00,Web Developers,15-1252.00,Software Developers,15-1243.00,Database Architects,0.959826,0.0,0,0.0,0.0,-1,0.511371,40.0,0.508627,0,7
u129,15-1254.00,Web Developers,15-1252.00,Software Developers,15-1242.00,Database Administrators,0.958059,0.0,0,0.0,0.0,-1,0.51569,40.0,0.50848,0,8
u129,15-1254.00,Web Developers,15-1252.00,Software Developers,15-1253.00,Software Quality Assurance Analysts and Testers,0.951903,0.0,0,0.0,0.0,-1,0.508811,40.0,0.504678,0,9
u129,15-1254.00,Web Developers,15-1252.00,Software Developers,15-1251.00,Computer Programmers,0.941654,0.0,0,0.0,0.0,-1,0.499518,40.0,0.498672,0,10
u129,15-1254.00,Web Developers,15-1252.00,Software Developers,15-2031.00,Operations Research Analysts,0.904512,0.009385,0,0.0,0.0,-1,0.526881,43.0,0.483717,0,11
u130,15-1255.00,Web and Digital Interface Designers,15-2031.00,Operations Research Analysts,15-1244.00,Network and Computer Systems Administrators,0.970096,0.008209,1,0.0,0.0,-1,0.580755,54.63,0.521604,0,1
u130,15-1255.00,Web and Digital Interface Designers,15-2031.00,Operations Research Analysts,15-1211.00,Computer Systems Analysts,0.975607,0.003337,1,0.0,0.0,-1,0.552821,53.07,0.521112,0,2
u130,15-1255.00,Web and Digital Interface Designers,15-2031.00,Operations Research Analysts,15-1243.00,Database Architects,0.967346,0.0,0,0.0,0.0,-1,0.508841,40.0,0.511632,0,3
u130,15-1255.00,Web and Digital Interface Designers,15-2031.00,Operations Research Analysts,15-1242.00,Database Administrators,0.960792,0.0,0,0.0,0.0,-1,0.51316,40.0,0.509331,0,4
u130,15-1255.00,Web and Digital Interface Designers,15-2031.00,Operations Research Analysts,15-1254.00,Web Developers,0.956921,0.0,0,0.0,0.0,-1,0.49747,40.0,0.505235,0,5
u130,15-1255.00,Web and Digital Interface Designers,15-2031.00,Operations Research Analysts,15-1212.00,Information Security Analysts,0.956706,0.0,0,0.0,0.0,-1,0.495363,40.0,0.504822,0,6
u130,15-1255.00,Web and Digital Interface Designers,15-2031.00,Operations Research Analysts,15-1253.00,Software Quality Assurance Analysts and Testers,0.947103,0.000855,0,0.0,0.0,-1,0.506282,40.27,0.501925,0,7
u130,15-1255.00,Web and Digital Interface Designers,15-2031.00,Operations Research Analysts,15-2051.00,Data Scientists,0.936336,0.0,0,0.0,0.0,-1,0.497319,40.0,0.495949,0,8
u130,15-1255.00,Web and Digital Interface Designers,15-2031.00,Operations Research Analysts,15-1251.00,Computer Programmers,0.93116,0.004842,0,0.0,0.0,-1,0.496989,41.55,0.49236,0,9
u130,15-1255.00,Web and Digital Interface Designers,15-2031.00,Operations Research Analysts,15-1252.00,Software Developers,0.912205,0.0,0,0.0,0.0,-1,0.478858,40.0,0.482321,0,10
u130,15-1255.00,Web and Digital Interface Designers,15-2031.00,Operations Research Analysts,15-2031.00,Operations Research Analysts,0.901673,0.014426,1,0.0,0.0,-1,0.524351,56.62,0.480799,1,11
u131,15-2031.00,Operations Research Analysts,15-2051.00,Data Scientists,15-2051.00,Data Scientists,0.961006,0.0,0,1.0,1.0,1,0.472968,40.0,0.653398,1,1
u131,15-2031.00,Operations Research Analysts,15-2051.00,Data Scientists,15-1211.00,Computer Systems Analysts,0.967779,0.003256,1,0.0,0.0,-1,0.52847,53.04,0.513957,0,2
u131,15-2031.00,Operations Research Analysts,15-2051.00,Data Scientists,15-1242.00,Database Administrators,0.962142,0.0,0,0.0,0.0,-1,0.488809,40.0,0.506285,0,3
u131,15-2031.00,Operations Research Analysts,15-2051.00,Data Scientists,15-1243.00,Database Architects,0.960051,0.0,0,0.0,0.0,-1,0.48449,40.0,0.504696,0,4
u131,15-2031.00,Operations Research Analysts,15-2051.00,Data Scientists,15-1244.00,Network and Computer Systems Administrators,0.942847,0.017683,3,0.0,0.0,-1,0.556403,81.66,0.503321,0,5
u131,15-2031.00,Operations Research Analysts,15-2051.00,Data Scientists,15-1253.00,Software Quality Assurance Analysts and Testers,0.950821,0.0,0,0.0,0.0,-1,0.481931,40.0,0.500159,0,6
u131,15-2031.00,Operations Research Analysts,15-2051.00,Data Scientists,15-1212.00,Information Security Analysts,0.949108,0.000634,0,0.0,0.0,-1,0.471011,40.2,0.497592,0,7
u131,15-2031.00,Operations Research Analysts,15-2051.00,Data Scientists,15-1254.00,Web Developers,0.94884,0.003751,0,0.0,0.0,-1,0.473119,41.2,0.497008,0,8
u131,15-2031.00,Operations Research Analysts,15-2051.00,Data Scientists,15-1255.00,Web and Digital Interface Designers,0.942881,0.000202,0,0.0,0.0,-1,0.475649,40.06,0.495593,0,9
u131,15-2031.00,Operations Research Analysts,15-2051.00,Data Scientists,15-1251.00,Computer Programmers,0.926367,0.018284,0,0.0,0.0,-1,0.472638,45.85,0.48319,0,10
u131,15-2031.00,Operations Research Analysts,15-2051.00,Data Scientists,15-1252.00,Software Developers,0.912109,0.003809,1,0.0,0.0,-1,0.454507,53.22,0.477673,0,11
u132,15-2051.00,Data Scientists,15-1211.00,Computer Systems Analysts,15-1211.00,Computer Systems Analysts,0.972125,0.003573,1,0.0,0.0,-1,0.555503,53.14,0.519888,1,1
u132,15-2051.00,Data Scientists,15-1211.00,Computer Systems Analysts,15-1242.00,Database Administrators,0.965601,0.000124,0,0.0,0.0,-1,0.515841,40.04,0.511866,0,2
u132,15-2051.00,Data Scientists,15-1211.00,Computer Systems Analysts,15-1244.00,Network and Computer Systems Administrators,0.951795,0.017298,4,0.0,0.0,-1,0.583436,93.54,0.511498,0,3
u132,15-2051.00,Data Scientists,15-1211.00,Computer Systems Analysts,15-1243.00,Database Architects,0.962637,0.0,0,0.0,0.0,-1,0.511523,40.0,0.509915,0,4
u132,15-2051.00,Data Scientists,15-1211.00,Computer Systems Analysts,15-1212.00,Information Security Analysts,0.961451,0.001532,0,0.0,0.0,-1,0.498044,40.49,0.506977,0,5
u132,15-2051.00,Data Scientists,15-1211.00,Computer Systems Analysts,15-1255.00,Web and Digital Interface Designers,0.952883,0.0,0,0.0,0.0,-1,0.502681,40.0,0.5042,0,6
u132,15-2051.00,Data Scientists,15-1211.00,Computer Systems Analysts,15-1253.00,Software Quality Assurance Analysts and Testers,0.947734,0.001417,0,0.0,0.0,-1,0.508963,40.45,0.502471,0,7
u132,15-2051.00,Data Scientists,15-1211.00,Computer Systems Analysts,15-1254.00,Web Developers,0.951262,0.004721,0,0.0,0.0,-1,0.500152,41.51,0.501911,0,8
u132,15-2051.00,Data Scientists,15-1211.00,Computer Systems Analysts,15-2031.00,Operations Research Analysts,0.932993,0.004915,0,0.0,0.0,-1,0.527032,41.57,0.497673,0,9
u132,15-2051.00,Data Scientists,15-1211.00,Computer Systems Analysts,15-1252.00,Software Developers,0.927194,0.004261,1,0.0,0.0,-1,0.481539,53.36,0.488403,0,10
u132,15-2051.00,Data Scientists,15-1211.00,Computer Systems Analysts,15-1251.00,Computer Programmers,0.91913,0.017979,0,0.0,0.0,-1,0.49967,45.75,0.484064,0,11
u133,15-1211.00,Computer Systems Analysts,15-2051.00,Data Scientists,15-2051.00,Data Scientists,0.91883,0.0,0,1.0,1.0,1,0.444497,40.0,0.630148,1,1
u133,15-1211.00,Computer Systems Analysts,15-2051.00,Data Scientists,15-1244.00,Network and Computer Systems Administrators,0.989883,6.7e-05,0,0.0,0.0,-1,0.527933,40.02,0.524621,0,2
u133,15-1211.00,Computer Systems Analysts,15-2051.00,Data Scientists,15-1242.00,Database Administrators,0.955849,0.0,0,0.0,0.0,-1,0.460339,40.0,0.499183,0,3
u133,15-1211.00,Computer Systems Analysts,15-2051.00,Data Scientists,15-1253.00,Software Quality Assurance Analysts and Testers,0.9502,0.0,0,0.0,0.0,-1,0.45346,40.0,0.495609,0,4
u133,15-1211.00,Computer Systems Analysts,15-2051.00,Data Scientists,15-1243.00,Database Architects,0.948918,0.0,0,0.0,0.0,-1,0.45602,40.0,0.495416,0,5
u133,15-1211.00,Computer Systems Analysts,15-2051.00,Data Scientists,15-1254.00,Web Developers,0.947934,0.0,0,0.0,0.0,-1,0.444649,40.0,0.493268,0,6
u133,15-1211.00,Computer Systems Analysts,15-2051.00,Data Scientists,15-1212.00,Information Security Analysts,0.944724,0.0,0,0.0,0.0,-1,0.442541,40.0,0.491507,0,7
u133,15-1211.00,Computer Systems Analysts,15-2051.00,Data Scientists,15-1255.00,Web and Digital Interface Designers,0.925632,0.0,0,0.0,0.0,-1,0.447179,40.0,0.483611,0,8
u133,15-1211.00,Computer Systems Analysts,15-2051.00,Data Scientists,15-1251.00,Computer Programmers,0.916868,0.005752,0,0.0,0.0,-1,0.444167,41.84,0.477778,0,9
u133,15-1211.00,Computer Systems Analysts,15-2051.00,Data Scientists,15-2031.00,Operations Research Analysts,0.893769,0.006133,0,0.0,0.0,-1,0.47153,41.96,0.471392,0,10
u133,15-1211.00,Computer Systems Analysts,15-2051.00,Data Scientists,15-1252.00,Software Developers,0.900222,0.0,0,0.0,0.0,-1,0.426037,40.0,0.469006,0,11
u134,15-1212.00,Information Security Analysts,15-1242.00,Database Administrators,15-1244.00,Network and Computer Systems Administrators,0.974003,0.004879,1,0.0,0.0,-1,0.585392,53.56,0.52489,0,1
u134,15-1212.00,Information Security Analysts,15-1242.00,Database Administrators,15-1211.00,Computer Systems Analysts,0.969427,0.0,0,0.0,0.0,-1,0.557459,40.0,0.519861,0,2
u134,15-1212.00,Information Security Analysts,15-1242.00,Database Administrators,15-1242.00,Database Administrators,0.947377,0.0,0,0.0,0.0,-1,0.517798,40.0,0.503989,1,3
u134,15-1212.00,Information Security Analysts,15-1242.00,Database Administrators,15-1253.00,Software Quality Assurance Analysts and Testers,0.946173,0.000265,0,0.0,0.0,-1,0.510919,40.08,0.502349,0,4
u134,15-1212.00,Information Security Analysts,15-1242.00,Database Administrators,15-1243.00,Database Architects,0.938877,0.000739,0,0.0,0.0,-1,0.513479,40.24,0.499332,0,5
u134,15-1212.00,Information Security Analysts,15-1242.00,Database Administrators,15-1254.00,Web Developers,0.936236,0.009727,0,0.0,0.0,-1,0.502108,43.11,0.49419,0,6
u134,15-1212.00,Information Security Analysts,15-1242.00,Database Administrators,15-1255.00,Web and Digital Interface Designers,0.927156,0.003328,0,0.0,0.0,-1,0.504637,41.06,0.492084,0,7
u134,15-1212.00,Information Security Analysts,15-1242.00,Database Administrators,15-2051.00,Data Scientists,0.92536,0.0,0,0.0,0.0,-1,0.501956,40.0,0.491705,0,8
u134,15-1212.00,Information Security Analysts,15-1242.00,Database Administrators,15-1252.00,Software Developers,0.904756,0.0,0,0.0,0.0,-1,0.483495,40.0,0.479664,0,9
u134,15-1212.00,Information Security Analysts,15-1242.00,Database Administrators,15-1251.00,Computer Programmers,0.904296,0.023014,0,0.0,0.0,-1,0.501626,47.36,0.476424,0,10
u134,15-1212.00,Information Security Analysts,15-1242.00,Database Administrators,15-2031.00,Operations Research Analysts,0.883148,0.019376,0,0.0,0.0,-1,0.528989,46.2,0.471921,0,11
u135,15-1242.00,Database Administrators,15-2051.00,Data Scientists,15-2051.00,Data Scientists,0.942982,0.0,0,1.0,1.0,1,0.484159,40.0,0.646966,1,1
u135,15-1242.00,Database Administrators,15-2051.00,Data Scientists,15-1211.00,Computer Systems Analysts,0.98165,0.0,0,0.0,0.0,-1,0.539661,40.0,0.522692,0,2
u135,15-1242.00,Database Administrators,15-2051.00,Data Scientists,15-1244.00,Network and Computer Systems Administrators,0.975085,0.00518,1,0.0,0.0,-1,0.567594,53.66,0.522632,0,3
u135,15-1242.00,Database Administrators,15-2051.00,Data Scientists,15-1243.00,Database Architects,0.96915,0.0,0,0.0,0.0,-1,0.495681,40.0,0.51047,0,4
u135,15-1242.00,Database Administrators,15-2051.00,Data Scientists,15-1254.00,Web Developers,0.962323,0.0,0,0.0,0.0,-1,0.48431,40.0,0.505692,0,5
u135,15-1242.00,Database Administrators,15-2051.00,Data Scientists,15-1212.00,Information Security Analysts,0.957046,0.0,0,0.0,0.0,-1,0.482202,40.0,0.503001,0,6
u135,15-1242.00,Database Administrators,15-2051.00,Data Scientists,15-1253.00,Software Quality Assurance Analysts and Testers,0.951783,0.000374,0,0.0,0.0,-1,0.493122,40.12,0.502177,0,7
u135,15-1242.00,Database Administrators,15-2051.00,Data Scientists,15-1255.00,Web and Digital Interface Designers,0.952416,0.0,0,0.0,0.0,-1,0.48684,40.0,0.501613,0,8
u135,15-1242.00,Database Administrators,15-2051.00,Data Scientists,15-1251.00,Computer Programmers,0.932627,0.001437,0,0.0,0.0,-1,0.483829,40.46,0.491897,0,9
u135,15-1242.00,Database Administrators,15-2051.00,Data Scientists,15-2031.00,Operations Research Analysts,0.910566,0.009596,1,0.0,0.0,-1,0.511191,55.07,0.484034,0,10
u135,15-1242.00,Database Administrators,15-2051.00,Data Scientists,15-1252.00,Software Developers,0.916322,0.0,0,0.0,0.0,-1,0.465698,40.0,0.4822,0,11
u136,15-1243.00,Database Architects,15-1244.00,Network and Computer Systems Administrators,15-1211.00,Computer Systems Analysts,0.976151,0.0,0,0.0,0.0,-1,0.54398,40.0,0.520865,0,1
u136,15-1243.00,Database Architects,15-1244.00,Network and Computer Systems Administrators,15-1244.00,Network and Computer Systems Administrators,0.964701,0.008946,2,0.0,0.0,-1,0.571913,66.86,0.517666,1,2
u136,15-1243.00,Database Architects,15-1244.00,Network and Computer Systems Administrators,15-1242.00,Database Administrators,0.964156,0.0,0,0.0,0.0,-1,0.504319,40.0,0.509518,0,3
u136,15-1243.00,Database Architects,15-1244.00,Network and Computer Systems Administrators,15-1254.00,Web Developers,0.968089,0.0,0,0.0,0.0,-1,0.488629,40.0,0.508935,0,4
u136,15-1243.00,Database Architects,15-1244.00,Network and Computer Systems Administrators,15-1255.00,Web and Digital Interface Designers,0.957507,0.0,0,0.0,0.0,-1,0.491159,40.0,0.504552,0,5
u136,15-1243.00,Database Architects,15-1244.00,Network and Computer Systems Administrators,15-1253.00,Software Quality Assurance Analysts and Testers,0.954988,0.000661,0,0.0,0.0,-1,0.49744,40.21,0.504195,0,6
u136,15-1243.00,Database Architects,15-1244.00,Network and Computer Systems Administrators,15-1212.00,Information Security Analysts,0.953308,0.0,0,0.0,0.0,-1,0.486521,40.0,0.501967,0,7
u136,15-1243.00,Database Architects,15-1244.00,Network and Computer Systems Administrators,15-2051.00,Data Scientists,0.937938,0.0,0,0.0,0.0,-1,0.488477,40.0,0.495344,0,8
u136,15-1243.00,Database Architects,15-1244.00,Network and Computer Systems Administrators,15-1251.00,Computer Programmers,0.937174,0.003291,0,0.0,0.0,-1,0.488147,41.05,0.494128,0,9
u136,15-1243.00,Database Architects,15-1244.00,Network and Computer Systems Administrators,15-2031.00,Operations Research Analysts,0.912814,0.011549,0,0.0,0.0,-1,0.51551,43.7,0.485205,0,10
u136,15-1243.00,Database Architects,15-1244.00,Network and Computer Systems Administrators,15-1252.00,Software Developers,0.911688,0.0,0,0.0,0.0,-1,0.470017,40.0,0.480762,0,11
u137,15-1244.00,Network and Computer Systems Administrators,15-1212.00,Information Security Analysts,15-1212.00,Information Security Analysts,0.904838,0.0,0,1.0,1.0,1,0.414608,40.0,0.619368,1,1
u137,15-1244.00,Network and Computer Systems Administrators,15-1212.00,Information Security Analysts,15-1211.00,Computer Systems Analysts,0.950583,0.0,0,0.0,0.0,-1,0.472067,40.0,0.498572,0,2
u137,15-1244.00,Network and Computer Systems Administrators,15-1212.00,Information Security Analysts,15-1253.00,Software Quality Assurance Analysts and Testers,0.912633,0.0,0,0.0,0.0,-1,0.425527,40.0,0.474514,0,3
u137,15-1244.00,Network and Computer Systems Administrators,15-1212.00,Information Security Analysts,15-1242.00,Database Administrators,0.909192,0.0,0,0.0,0.0,-1,0.432406,40.0,0.473997,0,4
u137,15-1244.00,Network and Computer Systems Administrators,15-1212.00,Information Security Analysts,15-1254.00,Web Developers,0.907565,0.0,0,0.0,0.0,-1,0.416716,40.0,0.470912,0,5
u137,15-1244.00,Network and Computer Systems Administrators,15-1212.00,Information Security Analysts,15-1243.00,Database Architects,0.899754,0.0,0,0.0,0.0,-1,0.428087,40.0,0.469102,0,6
u137,15-1244.00,Network and Computer Systems Administrators,15-1212.00,Information Security Analysts,15-1251.00,Computer Programmers,0.879645,0.000846,0,0.0,0.0,-1,0.416234,40.27,0.458064,0,7
u137,15-1244.00,Network and Computer Systems Administrators,15-1212.00,Information Security Analysts,15-1255.00,Web and Digital Interface Designers,0.876382,0.0,0,0.0,0.0,-1,0.419245,40.0,0.457259,0,8
u137,15-1244.00,Network and Computer Systems Administrators,15-1212.00,Information Security Analysts,15-2051.00,Data Scientists,0.864159,0.0,0,0.0,0.0,-1,0.416564,40.0,0.451356,0,9
u137,15-1244.00,Network and Computer Systems Administrators,15-1212.00,Information Security Analysts,15-2031.00,Operations Research Analysts,0.835284,0.008711,0,0.0,0.0,-1,0.443597,42.79,0.440239,0,10
u137,15-1244.00,Network and Computer Systems Administrators,15-1212.00,Information Security Analysts,15-1252.00,Software Developers,0.843476,0.0,0,0.0,0.0,-1,0.398103,40.0,0.43928,0,11
u138,15-1251.00,Computer Programmers,15-1252.00,Software Developers,15-1252.00,Software Developers,0.851001,0.0,0,0.615385,0.615385,1,0.481869,40.0,0.547538,1,1
u138,15-1251.00,Computer Programmers,15-1252.00,Software Developers,15-1254.00,Web Developers,0.96187,0.0,0,0.25641,0.25641,1,0.500482,40.0,0.546375,0,2
u138,15-1251.00,Computer Programmers,15-1252.00,Software Developers,15-2051.00,Data Scientists,0.910481,0.0,0,0.0,0.341881,2,0.50033,40.0,0.536048,0,3
u138,15-1251.00,Computer Programmers,15-1252.00,Software Developers,15-1212.00,Information Security Analysts,0.926095,0.0,0,0.0,0.273504,2,0.498374,40.0,0.532524,0,4
u138,15-1251.00,Computer Programmers,15-1252.00,Software Developers,15-1244.00,Network and Computer Systems Administrators,0.960597,0.012695,3,0.0,0.0,-1,0.583766,80.06,0.51666,0,5
u138,15-1251.00,Computer Programmers,15-1252.00,Software Developers,15-1211.00,Computer Systems Analysts,0.963956,0.002739,1,0.0,0.0,-1,0.555833,52.88,0.51647,0,6
u138,15-1251.00,Computer Programmers,15-1252.00,Software Developers,15-1255.00,Web and Digital Interface Designers,0.93823,0.0,0,0.0,0.102564,2,0.503011,40.0,0.51304,0,7
u138,15-1251.00,Computer Programmers,15-1252.00,Software Developers,15-1253.00,Software Quality Assurance Analysts and Testers,0.954797,0.0,0,0.0,0.0,-1,0.509293,40.0,0.506053,0,8
u138,15-1251.00,Computer Programmers,15-1252.00,Software Developers,15-1242.00,Database Administrators,0.94529,0.0,0,0.0,0.0,-1,0.516171,40.0,0.502806,0,9
u138,15-1251.00,Computer Programmers,15-1252.00,Software Developers,15-1243.00,Database Architects,0.944983,0.0,0,0.0,0.0,-1,0.511853,40.0,0.50202,0,10
u138,15-1251.00,Computer Programmers,15-1252.00,Software Developers,15-2031.00,Operations Research Analysts,0.886107,0.006944,0,0.128205,0.128205,1,0.527362,42.22,0.495347,0,11
u139,15-1252.00,Software Developers,15-1253.00,Software Quality Assurance Analysts and Testers,15-2051.00,Data Scientists,0.928442,0.00318,0,0.555556,0.555556,1,0.518461,41.02,0.578106,0,1
u139,15-1252.00,Software Developers,15-1253.00,Software Quality Assurance Analysts and Testers,15-1212.00,Information Security Analysts,0.956591,0.000495,0,0.444444,0.444444,1,0.516505,40.16,0.574485,0,2
u139,15-1252.00,Software Developers,15-1253.00,Software Quality Assurance Analysts and Testers,15-1211.00,Computer Systems Analysts,0.962631,0.011922,3,0.0,0.0,-1,0.573963,79.82,0.516298,0,3
u139,15-1252.00,Software Developers,15-1253.00,Software Quality Assurance Analysts and Testers,15-1244.00,Network and Computer Systems Administrators,0.954444,0.01833,5,0.0,0.0,-1,0.601897,105.87,0.515202,0,4
u139,15-1252.00,Software Developers,15-1253.00,Software Quality Assurance Analysts and Testers,15-1243.00,Database Architects,0.946591,0.013864,2,0.0,0.0,-1,0.529983,68.44,0.501997,0,5
u139,15-1252.00,Software Developers,15-1253.00,Software Quality Assurance Analysts and Testers,15-1242.00,Database Administrators,0.94253,0.011475,2,0.0,0.0,-1,0.534302,67.67,0.501415,0,6
u139,15-1252.00,Software Developers,15-1253.00,Software Quality Assurance Analysts and Testers,15-1255.00,Web and Digital Interface Designers,0.932934,0.016526,1,0.0,0.0,-1,0.521142,57.29,0.49386,0,7
u139,15-1252.00,Software Developers,15-1253.00,Software Quality Assurance Analysts and Testers,15-1253.00,Software Quality Assurance Analysts and Testers,0.924652,0.017388,3,0.0,0.0,-1,0.527424,81.56,0.49086,1,8
u139,15-1252.00,Software Developers,15-1253.00,Software Quality Assurance Analysts and Testers,15-1254.00,Web Developers,0.912302,0.030656,2,0.0,0.0,-1,0.518612,73.81,0.480664,0,9
u139,15-1252.00,Software Developers,15-1253.00,Software Quality Assurance Analysts and Testers,15-2031.00,Operations Research Analysts,0.889214,0.027806,2,0.0,0.0,-1,0.545493,72.9,0.475019,0,10
u139,15-1252.00,Software Developers,15-1253.00,Software Quality Assurance Analysts and Testers,15-1251.00,Computer Programmers,0.870017,0.049776,3,0.0,0.0,-1,0.518131,91.93,0.456784,0,11
u140,15-1253.00,Software Quality Assurance Analysts and Testers,15-1252.00,Software Developers,15-1252.00,Software Developers,0.872374,0.000315,0,1.0,1.0,1,0.472576,40.1,0.613376,1,1
u140,15-1253.00,Software Quality Assurance Analysts and Testers,15-1252.00,Software Developers,15-2051.00,Data Scientists,0.911325,0.0,0,0.0,0.555556,2,0.491037,40.0,0.567085,0,2
u140,15-1253.00,Software Quality Assurance Analysts and Testers,15-1252.00,Software Developers,15-1212.00,Information Security Analysts,0.944219,0.0,0,0.0,0.444444,2,0.489081,40.0,0.564927,0,3
u140,15-1253.00,Software Quality Assurance Analysts and Testers,15-1252.00,Software Developers,15-1244.00,Network and Computer Systems Administrators,0.980806,0.001697,1,0.0,0.0,-1,0.574473,52.54,0.527109,0,4
u140,15-1253.00,Software Quality Assurance Analysts and Testers,15-1252.00,Software Developers,15-1211.00,Computer Systems Analysts,0.974314,0.0,0,0.0,0.0,-1,0.54654,40.0,0.520422,0,5
u140,15-1253.00,Software Quality Assurance Analysts and Testers,15-1252.00,Software Developers,15-1242.00,Database Administrators,0.944451,0.0,0,0.0,0.0,-1,0.506878,40.0,0.501035,0,6
u140,15-1253.00,Software Quality Assurance Analysts and Testers,15-1252.00,Software Developers,15-1254.00,Web Developers,0.948698,0.0,0,0.0,0.0,-1,0.491189,40.0,0.500592,0,7
u140,15-1253.00,Software Quality Assurance Analysts and Testers,15-1252.00,Software Developers,15-1243.00,Database Architects,0.939081,0.0,0,0.0,0.0,-1,0.50256,40.0,0.49797,0,8
u140,15-1253.00,Software Quality Assurance Analysts and Testers,15-1252.00,Software Developers,15-1251.00,Computer Programmers,0.930454,0.005915,0,0.0,0.0,-1,0.490707,41.89,0.490831,0,9
u140,15-1253.00,Software Quality Assurance Analysts and Testers,15-1252.00,Software Developers,15-1255.00,Web and Digital Interface Designers,0.918156,0.0,0,0.0,0.0,-1,0.493718,40.0,0.487228,0,10
u140,15-1253.00,Software Quality Assurance Analysts and Testers,15-1252.00,Software Developers,15-2031.00,Operations Research Analysts,0.886989,0.01233,0,0.0,0.0,-1,0.518069,43.95,0.473773,0,11
u141,15-1254.00,Web Developers,15-1252.00,Software Developers,15-1255.00,Web and Digital Interface Designers,0.943543,0.0,0,0.4,0.4,1,0.50253,40.0,0.559974,0,1
u141,15-1254.00,Web Developers,15-1252.00,Software Developers,15-1252.00,Software Developers,0.882127,0.0,0,0.6,0.6,1,0.481388,40.0,0.559165,1,2
u141,15-1254.00,Web Developers,15-1252.00,Software Developers,15-2051.00,Data Scientists,0.926895,0.0,0,0.0,0.333334,2,0.499848,40.0,0.54208,0,3
u141,15-1254.00,Web Developers,15-1252.00,Software Developers,15-1212.00,Information Security Analysts,0.941496,0.0,0,0.0,0.266666,2,0.497892,40.0,0.538357,0,4
u141,15-1254.00,Web Developers,15-1252.00,Software Developers,15-1244.00,Network and Computer Systems Administrators,0.973352,0.007099,1,0.0,0.0,-1,0.583284,54.27,0.523726,0,5
u141,15-1254.00,Web Developers,15-1252.00,Software Developers,15-1211.00,Computer Systems Analysts,0.971872,0.000659,0,0.0,0.0,-1,0.555351,40.21,0.52048,0,6
u141,15-1254.00,Web Developers,15-1252.00,Software Developers,15-1243.00,Database Architects,0.958796,0.0,0,0.0,0.0,-1,0.511371,40.0,0.508164,0,7
u141,15-1254.00,Web Developers,15-1252.00,Software Developers,15-1242.00,Database Administrators,0.955372,0.0,0,0.0,0.0,-1,0.51569,40.0,0.507271,0,8
u141,15-1254.00,Web Developers,15-1252.00,Software Developers,15-1253.00,Software Quality Assurance Analysts and Testers,0.949112,0.0,0,0.0,0.0,-1,0.508811,40.0,0.503422,0,9
u141,15-1254.00,Web Developers,15-1252.00,Software Developers,15-1251.00,Computer Programmers,0.939141,0.0,0,0.0,0.0,-1,0.499518,40.0,0.497541,0,10
u141,15-1254.00,Web Developers,15-1252.00,Software Developers,15-2031.00,Operations Research Analysts,0.910442,0.009819,0,0.0,0.0,-1,0.526881,43.14,0.486276,0,11
u142,15-1255.00,Web and Digital Interface Designers,15-2031.00,Operations Research Analysts,15-1211.00,Computer Systems Analysts,0.976711,0.000473,0,0.0,0.0,-1,0.552821,40.15,0.522325,0,1
u142,15-1255.00,Web and Digital Interface Designers,15-2031.00,Operations Research Analysts,15-1244.00,Network and Computer Systems Administrators,0.967869,0.009639,2,0.0,0.0,-1,0.580755,67.08,0.520244,0,2
u142,15-1255.00,Web and Digital Interface Designers,15-2031.00,Operations Research Analysts,15-1243.00,Database Architects,0.969959,0.0,0,0.0,0.0,-1,0.508841,40.0,0.512808,0,3
u142,15-1255.00,Web and Digital Interface Designers,15-2031.00,Operations Research Analysts,15-1242.00,Database Administrators,0.961938,0.0,0,0.0,0.0,-1,0.51316,40.0,0.509846,0,4
u142,15-1255.00,Web and Digital Interface Designers,15-2031.00,Operations Research Analysts,15-1254.00,Web Developers,0.965217,0.0,0,0.0,0.0,-1,0.49747,40.0,0.508968,0,5
u142,15-1255.00,Web and Digital Interface Designers,15-2031.00,Operations Research Analysts,15-1253.00,Software Quality Assurance Analysts and Testers,0.949635,0.001859,0,0.0,0.0,-1,0.506282,40.59,0.502813,0,6
u142,15-1255.00,Web and Digital Interface Designers,15-2031.00,Operations Research Analysts,15-1212.00,Information Security Analysts,0.950987,0.0,0,0.0,0.0,-1,0.495363,40.0,0.502249,0,7
u142,15-1255.00,Web and Digital Interface Designers,15-2031.00,Operations Research Analysts,15-2051.00,Data Scientists,0.93608,0.0,0,0.0,0.0,-1,0.497319,40.0,0.495834,0,8
u142,15-1255.00,Web and Digital Interface Designers,15-2031.00,Operations Research Analysts,15-1251.00,Computer Programmers,0.936942,0.001764,0,0.0,0.0,-1,0.496989,40.56,0.495731,0,9
u142,15-1255.00,Web and Digital Interface Designers,15-2031.00,Operations Research Analysts,15-2031.00,Operations Research Analysts,0.904246,0.010521,1,0.0,0.0,-1,0.524351,55.37,0.482933,1,10
u142,15-1255.00,Web and Digital Interface Designers,15-2031.00,Operations Research Analysts,15-1252.00,Software Developers,0.910636,0.0,0,0.0,0.0,-1,0.478858,40.0,0.481615,0,11
u143,15-2031.00,Operations Research Analysts,15-2051.00,Data Scientists,15-2051.00,Data Scientists,0.942374,0.0,0,1.0,1.0,1,0.472968,40.0,0.645013,1,1
u143,15-2031.00,Operations Research Analysts,15-2051.00,Data Scientists,15-1211.00,Computer Systems Analysts,0.963492,0.00183,0,0.0,0.0,-1,0.52847,40.59,0.512384,0,2
u143,15-2031.00,Operations Research Analysts,15-2051.00,Data Scientists,15-1244.00,Network and Computer Systems Administrators,0.948967,0.014066,2,0.0,0.0,-1,0.556403,68.5,0.506979,0,3
u143,15-2031.00,Operations Research Analysts,15-2051.00,Data Scientists,15-1242.00,Database Administrators,0.954833,0.000345,0,0.0,0.0,-1,0.488809,40.11,0.50291,0,4
u143,15-2031.00,Operations Research Analysts,15-2051.00,Data Scientists,15-1243.00,Database Architects,0.954682,0.001461,0,0.0,0.0,-1,0.48449,40.47,0.501915,0,5
u143,15-2031.00,Operations Research Analysts,15-2051.00,Data Scientists,15-1253.00,Software Quality Assurance Analysts and Testers,0.942904,0.000976,0,0.0,0.0,-1,0.481931,40.31,0.496352,0,6
u143,15-2031.00,Operations Research Analysts,15-2051.00,Data Scientists,15-1212.00,Information Security Analysts,0.941791,0.0,0,0.0,0.0,-1,0.471011,40.0,0.494458,0,7
u143,15-2031.00,Operations Research Analysts,15-2051.00,Data Scientists,15-1254.00,Web Developers,0.945245,0.008269,0,0.0,0.0,-1,0.473119,42.65,0.494261,0,8
u143,15-2031.00,Operations Research Analysts,15-2051.00,Data Scientists,15-1255.00,Web and Digital Interface Designers,0.929398,0.004163,0,0.0,0.0,-1,0.475649,41.33,0.488535,0,9
u143,15-2031.00,Operations Research Analysts,15-2051.00,Data Scientists,15-1251.00,Computer Programmers,0.914831,0.024278,0,0.0,0.0,-1,0.472638,47.77,0.4765,0,10
u143,15-2031.00,Operations Research Analysts,15-2051.00,Data Scientists,15-1252.00,Software Developers,0.902626,0.0,0,0.0,0.0,-1,0.454507,40.0,0.474358,0,11
u144,15-2051.00,Data Scientists,15-1211.00,Computer Systems Analysts,15-1211.00,Computer Systems Analysts,0.974922,0.004652,1,0.0,0.0,-1,0.555503,53.49,0.520878,1,1
u144,15-2051.00,Data Scientists,15-1211.00,Computer Systems Analysts,15-1244.00,Network and Computer Systems Administrators,0.962233,0.01346,2,0.0,0.0,-1,0.583436,68.31,0.517155,0,2
u144,15-2051.00,Data Scientists,15-1211.00,Computer Systems Analysts,15-1242.00,Database Administrators,0.963316,0.0,0,0.0,0.0,-1,0.515841,40.0,0.510869,0,3
u144,15-2051.00,Data Scientists,15-1211.00,Computer Systems Analysts,15-1243.00,Database Architects,0.962334,0.002212,0,0.0,0.0,-1,0.511523,40.71,0.509226,0,4
u144,15-2051.00,Data Scientists,15-1211.00,Computer Systems Analysts,15-1212.00,Information Security Analysts,0.959966,0.0,0,0.0,0.0,-1,0.498044,40.0,0.506691,0,5
u144,15-2051.00,Data Scientists,15-1211.00,Computer Systems Analysts,15-1253.00,Software Quality Assurance Analysts and Testers,0.949481,0.000279,0,0.0,0.0,-1,0.508963,40.09,0.503541,0,6
u144,15-2051.00,Data Scientists,15-1211.00,Computer Systems Analysts,15-1254.00,Web Developers,0.952063,0.00181,0,0.0,0.0,-1,0.500152,40.58,0.502999,0,7
u144,15-2051.00,Data Scientists,15-1211.00,Computer Systems Analysts,15-1255.00,Web and Digital Interface Designers,0.949709,0.002296,0,0.0,0.0,-1,0.502681,40.73,0.502197,0,8
u144,15-2051.00,Data Scientists,15-1211.00,Computer Systems Analysts,15-2031.00,Operations Research Analysts,0.931821,0.003887,0,0.0,0.0,-1,0.527032,41.24,0.497403,0,9
u144,15-2051.00,Data Scientists,15-1211.00,Computer Systems Analysts,15-1251.00,Computer Programmers,0.927872,0.009577,0,0.0,0.0,-1,0.49967,43.06,0.490099,0,10
u144,15-2051.00,Data Scientists,15-1211.00,Computer Systems Analysts,15-1252.00,Software Developers,0.91375,0.007784,1,0.0,0.0,-1,0.481539,54.49,0.481473,0,11
u145,15-1211.00,Computer Systems Analysts,15-2051.00,Data Scientists,15-2051.00,Data Scientists,0.909851,0.0,0,1.0,1.0,1,0.444497,40.0,0.626107,1,1
u145,15-1211.00,Computer Systems Analysts,15-2051.00,Data Scientists,15-1244.00,Network and Computer Systems Administrators,0.984892,0.0,0,0.0,0.0,-1,0.527933,40.0,0.522392,0,2
u145,15-1211.00,Computer Systems Analysts,15-2051.00,Data Scientists,15-1242.00,Database Administrators,0.948763,0.0,0,0.0,0.0,-1,0.460339,40.0,0.495994,0,3
u145,15-1211.00,Computer Systems Analysts,15-2051.00,Data Scientists,15-1253.00,Software Quality Assurance Analysts and Testers,0.948219,0.0,0,0.0,0.0,-1,0.45346,40.0,0.494718,0,4
u145,15-1211.00,Computer Systems Analysts,15-2051.00,Data Scientists,15-1243.00,Database Architects,0.945673,0.0,0,0.0,0.0,-1,0.45602,40.0,0.493956,0,5
u145,15-1211.00,Computer Systems Analysts,15-2051.00,Data Scientists,15-1254.00,Web Developers,0.948463,0.0,0,0.0,0.0,-1,0.444649,40.0,0.493506,0,6
u145,15-1211.00,Computer Systems Analysts,15-2051.00,Data Scientists,15-1212.00,Information Security Analysts,0.938909,0.0,0,0.0,0.0,-1,0.442541,40.0,0.48889,0,7
u145,15-1211.00,Computer Systems Analysts,15-2051.00,Data Scientists,15-1255.00,Web and Digital Interface Designers,0.92702,0.0,0,0.0,0.0,-1,0.447179,40.0,0.484236,0,8
u145,15-1211.00,Computer Systems Analysts,15-2051.00,Data Scientists,15-1251.00,Computer Programmers,0.920795,0.003375,0,0.0,0.0,-1,0.444167,41.08,0.480139,0,9
u145,15-1211.00,Computer Systems Analysts,15-2051.00,Data Scientists,15-2031.00,Operations Research Analysts,0.886693,0.005007,0,0.0,0.0,-1,0.47153,41.6,0.46849,0,10
u145,15-1211.00,Computer Systems Analysts,15-2051.00,Data Scientists,15-1252.00,Software Developers,0.894719,0.0,0,0.0,0.0,-1,0.426037,40.0,0.466529,0,11
u146,15-1212.00,Information Security Analysts,15-1242.00,Database Administrators,15-1244.00,Network and Computer Systems Administrators,0.975134,0.007442,2,0.0,0.0,-1,0.585392,66.38,0.524759,0,1
u146,15-1212.00,Information Security Analysts,15-1242.00,Database Administrators,15-1211.00,Computer Systems Analysts,0.975084,0.002856,1,0.0,0.0,-1,0.557459,52.91,0.521692,0,2
u146,15-1212.00,Information Security Analysts,15-1242.00,Database Administrators,15-1242.00,Database Administrators,0.955283,0.0,0,0.0,0.0,-1,0.517798,40.0,0.507547,1,3
u146,15-1212.00,Information Security Analysts,15-1242.00,Database Administrators,15-1253.00,Software Quality Assurance Analysts and Testers,0.950399,0.0,0,0.0,0.0,-1,0.510919,40.0,0.504318,0,4
u146,15-1212.00,Information Security Analysts,15-1242.00,Database Administrators,15-1243.00,Database Architects,0.9468,0.0,0,0.0,0.0,-1,0.513479,40.0,0.503082,0,5
u146,15-1212.00,Information Security Analysts,15-1242.00,Database Administrators,15-1254.00,Web Developers,0.94355,0.004105,0,0.0,0.0,-1,0.502108,41.31,0.498887,0,6
u146,15-1212.00,Information Security Analysts,15-1242.00,Database Administrators,15-1255.00,Web and Digital Interface Designers,0.936943,0.0,0,0.0,0.0,-1,0.504637,40.0,0.49732,0,7
u146,15-1212.00,Information Security Analysts,15-1242.00,Database Administrators,15-2051.00,Data Scientists,0.930679,0.001316,0,0.0,0.0,-1,0.501956,40.42,0.49377,0,8
u146,15-1212.00,Information Security Analysts,15-1242.00,Database Administrators,15-1251.00,Computer Programmers,0.918742,0.016182,0,0.0,0.0,-1,0.501626,45.18,0.484632,0,9
u146,15-1212.00,Information Security Analysts,15-1242.00,Database Administrators,15-1252.00,Software Developers,0.902828,0.0,0,0.0,0.0,-1,0.483495,40.0,0.478797,0,10
u146,15-1212.00,Information Security Analysts,15-1242.00,Database Administrators,15-2031.00,Operations Research Analysts,0.889094,0.022574,0,0.0,0.0,-1,0.528989,47.22,0.473797,0,11
u147,15-1242.00,Database Administrators,15-2051.00,Data Scientists,15-2051.00,Data Scientists,0.947286,0.0,0,1.0,1.0,1,0.484159,40.0,0.648903,1,1
u147,15-1242.00,Database Administrators,15-2051.00,Data Scientists,15-1211.00,Computer Systems Analysts,0.974939,0.001413,0,0.0,0.0,-1,0.539661,40.45,0.519319,0,2
u147,15-1242.00,Database Administrators,15-2051.00,Data Scientists,15-1244.00,Network and Computer Systems Administrators,0.961993,0.010924,1,0.0,0.0,-1,0.567594,55.5,0.515305,0,3
u147,15-1242.00,Database Administrators,15-2051.00,Data Scientists,15-1243.00,Database Architects,0.964892,0.000451,0,0.0,0.0,-1,0.495681,40.14,0.508441,0,4
u147,15-1242.00,Database Administrators,15-2051.00,Data Scientists,15-1254.00,Web Developers,0.961629,0.000487,0,0.0,0.0,-1,0.48431,40.16,0.505258,0,5
u147,15-1242.00,Database Administrators,15-2051.00,Data Scientists,15-1253.00,Software Quality Assurance Analysts and Testers,0.953479,0.001124,0,0.0,0.0,-1,0.493122,40.36,0.502753,0,6
u147,15-1242.00,Database Administrators,15-2051.00,Data Scientists,15-1212.00,Information Security Analysts,0.954603,0.000205,0,0.0,0.0,-1,0.482202,40.07,0.50185,0,7
u147,15-1242.00,Database Administrators,15-2051.00,Data Scientists,15-1255.00,Web and Digital Interface Designers,0.945036,0.001866,0,0.0,0.0,-1,0.48684,40.6,0.497826,0,8
u147,15-1242.00,Database Administrators,15-2051.00,Data Scientists,15-2031.00,Operations Research Analysts,0.926015,0.00713,0,0.0,0.0,-1,0.511191,42.28,0.491603,0,9
u147,15-1242.00,Database Administrators,15-2051.00,Data Scientists,15-1251.00,Computer Programmers,0.933434,0.005724,0,0.0,0.0,-1,0.483829,41.83,0.491188,0,10
u147,15-1242.00,Database Administrators,15-2051.00,Data Scientists,15-1252.00,Software Developers,0.90061,0.003354,0,0.0,0.0,-1,0.465698,41.07,0.474291,0,11
u148,15-1243.00,Database Architects,15-1244.00,Network and Computer Systems Administrators,15-1244.00,Network and Computer Systems Administrators,0.968288,0.006891,1,0.0,0.0,-1,0.571913,54.21,0.519794,1,1
u148,15-1243.00,Database Architects,15-1244.00,Network and Computer Systems Administrators,15-1211.00,Computer Systems Analysts,0.97101,0.000494,0,0.0,0.0,-1,0.54398,40.16,0.518428,0,2
u148,15-1243.00,Database Architects,15-1244.00,Network and Computer Systems Administrators,15-1242.00,Database Administrators,0.956002,0.0,0,0.0,0.0,-1,0.504319,40.0,0.505849,0,3
u148,15-1243.00,Database Architects,15-1244.00,Network and Computer Systems Administrators,15-1254.00,Web Developers,0.954179,0.0,0,0.0,0.0,-1,0.488629,40.0,0.502675,0,4
u148,15-1243.00,Database Architects,15-1244.00,Network and Computer Systems Administrators,15-1255.00,Web and Digital Interface Designers,0.949258,0.0,0,0.0,0.0,-1,0.491159,40.0,0.50084,0,5
u148,15-1243.00,Database Architects,15-1244.00,Network and Computer Systems Administrators,15-1212.00,Information Security Analysts,0.944659,0.0,0,0.0,0.0,-1,0.486521,40.0,0.498075,0,6
u148,15-1243.00,Database Architects,15-1244.00,Network and Computer Systems Administrators,15-1253.00,Software Quality Assurance Analysts and Testers,0.94098,0.000283,0,0.0,0.0,-1,0.49744,40.09,0.497986,0,7
u148,15-1243.00,Database Architects,15-1244.00,Network and Computer Systems Administrators,15-2051.00,Data Scientists,0.929754,0.0,0,0.0,0.0,-1,0.488477,40.0,0.491661,0,8
u148,15-1243.00,Database Architects,15-1244.00,Network and Computer Systems Administrators,15-1251.00,Computer Programmers,0.927528,0.004306,0,0.0,0.0,-1,0.488147,41.38,0.489533,0,9
u148,15-1243.00,Database Architects,15-1244.00,Network and Computer Systems Administrators,15-2031.00,Operations Research Analysts,0.907353,0.004715,0,0.0,0.0,-1,0.51551,41.51,0.484456,0,10
u148,15-1243.00,Database Architects,15-1244.00,Network and Computer Systems Administrators,15-1252.00,Software Developers,0.910722,0.0,0,0.0,0.0,-1,0.470017,40.0,0.480327,0,11
u149,15-1244.00,Network and Computer Systems Administrators,15-1212.00,Information Security Analysts,15-1212.00,Information Security Analysts,0.915613,0.0,0,1.0,1.0,1,0.414608,40.0,0.624217,1,1
u149,15-1244.00,Network and Computer Systems Administrators,15-1212.00,Information Security Analysts,15-1211.00,Computer Systems Analysts,0.958488,0.0,0,0.0,0.0,-1,0.472067,40.0,0.50213,0,2
u149,15-1244.00,Network and Computer Systems Administrators,15-1212.00,Information Security Analysts,15-1242.00,Database Administrators,0.918586,0.0,0,0.0,0.0,-1,0.432406,40.0,0.478224,0,3
u149,15-1244.00,Network and Computer Systems Administrators,15-1212.00,Information Security Analysts,15-1253.00,Software Quality Assurance Analysts and Testers,0.918253,0.0,0,0.0,0.0,-1,0.425527,40.0,0.477043,0,4
u149,15-1244.00,Network and Computer Systems Administrators,15-1212.00,Information Security Analysts,15-1243.00,Database Architects,0.912256,0.0,0,0.0,0.0,-1,0.428087,40.0,0.474728,0,5
u149,15-1244.00,Network and Computer Systems Administrators,15-1212.00,Information Security Analysts,15-1254.00,Web Developers,0.913327,0.0,0,0.0,0.0,-1,0.416716,40.0,0.473504,0,6
u149,15-1244.00,Network and Computer Systems Administrators,15-1212.00,Information Security Analysts,15-1255.00,Web and Digital Interface Designers,0.884719,0.0,0,0.0,0.0,-1,0.419245,40.0,0.46101,0,7
u149,15-1244.00,Network and Computer Systems Administrators,15-1212.00,Information Security Analysts,15-1251.00,Computer Programmers,0.882989,0.006199,0,0.0,0.0,-1,0.416234,41.98,0.458231,0,8
u149,15-1244.00,Network and Computer Systems Administrators,15-1212.00,Information Security Analysts,15-2051.00,Data Scientists,0.877518,0.0,0,0.0,0.0,-1,0.416564,40.0,0.457368,0,9
u149,15-1244.00,Network and Computer Systems Administrators,15-1212.00,Information Security Analysts,15-1252.00,Software Developers,0.862853,0.0,0,0.0,0.0,-1,0.398103,40.0,0.447999,0,10
u149,15-1244.00,Network and Computer Systems Administrators,15-1212.00,Information Security Analysts,15-2031.00,Operations Research Analysts,0.85109,0.006925,0,0.0,0.0,-1,0.443597,42.22,0.447799,0,11
u150,15-1251.00,Computer Programmers,15-1252.00,Software Developers,15-1252.00,Software Developers,0.849478,0.0,0,0.615385,0.615385,1,0.481869,40.0,0.546853,1,1
u150,15-1251.00,Computer Programmers,15-1252.00,Software Developers,15-1254.00,Web Developers,0.950904,0.0,0,0.25641,0.25641,1,0.500482,40.0,0.54144,0,2
u150,15-1251.00,Computer Programmers,15-1252.00,Software Developers,15-2051.00,Data Scientists,0.905317,0.0,0,0.0,0.341881,2,0.50033,40.0,0.533724,0,3
u150,15-1251.00,Computer Programmers,15-1252.00,Software Developers,15-1212.00,Information Security Analysts,0.92182,0.0,0,0.0,0.273504,2,0.498374,40.0,0.530601,0,4
u150,15-1251.00,Computer Programmers,15-1252.00,Software Developers,15-1244.00,Network and Computer Systems Administrators,0.962499,0.009443,1,0.0,0.0,-1,0.583766,55.02,0.518329,0,5
u150,15-1251.00,Computer Programmers,15-1252.00,Software Developers,15-1211.00,Computer Systems Analysts,0.959047,0.001068,0,0.0,0.0,-1,0.555833,40.34,0.514679,0,6
u150,15-1251.00,Computer Programmers,15-1252.00,Software Developers,15-1255.00,Web and Digital Interface Designers,0.924463,0.0,0,0.0,0.102564,2,0.503011,40.0,0.506845,0,7
u150,15-1251.00,Computer Programmers,15-1252.00,Software Developers,15-1253.00,Software Quality Assurance Analysts and Testers,0.950193,0.0,0,0.0,0.0,-1,0.509293,40.0,0.503981,0,8
u150,15-1251.00,Computer Programmers,15-1252.00,Software Developers,15-1242.00,Database Administrators,0.944287,0.0,0,0.0,0.0,-1,0.516171,40.0,0.502355,0,9
u150,15-1251.00,Computer Programmers,15-1252.00,Software Developers,15-2031.00,Operations Research Analysts,0.898263,0.003759,0,0.128205,0.128205,1,0.527362,41.2,0.501614,0,10
u150,15-1251.00,Computer Programmers,15-1252.00,Software Developers,15-1243.00,Database Architects,0.940303,0.0,0,0.0,0.0,-1,0.511853,40.0,0.499914,0,11
u151,15-1252.00,Software Developers,15-1253.00,Software Quality Assurance Analysts and Testers,15-2051.00,Data Scientists,0.931488,0.0,0,0.555556,0.555556,1,0.518461,40.0,0.580272,0,1
u151,15-1252.00,Software Developers,15-1253.00,Software Quality Assurance Analysts and Testers,15-1212.00,Information Security Analysts,0.950307,0.001003,0,0.444444,0.444444,1,0.516505,40.32,0.571529,0,2
u151,15-1252.00,Software Developers,15-1253.00,Software Quality Assurance Analysts and Testers,15-1211.00,Computer Systems Analysts,0.964664,0.008203,2,0.0,0.0,-1,0.573963,66.62,0.518143,0,3
u151,15-1252.00,Software Developers,15-1253.00,Software Quality Assurance Analysts and Testers,15-1244.00,Network and Computer Systems Administrators,0.955001,0.018142,4,0.0,0.0,-1,0.601897,93.81,0.515499,0,4
u151,15-1252.00,Software Developers,15-1253.00,Software Quality Assurance Analysts and Testers,15-1243.00,Database Architects,0.952611,0.007671,1,0.0,0.0,-1,0.529983,54.45,0.506255,0,5
u151,15-1252.00,Software Developers,15-1253.00,Software Quality Assurance Analysts and Testers,15-1242.00,Database Administrators,0.948079,0.005758,1,0.0,0.0,-1,0.534302,53.84,0.505341,0,6
u151,15-1252.00,Software Developers,15-1253.00,Software Quality Assurance Analysts and Testers,15-1255.00,Web and Digital Interface Designers,0.937369,0.009178,0,0.0,0.0,-1,0.521142,42.94,0.497693,0,7
u151,15-1252.00,Software Developers,15-1253.00,Software Quality Assurance Analysts and Testers,15-1253.00,Software Quality Assurance Analysts and Testers,0.930913,0.011844,2,0.0,0.0,-1,0.527424,67.79,0.495063,1,8
u151,15-1252.00,Software Developers,15-1253.00,Software Quality Assurance Analysts and Testers,15-1254.00,Web Developers,0.922189,0.022567,1,0.0,0.0,-1,0.518612,59.22,0.487135,0,9
u151,15-1252.00,Software Developers,15-1253.00,Software Quality Assurance Analysts and Testers,15-2031.00,Operations Research Analysts,0.898299,0.018863,1,0.0,0.0,-1,0.545493,58.04,0.481343,0,10
u151,15-1252.00,Software Developers,15-1253.00,Software Quality Assurance Analysts and Testers,15-1251.00,Computer Programmers,0.889991,0.039727,2,0.0,0.0,-1,0.518131,76.71,0.468284,0,11
u152,15-1253.00,Software Quality Assurance Analysts and Testers,15-1252.00,Software Developers,15-1252.00,Software Developers,0.872596,0.0,0,1.0,1.0,1,0.472576,40.0,0.613555,1,1
u152,15-1253.00,Software Quality Assurance Analysts and Testers,15-1252.00,Software Developers,15-2051.00,Data Scientists,0.911332,0.0,0,0.0,0.555556,2,0.491037,40.0,0.567088,0,2
u152,15-1253.00,Software Quality Assurance Analysts and Testers,15-1252.00,Software Developers,15-1212.00,Information Security Analysts,0.941102,0.0,0,0.0,0.444444,2,0.489081,40.0,0.563524,0,3
u152,15-1253.00,Software Quality Assurance Analysts and Testers,15-1252.00,Software Developers,15-1244.00,Network and Computer Systems Administrators,0.975596,0.004163,2,0.0,0.0,-1,0.574473,65.33,0.524148,0,4
u152,15-1253.00,Software Quality Assurance Analysts and Testers,15-1252.00,Software Developers,15-1211.00,Computer Systems Analysts,0.974021,0.0,0,0.0,0.0,-1,0.54654,40.0,0.52029,0,5
u152,15-1253.00,Software Quality Assurance Analysts and Testers,15-1252.00,Software Developers,15-1254.00,Web Developers,0.952009,0.0,0,0.0,0.0,-1,0.491189,40.0,0.502082,0,6
u152,15-1253.00,Software Quality Assurance Analysts and Testers,15-1252.00,Software Developers,15-1242.00,Database Administrators,0.945286,0.0,0,0.0,0.0,-1,0.506878,40.0,0.501411,0,7
u152,15-1253.00,Software Quality Assurance Analysts and Testers,15-1252.00,Software Developers,15-1243.00,Database Architects,0.939096,0.0,0,0.0,0.0,-1,0.50256,40.0,0.497977,0,8
u152,15-1253.00,Software Quality Assurance Analysts and Testers,15-1252.00,Software Developers,15-1251.00,Computer Programmers,0.938081,0.0,0,0.0,0.0,-1,0.490707,40.0,0.495743,0,9
u152,15-1253.00,Software Quality Assurance Analysts and Testers,15-1252.00,Software Developers,15-1255.00,Web and Digital Interface Designers,0.920502,0.0,0,0.0,0.0,-1,0.493718,40.0,0.488284,0,10
u152,15-1253.00,Software Quality Assurance Analysts and Testers,15-1252.00,Software Developers,15-2031.00,Operations Research Analysts,0.881875,0.011875,0,0.0,0.0,-1,0.518069,43.8,0.471586,0,11
u153,15-1254.00,Web Developers,15-1252.00,Software Developers,15-1255.00,Web and Digital Interface Designers,0.936261,0.0,0,0.4,0.4,1,0.50253,40.0,0.556697,0,1
u153,15-1254.00,Web Developers,15-1252.00,Software Developers,15-1252.00,Software Developers,0.874529,0.0,0,0.6,0.6,1,0.481388,40.0,0.555746,1,2
u153,15-1254.00,Web Developers,15-1252.00,Software Developers,15-2051.00,Data Scientists,0.911026,0.0,0,0.0,0.333334,2,0.499848,40.0,0.534939,0,3
u153,15-1254.00,Web Developers,15-1252.00,Software Developers,15-1212.00,Information Security Analysts,0.932428,0.0,0,0.0,0.266666,2,0.497892,40.0,0.534277,0,4
u153,15-1254.00,Web Developers,15-1252.00,Software Developers,15-1244.00,Network and Computer Systems Administrators,0.97016,0.00562,2,0.0,0.0,-1,0.583284,65.8,0.52266,0,5
u153,15-1254.00,Web Developers,15-1252.00,Software Developers,15-1211.00,Computer Systems Analysts,0.969266,0.0,0,0.0,0.0,-1,0.555351,40.0,0.519472,0,6
u153,15-1254.00,Web Developers,15-1252.00,Software Developers,15-1242.00,Database Administrators,0.952782,0.0,0,0.0,0.0,-1,0.51569,40.0,0.506105,0,7
u153,15-1254.00,Web Developers,15-1252.00,Software Developers,15-1243.00,Database Architects,0.953728,0.0,0,0.0,0.0,-1,0.511371,40.0,0.505883,0,8
u153,15-1254.00,Web Developers,15-1252.00,Software Developers,15-1253.00,Software Quality Assurance Analysts and Testers,0.944241,0.0,0,0.0,0.0,-1,0.508811,40.0,0.50123,0,9
u153,15-1254.00,Web Developers,15-1252.00,Software Developers,15-1251.00,Computer Programmers,0.935553,0.0,0,0.0,0.0,-1,0.499518,40.0,0.495927,0,10
u153,15-1254.00,Web Developers,15-1252.00,Software Developers,15-2031.00,Operations Research Analysts,0.891416,0.01592,0,0.0,0.0,-1,0.526881,45.09,0.476189,0,11
u154,15-1255.00,Web and Digital Interface Designers,15-2031.00,Operations Research Analysts,15-1211.00,Computer Systems Analysts,0.972254,0.006187,2,0.0,0.0,-1,0.552821,65.98,0.518891,0,1
u154,15-1255.00,Web and Digital Interface Designers,15-2031.00,Operations Research Analysts,15-1244.00,Network and Computer Systems Administrators,0.959105,0.01691,2,0.0,0.0,-1,0.580755,69.41,0.514483,0,2
u154,15-1255.00,Web and Digital Interface Designers,15-2031.00,Operations Research Analysts,15-1243.00,Database Architects,0.973519,0.0,0,0.0,0.0,-1,0.508841,40.0,0.51441,0,3
u154,15-1255.00,Web and Digital Interface Designers,15-2031.00,Operations Research Analysts,15-1242.00,Database Administrators,0.961188,0.0,0,0.0,0.0,-1,0.51316,40.0,0.509509,0,4
u154,15-1255.00,Web and Digital Interface Designers,15-2031.00,Operations Research Analysts,15-1254.00,Web Developers,0.962709,0.0,0,0.0,0.0,-1,0.49747,40.0,0.507839,0,5
u154,15-1255.00,Web and Digital Interface Designers,15-2031.00,Operations Research Analysts,15-1212.00,Information Security Analysts,0.952961,2.3e-05,0,0.0,0.0,-1,0.495363,40.01,0.503131,0,6
u154,15-1255.00,Web and Digital Interface Designers,15-2031.00,Operations Research Analysts,15-1253.00,Software Quality Assurance Analysts and Testers,0.944882,0.004963,1,0.0,0.0,-1,0.506282,53.59,0.499898,0,7
u154,15-1255.00,Web and Digital Interface Designers,15-2031.00,Operations Research Analysts,15-2051.00,Data Scientists,0.943929,0.0,0,0.0,0.0,-1,0.497319,40.0,0.499366,0,8
u154,15-1255.00,Web and Digital Interface Designers,15-2031.00,Operations Research Analysts,15-1251.00,Computer Programmers,0.932572,0.008963,1,0.0,0.0,-1,0.496989,54.87,0.491965,0,9
u154,15-1255.00,Web and Digital Interface Designers,15-2031.00,Operations Research Analysts,15-2031.00,Operations Research Analysts,0.914843,0.012886,0,0.0,0.0,-1,0.524351,44.12,0.487111,1,10
u154,15-1255.00,Web and Digital Interface Designers,15-2031.00,Operations Research Analysts,15-1252.00,Software Developers,0.920176,0.0,0,0.0,0.0,-1,0.478858,40.0,0.485908,0,11
u155,15-2031.00,Operations Research Analysts,15-2051.00,Data Scientists,15-2051.00,Data Scientists,0.94442,0.0,0,1.0,1.0,1,0.472968,40.0,0.645934,1,1
u155,15-2031.00,Operations Research Analysts,15-2051.00,Data Scientists,15-1211.00,Computer Systems Analysts,0.9516,0.006538,1,0.0,0.0,-1,0.52847,54.09,0.505856,0,2
u155,15-2031.00,Operations Research Analysts,15-2051.00,Data Scientists,15-1244.00,Network and Computer Systems Administrators,0.938347,0.016097,3,0.0,0.0,-1,0.556403,81.15,0.501693,0,3
u155,15-2031.00,Operations Research Analysts,15-2051.00,Data Scientists,15-1242.00,Database Administrators,0.949718,0.000269,0,0.0,0.0,-1,0.488809,40.09,0.500627,0,4
u155,15-2031.00,Operations Research Analysts,15-2051.00,Data Scientists,15-1243.00,Database Architects,0.945505,0.003326,0,0.0,0.0,-1,0.48449,41.06,0.497319,0,5
u155,15-2031.00,Operations Research Analysts,15-2051.00,Data Scientists,15-1254.00,Web Developers,0.943144,0.006737,0,0.0,0.0,-1,0.473119,42.16,0.493699,0,6
u155,15-2031.00,Operations Research Analysts,15-2051.00,Data Scientists,15-1253.00,Software Quality Assurance Analysts and Testers,0.931531,0.001409,0,0.0,0.0,-1,0.481931,40.45,0.491126,0,7
u155,15-2031.00,Operations Research Analysts,15-2051.00,Data Scientists,15-1212.00,Information Security Analysts,0.933662,0.0,0,0.0,0.0,-1,0.471011,40.0,0.4908,0,8
u155,15-2031.00,Operations Research Analysts,15-2051.00,Data Scientists,15-1255.00,Web and Digital Interface Designers,0.925966,0.005857,0,0.0,0.0,-1,0.475649,41.87,0.486568,0,9
u155,15-2031.00,Operations Research Analysts,15-2051.00,Data Scientists,15-1251.00,Computer Programmers,0.910642,0.022533,0,0.0,0.0,-1,0.472638,47.21,0.475051,0,10
u155,15-2031.00,Operations Research Analysts,15-2051.00,Data Scientists,15-1252.00,Software Developers,0.880991,0.009511,1,0.0,0.0,-1,0.454507,55.04,0.462244,0,11
u156,15-2051.00,Data Scientists,15-1211.00,Computer Systems Analysts,15-1211.00,Computer Systems Analysts,0.976568,5.4e-05,0,0.0,0.0,-1,0.555503,40.02,0.522767,1,1
u156,15-2051.00,Data Scientists,15-1211.00,Computer Systems Analysts,15-1244.00,Network and Computer Systems Administrators,0.967248,0.010147,2,0.0,0.0,-1,0.583436,67.25,0.52024,0,2
u156,15-2051.00,Data Scientists,15-1211.00,Computer Systems Analysts,15-1242.00,Database Administrators,0.961341,0.0,0,0.0,0.0,-1,0.515841,40.0,0.50998,0,3
u156,15-2051.00,Data Scientists,15-1211.00,Computer Systems Analysts,15-1243.00,Database Architects,0.961661,0.0,0,0.0,0.0,-1,0.511523,40.0,0.509476,0,4
u156,15-2051.00,Data Scientists,15-1211.00,Computer Systems Analysts,15-1212.00,Information Security Analysts,0.957038,6e-06,0,0.0,0.0,-1,0.498044,40.0,0.505372,0,5
u156,15-2051.00,Data Scientists,15-1211.00,Computer Systems Analysts,15-1253.00,Software Quality Assurance Analysts and Testers,0.950328,0.000692,0,0.0,0.0,-1,0.508963,40.22,0.503819,0,6
u156,15-2051.00,Data Scientists,15-1211.00,Computer Systems Analysts,15-1254.00,Web Developers,0.951463,0.001494,0,0.0,0.0,-1,0.500152,40.48,0.502808,0,7
u156,15-2051.00,Data Scientists,15-1211.00,Computer Systems Analysts,15-1255.00,Web and Digital Interface Designers,0.948745,0.0,0,0.0,0.0,-1,0.502681,40.0,0.502338,0,8
u156,15-2051.00,Data Scientists,15-1211.00,Computer Systems Analysts,15-2031.00,Operations Research Analysts,0.927464,0.001958,0,0.0,0.0,-1,0.527032,40.63,0.495924,0,9
u156,15-2051.00,Data Scientists,15-1211.00,Computer Systems Analysts,15-1252.00,Software Developers,0.92203,0.002256,0,0.0,0.0,-1,0.481539,40.72,0.486581,0,10
u156,15-2051.00,Data Scientists,15-1211.00,Computer Systems Analysts,15-1251.00,Computer Programmers,0.920627,0.016028,0,0.0,0.0,-1,0.49967,45.13,0.485226,0,11
u157,15-1211.00,Computer Systems Analysts,15-2051.00,Data Scientists,15-2051.00,Data Scientists,0.90572,0.0,0,1.0,1.0,1,0.444497,40.0,0.624249,1,1
u157,15-1211.00,Computer Systems Analysts,15-2051.00,Data Scientists,15-1244.00,Network and Computer Systems Administrators,0.986916,0.0,0,0.0,0.0,-1,0.527933,40.0,0.523302,0,2
u157,15-1211.00,Computer Systems Analysts,15-2051.00,Data Scientists,15-1242.00,Database Administrators,0.947189,0.0,0,0.0,0.0,-1,0.460339,40.0,0.495286,0,3
u157,15-1211.00,Computer Systems Analysts,15-2051.00,Data Scientists,15-1253.00,Software Quality Assurance Analysts and Testers,0.948247,0.0,0,0.0,0.0,-1,0.45346,40.0,0.49473,0,4
u157,15-1211.00,Computer Systems Analysts,15-2051.00,Data Scientists,15-1243.00,Database Architects,0.941313,0.0,0,0.0,0.0,-1,0.45602,40.0,0.491994,0,5
u157,15-1211.00,Computer Systems Analysts,15-2051.00,Data Scientists,15-1254.00,Web Developers,0.942292,0.0,0,0.0,0.0,-1,0.444649,40.0,0.490729,0,6
u157,15-1211.00,Computer Systems Analysts,15-2051.00,Data Scientists,15-1212.00,Information Security Analysts,0.938111,0.0,0,0.0,0.0,-1,0.442541,40.0,0.488531,0,7
u157,15-1211.00,Computer Systems Analysts,15-2051.00,Data Scientists,15-1255.00,Web and Digital Interface Designers,0.919861,0.0,0,0.0,0.0,-1,0.447179,40.0,0.481014,0,8
u157,15-1211.00,Computer Systems Analysts,15-2051.00,Data Scientists,15-1251.00,Computer Programmers,0.916544,0.003042,0,0.0,0.0,-1,0.444167,40.97,0.478309,0,9
u157,15-1211.00,Computer Systems Analysts,15-2051.00,Data Scientists,15-2031.00,Operations Research Analysts,0.879363,0.006072,0,0.0,0.0,-1,0.47153,41.94,0.464925,0,10
u157,15-1211.00,Computer Systems Analysts,15-2051.00,Data Scientists,15-1252.00,Software Developers,0.888468,0.0,0,0.0,0.0,-1,0.426037,40.0,0.463716,0,11
u158,15-1212.00,Information Security Analysts,15-1242.00,Database Administrators,15-1244.00,Network and Computer Systems Administrators,0.974902,0.009484,1,0.0,0.0,-1,0.585392,55.03,0.524143,0,1
u158,15-1212.00,Information Security Analysts,15-1242.00,Database Administrators,15-1211.00,Computer Systems Analysts,0.973786,0.001691,0,0.0,0.0,-1,0.557459,40.54,0.5214,0,2
u158,15-1212.00,Information Security Analysts,15-1242.00,Database Administrators,15-1242.00,Database Administrators,0.955485,0.0,0,0.0,0.0,-1,0.517798,40.0,0.507638,1,3
u158,15-1212.00,Information Security Analysts,15-1242.00,Database Administrators,15-1253.00,Software Quality Assurance Analysts and Testers,0.952898,0.000482,0,0.0,0.0,-1,0.510919,40.15,0.505322,0,4
u158,15-1212.00,Information Security Analysts,15-1242.00,Database Administrators,15-1243.00,Database Architects,0.946354,0.000959,0,0.0,0.0,-1,0.513479,40.31,0.502641,0,5
u158,15-1212.00,Information Security Analysts,15-1242.00,Database Administrators,15-2051.00,Data Scientists,0.93735,0.0,0,0.0,0.0,-1,0.501956,40.0,0.497101,0,6
u158,15-1212.00,Information Security Analysts,15-1242.00,Database Administrators,15-1255.00,Web and Digital Interface Designers,0.935809,0.003583,0,0.0,0.0,-1,0.504637,41.15,0.495914,0,7
u158,15-1212.00,Information Security Analysts,15-1242.00,Database Administrators,15-1254.00,Web Developers,0.937177,0.011716,0,0.0,0.0,-1,0.502108,43.75,0.494117,0,8
u158,15-1212.00,Information Security Analysts,15-1242.00,Database Administrators,15-1252.00,Software Developers,0.91643,0.001896,0,0.0,0.0,-1,0.483495,40.61,0.484444,0,9
u158,15-1212.00,Information Security Analysts,15-1242.00,Database Administrators,15-2031.00,Operations Research Analysts,0.895506,0.020648,1,0.0,0.0,-1,0.528989,58.61,0.477164,0,10
u158,15-1212.00,Information Security Analysts,15-1242.00,Database Administrators,15-1251.00,Computer Programmers,0.905222,0.023433,0,0.0,0.0,-1,0.501626,47.5,0.476735,0,11
u159,15-1242.00,Database Administrators,15-2051.00,Data Scientists,15-2051.00,Data Scientists,0.937152,0.0,0,1.0,1.0,1,0.484159,40.0,0.644342,1,1
u159,15-1242.00,Database Administrators,15-2051.00,Data Scientists,15-1244.00,Network and Computer Systems Administrators,0.974027,0.005041,0,0.0,0.0,-1,0.567594,41.61,0.522191,0,2
u159,15-1242.00,Database Administrators,15-2051.00,Data Scientists,15-1211.00,Computer Systems Analysts,0.975558,0.001249,0,0.0,0.0,-1,0.539661,40.4,0.519638,0,3
u159,15-1242.00,Database Administrators,15-2051.00,Data Scientists,15-1243.00,Database Architects,0.961124,0.0,0,0.0,0.0,-1,0.495681,40.0,0.506858,0,4
u159,15-1242.00,Database Administrators,15-2051.00,Data Scientists,15-1254.00,Web Developers,0.957382,0.0,0,0.0,0.0,-1,0.48431,40.0,0.503468,0,5
u159,15-1242.00,Database Administrators,15-2051.00,Data Scientists,15-1253.00,Software Quality Assurance Analysts and Testers,0.94966,0.0,0,0.0,0.0,-1,0.493122,40.0,0.501315,0,6
u159,15-1242.00,Database Administrators,15-2051.00,Data Scientists,15-1255.00,Web and Digital Interface Designers,0.945825,0.0,0,0.0,0.0,-1,0.48684,40.0,0.498647,0,7
u159,15-1242.00,Database Administrators,15-2051.00,Data Scientists,15-1212.00,Information Security Analysts,0.944961,0.0,0,0.0,0.0,-1,0.482202,40.0,0.497563,0,8
u159,15-1242.00,Database Administrators,15-2051.00,Data Scientists,15-1251.00,Computer Programmers,0.933315,0.0,0,0.0,0.0,-1,0.483829,40.0,0.492566,0,9
u159,15-1242.00,Database Administrators,15-2051.00,Data Scientists,15-2031.00,Operations Research Analysts,0.915333,0.0,0,0.0,0.0,-1,0.511191,40.0,0.488578,0,10
u159,15-1242.00,Database Administrators,15-2051.00,Data Scientists,15-1252.00,Software Developers,0.898991,0.0,0,0.0,0.0,-1,0.465698,40.0,0.474401,0,11
u160,15-1243.00,Database Architects,15-1244.00,Network and Computer Systems Administrators,15-1244.00,Network and Computer Systems Administrators,0.970841,0.008961,1,0.0,0.0,-1,0.571913,54.87,0.520425,1,1
u160,15-1243.00,Database Architects,15-1244.00,Network and Computer Systems Administrators,15-1211.00,Computer Systems Analysts,0.975025,0.000463,0,0.0,0.0,-1,0.54398,40.15,0.520243,0,2
u160,15-1243.00,Database Architects,15-1244.00,Network and Computer Systems Administrators,15-1242.00,Database Administrators,0.960567,0.0,0,0.0,0.0,-1,0.504319,40.0,0.507903,0,3
u160,15-1243.00,Database Architects,15-1244.00,Network and Computer Systems Administrators,15-1254.00,Web Developers,0.959209,0.0,0,0.0,0.0,-1,0.488629,40.0,0.504938,0,4
u160,15-1243.00,Database Architects,15-1244.00,Network and Computer Systems Administrators,15-1253.00,Software Quality Assurance Analysts and Testers,0.950943,0.0,0,0.0,0.0,-1,0.49744,40.0,0.502541,0,5
u160,15-1243.00,Database Architects,15-1244.00,Network and Computer Systems Administrators,15-1255.00,Web and Digital Interface Designers,0.948645,0.0,0,0.0,0.0,-1,0.491159,40.0,0.500564,0,6
u160,15-1243.00,Database Architects,15-1244.00,Network and Computer Systems Administrators,15-1212.00,Information Security Analysts,0.947188,0.0,0,0.0,0.0,-1,0.486521,40.0,0.499213,0,7
u160,15-1243.00,Database Architects,15-1244.00,Network and Computer Systems Administrators,15-1251.00,Computer Programmers,0.933413,0.004525,0,0.0,0.0,-1,0.488147,41.45,0.492127,0,8
u160,15-1243.00,Database Architects,15-1244.00,Network and Computer Systems Administrators,15-2051.00,Data Scientists,0.927296,0.0,0,0.0,0.0,-1,0.488477,40.0,0.490555,0,9
u160,15-1243.00,Database Architects,15-1244.00,Network and Computer Systems Administrators,15-2031.00,Operations Research Analysts,0.908883,0.008602,0,0.0,0.0,-1,0.51551,42.75,0.484174,0,10
u160,15-1243.00,Database Architects,15-1244.00,Network and Computer Systems Administrators,15-1252.00,Software Developers,0.90648,0.0,0,0.0,0.0,-1,0.470017,40.0,0.478418,0,11
u161,15-1244.00,Network and Computer Systems Administrators,15-1212.00,Information Security Analysts,15-1212.00,Information Security Analysts,0.902612,0.0,0,1.0,1.0,1,0.414608,40.0,0.618366,1,1
u161,15-1244.00,Network and Computer Systems Administrators,15-1212.00,Information Security Analysts,15-1211.00,Computer Systems Analysts,0.948731,0.0,0,0.0,0.0,-1,0.472067,40.0,0.497739,0,2
u161,15-1244.00,Network and Computer Systems Administrators,15-1212.00,Information Security Analysts,15-1242.00,Database Administrators,0.9081,0.0,0,0.0,0.0,-1,0.432406,40.0,0.473506,0,3
u161,15-1244.00,Network and Computer Systems Administrators,15-1212.00,Information Security Analysts,15-1253.00,Software Quality Assurance Analysts and Testers,0.904093,0.0,0,0.0,0.0,-1,0.425527,40.0,0.470671,0,4
u161,15-1244.00,Network and Computer Systems Administrators,15-1212.00,Information Security Analysts,15-1243.00,Database Architects,0.900725,0.0,0,0.0,0.0,-1,0.428087,40.0,0.469539,0,5
u161,15-1244.00,Network and Computer Systems Administrators,15-1212.00,Information Security Analysts,15-1254.00,Web Developers,0.903667,0.0,0,0.0,0.0,-1,0.416716,40.0,0.469158,0,6
u161,15-1244.00,Network and Computer Systems Administrators,15-1212.00,Information Security Analysts,15-1255.00,Web and Digital Interface Designers,0.878519,0.0,0,0.0,0.0,-1,0.419245,40.0,0.458221,0,7
u161,15-1244.00,Network and Computer Systems Administrators,15-1212.00,Information Security Analysts,15-1251.00,Computer Programmers,0.877434,0.002898,0,0.0,0.0,-1,0.416234,40.93,0.456556,0,8
u161,15-1244.00,Network and Computer Systems Administrators,15-1212.00,Information Security Analysts,15-2051.00,Data Scientists,0.863222,0.0,0,0.0,0.0,-1,0.416564,40.0,0.450934,0,9
u161,15-1244.00,Network and Computer Systems Administrators,15-1212.00,Information Security Analysts,15-2031.00,Operations Research Analysts,0.838987,0.000911,0,0.0,0.0,-1,0.443597,40.29,0.443856,0,10
u161,15-1244.00,Network and Computer Systems Administrators,15-1212.00,Information Security Analysts,15-1252.00,Software Developers,0.852079,0.0,0,0.0,0.0,-1,0.398103,40.0,0.443151,0,11
u162,15-1251.00,Computer Programmers,15-1252.00,Software Developers,15-1252.00,Software Developers,0.872153,0.0,0,0.615385,0.615385,1,0.481869,40.0,0.557057,1,1
u162,15-1251.00,Computer Programmers,15-1252.00,Software Developers,15-1254.00,Web Developers,0.966035,0.0,0,0.25641,0.25641,1,0.500482,40.0,0.548249,0,2
u162,15-1251.00,Computer Programmers,15-1252.00,Software Developers,15-2051.00,Data Scientists,0.917948,0.0,0,0.0,0.341881,2,0.50033,40.0,0.539408,0,3
u162,15-1251.00,Computer Programmers,15-1252.00,Software Developers,15-1212.00,Information Security Analysts,0.93096,0.0,0,0.0,0.273504,2,0.498374,40.0,0.534714,0,4
u162,15-1251.00,Computer Programmers,15-1252.00,Software Developers,15-1244.00,Network and Computer Systems Administrators,0.972558,0.007369,2,0.0,0.0,-1,0.583766,66.36,0.523374,0,5
u162,15-1251.00,Computer Programmers,15-1252.00,Software Developers,15-1211.00,Computer Systems Analysts,0.971456,0.0,0,0.0,0.0,-1,0.555833,40.0,0.52053,0,6
u162,15-1251.00,Computer Programmers,15-1252.00,Software Developers,15-1255.00,Web and Digital Interface Designers,0.942765,0.0,0,0.0,0.102564,2,0.503011,40.0,0.515081,0,7
u162,15-1251.00,Computer Programmers,15-1252.00,Software Developers,15-1243.00,Database Architects,0.956266,0.0,0,0.0,0.0,-1,0.511853,40.0,0.507098,0,8
u162,15-1251.00,Computer Programmers,15-1252.00,Software Developers,15-1242.00,Database Administrators,0.953202,0.0,0,0.0,0.0,-1,0.516171,40.0,0.506367,0,9
u162,15-1251.00,Computer Programmers,15-1252.00,Software Developers,15-1253.00,Software Quality Assurance Analysts and Testers,0.952739,0.0,0,0.0,0.0,-1,0.509293,40.0,0.505126,0,10
u162,15-1251.00,Computer Programmers,15-1252.00,Software Developers,15-2031.00,Operations Research Analysts,0.900088,0.004779,0,0.128205,0.128205,1,0.527362,41.53,0.50218,0,11
u163,15-1252.00,Software Developers,15-1253.00,Software Quality Assurance Analysts and Testers,15-2051.00,Data Scientists,0.934467,0.000607,0,0.555556,0.555556,1,0.518461,40.19,0.581461,0,1
u163,15-1252.00,Software Developers,15-1253.00,Software Quality Assurance Analysts and Testers,15-1212.00,Information Security Analysts,0.953705,0.001711,0,0.444444,0.444444,1,0.516505,40.55,0.572882,0,2
u163,15-1252.00,Software Developers,15-1253.00,Software Quality Assurance Analysts and Testers,15-1211.00,Computer Systems Analysts,0.96496,0.009651,3,0.0,0.0,-1,0.573963,79.09,0.517914,0,3
u163,15-1252.00,Software Developers,15-1253.00,Software Quality Assurance Analysts and Testers,15-1244.00,Network and Computer Systems Administrators,0.959095,0.019074,5,0.0,0.0,-1,0.601897,106.1,0.517109,0,4
u163,15-1252.00,Software Developers,15-1253.00,Software Quality Assurance Analysts and Testers,15-1243.00,Database Architects,0.951229,0.009254,2,0.0,0.0,-1,0.529983,66.96,0.505237,0,5
u163,15-1252.00,Software Developers,15-1253.00,Software Quality Assurance Analysts and Testers,15-1242.00,Database Administrators,0.9476,0.007195,2,0.0,0.0,-1,0.534302,66.3,0.504766,0,6
u163,15-1252.00,Software Developers,15-1253.00,Software Quality Assurance Analysts and Testers,15-1255.00,Web and Digital Interface Designers,0.937334,0.011486,1,0.0,0.0,-1,0.521142,55.68,0.4971,0,7
u163,15-1252.00,Software Developers,15-1253.00,Software Quality Assurance Analysts and Testers,15-1253.00,Software Quality Assurance Analysts and Testers,0.927273,0.01425,3,0.0,0.0,-1,0.527424,80.56,0.492824,1,8
u163,15-1252.00,Software Developers,15-1253.00,Software Quality Assurance Analysts and Testers,15-1254.00,Web Developers,0.919628,0.024484,2,0.0,0.0,-1,0.518612,71.83,0.485503,0,9
u163,15-1252.00,Software Developers,15-1253.00,Software Quality Assurance Analysts and Testers,15-2031.00,Operations Research Analysts,0.898539,0.021454,2,0.0,0.0,-1,0.545493,70.87,0.480803,0,10
u163,15-1252.00,Software Developers,15-1253.00,Software Quality Assurance Analysts and Testers,15-1251.00,Computer Programmers,0.88214,0.044239,3,0.0,0.0,-1,0.518131,90.16,0.463623,0,11
u164,15-1253.00,Software Quality Assurance Analysts and Testers,15-1252.00,Software Developers,15-1252.00,Software Developers,0.871372,0.0,0,1.0,1.0,1,0.472576,40.0,0.613004,1,1
u164,15-1253.00,Software Quality Assurance Analysts and Testers,15-1252.00,Software Developers,15-2051.00,Data Scientists,0.909204,0.003152,0,0.0,0.555556,2,0.491037,41.01,0.565343,0,2
u164,15-1253.00,Software Quality Assurance Analysts and Testers,15-1252.00,Software Developers,15-1212.00,Information Security Analysts,0.94146,0.0,0,0.0,0.444444,2,0.489081,40.0,0.563686,0,3
u164,15-1253.00,Software Quality Assurance Analysts and Testers,15-1252.00,Software Developers,15-1244.00,Network and Computer Systems Administrators,0.965725,0.008291,2,0.0,0.0,-1,0.574473,66.65,0.518674,0,4
u164,15-1253.00,Software Quality Assurance Analysts and Testers,15-1252.00,Software Developers,15-1211.00,Computer Systems Analysts,0.969616,0.0,0,0.0,0.0,-1,0.54654,40.0,0.518308,0,5
u164,15-1253.00,Software Quality Assurance Analysts and Testers,15-1252.00,Software Developers,15-1254.00,Web Developers,0.952049,0.0,0,0.0,0.0,-1,0.491189,40.0,0.5021,0,6
u164,15-1253.00,Software Quality Assurance Analysts and Testers,15-1252.00,Software Developers,15-1242.00,Database Administrators,0.942939,0.002562,0,0.0,0.0,-1,0.506878,40.82,0.499714,0,7
u164,15-1253.00,Software Quality Assurance Analysts and Testers,15-1252.00,Software Developers,15-1243.00,Database Architects,0.941044,0.001836,0,0.0,0.0,-1,0.50256,40.59,0.498395,0,8
u164,15-1253.00,Software Quality Assurance Analysts and Testers,15-1252.00,Software Developers,15-1251.00,Computer Programmers,0.934542,0.001214,0,0.0,0.0,-1,0.490707,40.39,0.493846,0,9
u164,15-1253.00,Software Quality Assurance Analysts and Testers,15-1252.00,Software Developers,15-1255.00,Web and Digital Interface Designers,0.927179,0.0,0,0.0,0.0,-1,0.493718,40.0,0.491288,0,10
u164,15-1253.00,Software Quality Assurance Analysts and Testers,15-1252.00,Software Developers,15-2031.00,Operations Research Analysts,0.873963,0.028718,0,0.0,0.0,-1,0.518069,49.19,0.463814,0,11
u165,15-1254.00,Web Developers,15-1252.00,Software Developers,15-1255.00,Web and Digital Interface Designers,0.937645,0.0,0,0.4,0.4,1,0.50253,40.0,0.55732,0,1
u165,15-1254.00,Web Developers,15-1252.00,Software Developers,15-1252.00,Software Developers,0.867216,0.0,0,0.6,0.6,1,0.481388,40.0,0.552455,1,2
u165,15-1254.00,Web Developers,15-1252.00,Software Developers,15-1212.00,Information Security Analysts,0.939116,0.0,0,0.0,0.266666,2,0.497892,40.0,0.537286,0,3
u165,15-1254.00,Web Developers,15-1252.00,Software Developers,15-2051.00,Data Scientists,0.912387,0.001265,0,0.0,0.333334,2,0.499848,40.4,0.535235,0,4
u165,15-1254.00,Web Developers,15-1252.00,Software Developers,15-1244.00,Network and Computer Systems Administrators,0.966469,0.004699,2,0.0,0.0,-1,0.583284,65.5,0.521229,0,5
u165,15-1254.00,Web Developers,15-1252.00,Software Developers,15-1211.00,Computer Systems Analysts,0.97165,0.0,0,0.0,0.0,-1,0.555351,40.0,0.520545,0,6
u165,15-1254.00,Web Developers,15-1252.00,Software Developers,15-1243.00,Database Architects,0.955398,0.0,0,0.0,0.0,-1,0.511371,40.0,0.506635,0,7
u165,15-1254.00,Web Developers,15-1252.00,Software Developers,15-1242.00,Database Administrators,0.952301,0.0,0,0.0,0.0,-1,0.51569,40.0,0.505889,0,8
u165,15-1254.00,Web Developers,15-1252.00,Software Developers,15-1253.00,Software Quality Assurance Analysts and Testers,0.95394,0.0,0,0.0,0.0,-1,0.508811,40.0,0.505595,0,9
u165,15-1254.00,Web Developers,15-1252.00,Software Developers,15-1251.00,Computer Programmers,0.941199,0.0,0,0.0,0.0,-1,0.499518,40.0,0.498468,0,10
u165,15-1254.00,Web Developers,15-1252.00,Software Developers,15-2031.00,Operations Research Analysts,0.894423,0.018486,0,0.0,0.0,-1,0.526881,45.92,0.476901,0,11
u166,15-1255.00,Web and Digital Interface Designers,15-2031.00,Operations Research Analysts,15-1211.00,Computer Systems Analysts,0.969885,0.003919,1,0.0,0.0,-1,0.552821,53.25,0.518392,0,1
u166,15-1255.00,Web and Digital Interface Designers,15-2031.00,Operations Research Analysts,15-1244.00,Network and Computer Systems Administrators,0.960232,0.015118,3,0.0,0.0,-1,0.580755,80.84,0.515438,0,2
u166,15-1255.00,Web and Digital Interface Designers,15-2031.00,Operations Research Analysts,15-1243.00,Database Architects,0.965998,0.0,0,0.0,0.0,-1,0.508841,40.0,0.511025,0,3
u166,15-1255.00,Web and Digital Interface Designers,15-2031.00,Operations Research Analysts,15-1242.00,Database Administrators,0.960517,0.0,0,0.0,0.0,-1,0.51316,40.0,0.509207,0,4
u166,15-1255.00,Web and Digital Interface Designers,15-2031.00,Operations Research Analysts,15-1254.00,Web Developers,0.96359,0.0,0,0.0,0.0,-1,0.49747,40.0,0.508236,0,5
u166,15-1255.00,Web and Digital Interface Designers,15-2031.00,Operations Research Analysts,15-1212.00,Information Security Analysts,0.949349,0.0,0,0.0,0.0,-1,0.495363,40.0,0.501511,0,6
u166,15-1255.00,Web and Digital Interface Designers,15-2031.00,Operations Research Analysts,15-1253.00,Software Quality Assurance Analysts and Testers,0.943933,8e-06,0,0.0,0.0,-1,0.506282,40.0,0.50071,0,7
u166,15-1255.00,Web and Digital Interface Designers,15-2031.00,Operations Research Analysts,15-1251.00,Computer Programmers,0.939358,0.0,0,0.0,0.0,-1,0.496989,40.0,0.497259,0,8
u166,15-1255.00,Web and Digital Interface Designers,15-2031.00,Operations Research Analysts,15-2051.00,Data Scientists,0.936512,0.0,0,0.0,0.0,-1,0.497319,40.0,0.496028,0,9
u166,15-1255.00,Web and Digital Interface Designers,15-2031.00,Operations Research Analysts,15-2031.00,Operations Research Analysts,0.905963,0.008642,1,0.0,0.0,-1,0.524351,54.77,0.484175,1,10
u166,15-1255.00,Web and Digital Interface Designers,15-2031.00,Operations Research Analysts,15-1252.00,Software Developers,0.909072,0.0,0,0.0,0.0,-1,0.478858,40.0,0.480911,0,11
u167,15-2031.00,Operations Research Analysts,15-2051.00,Data Scientists,15-2051.00,Data Scientists,0.939619,0.0,0,1.0,1.0,1,0.472968,40.0,0.643774,1,1
u167,15-2031.00,Operations Research Analysts,15-2051.00,Data Scientists,15-1211.00,Computer Systems Analysts,0.958899,0.004398,1,0.0,0.0,-1,0.52847,53.41,0.509676,0,2
u167,15-2031.00,Operations Research Analysts,15-2051.00,Data Scientists,15-1244.00,Network and Computer Systems Administrators,0.945477,0.014047,3,0.0,0.0,-1,0.556403,80.49,0.505414,0,3
u167,15-2031.00,Operations Research Analysts,15-2051.00,Data Scientists,15-1243.00,Database Architects,0.952813,0.0,0,0.0,0.0,-1,0.48449,40.0,0.50144,0,4
u167,15-2031.00,Operations Research Analysts,15-2051.00,Data Scientists,15-1242.00,Database Administrators,0.950413,0.0,0,0.0,0.0,-1,0.488809,40.0,0.501007,0,5
u167,15-2031.00,Operations Research Analysts,15-2051.00,Data Scientists,15-1254.00,Web Developers,0.944192,0.006312,0,0.0,0.0,-1,0.473119,42.02,0.494276,0,6
u167,15-2031.00,Operations Research Analysts,15-2051.00,Data Scientists,15-1253.00,Software Quality Assurance Analysts and Testers,0.934452,0.002289,0,0.0,0.0,-1,0.481931,40.73,0.492221,0,7
u167,15-2031.00,Operations Research Analysts,15-2051.00,Data Scientists,15-1212.00,Information Security Analysts,0.935523,0.000535,0,0.0,0.0,-1,0.471011,40.17,0.491503,0,8
u167,15-2031.00,Operations Research Analysts,15-2051.00,Data Scientists,15-1255.00,Web and Digital Interface Designers,0.932483,0.002447,0,0.0,0.0,-1,0.475649,40.78,0.490353,0,9
u167,15-2031.00,Operations Research Analysts,15-2051.00,Data Scientists,15-1251.00,Computer Programmers,0.912307,0.023594,0,0.0,0.0,-1,0.472638,47.55,0.475535,0,10
u167,15-2031.00,Operations Research Analysts,15-2051.00,Data Scientists,15-1252.00,Software Developers,0.897069,0.0,0,0.0,0.0,-1,0.454507,40.0,0.471857,0,11
u168,15-2051.00,Data Scientists,15-1211.00,Computer Systems Analysts,15-1211.00,Computer Systems Analysts,0.970758,0.003301,1,0.0,0.0,-1,0.555503,53.06,0.519341,1,1
u168,15-2051.00,Data Scientists,15-1211.00,Computer Systems Analysts,15-1244.00,Network and Computer Systems Administrators,0.958667,0.016347,2,0.0,0.0,-1,0.583436,69.23,0.514829,0,2
u168,15-2051.00,Data Scientists,15-1211.00,Computer Systems Analysts,15-1242.00,Database Administrators,0.964785,0.0,0,0.0,0.0,-1,0.515841,40.0,0.51153,0,3
u168,15-2051.00,Data Scientists,15-1211.00,Computer Systems Analysts,15-1243.00,Database Architects,0.96144,0.000823,0,0.0,0.0,-1,0.511523,40.26,0.509171,0,4
u168,15-2051.00,Data Scientists,15-1211.00,Computer Systems Analysts,15-1212.00,Information Security Analysts,0.955637,0.00032,0,0.0,0.0,-1,0.498044,40.1,0.504663,0,5
u168,15-2051.00,Data Scientists,15-1211.00,Computer Systems Analysts,15-1254.00,Web Developers,0.951701,0.001593,0,0.0,0.0,-1,0.500152,40.51,0.50289,0,6
u168,15-2051.00,Data Scientists,15-1211.00,Computer Systems Analysts,15-1255.00,Web and Digital Interface Designers,0.948982,0.000855,0,0.0,0.0,-1,0.502681,40.27,0.502231,0,7
u168,15-2051.00,Data Scientists,15-1211.00,Computer Systems Analysts,15-1253.00,Software Quality Assurance Analysts and Testers,0.945367,0.003824,1,0.0,0.0,-1,0.508963,53.22,0.500804,0,8
u168,15-2051.00,Data Scientists,15-1211.00,Computer Systems Analysts,15-2031.00,Operations Research Analysts,0.928058,0.004872,0,0.0,0.0,-1,0.527032,41.56,0.495463,0,9
u168,15-2051.00,Data Scientists,15-1211.00,Computer Systems Analysts,15-1251.00,Computer Programmers,0.920914,0.019422,1,0.0,0.0,-1,0.49967,58.21,0.484506,0,10
u168,15-2051.00,Data Scientists,15-1211.00,Computer Systems Analysts,15-1252.00,Software Developers,0.914048,0.005629,1,0.0,0.0,-1,0.481539,53.8,0.482145,0,11
u169,15-1211.00,Computer Systems Analysts,15-2051.00,Data Scientists,15-2051.00,Data Scientists,0.92395,0.0,0,1.0,1.0,1,0.444497,40.0,0.632452,1,1
u169,15-1211.00,Computer Systems Analysts,15-2051.00,Data Scientists,15-1244.00,Network and Computer Systems Administrators,0.982733,0.002044,1,0.0,0.0,-1,0.527933,52.65,0.520909,0,2
u169,15-1211.00,Computer Systems Analysts,15-2051.00,Data Scientists,15-1242.00,Database Administrators,0.954382,0.0,0,0.0,0.0,-1,0.460339,40.0,0.498523,0,3
u169,15-1211.00,Computer Systems Analysts,15-2051.00,Data Scientists,15-1243.00,Database Architects,0.954306,0.0,0,0.0,0.0,-1,0.45602,40.0,0.497841,0,4
u169,15-1211.00,Computer Systems Analysts,15-2051.00,Data Scientists,15-1253.00,Software Quality Assurance Analysts and Testers,0.953432,0.0,0,0.0,0.0,-1,0.45346,40.0,0.497064,0,5
u169,15-1211.00,Computer Systems Analysts,15-2051.00,Data Scientists,15-1212.00,Information Security Analysts,0.952307,0.0,0,0.0,0.0,-1,0.442541,40.0,0.494919,0,6
u169,15-1211.00,Computer Systems Analysts,15-2051.00,Data Scientists,15-1254.00,Web Developers,0.947428,0.0,0,0.0,0.0,-1,0.444649,40.0,0.49304,0,7
u169,15-1211.00,Computer Systems Analysts,15-2051.00,Data Scientists,15-1255.00,Web and Digital Interface Designers,0.934618,0.0,0,0.0,0.0,-1,0.447179,40.0,0.487655,0,8
u169,15-1211.00,Computer Systems Analysts,15-2051.00,Data Scientists,15-1251.00,Computer Programmers,0.922163,0.010652,0,0.0,0.0,-1,0.444167,43.41,0.478935,0,9
u169,15-1211.00,Computer Systems Analysts,15-2051.00,Data Scientists,15-1252.00,Software Developers,0.909799,0.0,0,0.0,0.0,-1,0.426037,40.0,0.473315,0,10
u169,15-1211.00,Computer Systems Analysts,15-2051.00,Data Scientists,15-2031.00,Operations Research Analysts,0.894386,0.006366,0,0.0,0.0,-1,0.47153,42.04,0.471612,0,11
u170,15-1212.00,Information Security Analysts,15-1242.00,Database Administrators,15-1211.00,Computer Systems Analysts,0.973033,0.001504,0,0.0,0.0,-1,0.557459,40.48,0.521108,0,1
u170,15-1212.00,Information Security Analysts,15-1242.00,Database Administrators,15-1244.00,Network and Computer Systems Administrators,0.968621,0.0113,2,0.0,0.0,-1,0.585392,67.62,0.520863,0,2
u170,15-1212.00,Information Security Analysts,15-1242.00,Database Administrators,15-1242.00,Database Administrators,0.954899,0.000371,0,0.0,0.0,-1,0.517798,40.12,0.507281,1,3
u170,15-1212.00,Information Security Analysts,15-1242.00,Database Administrators,15-1253.00,Software Quality Assurance Analysts and Testers,0.949764,0.002915,0,0.0,0.0,-1,0.510919,40.93,0.503303,0,4
u170,15-1212.00,Information Security Analysts,15-1242.00,Database Administrators,15-1243.00,Database Architects,0.946512,0.001489,0,0.0,0.0,-1,0.513479,40.48,0.50258,0,5
u170,15-1212.00,Information Security Analysts,15-1242.00,Database Administrators,15-1255.00,Web and Digital Interface Designers,0.939385,0.004196,0,0.0,0.0,-1,0.504637,41.34,0.49737,0,6
u170,15-1212.00,Information Security Analysts,15-1242.00,Database Administrators,15-2051.00,Data Scientists,0.935125,0.001804,0,0.0,0.0,-1,0.501956,40.58,0.495648,0,7
u170,15-1212.00,Information Security Analysts,15-1242.00,Database Administrators,15-1254.00,Web Developers,0.939342,0.012423,0,0.0,0.0,-1,0.502108,43.98,0.494914,0,8
u170,15-1212.00,Information Security Analysts,15-1242.00,Database Administrators,15-1252.00,Software Developers,0.919566,0.000689,0,0.0,0.0,-1,0.483495,40.22,0.486157,0,9
u170,15-1212.00,Information Security Analysts,15-1242.00,Database Administrators,15-1251.00,Computer Programmers,0.90257,0.025341,0,0.0,0.0,-1,0.501626,48.11,0.475065,0,10
u170,15-1212.00,Information Security Analysts,15-1242.00,Database Administrators,15-2031.00,Operations Research Analysts,0.883661,0.02951,1,0.0,0.0,-1,0.528989,61.44,0.469618,0,11
u171,15-1242.00,Database Administrators,15-2051.00,Data Scientists,15-2051.00,Data Scientists,0.936608,0.0,0,1.0,1.0,1,0.484159,40.0,0.644097,1,1
u171,15-1242.00,Database Administrators,15-2051.00,Data Scientists,15-1244.00,Network and Computer Systems Administrators,0.970239,0.007285,2,0.0,0.0,-1,0.567594,66.33,0.519925,0,2
u171,15-1242.00,Database Administrators,15-2051.00,Data Scientists,15-1211.00,Computer Systems Analysts,0.975244,0.0,0,0.0,0.0,-1,0.539661,40.0,0.519809,0,3
u171,15-1242.00,Database Administrators,15-2051.00,Data Scientists,15-1243.00,Database Architects,0.958674,0.0,0,0.0,0.0,-1,0.495681,40.0,0.505755,0,4
u171,15-1242.00,Database Administrators,15-2051.00,Data Scientists,15-1254.00,Web Developers,0.960893,0.0,0,0.0,0.0,-1,0.48431,40.0,0.505048,0,5
u171,15-1242.00,Database Administrators,15-2051.00,Data Scientists,15-1253.00,Software Quality Assurance Analysts and Testers,0.950268,0.0,0,0.0,0.0,-1,0.493122,40.0,0.501589,0,6
u171,15-1242.00,Database Administrators,15-2051.00,Data Scientists,15-1212.00,Information Security Analysts,0.953796,0.0,0,0.0,0.0,-1,0.482202,40.0,0.501539,0,7
u171,15-1242.00,Database Administrators,15-2051.00,Data Scientists,15-1255.00,Web and Digital Interface Designers,0.948521,0.0,0,0.0,0.0,-1,0.48684,40.0,0.49986,0,8
u171,15-1242.00,Database Administrators,15-2051.00,Data Scientists,15-1251.00,Computer Programmers,0.934345,0.001496,0,0.0,0.0,-1,0.483829,40.48,0.492655,0,9
u171,15-1242.00,Database Administrators,15-2051.00,Data Scientists,15-2031.00,Operations Research Analysts,0.910391,0.002863,0,0.0,0.0,-1,0.511191,40.92,0.485639,0,10
u171,15-1242.00,Database Administrators,15-2051.00,Data Scientists,15-1252.00,Software Developers,0.897207,0.0,0,0.0,0.0,-1,0.465698,40.0,0.473598,0,11
u172,15-1243.00,Database Architects,15-1244.00,Network and Computer Systems Administrators,15-1211.00,Computer Systems Analysts,0.98376,3e-05,0,0.0,0.0,-1,0.54398,40.01,0.524281,0,1
u172,15-1243.00,Database Architects,15-1244.00,Network and Computer Systems Administrators,15-1244.00,Network and Computer Systems Administrators,0.96978,0.011878,2,0.0,0.0,-1,0.571913,67.8,0.519218,1,2
u172,15-1243.00,Database Architects,15-1244.00,Network and Computer Systems Administrators,15-1242.00,Database Administrators,0.972761,0.0,0,0.0,0.0,-1,0.504319,40.0,0.51339,0,3
u172,15-1243.00,Database Architects,15-1244.00,Network and Computer Systems Administrators,15-1254.00,Web Developers,0.968743,0.0,0,0.0,0.0,-1,0.488629,40.0,0.509229,0,4
u172,15-1243.00,Database Architects,15-1244.00,Network and Computer Systems Administrators,15-1255.00,Web and Digital Interface Designers,0.964006,0.0,0,0.0,0.0,-1,0.491159,40.0,0.507477,0,5
u172,15-1243.00,Database Architects,15-1244.00,Network and Computer Systems Administrators,15-1253.00,Software Quality Assurance Analysts and Testers,0.955427,0.001607,0,0.0,0.0,-1,0.49744,40.51,0.504157,0,6
u172,15-1243.00,Database Architects,15-1244.00,Network and Computer Systems Administrators,15-1212.00,Information Security Analysts,0.955332,0.0,0,0.0,0.0,-1,0.486521,40.0,0.502878,0,7
u172,15-1243.00,Database Architects,15-1244.00,Network and Computer Systems Administrators,15-1251.00,Computer Programmers,0.943528,0.001691,0,0.0,0.0,-1,0.488147,40.54,0.497387,0,8
u172,15-1243.00,Database Architects,15-1244.00,Network and Computer Systems Administrators,15-2051.00,Data Scientists,0.939724,0.0,0,0.0,0.0,-1,0.488477,40.0,0.496147,0,9
u172,15-1243.00,Database Architects,15-1244.00,Network and Computer Systems Administrators,15-2031.00,Operations Research Analysts,0.91484,0.012838,1,0.0,0.0,-1,0.51551,56.11,0.485795,0,10
u172,15-1243.00,Database Architects,15-1244.00,Network and Computer Systems Administrators,15-1252.00,Software Developers,0.919472,0.0,0,0.0,0.0,-1,0.470017,40.0,0.484265,0,11
u173,15-1244.00,Network and Computer Systems Administrators,15-1212.00,Information Security Analysts,15-1212.00,Information Security Analysts,0.916264,0.0,0,1.0,1.0,1,0.414608,40.0,0.62451,1,1
u173,15-1244.00,Network and Computer Systems Administrators,15-1212.00,Information Security Analysts,15-1211.00,Computer Systems Analysts,0.959134,0.0,0,0.0,0.0,-1,0.472067,40.0,0.50242,0,2
u173,15-1244.00,Network and Computer Systems Administrators,15-1212.00,Information Security Analysts,15-1242.00,Database Administrators,0.917865,0.0,0,0.0,0.0,-1,0.432406,40.0,0.4779,0,3
u173,15-1244.00,Network and Computer Systems Administrators,15-1212.00,Information Security Analysts,15-1253.00,Software Quality Assurance Analysts and Testers,0.91524,0.0,0,0.0,0.0,-1,0.425527,40.0,0.475687,0,4
u173,15-1244.00,Network and Computer Systems Administrators,15-1212.00,Information Security Analysts,15-1243.00,Database Architects,0.911645,0.0,0,0.0,0.0,-1,0.428087,40.0,0.474453,0,5
u173,15-1244.00,Network and Computer Systems Administrators,15-1212.00,Information Security Analysts,15-1254.00,Web Developers,0.912798,0.0,0,0.0,0.0,-1,0.416716,40.0,0.473267,0,6
u173,15-1244.00,Network and Computer Systems Administrators,15-1212.00,Information Security Analysts,15-1255.00,Web and Digital Interface Designers,0.887367,0.0,0,0.0,0.0,-1,0.419245,40.0,0.462202,0,7
u173,15-1244.00,Network and Computer Systems Administrators,15-1212.00,Information Security Analysts,15-2051.00,Data Scientists,0.879471,0.0,0,0.0,0.0,-1,0.416564,40.0,0.458247,0,8
u173,15-1244.00,Network and Computer Systems Administrators,15-1212.00,Information Security Analysts,15-1251.00,Computer Programmers,0.882408,0.009301,0,0.0,0.0,-1,0.416234,42.98,0.457193,0,9
u173,15-1244.00,Network and Computer Systems Administrators,15-1212.00,Information Security Analysts,15-2031.00,Operations Research Analysts,0.854621,9.8e-05,0,0.0,0.0,-1,0.443597,40.03,0.451094,0,10
u173,15-1244.00,Network and Computer Systems Administrators,15-1212.00,Information Security Analysts,15-1252.00,Software Developers,0.862313,0.0,0,0.0,0.0,-1,0.398103,40.0,0.447756,0,11
u174,15-1251.00,Computer Programmers,15-1252.00,Software Developers,15-1252.00,Software Developers,0.85704,0.0,0,0.615385,0.615385,1,0.481869,40.0,0.550256,1,1
u174,15-1251.00,Computer Programmers,15-1252.00,Software Developers,15-1254.00,Web Developers,0.956022,0.0,0,0.25641,0.25641,1,0.500482,40.0,0.543744,0,2
u174,15-1251.00,Computer Programmers,15-1252.00,Software Developers,15-2051.00,Data Scientists,0.909395,0.0,0,0.0,0.341881,2,0.50033,40.0,0.535559,0,3
u174,15-1251.00,Computer Programmers,15-1252.00,Software Developers,15-1212.00,Information Security Analysts,0.926688,0.0,0,0.0,0.273504,2,0.498374,40.0,0.532791,0,4
u174,15-1251.00,Computer Programmers,15-1252.00,Software Developers,15-1244.00,Network and Computer Systems Administrators,0.965468,0.008084,1,0.0,0.0,-1,0.583766,54.59,0.520005,0,5
u174,15-1251.00,Computer Programmers,15-1252.00,Software Developers,15-1211.00,Computer Systems Analysts,0.960792,0.001702,0,0.0,0.0,-1,0.555833,40.54,0.515306,0,6
u174,15-1251.00,Computer Programmers,15-1252.00,Software Developers,15-1255.00,Web and Digital Interface Designers,0.934791,0.0,0,0.0,0.102564,2,0.503011,40.0,0.511492,0,7
u174,15-1251.00,Computer Programmers,15-1252.00,Software Developers,15-1253.00,Software Quality Assurance Analysts and Testers,0.949842,0.0,0,0.0,0.0,-1,0.509293,40.0,0.503823,0,8
u174,15-1251.00,Computer Programmers,15-1252.00,Software Developers,15-1243.00,Database Architects,0.945836,0.0,0,0.0,0.0,-1,0.511853,40.0,0.502404,0,9
u174,15-1251.00,Computer Programmers,15-1252.00,Software Developers,15-1242.00,Database Administrators,0.942771,0.0,0,0.0,0.0,-1,0.516171,40.0,0.501673,0,10
u174,15-1251.00,Computer Programmers,15-1252.00,Software Developers,15-2031.00,Operations Research Analysts,0.89227,0.005626,0,0.128205,0.128205,1,0.527362,41.8,0.49845,0,11
u175,15-1252.00,Software Developers,15-1253.00,Software Quality Assurance Analysts and Testers,15-2051.00,Data Scientists,0.936133,0.000967,0,0.555556,0.555556,1,0.518461,40.31,0.582121,0,1
u175,15-1252.00,Software Developers,15-1253.00,Software Quality Assurance Analysts and Testers,15-1212.00,Information Security Analysts,0.955709,0.002279,0,0.444444,0.444444,1,0.516505,40.73,0.573641,0,2
u175,15-1252.00,Software Developers,15-1253.00,Software Quality Assurance Analysts and Testers,15-1211.00,Computer Systems Analysts,0.967926,0.009655,2,0.0,0.0,-1,0.573963,67.09,0.519247,0,3
u175,15-1252.00,Software Developers,15-1253.00,Software Quality Assurance Analysts and Testers,15-1244.00,Network and Computer Systems Administrators,0.958032,0.016707,3,0.0,0.0,-1,0.601897,81.35,0.517222,0,4
u175,15-1252.00,Software Developers,15-1253.00,Software Quality Assurance Analysts and Testers,15-1243.00,Database Architects,0.952054,0.008762,1,0.0,0.0,-1,0.529983,54.8,0.505731,0,5
u175,15-1252.00,Software Developers,15-1253.00,Software Quality Assurance Analysts and Testers,15-1242.00,Database Administrators,0.94912,0.00672,1,0.0,0.0,-1,0.534302,54.15,0.50557,0,6
u175,15-1252.00,Software Developers,15-1253.00,Software Quality Assurance Analysts and Testers,15-1255.00,Web and Digital Interface Designers,0.939684,0.012113,1,0.0,0.0,-1,0.521142,55.88,0.498001,0,7
u175,15-1252.00,Software Developers,15-1253.00,Software Quality Assurance Analysts and Testers,15-1253.00,Software Quality Assurance Analysts and Testers,0.926863,0.014448,2,0.0,0.0,-1,0.527424,68.62,0.49259,1,8
u175,15-1252.00,Software Developers,15-1253.00,Software Quality Assurance Analysts and Testers,15-1254.00,Web Developers,0.922415,0.024161,1,0.0,0.0,-1,0.518612,59.73,0.486838,0,9
u175,15-1252.00,Software Developers,15-1253.00,Software Quality Assurance Analysts and Testers,15-2031.00,Operations Research Analysts,0.904263,0.019004,1,0.0,0.0,-1,0.545493,58.08,0.483991,0,10
u175,15-1252.00,Software Developers,15-1253.00,Software Quality Assurance Analysts and Testers,15-1251.00,Computer Programmers,0.883455,0.04472,2,0.0,0.0,-1,0.518131,78.31,0.464094,0,11
u176,15-1253.00,Software Quality Assurance Analysts and Testers,15-1252.00,Software Developers,15-1252.00,Software Developers,0.882701,0.0,0,1.0,1.0,1,0.472576,40.0,0.618102,1,1
u176,15-1253.00,Software Quality Assurance Analysts and Testers,15-1252.00,Software Developers,15-2051.00,Data Scientists,0.917989,0.0,0,0.0,0.555556,2,0.491037,40.0,0.570084,0,2
u176,15-1253.00,Software Quality Assurance Analysts and Testers,15-1252.00,Software Developers,15-1212.00,Information Security Analysts,0.946204,0.0,0,0.0,0.444444,2,0.489081,40.0,0.565821,0,3
u176,15-1253.00,Software Quality Assurance Analysts and Testers,15-1252.00,Software Developers,15-1244.00,Network and Computer Systems Administrators,0.971248,0.004597,1,0.0,0.0,-1,0.574473,53.47,0.522083,0,4
u176,15-1253.00,Software Quality Assurance Analysts and Testers,15-1252.00,Software Developers,15-1211.00,Computer Systems Analysts,0.975939,0.0,0,0.0,0.0,-1,0.54654,40.0,0.521153,0,5
u176,15-1253.00,Software Quality Assurance Analysts and Testers,15-1252.00,Software Developers,15-1254.00,Web Developers,0.957845,0.0,0,0.0,0.0,-1,0.491189,40.0,0.504708,0,6
u176,15-1253.00,Software Quality Assurance Analysts and Testers,15-1252.00,Software Developers,15-1243.00,Database Architects,0.95268,0.0,0,0.0,0.0,-1,0.50256,40.0,0.50409,0,7
u176,15-1253.00,Software Quality Assurance Analysts and Testers,15-1252.00,Software Developers,15-1242.00,Database Administrators,0.948668,0.0,0,0.0,0.0,-1,0.506878,40.0,0.502932,0,8
u176,15-1253.00,Software Quality Assurance Analysts and Testers,15-1252.00,Software Developers,15-1251.00,Computer Programmers,0.937964,0.000608,0,0.0,0.0,-1,0.490707,40.19,0.495538,0,9
u176,15-1253.00,Software Quality Assurance Analysts and Testers,15-1252.00,Software Developers,15-1255.00,Web and Digital Interface Designers,0.934271,0.0,0,0.0,0.0,-1,0.493718,40.0,0.49448,0,10
u176,15-1253.00,Software Quality Assurance Analysts and Testers,15-1252.00,Software Developers,15-2031.00,Operations Research Analysts,0.891306,0.014917,0,0.0,0.0,-1,0.518069,44.77,0.475069,0,11
u177,15-1254.00,Web Developers,15-1252.00,Software Developers,15-1255.00,Web and Digital Interface Designers,0.938412,0.0,0,0.4,0.4,1,0.50253,40.0,0.557665,0,1
u177,15-1254.00,Web Developers,15-1252.00,Software Developers,15-1252.00,Software Developers,0.876378,7.9e-05,0,0.6,0.6,1,0.481388,40.03,0.556558,1,2
u177,15-1254.00,Web Developers,15-1252.00,Software Developers,15-1212.00,Information Security Analysts,0.939516,0.0,0,0.0,0.266666,2,0.497892,40.0,0.537466,0,3
u177,15-1254.00,Web Developers,15-1252.00,Software Developers,15-2051.00,Data Scientists,0.913281,3e-05,0,0.0,0.333334,2,0.499848,40.01,0.535946,0,4
u177,15-1254.00,Web Developers,15-1252.00,Software Developers,15-1244.00,Network and Computer Systems Administrators,0.973533,0.003769,2,0.0,0.0,-1,0.583284,65.21,0.52464,0,5
u177,15-1254.00,Web Developers,15-1252.00,Software Developers,15-1211.00,Computer Systems Analysts,0.971675,0.0,0,0.0,0.0,-1,0.555351,40.0,0.520556,0,6
u177,15-1254.00,Web Developers,15-1252.00,Software Developers,15-1242.00,Database Administrators,0.956117,0.0,0,0.0,0.0,-1,0.51569,40.0,0.507606,0,7
u177,15-1254.00,Web Developers,15-1252.00,Software Developers,15-1243.00,Database Architects,0.954642,0.0,0,0.0,0.0,-1,0.511371,40.0,0.506294,0,8
u177,15-1254.00,Web Developers,15-1252.00,Software Developers,15-1253.00,Software Quality Assurance Analysts and Testers,0.94239,0.0,0,0.0,0.0,-1,0.508811,40.0,0.500397,0,9
u177,15-1254.00,Web Developers,15-1252.00,Software Developers,15-1251.00,Computer Programmers,0.933814,0.0,0,0.0,0.0,-1,0.499518,40.0,0.495144,0,10
u177,15-1254.00,Web Developers,15-1252.00,Software Developers,15-2031.00,Operations Research Analysts,0.896663,0.017106,0,0.0,0.0,-1,0.526881,45.47,0.478254,0,11
u178,15-1255.00,Web and Digital Interface Designers,15-2031.00,Operations Research Analysts,15-1211.00,Computer Systems Analysts,0.969034,0.004081,1,0.0,0.0,-1,0.552821,53.31,0.517968,0,1
u178,15-1255.00,Web and Digital Interface Designers,15-2031.00,Operations Research Analysts,15-1244.00,Network and Computer Systems Administrators,0.961557,0.015891,3,0.0,0.0,-1,0.580755,81.09,0.515841,0,2
u178,15-1255.00,Web and Digital Interface Designers,15-2031.00,Operations Research Analysts,15-1243.00,Database Architects,0.964825,0.0,0,0.0,0.0,-1,0.508841,40.0,0.510497,0,3
u178,15-1255.00,Web and Digital Interface Designers,15-2031.00,Operations Research Analysts,15-1242.00,Database Administrators,0.959167,0.0,0,0.0,0.0,-1,0.51316,40.0,0.508599,0,4
u178,15-1255.00,Web and Digital Interface Designers,15-2031.00,Operations Research Analysts,15-1254.00,Web Developers,0.957454,0.0,0,0.0,0.0,-1,0.49747,40.0,0.505475,0,5
u178,15-1255.00,Web and Digital Interface Designers,15-2031.00,Operations Research Analysts,15-1212.00,Information Security Analysts,0.948258,0.0,0,0.0,0.0,-1,0.495363,40.0,0.50102,0,6
u178,15-1255.00,Web and Digital Interface Designers,15-2031.00,Operations Research Analysts,15-1253.00,Software Quality Assurance Analysts and Testers,0.940493,0.004364,0,0.0,0.0,-1,0.506282,41.4,0.498073,0,7
u178,15-1255.00,Web and Digital Interface Designers,15-2031.00,Operations Research Analysts,15-2051.00,Data Scientists,0.937843,0.0,0,0.0,0.0,-1,0.497319,40.0,0.496627,0,8
u178,15-1255.00,Web and Digital Interface Designers,15-2031.00,Operations Research Analysts,15-1251.00,Computer Programmers,0.932646,0.003132,0,0.0,0.0,-1,0.496989,41.0,0.493456,0,9
u178,15-1255.00,Web and Digital Interface Designers,15-2031.00,Operations Research Analysts,15-1252.00,Software Developers,0.909684,0.0,0,0.0,0.0,-1,0.478858,40.0,0.481187,0,10
u178,15-1255.00,Web and Digital Interface Designers,15-2031.00,Operations Research Analysts,15-2031.00,Operations Research Analysts,0.900462,0.012355,1,0.0,0.0,-1,0.524351,55.95,0.480772,1,11
u179,15-2031.00,Operations Research Analysts,15-2051.00,Data Scientists,15-2051.00,Data Scientists,0.955564,0.0,0,1.0,1.0,1,0.472968,40.0,0.650949,1,1
u179,15-2031.00,Operations Research Analysts,15-2051.00,Data Scientists,15-1211.00,Computer Systems Analysts,0.964879,0.004223,2,0.0,0.0,-1,0.52847,65.35,0.51241,0,2
u179,15-2031.00,Operations Research Analysts,15-2051.00,Data Scientists,15-1242.00,Database Administrators,0.963689,0.0,0,0.0,0.0,-1,0.488809,40.0,0.506981,0,3
u179,15-2031.00,Operations Research Analysts,15-2051.00,Data Scientists,15-1243.00,Database Architects,0.962911,0.000281,0,0.0,0.0,-1,0.48449,40.09,0.505914,0,4
u179,15-2031.00,Operations Research Analysts,15-2051.00,Data Scientists,15-1244.00,Network and Computer Systems Administrators,0.947479,0.0168,5,0.0,0.0,-1,0.556403,105.38,0.505626,0,5
u179,15-2031.00,Operations Research Analysts,15-2051.00,Data Scientists,15-1254.00,Web Developers,0.950987,0.002955,0,0.0,0.0,-1,0.473119,40.95,0.498173,0,6
u179,15-2031.00,Operations Research Analysts,15-2051.00,Data Scientists,15-1255.00,Web and Digital Interface Designers,0.94368,0.000291,0,0.0,0.0,-1,0.475649,40.09,0.49593,0,7
u179,15-2031.00,Operations Research Analysts,15-2051.00,Data Scientists,15-1212.00,Information Security Analysts,0.94465,4.6e-05,0,0.0,0.0,-1,0.471011,40.01,0.495733,0,8
u179,15-2031.00,Operations Research Analysts,15-2051.00,Data Scientists,15-1253.00,Software Quality Assurance Analysts and Testers,0.940989,0.003481,1,0.0,0.0,-1,0.481931,53.11,0.494864,0,9
u179,15-2031.00,Operations Research Analysts,15-2051.00,Data Scientists,15-1251.00,Computer Programmers,0.924211,0.020871,1,0.0,0.0,-1,0.472638,58.68,0.481573,0,10
u179,15-2031.00,Operations Research Analysts,15-2051.00,Data Scientists,15-1252.00,Software Developers,0.905964,0.004786,1,0.0,0.0,-1,0.454507,53.53,0.474663,0,11
u180,15-2051.00,Data Scientists,15-1211.00,Computer Systems Analysts,15-1211.00,Computer Systems Analysts,0.969974,0.007703,1,0.0,0.0,-1,0.555503,54.46,0.517888,1,1
u180,15-2051.00,Data Scientists,15-1211.00,Computer Systems Analysts,15-1244.00,Network and Computer Systems Administrators,0.955327,0.016695,2,0.0,0.0,-1,0.583436,69.34,0.513239,0,2
u180,15-2051.00,Data Scientists,15-1211.00,Computer Systems Analysts,15-1242.00,Database Administrators,0.966724,0.000662,0,0.0,0.0,-1,0.515841,40.21,0.512237,0,3
u180,15-2051.00,Data Scientists,15-1211.00,Computer Systems Analysts,15-1243.00,Database Architects,0.966069,0.000194,0,0.0,0.0,-1,0.511523,40.06,0.511411,0,4
u180,15-2051.00,Data Scientists,15-1211.00,Computer Systems Analysts,15-1212.00,Information Security Analysts,0.964875,0.0,0,0.0,0.0,-1,0.498044,40.0,0.5089,0,5
u180,15-2051.00,Data Scientists,15-1211.00,Computer Systems Analysts,15-1255.00,Web and Digital Interface Designers,0.961402,0.0,0,0.0,0.0,-1,0.502681,40.0,0.508033,0,6
u180,15-2051.00,Data Scientists,15-1211.00,Computer Systems Analysts,15-1253.00,Software Quality Assurance Analysts and Testers,0.953231,0.003148,0,0.0,0.0,-1,0.508963,41.01,0.504511,0,7
u180,15-2051.00,Data Scientists,15-1211.00,Computer Systems Analysts,15-1254.00,Web Developers,0.952847,0.006274,0,0.0,0.0,-1,0.500152,42.01,0.502235,0,8
u180,15-2051.00,Data Scientists,15-1211.00,Computer Systems Analysts,15-1251.00,Computer Programmers,0.933313,0.008788,0,0.0,0.0,-1,0.49967,42.81,0.492744,0,9
u180,15-2051.00,Data Scientists,15-1211.00,Computer Systems Analysts,15-2031.00,Operations Research Analysts,0.923754,0.010251,0,0.0,0.0,-1,0.527032,43.28,0.492181,0,10
u180,15-2051.00,Data Scientists,15-1211.00,Computer Systems Analysts,15-1252.00,Software Developers,0.920066,0.002156,0,0.0,0.0,-1,0.481539,40.69,0.485722,0,11
u181,15-1211.00,Computer Systems Analysts,15-2051.00,Data Scientists,15-2051.00,Data Scientists,0.91481,0.0,0,1.0,1.0,1,0.444497,40.0,0.628339,1,1
u181,15-1211.00,Computer Systems Analysts,15-2051.00,Data Scientists,15-1244.00,Network and Computer Systems Administrators,0.980703,0.000644,0,0.0,0.0,-1,0.527933,40.21,0.520345,0,2
u181,15-1211.00,Computer Systems Analysts,15-2051.00,Data Scientists,15-1242.00,Database Administrators,0.952199,0.0,0,0.0,0.0,-1,0.460339,40.0,0.497541,0,3
u181,15-1211.00,Computer Systems Analysts,15-2051.00,Data Scientists,15-1253.00,Software Quality Assurance Analysts and Testers,0.953207,0.0,0,0.0,0.0,-1,0.45346,40.0,0.496962,0,4
u181,15-1211.00,Computer Systems Analysts,15-2051.00,Data Scientists,15-1243.00,Database Architects,0.949988,0.0,0,0.0,0.0,-1,0.45602,40.0,0.495898,0,5
u181,15-1211.00,Computer Systems Analysts,15-2051.00,Data Scientists,15-1254.00,Web Developers,0.952577,0.0,0,0.0,0.0,-1,0.444649,40.0,0.495357,0,6
u181,15-1211.00,Computer Systems Analysts,15-2051.00,Data Scientists,15-1212.00,Information Security Analysts,0.939912,0.0,0,0.0,0.0,-1,0.442541,40.0,0.489342,0,7
u181,15-1211.00,Computer Systems Analysts,15-2051.00,Data Scientists,15-1255.00,Web and Digital Interface Designers,0.92917,0.0,0,0.0,0.0,-1,0.447179,40.0,0.485203,0,8
u181,15-1211.00,Computer Systems Analysts,15-2051.00,Data Scientists,15-1251.00,Computer Programmers,0.927198,2.2e-05,0,0.0,0.0,-1,0.444167,40.01,0.483859,0,9
u181,15-1211.00,Computer Systems Analysts,15-2051.00,Data Scientists,15-2031.00,Operations Research Analysts,0.892764,0.005936,0,0.0,0.0,-1,0.47153,41.9,0.470989,0,10
u181,15-1211.00,Computer Systems Analysts,15-2051.00,Data Scientists,15-1252.00,Software Developers,0.892679,0.0,0,0.0,0.0,-1,0.426037,40.0,0.465611,0,11
u182,15-1212.00,Information Security Analysts,15-1242.00,Database Administrators,15-1244.00,Network and Computer Systems Administrators,0.975954,0.005852,2,0.0,0.0,-1,0.585392,65.87,0.525525,0,1
u182,15-1212.00,Information Security Analysts,15-1242.00,Database Administrators,15-1211.00,Computer Systems Analysts,0.973492,0.0,0,0.0,0.0,-1,0.557459,40.0,0.52169,0,2
u182,15-1212.00,Information Security Analysts,15-1242.00,Database Administrators,15-1242.00,Database Administrators,0.95377,0.0,0,0.0,0.0,-1,0.517798,40.0,0.506866,1,3
u182,15-1212.00,Information Security Analysts,15-1242.00,Database Administrators,15-1253.00,Software Quality Assurance Analysts and Testers,0.948121,0.0,0,0.0,0.0,-1,0.510919,40.0,0.503293,0,4
u182,15-1212.00,Information Security Analysts,15-1242.00,Database Administrators,15-1243.00,Database Architects,0.943497,0.0,0,0.0,0.0,-1,0.513479,40.0,0.501596,0,5
u182,15-1212.00,Information Security Analysts,15-1242.00,Database Administrators,15-1254.00,Web Developers,0.941005,0.009989,0,0.0,0.0,-1,0.502108,43.2,0.496271,0,6
u182,15-1212.00,Information Security Analysts,15-1242.00,Database Administrators,15-1255.00,Web and Digital Interface Designers,0.929251,0.001942,0,0.0,0.0,-1,0.504637,40.62,0.493373,0,7
u182,15-1212.00,Information Security Analysts,15-1242.00,Database Administrators,15-2051.00,Data Scientists,0.927338,0.0,0,0.0,0.0,-1,0.501956,40.0,0.492596,0,8
u182,15-1212.00,Information Security Analysts,15-1242.00,Database Administrators,15-1252.00,Software Developers,0.909899,0.0,0,0.0,0.0,-1,0.483495,40.0,0.481979,0,9
u182,15-1212.00,Information Security Analysts,15-1242.00,Database Administrators,15-1251.00,Computer Programmers,0.906695,0.021068,0,0.0,0.0,-1,0.501626,46.74,0.47799,0,10
u182,15-1212.00,Information Security Analysts,15-1242.00,Database Administrators,15-2031.00,Operations Research Analysts,0.885808,0.020178,0,0.0,0.0,-1,0.528989,46.46,0.472917,0,11
u183,15-1242.00,Database Administrators,15-2051.00,Data Scientists,15-2051.00,Data Scientists,0.94042,0.0,0,1.0,1.0,1,0.484159,40.0,0.645813,1,1
u183,15-1242.00,Database Administrators,15-2051.00,Data Scientists,15-1244.00,Network and Computer Systems Administrators,0.974471,0.006933,0,0.0,0.0,-1,0.567594,42.22,0.521918,0,2
u183,15-1242.00,Database Administrators,15-2051.00,Data Scientists,15-1211.00,Computer Systems Analysts,0.97823,0.000161,0,0.0,0.0,-1,0.539661,40.05,0.521112,0,3
u183,15-1242.00,Database Administrators,15-2051.00,Data Scientists,15-1243.00,Database Architects,0.969215,0.0,0,0.0,0.0,-1,0.495681,40.0,0.510499,0,4
u183,15-1242.00,Database Administrators,15-2051.00,Data Scientists,15-1254.00,Web Developers,0.960016,0.0,0,0.0,0.0,-1,0.48431,40.0,0.504654,0,5
u183,15-1242.00,Database Administrators,15-2051.00,Data Scientists,15-1212.00,Information Security Analysts,0.955877,0.0,0,0.0,0.0,-1,0.482202,40.0,0.502475,0,6
u183,15-1242.00,Database Administrators,15-2051.00,Data Scientists,15-1255.00,Web and Digital Interface Designers,0.951848,0.0,0,0.0,0.0,-1,0.48684,40.0,0.501358,0,7
u183,15-1242.00,Database Administrators,15-2051.00,Data Scientists,15-1253.00,Software Quality Assurance Analysts and Testers,0.946829,0.000888,0,0.0,0.0,-1,0.493122,40.28,0.499819,0,8
u183,15-1242.00,Database Administrators,15-2051.00,Data Scientists,15-1251.00,Computer Programmers,0.931349,0.004236,0,0.0,0.0,-1,0.483829,41.36,0.490622,0,9
u183,15-1242.00,Database Administrators,15-2051.00,Data Scientists,15-2031.00,Operations Research Analysts,0.914962,0.012649,1,0.0,0.0,-1,0.511191,56.05,0.485249,0,10
u183,15-1242.00,Database Administrators,15-2051.00,Data Scientists,15-1252.00,Software Developers,0.90857,0.000116,0,0.0,0.0,-1,0.465698,40.04,0.478682,0,11
u184,15-1243.00,Database Architects,15-1244.00,Network and Computer Systems Administrators,15-1211.00,Computer Systems Analysts,0.972114,0.001082,0,0.0,0.0,-1,0.54398,40.35,0.518778,0,1
u184,15-1243.00,Database Architects,15-1244.00,Network and Computer Systems Administrators,15-1244.00,Network and Computer Systems Administrators,0.967123,0.009128,1,0.0,0.0,-1,0.571913,54.92,0.51871,1,2
u184,15-1243.00,Database Architects,15-1244.00,Network and Computer Systems Administrators,15-1242.00,Database Administrators,0.956561,0.0,0,0.0,0.0,-1,0.504319,40.0,0.5061,0,3
u184,15-1243.00,Database Architects,15-1244.00,Network and Computer Systems Administrators,15-1254.00,Web Developers,0.960144,0.0,0,0.0,0.0,-1,0.488629,40.0,0.505359,0,4
u184,15-1243.00,Database Architects,15-1244.00,Network and Computer Systems Administrators,15-1253.00,Software Quality Assurance Analysts and Testers,0.950399,0.0,0,0.0,0.0,-1,0.49744,40.0,0.502296,0,5
u184,15-1243.00,Database Architects,15-1244.00,Network and Computer Systems Administrators,15-1255.00,Web and Digital Interface Designers,0.946418,0.0,0,0.0,0.0,-1,0.491159,40.0,0.499562,0,6
u184,15-1243.00,Database Architects,15-1244.00,Network and Computer Systems Administrators,15-1212.00,Information Security Analysts,0.939914,0.0,0,0.0,0.0,-1,0.486521,40.0,0.49594,0,7
u184,15-1243.00,Database Architects,15-1244.00,Network and Computer Systems Administrators,15-1251.00,Computer Programmers,0.934617,0.0,0,0.0,0.0,-1,0.488147,40.0,0.4938,0,8
u184,15-1243.00,Database Architects,15-1244.00,Network and Computer Systems Administrators,15-2051.00,Data Scientists,0.925232,0.0,0,0.0,0.0,-1,0.488477,40.0,0.489626,0,9
u184,15-1243.00,Database Architects,15-1244.00,Network and Computer Systems Administrators,15-2031.00,Operations Research Analysts,0.907389,0.007668,0,0.0,0.0,-1,0.51551,42.45,0.483735,0,10
u184,15-1243.00,Database Architects,15-1244.00,Network and Computer Systems Administrators,15-1252.00,Software Developers,0.889846,0.0,0,0.0,0.0,-1,0.470017,40.0,0.470933,0,11
u185,15-1244.00,Network and Computer Systems Administrators,15-1212.00,Information Security Analysts,15-1212.00,Information Security Analysts,0.910999,0.0,0,1.0,1.0,1,0.414608,40.0,0.622141,1,1
u185,15-1244.00,Network and Computer Systems Administrators,15-1212.00,Information Security Analysts,15-1211.00,Computer Systems Analysts,0.953363,0.0,0,0.0,0.0,-1,0.472067,40.0,0.499823,0,2
u185,15-1244.00,Network and Computer Systems Administrators,15-1212.00,Information Security Analysts,15-1242.00,Database Administrators,0.913468,0.0,0,0.0,0.0,-1,0.432406,40.0,0.475921,0,3
u185,15-1244.00,Network and Computer Systems Administrators,15-1212.00,Information Security Analysts,15-1253.00,Software Quality Assurance Analysts and Testers,0.912681,0.0,0,0.0,0.0,-1,0.425527,40.0,0.474535,0,4
u185,15-1244.00,Network and Computer Systems Administrators,15-1212.00,Information Security Analysts,15-1254.00,Web Developers,0.91321,0.0,0,0.0,0.0,-1,0.416716,40.0,0.473452,0,5
u185,15-1244.00,Network and Computer Systems Administrators,15-1212.00,Information Security Analysts,15-1243.00,Database Architects,0.907382,0.0,0,0.0,0.0,-1,0.428087,40.0,0.472535,0,6
u185,15-1244.00,Network and Computer Systems Administrators,15-1212.00,Information Security Analysts,15-1255.00,Web and Digital Interface Designers,0.887541,0.0,0,0.0,0.0,-1,0.419245,40.0,0.46228,0,7
u185,15-1244.00,Network and Computer Systems Administrators,15-1212.00,Information Security Analysts,15-1251.00,Computer Programmers,0.883227,0.003437,0,0.0,0.0,-1,0.416234,41.1,0.459028,0,8
u185,15-1244.00,Network and Computer Systems Administrators,15-1212.00,Information Security Analysts,15-2051.00,Data Scientists,0.875158,0.0,0,0.0,0.0,-1,0.416564,40.0,0.456306,0,9
u185,15-1244.00,Network and Computer Systems Administrators,15-1212.00,Information Security Analysts,15-2031.00,Operations Research Analysts,0.845921,0.00891,0,0.0,0.0,-1,0.443597,42.85,0.444977,0,10
u185,15-1244.00,Network and Computer Systems Administrators,15-1212.00,Information Security Analysts,15-1252.00,Software Developers,0.849624,0.0,0,0.0,0.0,-1,0.398103,40.0,0.442046,0,11
u186,15-1251.00,Computer Programmers,15-1252.00,Software Developers,15-1252.00,Software Developers,0.884786,0.0,0,0.615385,0.615385,1,0.481869,40.0,0.562742,1,1
u186,15-1251.00,Computer Programmers,15-1252.00,Software Developers,15-1254.00,Web Developers,0.966841,0.0,0,0.25641,0.25641,1,0.500482,40.0,0.548612,0,2
u186,15-1251.00,Computer Programmers,15-1252.00,Software Developers,15-2051.00,Data Scientists,0.932577,0.0,0,0.0,0.341881,2,0.50033,40.0,0.545991,0,3
u186,15-1251.00,Computer Programmers,15-1252.00,Software Developers,15-1212.00,Information Security Analysts,0.942226,0.0,0,0.0,0.273504,2,0.498374,40.0,0.539783,0,4
u186,15-1251.00,Computer Programmers,15-1252.00,Software Developers,15-1211.00,Computer Systems Analysts,0.974003,0.000804,0,0.0,0.0,-1,0.555833,40.26,0.521475,0,5
u186,15-1251.00,Computer Programmers,15-1252.00,Software Developers,15-1244.00,Network and Computer Systems Administrators,0.967677,0.010766,2,0.0,0.0,-1,0.583766,67.45,0.520328,0,6
u186,15-1251.00,Computer Programmers,15-1252.00,Software Developers,15-1255.00,Web and Digital Interface Designers,0.9516,0.0,0,0.0,0.102564,2,0.503011,40.0,0.519056,0,7
u186,15-1251.00,Computer Programmers,15-1252.00,Software Developers,15-2031.00,Operations Research Analysts,0.916436,0.003146,0,0.128205,0.128205,1,0.527362,41.01,0.509945,0,8
u186,15-1251.00,Computer Programmers,15-1252.00,Software Developers,15-1242.00,Database Administrators,0.960662,0.0,0,0.0,0.0,-1,0.516171,40.0,0.509723,0,9
u186,15-1251.00,Computer Programmers,15-1252.00,Software Developers,15-1243.00,Database Architects,0.961442,0.0,0,0.0,0.0,-1,0.511853,40.0,0.509427,0,10
u186,15-1251.00,Computer Programmers,15-1252.00,Software Developers,15-1253.00,Software Quality Assurance Analysts and Testers,0.960217,0.0,0,0.0,0.0,-1,0.509293,40.0,0.508491,0,11
u187,15-1252.00,Software Developers,15-1253.00,Software Quality Assurance Analysts and Testers,15-2051.00,Data Scientists,0.923997,0.001004,0,0.555556,0.555556,1,0.518461,40.32,0.57665,0,1
u187,15-1252.00,Software Developers,15-1253.00,Software Quality Assurance Analysts and Testers,15-1212.00,Information Security Analysts,0.947736,0.0,0,0.444444,0.444444,1,0.516505,40.0,0.570623,0,2
u187,15-1252.00,Software Developers,15-1253.00,Software Quality Assurance Analysts and Testers,15-1244.00,Network and Computer Systems Administrators,0.96272,0.012322,3,0.0,0.0,-1,0.601897,79.94,0.520428,0,3
u187,15-1252.00,Software Developers,15-1253.00,Software Quality Assurance Analysts and Testers,15-1211.00,Computer Systems Analysts,0.968588,0.007561,2,0.0,0.0,-1,0.573963,66.42,0.520069,0,4
u187,15-1252.00,Software Developers,15-1253.00,Software Quality Assurance Analysts and Testers,15-1243.00,Database Architects,0.943664,0.009793,2,0.0,0.0,-1,0.529983,67.13,0.501698,0,5
u187,15-1252.00,Software Developers,15-1253.00,Software Quality Assurance Analysts and Testers,15-1242.00,Database Administrators,0.939909,0.007693,2,0.0,0.0,-1,0.534302,66.46,0.501181,0,6
u187,15-1252.00,Software Developers,15-1253.00,Software Quality Assurance Analysts and Testers,15-1253.00,Software Quality Assurance Analysts and Testers,0.922532,0.010821,2,0.0,0.0,-1,0.527424,67.46,0.491547,1,7
u187,15-1252.00,Software Developers,15-1253.00,Software Quality Assurance Analysts and Testers,15-1255.00,Web and Digital Interface Designers,0.924714,0.012179,1,0.0,0.0,-1,0.521142,55.9,0.491248,0,8
u187,15-1252.00,Software Developers,15-1253.00,Software Quality Assurance Analysts and Testers,15-1254.00,Web Developers,0.918734,0.025189,2,0.0,0.0,-1,0.518612,72.06,0.484925,0,9
u187,15-1252.00,Software Developers,15-1253.00,Software Quality Assurance Analysts and Testers,15-2031.00,Operations Research Analysts,0.888968,0.026602,2,0.0,0.0,-1,0.545493,72.51,0.475209,0,10
u187,15-1252.00,Software Developers,15-1253.00,Software Quality Assurance Analysts and Testers,15-1251.00,Computer Programmers,0.878326,0.041095,2,0.0,0.0,-1,0.518131,77.15,0.462693,0,11
u188,15-1253.00,Software Quality Assurance Analysts and Testers,15-1252.00,Software Developers,15-1252.00,Software Developers,0.884609,0.002075,0,1.0,1.0,1,0.472576,40.66,0.618442,1,1
u188,15-1253.00,Software Quality Assurance Analysts and Testers,15-1252.00,Software Developers,15-2051.00,Data Scientists,0.932919,0.0,0,0.0,0.555556,2,0.491037,40.0,0.576802,0,2
u188,15-1253.00,Software Quality Assurance Analysts and Testers,15-1252.00,Software Developers,15-1212.00,Information Security Analysts,0.955115,0.0,0,0.0,0.444444,2,0.489081,40.0,0.56983,0,3
u188,15-1253.00,Software Quality Assurance Analysts and Testers,15-1252.00,Software Developers,15-1211.00,Computer Systems Analysts,0.976621,0.0,0,0.0,0.0,-1,0.54654,40.0,0.52146,0,4
u188,15-1253.00,Software Quality Assurance Analysts and Testers,15-1252.00,Software Developers,15-1244.00,Network and Computer Systems Administrators,0.968848,0.006841,2,0.0,0.0,-1,0.574473,66.19,0.520442,0,5
u188,15-1253.00,Software Quality Assurance Analysts and Testers,15-1252.00,Software Developers,15-1242.00,Database Administrators,0.95544,0.0,0,0.0,0.0,-1,0.506878,40.0,0.50598,0,6
u188,15-1253.00,Software Quality Assurance Analysts and Testers,15-1252.00,Software Developers,15-1254.00,Web Developers,0.959991,0.0,0,0.0,0.0,-1,0.491189,40.0,0.505674,0,7
u188,15-1253.00,Software Quality Assurance Analysts and Testers,15-1252.00,Software Developers,15-1243.00,Database Architects,0.951836,0.0,0,0.0,0.0,-1,0.50256,40.0,0.50371,0,8
u188,15-1253.00,Software Quality Assurance Analysts and Testers,15-1252.00,Software Developers,15-1251.00,Computer Programmers,0.940671,0.002275,0,0.0,0.0,-1,0.490707,40.73,0.496339,0,9
u188,15-1253.00,Software Quality Assurance Analysts and Testers,15-1252.00,Software Developers,15-1255.00,Web and Digital Interface Designers,0.935348,0.0,0,0.0,0.0,-1,0.493718,40.0,0.494964,0,10
u188,15-1253.00,Software Quality Assurance Analysts and Testers,15-1252.00,Software Developers,15-2031.00,Operations Research Analysts,0.903571,0.011461,0,0.0,0.0,-1,0.518069,43.67,0.481452,0,11
u189,15-1254.00,Web Developers,15-1252.00,Software Developers,15-1255.00,Web and Digital Interface Designers,0.93529,0.0,0,0.4,0.4,1,0.50253,40.0,0.55626,0,1
u189,15-1254.00,Web Developers,15-1252.00,Software Developers,15-1252.00,Software Developers,0.87239,0.0,0,0.6,0.6,1,0.481388,40.0,0.554784,1,2
u189,15-1254.00,Web Developers,15-1252.00,Software Developers,15-2051.00,Data Scientists,0.917957,0.0,0,0.0,0.333334,2,0.499848,40.0,0.538058,0,3
u189,15-1254.00,Web Developers,15-1252.00,Software Developers,15-1212.00,Information Security Analysts,0.93806,0.0,0,0.0,0.266666,2,0.497892,40.0,0.536811,0,4
u189,15-1254.00,Web Developers,15-1252.00,Software Developers,15-1244.00,Network and Computer Systems Administrators,0.970165,0.006263,2,0.0,0.0,-1,0.583284,66.0,0.522501,0,5
u189,15-1254.00,Web Developers,15-1252.00,Software Developers,15-1211.00,Computer Systems Analysts,0.973248,0.0,0,0.0,0.0,-1,0.555351,40.0,0.521264,0,6
u189,15-1254.00,Web Developers,15-1252.00,Software Developers,15-1242.00,Database Administrators,0.952661,0.0,0,0.0,0.0,-1,0.51569,40.0,0.506051,0,7
u189,15-1254.00,Web Developers,15-1252.00,Software Developers,15-1243.00,Database Architects,0.953458,0.0,0,0.0,0.0,-1,0.511371,40.0,0.505762,0,8
u189,15-1254.00,Web Developers,15-1252.00,Software Developers,15-1253.00,Software Quality Assurance Analysts and Testers,0.953144,0.0,0,0.0,0.0,-1,0.508811,40.0,0.505237,0,9
u189,15-1254.00,Web Developers,15-1252.00,Software Developers,15-1251.00,Computer Programmers,0.938774,0.0,0,0.0,0.0,-1,0.499518,40.0,0.497376,0,10
u189,15-1254.00,Web Developers,15-1252.00,Software Developers,15-2031.00,Operations Research Analysts,0.8962,0.01102,0,0.0,0.0,-1,0.526881,43.53,0.479567,0,11
u190,15-1255.00,Web and Digital Interface Designers,15-2031.00,Operations Research Analysts,15-1211.00,Computer Systems Analysts,0.968401,0.003376,1,0.0,0.0,-1,0.552821,53.08,0.517859,0,1
u190,15-1255.00,Web and Digital Interface Designers,15-2031.00,Operations Research Analysts,15-1244.00,Network and Computer Systems Administrators,0.961564,0.011302,2,0.0,0.0,-1,0.580755,67.62,0.516992,0,2
u190,15-1255.00,Web and Digital Interface Designers,15-2031.00,Operations Research Analysts,15-1243.00,Database Architects,0.964916,0.0,0,0.0,0.0,-1,0.508841,40.0,0.510538,0,3
u190,15-1255.00,Web and Digital Interface Designers,15-2031.00,Operations Research Analysts,15-1254.00,Web Developers,0.963068,0.0,0,0.0,0.0,-1,0.49747,40.0,0.508001,0,4
u190,15-1255.00,Web and Digital Interface Designers,15-2031.00,Operations Research Analysts,15-1242.00,Database Administrators,0.956859,0.0,0,0.0,0.0,-1,0.51316,40.0,0.507561,0,5
u190,15-1255.00,Web and Digital Interface Designers,15-2031.00,Operations Research Analysts,15-1253.00,Software Quality Assurance Analysts and Testers,0.942609,0.001078,0,0.0,0.0,-1,0.506282,40.34,0.499847,0,6
u190,15-1255.00,Web and Digital Interface Designers,15-2031.00,Operations Research Analysts,15-1212.00,Information Security Analysts,0.941484,0.0,0,0.0,0.0,-1,0.495363,40.0,0.497972,0,7
u190,15-1255.00,Web and Digital Interface Designers,15-2031.00,Operations Research Analysts,15-2051.00,Data Scientists,0.937708,0.0,0,0.0,0.0,-1,0.497319,40.0,0.496566,0,8
u190,15-1255.00,Web and Digital Interface Designers,15-2031.00,Operations Research Analysts,15-1251.00,Computer Programmers,0.93803,0.001141,0,0.0,0.0,-1,0.496989,40.37,0.496377,0,9
u190,15-1255.00,Web and Digital Interface Designers,15-2031.00,Operations Research Analysts,15-2031.00,Operations Research Analysts,0.908915,0.003996,1,0.0,0.0,-1,0.524351,53.28,0.486665,1,10
u190,15-1255.00,Web and Digital Interface Designers,15-2031.00,Operations Research Analysts,15-1252.00,Software Developers,0.905876,0.0,0,0.0,0.0,-1,0.478858,40.0,0.479473,0,11
u191,15-2031.00,Operations Research Analysts,15-2051.00,Data Scientists,15-2051.00,Data Scientists,0.958075,0.0,0,1.0,1.0,1,0.472968,40.0,0.652079,1,1
u191,15-2031.00,Operations Research Analysts,15-2051.00,Data Scientists,15-1211.00,Computer Systems Analysts,0.964066,0.003794,2,0.0,0.0,-1,0.52847,65.21,0.512152,0,2
u191,15-2031.00,Operations Research Analysts,15-2051.00,Data Scientists,15-1242.00,Database Administrators,0.962366,0.0,0,0.0,0.0,-1,0.488809,40.0,0.506386,0,3
u191,15-2031.00,Operations Research Analysts,15-2051.00,Data Scientists,15-1243.00,Database Architects,0.96349,0.0,0,0.0,0.0,-1,0.48449,40.0,0.506244,0,4
u191,15-2031.00,Operations Research Analysts,15-2051.00,Data Scientists,15-1244.00,Network and Computer Systems Administrators,0.946016,0.01625,5,0.0,0.0,-1,0.556403,105.2,0.505105,0,5
u191,15-2031.00,Operations Research Analysts,15-2051.00,Data Scientists,15-1254.00,Web Developers,0.951668,0.003699,0,0.0,0.0,-1,0.473119,41.18,0.498294,0,6
u191,15-2031.00,Operations Research Analysts,15-2051.00,Data Scientists,15-1212.00,Information Security Analysts,0.949286,0.0,0,0.0,0.0,-1,0.471011,40.0,0.497831,0,7
u191,15-2031.00,Operations Research Analysts,15-2051.00,Data Scientists,15-1253.00,Software Quality Assurance Analysts and Testers,0.944269,0.003175,1,0.0,0.0,-1,0.481931,53.02,0.496417,0,8
u191,15-2031.00,Operations Research Analysts,15-2051.00,Data Scientists,15-1255.00,Web and Digital Interface Designers,0.944171,0.000156,0,0.0,0.0,-1,0.475649,40.05,0.496185,0,9
u191,15-2031.00,Operations Research Analysts,15-2051.00,Data Scientists,15-1251.00,Computer Programmers,0.922399,0.021539,1,0.0,0.0,-1,0.472638,58.89,0.48059,0,10
u191,15-2031.00,Operations Research Analysts,15-2051.00,Data Scientists,15-1252.00,Software Developers,0.911204,0.004066,1,0.0,0.0,-1,0.454507,53.3,0.477201,0,11
u192,15-2051.00,Data Scientists,15-1211.00,Computer Systems Analysts,15-1211.00,Computer Systems Analysts,0.966158,0.006946,1,0.0,0.0,-1,0.555503,54.22,0.51636,1,1
u192,15-2051.00,Data Scientists,15-1211.00,Computer Systems Analysts,15-1244.00,Network and Computer Systems Administrators,0.951162,0.017947,2,0.0,0.0,-1,0.583436,69.74,0.511052,0,2
u192,15-2051.00,Data Scientists,15-1211.00,Computer Systems Analysts,15-1242.00,Database Administrators,0.959028,8.7e-05,0,0.0,0.0,-1,0.515841,40.03,0.508917,0,3
u192,15-2051.00,Data Scientists,15-1211.00,Computer Systems Analysts,15-1243.00,Database Architects,0.959531,0.000787,0,0.0,0.0,-1,0.511523,40.25,0.508321,0,4
u192,15-2051.00,Data Scientists,15-1211.00,Computer Systems Analysts,15-1212.00,Information Security Analysts,0.953573,0.0,0,0.0,0.0,-1,0.498044,40.0,0.503814,0,5
u192,15-2051.00,Data Scientists,15-1211.00,Computer Systems Analysts,15-1255.00,Web and Digital Interface Designers,0.951125,0.000294,0,0.0,0.0,-1,0.502681,40.09,0.503335,0,6
u192,15-2051.00,Data Scientists,15-1211.00,Computer Systems Analysts,15-1253.00,Software Quality Assurance Analysts and Testers,0.945,0.002439,0,0.0,0.0,-1,0.508963,40.78,0.500985,0,7
u192,15-2051.00,Data Scientists,15-1211.00,Computer Systems Analysts,15-1254.00,Web Developers,0.948736,0.006482,0,0.0,0.0,-1,0.500152,42.07,0.500333,0,8
u192,15-2051.00,Data Scientists,15-1211.00,Computer Systems Analysts,15-2031.00,Operations Research Analysts,0.925891,0.008493,0,0.0,0.0,-1,0.527032,42.72,0.493582,0,9
u192,15-2051.00,Data Scientists,15-1211.00,Computer Systems Analysts,15-1251.00,Computer Programmers,0.925875,0.011359,0,0.0,0.0,-1,0.49967,43.63,0.488754,0,10
u192,15-2051.00,Data Scientists,15-1211.00,Computer Systems Analysts,15-1252.00,Software Developers,0.917142,0.00479,1,0.0,0.0,-1,0.481539,53.53,0.483747,0,11
u193,15-1211.00,Computer Systems Analysts,15-2051.00,Data Scientists,15-2051.00,Data Scientists,0.92346,0.0,0,1.0,1.0,1,0.444497,40.0,0.632232,1,1
u193,15-1211.00,Computer Systems Analysts,15-2051.00,Data Scientists,15-1244.00,Network and Computer Systems Administrators,0.983326,0.000467,0,0.0,0.0,-1,0.527933,40.15,0.52157,0,2
u193,15-1211.00,Computer Systems Analysts,15-2051.00,Data Scientists,15-1242.00,Database Administrators,0.956571,0.0,0,0.0,0.0,-1,0.460339,40.0,0.499508,0,3
u193,15-1211.00,Computer Systems Analysts,15-2051.00,Data Scientists,15-1243.00,Database Architects,0.95386,0.0,0,0.0,0.0,-1,0.45602,40.0,0.49764,0,4
u193,15-1211.00,Computer Systems Analysts,15-2051.00,Data Scientists,15-1254.00,Web Developers,0.953286,0.0,0,0.0,0.0,-1,0.444649,40.0,0.495676,0,5
u193,15-1211.00,Computer Systems Analysts,15-2051.00,Data Scientists,15-1253.00,Software Quality Assurance Analysts and Testers,0.94861,0.0,0,0.0,0.0,-1,0.45346,40.0,0.494893,0,6
u193,15-1211.00,Computer Systems Analysts,15-2051.00,Data Scientists,15-1212.00,Information Security Analysts,0.945297,0.0,0,0.0,0.0,-1,0.442541,40.0,0.491765,0,7
u193,15-1211.00,Computer Systems Analysts,15-2051.00,Data Scientists,15-1255.00,Web and Digital Interface Designers,0.93575,0.0,0,0.0,0.0,-1,0.447179,40.0,0.488164,0,8
u193,15-1211.00,Computer Systems Analysts,15-2051.00,Data Scientists,15-1251.00,Computer Programmers,0.925128,0.00039,0,0.0,0.0,-1,0.444167,40.12,0.482835,0,9
u193,15-1211.00,Computer Systems Analysts,15-2051.00,Data Scientists,15-2031.00,Operations Research Analysts,0.895102,0.005577,0,0.0,0.0,-1,0.47153,41.78,0.472131,0,10
u193,15-1211.00,Computer Systems Analysts,15-2051.00,Data Scientists,15-1252.00,Software Developers,0.897322,0.0,0,0.0,0.0,-1,0.426037,40.0,0.4677,0,11
u194,15-1212.00,Information Security Analysts,15-1242.00,Database Administrators,15-1244.00,Network and Computer Systems Administrators,0.968328,0.013545,4,0.0,0.0,-1,0.585392,92.33,0.52017,0,1
u194,15-1212.00,Information Security Analysts,15-1242.00,Database Administrators,15-1211.00,Computer Systems Analysts,0.966341,0.004777,2,0.0,0.0,-1,0.557459,65.53,0.517278,0,2
u194,15-1212.00,Information Security Analysts,15-1242.00,Database Administrators,15-1242.00,Database Administrators,0.947475,0.002826,1,0.0,0.0,-1,0.517798,52.9,0.503327,1,3
u194,15-1212.00,Information Security Analysts,15-1242.00,Database Administrators,15-1253.00,Software Quality Assurance Analysts and Testers,0.947451,0.001493,0,0.0,0.0,-1,0.510919,40.48,0.502617,0,4
u194,15-1212.00,Information Security Analysts,15-1242.00,Database Administrators,15-1243.00,Database Architects,0.940347,0.002768,0,0.0,0.0,-1,0.513479,40.89,0.499486,0,5
u194,15-1212.00,Information Security Analysts,15-1242.00,Database Administrators,15-1254.00,Web Developers,0.934168,0.013109,0,0.0,0.0,-1,0.502108,44.19,0.492414,0,6
u194,15-1212.00,Information Security Analysts,15-1242.00,Database Administrators,15-1255.00,Web and Digital Interface Designers,0.927131,0.005213,0,0.0,0.0,-1,0.504637,41.67,0.491601,0,7
u194,15-1212.00,Information Security Analysts,15-1242.00,Database Administrators,15-2051.00,Data Scientists,0.922585,0.006987,1,0.0,0.0,-1,0.501956,54.24,0.48871,0,8
u194,15-1212.00,Information Security Analysts,15-1242.00,Database Administrators,15-1252.00,Software Developers,0.91014,0.000438,0,0.0,0.0,-1,0.483495,40.14,0.481978,0,9
u194,15-1212.00,Information Security Analysts,15-1242.00,Database Administrators,15-1251.00,Computer Programmers,0.903048,0.026486,0,0.0,0.0,-1,0.501626,48.48,0.474994,0,10
u194,15-1212.00,Information Security Analysts,15-1242.00,Database Administrators,15-2031.00,Operations Research Analysts,0.878386,0.03296,1,0.0,0.0,-1,0.528989,62.55,0.466382,0,11
u195,15-1242.00,Database Administrators,15-2051.00,Data Scientists,15-2051.00,Data Scientists,0.928974,0.0,0,1.0,1.0,1,0.484159,40.0,0.640662,1,1
u195,15-1242.00,Database Administrators,15-2051.00,Data Scientists,15-1244.00,Network and Computer Systems Administrators,0.976656,0.002128,0,0.0,0.0,-1,0.567594,40.68,0.524102,0,2
u195,15-1242.00,Database Administrators,15-2051.00,Data Scientists,15-1211.00,Computer Systems Analysts,0.97806,0.0,0,0.0,0.0,-1,0.539661,40.0,0.521076,0,3
u195,15-1242.00,Database Administrators,15-2051.00,Data Scientists,15-1243.00,Database Architects,0.959322,0.0,0,0.0,0.0,-1,0.495681,40.0,0.506047,0,4
u195,15-1242.00,Database Administrators,15-2051.00,Data Scientists,15-1254.00,Web Developers,0.961734,0.0,0,0.0,0.0,-1,0.48431,40.0,0.505427,0,5
u195,15-1242.00,Database Administrators,15-2051.00,Data Scientists,15-1253.00,Software Quality Assurance Analysts and Testers,0.94648,0.0,0,0.0,0.0,-1,0.493122,40.0,0.499884,0,6
u195,15-1242.00,Database Administrators,15-2051.00,Data Scientists,15-1255.00,Web and Digital Interface Designers,0.940455,0.0,0,0.0,0.0,-1,0.48684,40.0,0.496231,0,7
u195,15-1242.00,Database Administrators,15-2051.00,Data Scientists,15-1212.00,Information Security Analysts,0.941355,0.0,0,0.0,0.0,-1,0.482202,40.0,0.49594,0,8
u195,15-1242.00,Database Administrators,15-2051.00,Data Scientists,15-1251.00,Computer Programmers,0.937208,0.0,0,0.0,0.0,-1,0.483829,40.0,0.494318,0,9
u195,15-1242.00,Database Administrators,15-2051.00,Data Scientists,15-2031.00,Operations Research Analysts,0.910025,0.004236,0,0.0,0.0,-1,0.511191,41.36,0.485131,0,10
u195,15-1242.00,Database Administrators,15-2051.00,Data Scientists,15-1252.00,Software Developers,0.889079,0.0,0,0.0,0.0,-1,0.465698,40.0,0.46994,0,11
u196,15-1243.00,Database Architects,15-1244.00,Network and Computer Systems Administrators,15-1211.00,Computer Systems Analysts,0.967538,0.005582,2,0.0,0.0,-1,0.54398,65.79,0.515593,0,1
u196,15-1243.00,Database Architects,15-1244.00,Network and Computer Systems Administrators,15-1244.00,Network and Computer Systems Administrators,0.959117,0.015174,3,0.0,0.0,-1,0.571913,80.86,0.513596,1,2
u196,15-1243.00,Database Architects,15-1244.00,Network and Computer Systems Administrators,15-1242.00,Database Administrators,0.961476,0.0,0,0.0,0.0,-1,0.504319,40.0,0.508312,0,3
u196,15-1243.00,Database Architects,15-1244.00,Network and Computer Systems Administrators,15-1255.00,Web and Digital Interface Designers,0.960614,0.0,0,0.0,0.0,-1,0.491159,40.0,0.50595,0,4
u196,15-1243.00,Database Architects,15-1244.00,Network and Computer Systems Administrators,15-1254.00,Web Developers,0.959785,0.0,0,0.0,0.0,-1,0.488629,40.0,0.505198,0,5
u196,15-1243.00,Database Architects,15-1244.00,Network and Computer Systems Administrators,15-1212.00,Information Security Analysts,0.943921,0.000789,0,0.0,0.0,-1,0.486521,40.25,0.497546,0,6
u196,15-1243.00,Database Architects,15-1244.00,Network and Computer Systems Administrators,15-2051.00,Data Scientists,0.939504,0.0,0,0.0,0.0,-1,0.488477,40.0,0.496049,0,7
u196,15-1243.00,Database Architects,15-1244.00,Network and Computer Systems Administrators,15-1253.00,Software Quality Assurance Analysts and Testers,0.937764,0.004818,1,0.0,0.0,-1,0.49744,53.54,0.495405,0,8
u196,15-1243.00,Database Architects,15-1244.00,Network and Computer Systems Administrators,15-2031.00,Operations Research Analysts,0.926019,0.003046,0,0.0,0.0,-1,0.51551,40.97,0.493274,0,9
u196,15-1243.00,Database Architects,15-1244.00,Network and Computer Systems Administrators,15-1251.00,Computer Programmers,0.934661,0.007198,1,0.0,0.0,-1,0.488147,54.3,0.49202,0,10
u196,15-1243.00,Database Architects,15-1244.00,Network and Computer Systems Administrators,15-1252.00,Software Developers,0.90934,0.0,0,0.0,0.0,-1,0.470017,40.0,0.479705,0,11
u197,15-1244.00,Network and Computer Systems Administrators,15-1212.00,Information Security Analysts,15-1212.00,Information Security Analysts,0.908893,0.0,0,1.0,1.0,1,0.414608,40.0,0.621193,1,1
u197,15-1244.00,Network and Computer Systems Administrators,15-1212.00,Information Security Analysts,15-1211.00,Computer Systems Analysts,0.954484,0.0,0,0.0,0.0,-1,0.472067,40.0,0.500328,0,2
u197,15-1244.00,Network and Computer Systems Administrators,15-1212.00,Information Security Analysts,15-1253.00,Software Quality Assurance Analysts and Testers,0.91837,0.0,0,0.0,0.0,-1,0.425527,40.0,0.477096,0,3
u197,15-1244.00,Network and Computer Systems Administrators,15-1212.00,Information Security Analysts,15-1242.00,Database Administrators,0.913357,0.0,0,0.0,0.0,-1,0.432406,40.0,0.475871,0,4
u197,15-1244.00,Network and Computer Systems Administrators,15-1212.00,Information Security Analysts,15-1254.00,Web Developers,0.912491,0.0,0,0.0,0.0,-1,0.416716,40.0,0.473129,0,5
u197,15-1244.00,Network and Computer Systems Administrators,15-1212.00,Information Security Analysts,15-1243.00,Database Architects,0.905975,0.0,0,0.0,0.0,-1,0.428087,40.0,0.471902,0,6
u197,15-1244.00,Network and Computer Systems Administrators,15-1212.00,Information Security Analysts,15-1251.00,Computer Programmers,0.884446,0.001573,0,0.0,0.0,-1,0.416234,40.5,0.460042,0,7
u197,15-1244.00,Network and Computer Systems Administrators,15-1212.00,Information Security Analysts,15-1255.00,Web and Digital Interface Designers,0.880792,0.0,0,0.0,0.0,-1,0.419245,40.0,0.459243,0,8
u197,15-1244.00,Network and Computer Systems Administrators,15-1212.00,Information Security Analysts,15-2051.00,Data Scientists,0.866737,0.0,0,0.0,0.0,-1,0.416564,40.0,0.452516,0,9
u197,15-1244.00,Network and Computer Systems Administrators,15-1212.00,Information Security Analysts,15-1252.00,Software Developers,0.852898,0.0,0,0.0,0.0,-1,0.398103,40.0,0.44352,0,10
u197,15-1244.00,Network and Computer Systems Administrators,15-1212.00,Information Security Analysts,15-2031.00,Operations Research Analysts,0.837787,0.007318,0,0.0,0.0,-1,0.443597,42.34,0.441714,0,11
u198,15-1251.00,Computer Programmers,15-1252.00,Software Developers,15-1252.00,Software Developers,0.857061,0.0,0,0.615385,0.615385,1,0.481869,40.0,0.550266,1,1
u198,15-1251.00,Computer Programmers,15-1252.00,Software Developers,15-1254.00,Web Developers,0.966084,0.0,0,0.25641,0.25641,1,0.500482,40.0,0.548271,0,2
u198,15-1251.00,Computer Programmers,15-1252.00,Software Developers,15-2051.00,Data Scientists,0.911617,0.0,0,0.0,0.341881,2,0.50033,40.0,0.536559,0,3
u198,15-1251.00,Computer Programmers,15-1252.00,Software Developers,15-1212.00,Information Security Analysts,0.927882,0.0,0,0.0,0.273504,2,0.498374,40.0,0.533328,0,4
u198,15-1251.00,Computer Programmers,15-1252.00,Software Developers,15-1244.00,Network and Computer Systems Administrators,0.962734,0.009645,2,0.0,0.0,-1,0.583766,67.09,0.518384,0,5
u198,15-1251.00,Computer Programmers,15-1252.00,Software Developers,15-1211.00,Computer Systems Analysts,0.965332,0.002944,1,0.0,0.0,-1,0.555833,52.94,0.517038,0,6
u198,15-1251.00,Computer Programmers,15-1252.00,Software Developers,15-1255.00,Web and Digital Interface Designers,0.945494,0.0,0,0.0,0.102564,2,0.503011,40.0,0.516308,0,7
u198,15-1251.00,Computer Programmers,15-1252.00,Software Developers,15-1243.00,Database Architects,0.954237,0.0,0,0.0,0.0,-1,0.511853,40.0,0.506184,0,8
u198,15-1251.00,Computer Programmers,15-1252.00,Software Developers,15-1253.00,Software Quality Assurance Analysts and Testers,0.953139,0.0,0,0.0,0.0,-1,0.509293,40.0,0.505306,0,9
u198,15-1251.00,Computer Programmers,15-1252.00,Software Developers,15-1242.00,Database Administrators,0.949532,0.0,0,0.0,0.0,-1,0.516171,40.0,0.504715,0,10
u198,15-1251.00,Computer Programmers,15-1252.00,Software Developers,15-2031.00,Operations Research Analysts,0.891996,0.007237,0,0.128205,0.128205,1,0.527362,42.32,0.497924,0,11
u199,15-1252.00,Software Developers,15-1253.00,Software Quality Assurance Analysts and Testers,15-2051.00,Data Scientists,0.927964,0.000708,0,0.555556,0.555556,1,0.518461,40.23,0.578509,0,1
u199,15-1252.00,Software Developers,15-1253.00,Software Quality Assurance Analysts and Testers,15-1212.00,Information Security Analysts,0.945718,0.000732,0,0.444444,0.444444,1,0.516505,40.23,0.569532,0,2
u199,15-1252.00,Software Developers,15-1253.00,Software Quality Assurance Analysts and Testers,15-1211.00,Computer Systems Analysts,0.958414,0.009747,3,0.0,0.0,-1,0.573963,79.12,0.514944,0,3
u199,15-1252.00,Software Developers,15-1253.00,Software Quality Assurance Analysts and Testers,15-1244.00,Network and Computer Systems Administrators,0.951164,0.016845,4,0.0,0.0,-1,0.601897,93.39,0.514097,0,4
u199,15-1252.00,Software Developers,15-1253.00,Software Quality Assurance Analysts and Testers,15-1243.00,Database Architects,0.947207,0.010351,2,0.0,0.0,-1,0.529983,67.31,0.503153,0,5
u199,15-1252.00,Software Developers,15-1253.00,Software Quality Assurance Analysts and Testers,15-1242.00,Database Administrators,0.940338,0.008229,2,0.0,0.0,-1,0.534302,66.63,0.50124,0,6
u199,15-1252.00,Software Developers,15-1253.00,Software Quality Assurance Analysts and Testers,15-1255.00,Web and Digital Interface Designers,0.935617,0.012404,1,0.0,0.0,-1,0.521142,55.97,0.496098,0,7
u199,15-1252.00,Software Developers,15-1253.00,Software Quality Assurance Analysts and Testers,15-1253.00,Software Quality Assurance Analysts and Testers,0.916644,0.014134,3,0.0,0.0,-1,0.527424,80.52,0.48807,1,8
u199,15-1252.00,Software Developers,15-1253.00,Software Quality Assurance Analysts and Testers,15-1254.00,Web Developers,0.915935,0.026047,2,0.0,0.0,-1,0.518612,72.34,0.483451,0,9
u199,15-1252.00,Software Developers,15-1253.00,Software Quality Assurance Analysts and Testers,15-2031.00,Operations Research Analysts,0.895545,0.018323,2,0.0,0.0,-1,0.545493,69.86,0.480238,0,10
u199,15-1252.00,Software Developers,15-1253.00,Software Quality Assurance Analysts and Testers,15-1251.00,Computer Programmers,0.879668,0.044337,3,0.0,0.0,-1,0.518131,90.19,0.462486,0,11
u200,15-1253.00,Software Quality Assurance Analysts and Testers,15-1252.00,Software Developers,15-1252.00,Software Developers,0.871241,0.0,0,1.0,1.0,1,0.472576,40.0,0.612945,1,1
u200,15-1253.00,Software Quality Assurance Analysts and Testers,15-1252.00,Software Developers,15-1212.00,Information Security Analysts,0.943566,0.0,0,0.0,0.444444,2,0.489081,40.0,0.564633,0,2
u200,15-1253.00,Software Quality Assurance Analysts and Testers,15-1252.00,Software Developers,15-2051.00,Data Scientists,0.90298,0.000827,0,0.0,0.555556,2,0.491037,40.26,0.563123,0,3
u200,15-1253.00,Software Quality Assurance Analysts and Testers,15-1252.00,Software Developers,15-1244.00,Network and Computer Systems Administrators,0.977024,0.001059,0,0.0,0.0,-1,0.574473,40.34,0.525567,0,4
u200,15-1253.00,Software Quality Assurance Analysts and Testers,15-1252.00,Software Developers,15-1211.00,Computer Systems Analysts,0.972657,0.0,0,0.0,0.0,-1,0.54654,40.0,0.519677,0,5
u200,15-1253.00,Software Quality Assurance Analysts and Testers,15-1252.00,Software Developers,15-1254.00,Web Developers,0.948133,0.0,0,0.0,0.0,-1,0.491189,40.0,0.500338,0,6
u200,15-1253.00,Software Quality Assurance Analysts and Testers,15-1252.00,Software Developers,15-1242.00,Database Administrators,0.940791,0.0,0,0.0,0.0,-1,0.506878,40.0,0.499388,0,7
u200,15-1253.00,Software Quality Assurance Analysts and Testers,15-1252.00,Software Developers,15-1243.00,Database Architects,0.935914,0.0,0,0.0,0.0,-1,0.50256,40.0,0.496545,0,8
u200,15-1253.00,Software Quality Assurance Analysts and Testers,15-1252.00,Software Developers,15-1251.00,Computer Programmers,0.928021,0.006568,0,0.0,0.0,-1,0.490707,42.1,0.489573,0,9
u200,15-1253.00,Software Quality Assurance Analysts and Testers,15-1252.00,Software Developers,15-1255.00,Web and Digital Interface Designers,0.91877,0.0,0,0.0,0.0,-1,0.493718,40.0,0.487504,0,10
u200,15-1253.00,Software Quality Assurance Analysts and Testers,15-1252.00,Software Developers,15-2031.00,Operations Research Analysts,0.87229,0.019774,0,0.0,0.0,-1,0.518069,46.33,0.465297,0,11
u201,15-1254.00,Web Developers,15-1252.00,Software Developers,15-1255.00,Web and Digital Interface Designers,0.941419,0.0,0,0.4,0.4,1,0.50253,40.0,0.559018,0,1
u201,15-1254.00,Web Developers,15-1252.00,Software Developers,15-1252.00,Software Developers,0.873258,0.0,0,0.6,0.6,1,0.481388,40.0,0.555174,1,2
u201,15-1254.00,Web Developers,15-1252.00,Software Developers,15-2051.00,Data Scientists,0.919934,0.0,0,0.0,0.333334,2,0.499848,40.0,0.538948,0,3
u201,15-1254.00,Web Developers,15-1252.00,Software Developers,15-1212.00,Information Security Analysts,0.941555,0.0,0,0.0,0.266666,2,0.497892,40.0,0.538384,0,4
u201,15-1254.00,Web Developers,15-1252.00,Software Developers,15-1211.00,Computer Systems Analysts,0.966997,0.003624,1,0.0,0.0,-1,0.555351,53.16,0.517546,0,5
u201,15-1254.00,Web Developers,15-1252.00,Software Developers,15-1244.00,Network and Computer Systems Administrators,0.959666,0.01326,3,0.0,0.0,-1,0.583284,80.24,0.516027,0,6
u201,15-1254.00,Web Developers,15-1252.00,Software Developers,15-1243.00,Database Architects,0.957438,0.0,0,0.0,0.0,-1,0.511371,40.0,0.507553,0,7
u201,15-1254.00,Web Developers,15-1252.00,Software Developers,15-1242.00,Database Administrators,0.95433,0.0,0,0.0,0.0,-1,0.51569,40.0,0.506802,0,8
u201,15-1254.00,Web Developers,15-1252.00,Software Developers,15-1253.00,Software Quality Assurance Analysts and Testers,0.950585,0.000174,0,0.0,0.0,-1,0.508811,40.06,0.504042,0,9
u201,15-1254.00,Web Developers,15-1252.00,Software Developers,15-1251.00,Computer Programmers,0.937287,0.002158,0,0.0,0.0,-1,0.499518,40.69,0.496168,0,10
u201,15-1254.00,Web Developers,15-1252.00,Software Developers,15-2031.00,Operations Research Analysts,0.905863,0.014179,0,0.0,0.0,-1,0.526881,44.54,0.483126,0,11
u202,15-1255.00,Web and Digital Interface Designers,15-2031.00,Operations Research Analysts,15-1211.00,Computer Systems Analysts,0.970427,0.006135,1,0.0,0.0,-1,0.552821,53.96,0.518082,0,1
u202,15-1255.00,Web and Digital Interface Designers,15-2031.00,Operations Research Analysts,15-1244.00,Network and Computer Systems Administrators,0.955375,0.018802,3,0.0,0.0,-1,0.580755,82.02,0.512331,0,2
u202,15-1255.00,Web and Digital Interface Designers,15-2031.00,Operations Research Analysts,15-1243.00,Database Architects,0.968042,0.0,0,0.0,0.0,-1,0.508841,40.0,0.511945,0,3
u202,15-1255.00,Web and Digital Interface Designers,15-2031.00,Operations Research Analysts,15-1242.00,Database Administrators,0.962378,2.1e-05,0,0.0,0.0,-1,0.51316,40.01,0.510039,0,4
u202,15-1255.00,Web and Digital Interface Designers,15-2031.00,Operations Research Analysts,15-1254.00,Web Developers,0.963043,0.0,0,0.0,0.0,-1,0.49747,40.0,0.50799,0,5
u202,15-1255.00,Web and Digital Interface Designers,15-2031.00,Operations Research Analysts,15-1253.00,Software Quality Assurance Analysts and Testers,0.947671,0.004555,0,0.0,0.0,-1,0.506282,41.46,0.501256,0,6
u202,15-1255.00,Web and Digital Interface Designers,15-2031.00,Operations Research Analysts,15-1212.00,Information Security Analysts,0.944818,0.0,0,0.0,0.0,-1,0.495363,40.0,0.499472,0,7
u202,15-1255.00,Web and Digital Interface Designers,15-2031.00,Operations Research Analysts,15-2051.00,Data Scientists,0.939814,0.0,0,0.0,0.0,-1,0.497319,40.0,0.497514,0,8
u202,15-1255.00,Web and Digital Interface Designers,15-2031.00,Operations Research Analysts,15-1251.00,Computer Programmers,0.940462,0.002638,0,0.0,0.0,-1,0.496989,40.84,0.497097,0,9
u202,15-1255.00,Web and Digital Interface Designers,15-2031.00,Operations Research Analysts,15-2031.00,Operations Research Analysts,0.917675,0.004483,0,0.0,0.0,-1,0.524351,41.43,0.490486,1,10
u202,15-1255.00,Web and Digital Interface Designers,15-2031.00,Operations Research Analysts,15-1252.00,Software Developers,0.904278,1.5e-05,0,0.0,0.0,-1,0.478858,40.0,0.47875,0,11
u203,15-2031.00,Operations Research Analysts,15-2051.00,Data Scientists,15-2051.00,Data Scientists,0.954184,0.0,0,1.0,1.0,1,0.472968,40.0,0.650328,1,1
u203,15-2031.00,Operations Research Analysts,15-2051.00,Data Scientists,15-1211.00,Computer Systems Analysts,0.964996,0.002134,0,0.0,0.0,-1,0.52847,40.68,0.512985,0,2
u203,15-2031.00,Operations Research Analysts,15-2051.00,Data Scientists,15-1242.00,Database Administrators,0.963717,0.0,0,0.0,0.0,-1,0.488809,40.0,0.506994,0,3
u203,15-2031.00,Operations Research Analysts,15-2051.00,Data Scientists,15-1244.00,Network and Computer Systems Administrators,0.946533,0.012948,1,0.0,0.0,-1,0.556403,56.14,0.506163,0,4
u203,15-2031.00,Operations Research Analysts,15-2051.00,Data Scientists,15-1243.00,Database Architects,0.959059,0.00145,0,0.0,0.0,-1,0.48449,40.46,0.503887,0,5
u203,15-2031.00,Operations Research Analysts,15-2051.00,Data Scientists,15-1254.00,Web Developers,0.950012,0.001971,0,0.0,0.0,-1,0.473119,40.63,0.497981,0,6
u203,15-2031.00,Operations Research Analysts,15-2051.00,Data Scientists,15-1253.00,Software Quality Assurance Analysts and Testers,0.945443,0.001929,0,0.0,0.0,-1,0.481931,40.62,0.497257,0,7
u203,15-2031.00,Operations Research Analysts,15-2051.00,Data Scientists,15-1212.00,Information Security Analysts,0.941559,0.0,0,0.0,0.0,-1,0.471011,40.0,0.494353,0,8
u203,15-2031.00,Operations Research Analysts,15-2051.00,Data Scientists,15-1255.00,Web and Digital Interface Designers,0.936969,0.001505,0,0.0,0.0,-1,0.475649,40.48,0.492607,0,9
u203,15-2031.00,Operations Research Analysts,15-2051.00,Data Scientists,15-1251.00,Computer Programmers,0.923697,0.01795,0,0.0,0.0,-1,0.472638,45.74,0.482072,0,10
u203,15-2031.00,Operations Research Analysts,15-2051.00,Data Scientists,15-1252.00,Software Developers,0.900624,0.006601,1,0.0,0.0,-1,0.454507,54.11,0.471807,0,11
u204,15-2051.00,Data Scientists,15-1211.00,Computer Systems Analysts,15-1244.00,Network and Computer Systems Administrators,0.968473,0.006344,1,0.0,0.0,-1,0.583436,54.03,0.521742,0,1
u204,15-2051.00,Data Scientists,15-1211.00,Computer Systems Analysts,15-1211.00,Computer Systems Analysts,0.96908,0.003406,1,0.0,0.0,-1,0.555503,53.09,0.51856,1,2
u204,15-2051.00,Data Scientists,15-1211.00,Computer Systems Analysts,15-1242.00,Database Administrators,0.955542,0.0,0,0.0,0.0,-1,0.515841,40.0,0.50737,0,3
u204,15-2051.00,Data Scientists,15-1211.00,Computer Systems Analysts,15-1243.00,Database Architects,0.951111,0.001123,0,0.0,0.0,-1,0.511523,40.36,0.504448,0,4
u204,15-2051.00,Data Scientists,15-1211.00,Computer Systems Analysts,15-1212.00,Information Security Analysts,0.95458,0.0,0,0.0,0.0,-1,0.498044,40.0,0.504268,0,5
u204,15-2051.00,Data Scientists,15-1211.00,Computer Systems Analysts,15-1253.00,Software Quality Assurance Analysts and Testers,0.946136,0.0,0,0.0,0.0,-1,0.508963,40.0,0.502106,0,6
u204,15-2051.00,Data Scientists,15-1211.00,Computer Systems Analysts,15-1254.00,Web Developers,0.947085,0.0,0,0.0,0.0,-1,0.500152,40.0,0.501211,0,7
u204,15-2051.00,Data Scientists,15-1211.00,Computer Systems Analysts,15-1255.00,Web and Digital Interface Designers,0.93943,0.001166,0,0.0,0.0,-1,0.502681,40.37,0.497854,0,8
u204,15-2051.00,Data Scientists,15-1211.00,Computer Systems Analysts,15-2031.00,Operations Research Analysts,0.913269,0.002154,0,0.0,0.0,-1,0.527032,40.69,0.489487,0,9
u204,15-2051.00,Data Scientists,15-1211.00,Computer Systems Analysts,15-1251.00,Computer Programmers,0.921616,0.01085,0,0.0,0.0,-1,0.49967,43.47,0.486965,0,10
u204,15-2051.00,Data Scientists,15-1211.00,Computer Systems Analysts,15-1252.00,Software Developers,0.898104,0.006094,1,0.0,0.0,-1,0.481539,53.95,0.474855,0,11
u205,15-1211.00,Computer Systems Analysts,15-2051.00,Data Scientists,15-2051.00,Data Scientists,0.916712,0.0,0,1.0,1.0,1,0.444497,40.0,0.629195,1,1
u205,15-1211.00,Computer Systems Analysts,15-2051.00,Data Scientists,15-1244.00,Network and Computer Systems Administrators,0.987384,0.000602,1,0.0,0.0,-1,0.527933,52.19,0.523362,0,2
u205,15-1211.00,Computer Systems Analysts,15-2051.00,Data Scientists,15-1242.00,Database Administrators,0.955863,0.0,0,0.0,0.0,-1,0.460339,40.0,0.499189,0,3
u205,15-1211.00,Computer Systems Analysts,15-2051.00,Data Scientists,15-1253.00,Software Quality Assurance Analysts and Testers,0.9533,0.000854,0,0.0,0.0,-1,0.45346,40.27,0.496791,0,4
u205,15-1211.00,Computer Systems Analysts,15-2051.00,Data Scientists,15-1243.00,Database Architects,0.9489,0.0,0,0.0,0.0,-1,0.45602,40.0,0.495408,0,5
u205,15-1211.00,Computer Systems Analysts,15-2051.00,Data Scientists,15-1254.00,Web Developers,0.949863,0.0,0,0.0,0.0,-1,0.444649,40.0,0.494136,0,6
u205,15-1211.00,Computer Systems Analysts,15-2051.00,Data Scientists,15-1212.00,Information Security Analysts,0.948904,0.0,0,0.0,0.0,-1,0.442541,40.0,0.493388,0,7
u205,15-1211.00,Computer Systems Analysts,15-2051.00,Data Scientists,15-1255.00,Web and Digital Interface Designers,0.931902,0.0,0,0.0,0.0,-1,0.447179,40.0,0.486432,0,8
u205,15-1211.00,Computer Systems Analysts,15-2051.00,Data Scientists,15-1251.00,Computer Programmers,0.920054,0.003825,0,0.0,0.0,-1,0.444167,41.22,0.479693,0,9
u205,15-1211.00,Computer Systems Analysts,15-2051.00,Data Scientists,15-1252.00,Software Developers,0.900484,0.0,0,0.0,0.0,-1,0.426037,40.0,0.469123,0,10
u205,15-1211.00,Computer Systems Analysts,15-2051.00,Data Scientists,15-2031.00,Operations Research Analysts,0.885078,0.010618,1,0.0,0.0,-1,0.47153,55.4,0.46636,0,11
u206,15-1212.00,Information Security Analysts,15-1242.00,Database Administrators,15-1244.00,Network and Computer Systems Administrators,0.971851,0.00927,2,0.0,0.0,-1,0.585392,66.97,0.522824,0,1
u206,15-1212.00,Information Security Analysts,15-1242.00,Database Administrators,15-1211.00,Computer Systems Analysts,0.974235,0.002626,1,0.0,0.0,-1,0.557459,52.84,0.521368,0,2
u206,15-1212.00,Information Security Analysts,15-1242.00,Database Administrators,15-1253.00,Software Quality Assurance Analysts and Testers,0.95819,0.0,0,0.0,0.0,-1,0.510919,40.0,0.507823,0,3
u206,15-1212.00,Information Security Analysts,15-1242.00,Database Administrators,15-1242.00,Database Administrators,0.955434,0.0,0,0.0,0.0,-1,0.517798,40.0,0.507615,1,4
u206,15-1212.00,Information Security Analysts,15-1242.00,Database Administrators,15-1243.00,Database Architects,0.948312,0.000323,0,0.0,0.0,-1,0.513479,40.1,0.503681,0,5
u206,15-1212.00,Information Security Analysts,15-1242.00,Database Administrators,15-1255.00,Web and Digital Interface Designers,0.936535,0.002847,0,0.0,0.0,-1,0.504637,40.91,0.496424,0,6
u206,15-1212.00,Information Security Analysts,15-1242.00,Database Administrators,15-2051.00,Data Scientists,0.935192,0.000776,0,0.0,0.0,-1,0.501956,40.25,0.495936,0,7
u206,15-1212.00,Information Security Analysts,15-1242.00,Database Administrators,15-1254.00,Web Developers,0.939377,0.011766,0,0.0,0.0,-1,0.502108,43.77,0.495094,0,8
u206,15-1212.00,Information Security Analysts,15-1242.00,Database Administrators,15-1252.00,Software Developers,0.916951,0.0,0,0.0,0.0,-1,0.483495,40.0,0.485152,0,9
u206,15-1212.00,Information Security Analysts,15-1242.00,Database Administrators,15-1251.00,Computer Programmers,0.908545,0.02304,0,0.0,0.0,-1,0.501626,47.37,0.478329,0,10
u206,15-1212.00,Information Security Analysts,15-1242.00,Database Administrators,15-2031.00,Operations Research Analysts,0.889601,0.024808,0,0.0,0.0,-1,0.528989,47.94,0.473467,0,11
u207,15-1242.00,Database Administrators,15-2051.00,Data Scientists,15-2051.00,Data Scientists,0.933342,0.0,0,1.0,1.0,1,0.484159,40.0,0.642628,1,1
u207,15-1242.00,Database Administrators,15-2051.00,Data Scientists,15-1244.00,Network and Computer Systems Administrators,0.969553,0.005306,1,0.0,0.0,-1,0.567594,53.7,0.520112,0,2
u207,15-1242.00,Database Administrators,15-2051.00,Data Scientists,15-1211.00,Computer Systems Analysts,0.975018,0.0,0,0.0,0.0,-1,0.539661,40.0,0.519707,0,3
u207,15-1242.00,Database Administrators,15-2051.00,Data Scientists,15-1243.00,Database Architects,0.959812,0.0,0,0.0,0.0,-1,0.495681,40.0,0.506267,0,4
u207,15-1242.00,Database Administrators,15-2051.00,Data Scientists,15-1254.00,Web Developers,0.958618,0.0,0,0.0,0.0,-1,0.48431,40.0,0.504024,0,5
u207,15-1242.00,Database Administrators,15-2051.00,Data Scientists,15-1253.00,Software Quality Assurance Analysts and Testers,0.94572,0.0,0,0.0,0.0,-1,0.493122,40.0,0.499542,0,6
u207,15-1242.00,Database Administrators,15-2051.00,Data Scientists,15-1212.00,Information Security Analysts,0.944944,0.0,0,0.0,0.0,-1,0.482202,40.0,0.497555,0,7
u207,15-1242.00,Database Administrators,15-2051.00,Data Scientists,15-1255.00,Web and Digital Interface Designers,0.942479,0.0,0,0.0,0.0,-1,0.48684,40.0,0.497141,0,8
u207,15-1242.00,Database Administrators,15-2051.00,Data Scientists,15-1251.00,Computer Programmers,0.93214,0.002889,0,0.0,0.0,-1,0.483829,40.92,0.491315,0,9
u207,15-1242.00,Database Administrators,15-2051.00,Data Scientists,15-2031.00,Operations Research Analysts,0.909717,0.004069,0,0.0,0.0,-1,0.511191,41.3,0.485034,0,10
u207,15-1242.00,Database Administrators,15-2051.00,Data Scientists,15-1252.00,Software Developers,0.8936,0.0,0,0.0,0.0,-1,0.465698,40.0,0.471975,0,11
u208,15-1243.00,Database Architects,15-1244.00,Network and Computer Systems Administrators,15-1244.00,Network and Computer Systems Administrators,0.973188,0.005652,1,0.0,0.0,-1,0.571913,53.81,0.522308,1,1
u208,15-1243.00,Database Architects,15-1244.00,Network and Computer Systems Administrators,15-1211.00,Computer Systems Analysts,0.977852,0.000571,0,0.0,0.0,-1,0.54398,40.18,0.521487,0,2
u208,15-1243.00,Database Architects,15-1244.00,Network and Computer Systems Administrators,15-1242.00,Database Administrators,0.964155,0.0,0,0.0,0.0,-1,0.504319,40.0,0.509518,0,3
u208,15-1243.00,Database Architects,15-1244.00,Network and Computer Systems Administrators,15-1254.00,Web Developers,0.964227,0.0,0,0.0,0.0,-1,0.488629,40.0,0.507196,0,4
u208,15-1243.00,Database Architects,15-1244.00,Network and Computer Systems Administrators,15-1255.00,Web and Digital Interface Designers,0.953854,0.0,0,0.0,0.0,-1,0.491159,40.0,0.502908,0,5
u208,15-1243.00,Database Architects,15-1244.00,Network and Computer Systems Administrators,15-1253.00,Software Quality Assurance Analysts and Testers,0.951662,0.0,0,0.0,0.0,-1,0.49744,40.0,0.502864,0,6
u208,15-1243.00,Database Architects,15-1244.00,Network and Computer Systems Administrators,15-1212.00,Information Security Analysts,0.950431,0.0,0,0.0,0.0,-1,0.486521,40.0,0.500672,0,7
u208,15-1243.00,Database Architects,15-1244.00,Network and Computer Systems Administrators,15-1251.00,Computer Programmers,0.936207,0.000105,0,0.0,0.0,-1,0.488147,40.03,0.494489,0,8
u208,15-1243.00,Database Architects,15-1244.00,Network and Computer Systems Administrators,15-2051.00,Data Scientists,0.935901,0.0,0,0.0,0.0,-1,0.488477,40.0,0.494427,0,9
u208,15-1243.00,Database Architects,15-1244.00,Network and Computer Systems Administrators,15-2031.00,Operations Research Analysts,0.909067,0.010179,1,0.0,0.0,-1,0.51551,55.26,0.483862,0,10
u208,15-1243.00,Database Architects,15-1244.00,Network and Computer Systems Administrators,15-1252.00,Software Developers,0.905243,0.0,0,0.0,0.0,-1,0.470017,40.0,0.477862,0,11
u209,15-1244.00,Network and Computer Systems Administrators,15-1212.00,Information Security Analysts,15-1212.00,Information Security Analysts,0.901452,0.0,0,1.0,1.0,1,0.414608,40.0,0.617845,1,1
u209,15-1244.00,Network and Computer Systems Administrators,15-1212.00,Information Security Analysts,15-1211.00,Computer Systems Analysts,0.949798,0.0,0,0.0,0.0,-1,0.472067,40.0,0.498219,0,2
u209,15-1244.00,Network and Computer Systems Administrators,15-1212.00,Information Security Analysts,15-1242.00,Database Administrators,0.903887,0.0,0,0.0,0.0,-1,0.432406,40.0,0.47161,0,3
u209,15-1244.00,Network and Computer Systems Administrators,15-1212.00,Information Security Analysts,15-1253.00,Software Quality Assurance Analysts and Testers,0.906048,0.0,0,0.0,0.0,-1,0.425527,40.0,0.471551,0,4
u209,15-1244.00,Network and Computer Systems Administrators,15-1212.00,Information Security Analysts,15-1254.00,Web Developers,0.90252,0.0,0,0.0,0.0,-1,0.416716,40.0,0.468641,0,5
u209,15-1244.00,Network and Computer Systems Administrators,15-1212.00,Information Security Analysts,15-1243.00,Database Architects,0.897517,0.0,0,0.0,0.0,-1,0.428087,40.0,0.468096,0,6
u209,15-1244.00,Network and Computer Systems Administrators,15-1212.00,Information Security Analysts,15-1255.00,Web and Digital Interface Designers,0.870326,0.0,0,0.0,0.0,-1,0.419245,40.0,0.454533,0,7
u209,15-1244.00,Network and Computer Systems Administrators,15-1212.00,Information Security Analysts,15-1251.00,Computer Programmers,0.872209,0.00859,0,0.0,0.0,-1,0.416234,42.75,0.452782,0,8
u209,15-1244.00,Network and Computer Systems Administrators,15-1212.00,Information Security Analysts,15-2051.00,Data Scientists,0.863371,0.0,0,0.0,0.0,-1,0.416564,40.0,0.451001,0,9
u209,15-1244.00,Network and Computer Systems Administrators,15-1212.00,Information Security Analysts,15-2031.00,Operations Research Analysts,0.837423,0.005747,0,0.0,0.0,-1,0.443597,41.84,0.441943,0,10
u209,15-1244.00,Network and Computer Systems Administrators,15-1212.00,Information Security Analysts,15-1252.00,Software Developers,0.841021,0.0,0,0.0,0.0,-1,0.398103,40.0,0.438175,0,11
u210,15-1251.00,Computer Programmers,15-1252.00,Software Developers,15-1252.00,Software Developers,0.856325,0.0,0,0.615385,0.615385,1,0.481869,40.0,0.549934,1,1
u210,15-1251.00,Computer Programmers,15-1252.00,Software Developers,15-1254.00,Web Developers,0.964544,0.0,0,0.25641,0.25641,1,0.500482,40.0,0.547578,0,2
u210,15-1251.00,Computer Programmers,15-1252.00,Software Developers,15-2051.00,Data Scientists,0.914628,0.0,0,0.0,0.341881,2,0.50033,40.0,0.537914,0,3
u210,15-1251.00,Computer Programmers,15-1252.00,Software Developers,15-1212.00,Information Security Analysts,0.932641,0.0,0,0.0,0.273504,2,0.498374,40.0,0.53547,0,4
u210,15-1251.00,Computer Programmers,15-1252.00,Software Developers,15-1244.00,Network and Computer Systems Administrators,0.972313,0.005859,1,0.0,0.0,-1,0.583766,53.87,0.523641,0,5
u210,15-1251.00,Computer Programmers,15-1252.00,Software Developers,15-1211.00,Computer Systems Analysts,0.971087,0.0,0,0.0,0.0,-1,0.555833,40.0,0.520364,0,6
u210,15-1251.00,Computer Programmers,15-1252.00,Software Developers,15-1255.00,Web and Digital Interface Designers,0.936595,0.0,0,0.0,0.102564,2,0.503011,40.0,0.512304,0,7
u210,15-1251.00,Computer Programmers,15-1252.00,Software Developers,15-1253.00,Software Quality Assurance Analysts and Testers,0.95799,0.0,0,0.0,0.0,-1,0.509293,40.0,0.507489,0,8
u210,15-1251.00,Computer Programmers,15-1252.00,Software Developers,15-1242.00,Database Administrators,0.954384,0.0,0,0.0,0.0,-1,0.516171,40.0,0.506898,0,9
u210,15-1251.00,Computer Programmers,15-1252.00,Software Developers,15-1243.00,Database Architects,0.952145,0.0,0,0.0,0.0,-1,0.511853,40.0,0.505243,0,10
u210,15-1251.00,Computer Programmers,15-1252.00,Software Developers,15-2031.00,Operations Research Analysts,0.89275,0.009878,0,0.128205,0.128205,1,0.527362,43.16,0.497603,0,11
u211,15-1252.00,Software Developers,15-1253.00,Software Quality Assurance Analysts and Testers,15-2051.00,Data Scientists,0.923419,0.0,0,0.555556,0.555556,1,0.518461,40.0,0.576641,0,1
u211,15-1252.00,Software Developers,15-1253.00,Software Quality Assurance Analysts and Testers,15-1212.00,Information Security Analysts,0.945448,0.0,0,0.444444,0.444444,1,0.516505,40.0,0.569594,0,2
u211,15-1252.00,Software Developers,15-1253.00,Software Quality Assurance Analysts and Testers,15-1244.00,Network and Computer Systems Administrators,0.965147,0.010634,2,0.0,0.0,-1,0.601897,67.4,0.521942,0,3
u211,15-1252.00,Software Developers,15-1253.00,Software Quality Assurance Analysts and Testers,15-1211.00,Computer Systems Analysts,0.965795,0.008308,2,0.0,0.0,-1,0.573963,66.66,0.518625,0,4
u211,15-1252.00,Software Developers,15-1253.00,Software Quality Assurance Analysts and Testers,15-1243.00,Database Architects,0.943405,0.010136,2,0.0,0.0,-1,0.529983,67.24,0.501496,0,5
u211,15-1252.00,Software Developers,15-1253.00,Software Quality Assurance Analysts and Testers,15-1242.00,Database Administrators,0.939825,0.008047,2,0.0,0.0,-1,0.534302,66.57,0.501055,0,6
u211,15-1252.00,Software Developers,15-1253.00,Software Quality Assurance Analysts and Testers,15-1253.00,Software Quality Assurance Analysts and Testers,0.927338,0.012796,2,0.0,0.0,-1,0.527424,68.09,0.493217,1,7
u211,15-1252.00,Software Developers,15-1253.00,Software Quality Assurance Analysts and Testers,15-1255.00,Web and Digital Interface Designers,0.926538,0.011918,1,0.0,0.0,-1,0.521142,55.81,0.492134,0,8
u211,15-1252.00,Software Developers,15-1253.00,Software Quality Assurance Analysts and Testers,15-1254.00,Web Developers,0.912021,0.02587,2,0.0,0.0,-1,0.518612,72.28,0.481734,0,9
u211,15-1252.00,Software Developers,15-1253.00,Software Quality Assurance Analysts and Testers,15-2031.00,Operations Research Analysts,0.885361,0.02128,2,0.0,0.0,-1,0.545493,70.81,0.474917,0,10
u211,15-1252.00,Software Developers,15-1253.00,Software Quality Assurance Analysts and Testers,15-1251.00,Computer Programmers,0.880187,0.041467,2,0.0,0.0,-1,0.518131,77.27,0.463437,0,11
u212,15-1253.00,Software Quality Assurance Analysts and Testers,15-1252.00,Software Developers,15-1252.00,Software Developers,0.877175,0.0,0,1.0,1.0,1,0.472576,40.0,0.615615,1,1
u212,15-1253.00,Software Quality Assurance Analysts and Testers,15-1252.00,Software Developers,15-2051.00,Data Scientists,0.91908,0.0,0,0.0,0.555556,2,0.491037,40.0,0.570575,0,2
u212,15-1253.00,Software Quality Assurance Analysts and Testers,15-1252.00,Software Developers,15-1212.00,Information Security Analysts,0.946406,0.0,0,0.0,0.444444,2,0.489081,40.0,0.565911,0,3
u212,15-1253.00,Software Quality Assurance Analysts and Testers,15-1252.00,Software Developers,15-1244.00,Network and Computer Systems Administrators,0.976165,0.000805,0,0.0,0.0,-1,0.574473,40.26,0.525244,0,4
u212,15-1253.00,Software Quality Assurance Analysts and Testers,15-1252.00,Software Developers,15-1211.00,Computer Systems Analysts,0.973762,0.0,0,0.0,0.0,-1,0.54654,40.0,0.520174,0,5
u212,15-1253.00,Software Quality Assurance Analysts and Testers,15-1252.00,Software Developers,15-1254.00,Web Developers,0.957367,0.0,0,0.0,0.0,-1,0.491189,40.0,0.504494,0,6
u212,15-1253.00,Software Quality Assurance Analysts and Testers,15-1252.00,Software Developers,15-1242.00,Database Administrators,0.949439,0.0,0,0.0,0.0,-1,0.506878,40.0,0.503279,0,7
u212,15-1253.00,Software Quality Assurance Analysts and Testers,15-1252.00,Software Developers,15-1243.00,Database Architects,0.946295,0.0,0,0.0,0.0,-1,0.50256,40.0,0.501217,0,8
u212,15-1253.00,Software Quality Assurance Analysts and Testers,15-1252.00,Software Developers,15-1251.00,Computer Programmers,0.938285,0.0,0,0.0,0.0,-1,0.490707,40.0,0.495834,0,9
u212,15-1253.00,Software Quality Assurance Analysts and Testers,15-1252.00,Software Developers,15-1255.00,Web and Digital Interface Designers,0.934516,0.0,0,0.0,0.0,-1,0.493718,40.0,0.49459,0,10
u212,15-1253.00,Software Quality Assurance Analysts and Testers,15-1252.00,Software Developers,15-2031.00,Operations Research Analysts,0.887266,0.013913,0,0.0,0.0,-1,0.518069,44.45,0.473502,0,11
u213,15-1254.00,Web Developers,15-1252.00,Software Developers,15-1255.00,Web and Digital Interface Designers,0.945852,0.0,0,0.4,0.4,1,0.50253,40.0,0.561013,0,1
u213,15-1254.00,Web Developers,15-1252.00,Software Developers,15-1252.00,Software Developers,0.875213,0.0,0,0.6,0.6,1,0.481388,40.0,0.556054,1,2
u213,15-1254.00,Web Developers,15-1252.00,Software Developers,15-2051.00,Data Scientists,0.926385,0.0,0,0.0,0.333334,2,0.499848,40.0,0.54185,0,3
u213,15-1254.00,Web Developers,15-1252.00,Software Developers,15-1212.00,Information Security Analysts,0.944864,0.0,0,0.0,0.266666,2,0.497892,40.0,0.539873,0,4
u213,15-1254.00,Web Developers,15-1252.00,Software Developers,15-1211.00,Computer Systems Analysts,0.976921,0.0,0,0.0,0.0,-1,0.555351,40.0,0.522917,0,5
u213,15-1254.00,Web Developers,15-1252.00,Software Developers,15-1244.00,Network and Computer Systems Administrators,0.969466,0.007802,2,0.0,0.0,-1,0.583284,66.5,0.521802,0,6
u213,15-1254.00,Web Developers,15-1252.00,Software Developers,15-1242.00,Database Administrators,0.961469,0.0,0,0.0,0.0,-1,0.51569,40.0,0.510015,0,7
u213,15-1254.00,Web Developers,15-1252.00,Software Developers,15-1243.00,Database Architects,0.96077,0.0,0,0.0,0.0,-1,0.511371,40.0,0.509052,0,8
u213,15-1254.00,Web Developers,15-1252.00,Software Developers,15-1253.00,Software Quality Assurance Analysts and Testers,0.956768,0.0,0,0.0,0.0,-1,0.508811,40.0,0.506867,0,9
u213,15-1254.00,Web Developers,15-1252.00,Software Developers,15-1251.00,Computer Programmers,0.943175,0.0,0,0.0,0.0,-1,0.499518,40.0,0.499357,0,10
u213,15-1254.00,Web Developers,15-1252.00,Software Developers,15-2031.00,Operations Research Analysts,0.903857,0.012858,0,0.0,0.0,-1,0.526881,44.11,0.482553,0,11
u214,15-1255.00,Web and Digital Interface Designers,15-2031.00,Operations Research Analysts,15-1211.00,Computer Systems Analysts,0.969323,0.003106,1,0.0,0.0,-1,0.552821,52.99,0.518342,0,1
u214,15-1255.00,Web and Digital Interface Designers,15-2031.00,Operations Research Analysts,15-1244.00,Network and Computer Systems Administrators,0.958317,0.015601,3,0.0,0.0,-1,0.580755,80.99,0.514456,0,2
u214,15-1255.00,Web and Digital Interface Designers,15-2031.00,Operations Research Analysts,15-1243.00,Database Architects,0.96683,0.0,0,0.0,0.0,-1,0.508841,40.0,0.5114,0,3
u214,15-1255.00,Web and Digital Interface Designers,15-2031.00,Operations Research Analysts,15-1242.00,Database Administrators,0.961893,0.0,0,0.0,0.0,-1,0.51316,40.0,0.509826,0,4
u214,15-1255.00,Web and Digital Interface Designers,15-2031.00,Operations Research Analysts,15-1254.00,Web Developers,0.962745,0.0,0,0.0,0.0,-1,0.49747,40.0,0.507856,0,5
u214,15-1255.00,Web and Digital Interface Designers,15-2031.00,Operations Research Analysts,15-1212.00,Information Security Analysts,0.947381,0.0,0,0.0,0.0,-1,0.495363,40.0,0.500626,0,6
u214,15-1255.00,Web and Digital Interface Designers,15-2031.00,Operations Research Analysts,15-1253.00,Software Quality Assurance Analysts and Testers,0.943555,0.000998,0,0.0,0.0,-1,0.506282,40.32,0.500292,0,7
u214,15-1255.00,Web and Digital Interface Designers,15-2031.00,Operations Research Analysts,15-2051.00,Data Scientists,0.942676,0.0,0,0.0,0.0,-1,0.497319,40.0,0.498802,0,8
u214,15-1255.00,Web and Digital Interface Designers,15-2031.00,Operations Research Analysts,15-1251.00,Computer Programmers,0.93731,0.001057,0,0.0,0.0,-1,0.496989,40.34,0.496073,0,9
u214,15-1255.00,Web and Digital Interface Designers,15-2031.00,Operations Research Analysts,15-2031.00,Operations Research Analysts,0.907569,0.006604,1,0.0,0.0,-1,0.524351,54.11,0.485408,1,10
u214,15-1255.00,Web and Digital Interface Designers,15-2031.00,Operations Research Analysts,15-1252.00,Software Developers,0.914494,0.0,0,0.0,0.0,-1,0.478858,40.0,0.483351,0,11
u215,15-2031.00,Operations Research Analysts,15-2051.00,Data Scientists,15-2051.00,Data Scientists,0.939279,0.0,0,1.0,1.0,1,0.472968,40.0,0.643621,1,1
u215,15-2031.00,Operations Research Analysts,15-2051.00,Data Scientists,15-1211.00,Computer Systems Analysts,0.957782,0.003174,0,0.0,0.0,-1,0.52847,41.02,0.509479,0,2
u215,15-2031.00,Operations Research Analysts,15-2051.00,Data Scientists,15-1244.00,Network and Computer Systems Administrators,0.943691,0.015447,1,0.0,0.0,-1,0.556403,56.94,0.50426,0,3
u215,15-2031.00,Operations Research Analysts,15-2051.00,Data Scientists,15-1242.00,Database Administrators,0.950011,0.000797,0,0.0,0.0,-1,0.488809,40.25,0.500627,0,4
u215,15-2031.00,Operations Research Analysts,15-2051.00,Data Scientists,15-1243.00,Database Architects,0.950219,0.001949,0,0.0,0.0,-1,0.48449,40.62,0.499785,0,5
u215,15-2031.00,Operations Research Analysts,15-2051.00,Data Scientists,15-1254.00,Web Developers,0.940723,0.008913,0,0.0,0.0,-1,0.473119,42.85,0.492065,0,6
u215,15-2031.00,Operations Research Analysts,15-2051.00,Data Scientists,15-1253.00,Software Quality Assurance Analysts and Testers,0.930826,0.004308,0,0.0,0.0,-1,0.481931,41.38,0.490084,0,7
u215,15-2031.00,Operations Research Analysts,15-2051.00,Data Scientists,15-1212.00,Information Security Analysts,0.931943,0.0,0,0.0,0.0,-1,0.471011,40.0,0.490026,0,8
u215,15-2031.00,Operations Research Analysts,15-2051.00,Data Scientists,15-1255.00,Web and Digital Interface Designers,0.927094,0.004727,0,0.0,0.0,-1,0.475649,41.51,0.487358,0,9
u215,15-2031.00,Operations Research Analysts,15-2051.00,Data Scientists,15-1251.00,Computer Programmers,0.91086,0.028119,0,0.0,0.0,-1,0.472638,49.0,0.473753,0,10
u215,15-2031.00,Operations Research Analysts,15-2051.00,Data Scientists,15-1252.00,Software Developers,0.898217,0.002071,0,0.0,0.0,-1,0.454507,40.66,0.471856,0,11
u216,15-2051.00,Data Scientists,15-1211.00,Computer Systems Analysts,15-1211.00,Computer Systems Analysts,0.970189,0.004186,1,0.0,0.0,-1,0.555503,53.34,0.518864,1,1
u216,15-2051.00,Data Scientists,15-1211.00,Computer Systems Analysts,15-1244.00,Network and Computer Systems Administrators,0.960437,0.012181,1,0.0,0.0,-1,0.583436,55.9,0.516667,0,2
u216,15-2051.00,Data Scientists,15-1211.00,Computer Systems Analysts,15-1243.00,Database Architects,0.959245,0.0,0,0.0,0.0,-1,0.511523,40.0,0.508389,0,3
u216,15-2051.00,Data Scientists,15-1211.00,Computer Systems Analysts,15-1242.00,Database Administrators,0.957433,0.0,0,0.0,0.0,-1,0.515841,40.0,0.508221,0,4
u216,15-2051.00,Data Scientists,15-1211.00,Computer Systems Analysts,15-1212.00,Information Security Analysts,0.955547,0.0,0,0.0,0.0,-1,0.498044,40.0,0.504703,0,5
u216,15-2051.00,Data Scientists,15-1211.00,Computer Systems Analysts,15-1255.00,Web and Digital Interface Designers,0.949512,0.0,0,0.0,0.0,-1,0.502681,40.0,0.502682,0,6
u216,15-2051.00,Data Scientists,15-1211.00,Computer Systems Analysts,15-1253.00,Software Quality Assurance Analysts and Testers,0.946728,0.000654,0,0.0,0.0,-1,0.508963,40.21,0.502209,0,7
u216,15-2051.00,Data Scientists,15-1211.00,Computer Systems Analysts,15-1254.00,Web Developers,0.948165,0.0,0,0.0,0.0,-1,0.500152,40.0,0.501697,0,8
u216,15-2051.00,Data Scientists,15-1211.00,Computer Systems Analysts,15-2031.00,Operations Research Analysts,0.920103,0.003856,1,0.0,0.0,-1,0.527032,53.23,0.492137,0,9
u216,15-2051.00,Data Scientists,15-1211.00,Computer Systems Analysts,15-1251.00,Computer Programmers,0.9226,0.010693,0,0.0,0.0,-1,0.49967,43.42,0.487447,0,10
u216,15-2051.00,Data Scientists,15-1211.00,Computer Systems Analysts,15-1252.00,Software Developers,0.909725,0.002634,0,0.0,0.0,-1,0.481539,40.84,0.480948,0,11
u217,15-1211.00,Computer Systems Analysts,15-2051.00,Data Scientists,15-2051.00,Data Scientists,0.92362,0.0,0,1.0,1.0,1,0.444497,40.0,0.632304,1,1
u217,15-1211.00,Computer Systems Analysts,15-2051.00,Data Scientists,15-1244.00,Network and Computer Systems Administrators,0.982721,0.000291,0,0.0,0.0,-1,0.527933,40.09,0.521342,0,2
u217,15-1211.00,Computer Systems Analysts,15-2051.00,Data Scientists,15-1242.00,Database Administrators,0.959541,0.0,0,0.0,0.0,-1,0.460339,40.0,0.500844,0,3
u217,15-1211.00,Computer Systems Analysts,15-2051.00,Data Scientists,15-1253.00,Software Quality Assurance Analysts and Testers,0.955814,0.0,0,0.0,0.0,-1,0.45346,40.0,0.498135,0,4
u217,15-1211.00,Computer Systems Analysts,15-2051.00,Data Scientists,15-1243.00,Database Architects,0.953566,0.0,0,0.0,0.0,-1,0.45602,40.0,0.497508,0,5
u217,15-1211.00,Computer Systems Analysts,15-2051.00,Data Scientists,15-1254.00,Web Developers,0.954667,0.0,0,0.0,0.0,-1,0.444649,40.0,0.496298,0,6
u217,15-1211.00,Computer Systems Analysts,15-2051.00,Data Scientists,15-1212.00,Information Security Analysts,0.949053,0.0,0,0.0,0.0,-1,0.442541,40.0,0.493455,0,7
u217,15-1211.00,Computer Systems Analysts,15-2051.00,Data Scientists,15-1255.00,Web and Digital Interface Designers,0.933865,0.0,0,0.0,0.0,-1,0.447179,40.0,0.487316,0,8
u217,15-1211.00,Computer Systems Analysts,15-2051.00,Data Scientists,15-1251.00,Computer Programmers,0.926414,0.00391,0,0.0,0.0,-1,0.444167,41.25,0.482534,0,9
u217,15-1211.00,Computer Systems Analysts,15-2051.00,Data Scientists,15-2031.00,Operations Research Analysts,0.897677,0.006057,0,0.0,0.0,-1,0.47153,41.94,0.47317,0,10
u217,15-1211.00,Computer Systems Analysts,15-2051.00,Data Scientists,15-1252.00,Software Developers,0.899589,0.0,0,0.0,0.0,-1,0.426037,40.0,0.46872,0,11
u218,15-1212.00,Information Security Analysts,15-1242.00,Database Administrators,15-1244.00,Network and Computer Systems Administrators,0.969131,0.009554,2,0.0,0.0,-1,0.585392,67.06,0.521529,0,1
u218,15-1212.00,Information Security Analysts,15-1242.00,Database Administrators,15-1211.00,Computer Systems Analysts,0.970293,0.00211,1,0.0,0.0,-1,0.557459,52.68,0.519723,0,2
u218,15-1212.00,Information Security Analysts,15-1242.00,Database Administrators,15-1242.00,Database Administrators,0.947888,0.001539,1,0.0,0.0,-1,0.517798,52.49,0.503835,1,3
u218,15-1212.00,Information Security Analysts,15-1242.00,Database Administrators,15-1253.00,Software Quality Assurance Analysts and Testers,0.947403,0.0,0,0.0,0.0,-1,0.510919,40.0,0.502969,0,4
u218,15-1212.00,Information Security Analysts,15-1242.00,Database Administrators,15-1243.00,Database Architects,0.94305,0.000582,0,0.0,0.0,-1,0.513479,40.19,0.501249,0,5
u218,15-1212.00,Information Security Analysts,15-1242.00,Database Administrators,15-1254.00,Web Developers,0.945496,0.006623,0,0.0,0.0,-1,0.502108,42.12,0.499134,0,6
u218,15-1212.00,Information Security Analysts,15-1242.00,Database Administrators,15-1255.00,Web and Digital Interface Designers,0.932689,0.002751,0,0.0,0.0,-1,0.504637,40.88,0.494718,0,7
u218,15-1212.00,Information Security Analysts,15-1242.00,Database Administrators,15-2051.00,Data Scientists,0.92203,0.006356,1,0.0,0.0,-1,0.501956,54.03,0.488618,0,8
u218,15-1212.00,Information Security Analysts,15-1242.00,Database Administrators,15-1251.00,Computer Programmers,0.912179,0.022866,0,0.0,0.0,-1,0.501626,47.32,0.480008,0,9
u218,15-1212.00,Information Security Analysts,15-1242.00,Database Administrators,15-1252.00,Software Developers,0.90118,0.000482,0,0.0,0.0,-1,0.483495,40.15,0.477935,0,10
u218,15-1212.00,Information Security Analysts,15-1242.00,Database Administrators,15-2031.00,Operations Research Analysts,0.888553,0.025856,1,0.0,0.0,-1,0.528989,60.27,0.472733,0,11
u219,15-1242.00,Database Administrators,15-2051.00,Data Scientists,15-2051.00,Data Scientists,0.938002,0.0,0,1.0,1.0,1,0.484159,40.0,0.644725,1,1
u219,15-1242.00,Database Administrators,15-2051.00,Data Scientists,15-1244.00,Network and Computer Systems Administrators,0.973837,0.004854,1,0.0,0.0,-1,0.567594,53.55,0.522152,0,2
u219,15-1242.00,Database Administrators,15-2051.00,Data Scientists,15-1211.00,Computer Systems Analysts,0.977562,0.0,0,0.0,0.0,-1,0.539661,40.0,0.520852,0,3
u219,15-1242.00,Database Administrators,15-2051.00,Data Scientists,15-1243.00,Database Architects,0.959139,0.0,0,0.0,0.0,-1,0.495681,40.0,0.505965,0,4
u219,15-1242.00,Database Administrators,15-2051.00,Data Scientists,15-1212.00,Information Security Analysts,0.953856,0.0,0,0.0,0.0,-1,0.482202,40.0,0.501566,0,5
u219,15-1242.00,Database Administrators,15-2051.00,Data Scientists,15-1253.00,Software Quality Assurance Analysts and Testers,0.949852,0.0,0,0.0,0.0,-1,0.493122,40.0,0.501402,0,6
u219,15-1242.00,Database Administrators,15-2051.00,Data Scientists,15-1254.00,Web Developers,0.952761,0.0,0,0.0,0.0,-1,0.48431,40.0,0.501389,0,7
u219,15-1242.00,Database Administrators,15-2051.00,Data Scientists,15-1255.00,Web and Digital Interface Designers,0.941108,0.0,0,0.0,0.0,-1,0.48684,40.0,0.496525,0,8
u219,15-1242.00,Database Administrators,15-2051.00,Data Scientists,15-2031.00,Operations Research Analysts,0.913075,0.00314,0,0.0,0.0,-1,0.511191,41.0,0.486777,0,9
u219,15-1242.00,Database Administrators,15-2051.00,Data Scientists,15-1251.00,Computer Programmers,0.92547,0.010807,0,0.0,0.0,-1,0.483829,43.46,0.486334,0,10
u219,15-1242.00,Database Administrators,15-2051.00,Data Scientists,15-1252.00,Software Developers,0.905678,0.0,0,0.0,0.0,-1,0.465698,40.0,0.47741,0,11
u220,15-1243.00,Database Architects,15-1244.00,Network and Computer Systems Administrators,15-1211.00,Computer Systems Analysts,0.977832,0.001368,0,0.0,0.0,-1,0.54398,40.44,0.52128,0,1
u220,15-1243.00,Database Architects,15-1244.00,Network and Computer Systems Administrators,15-1244.00,Network and Computer Systems Administrators,0.968326,0.009957,1,0.0,0.0,-1,0.571913,55.19,0.519045,1,2
u220,15-1243.00,Database Architects,15-1244.00,Network and Computer Systems Administrators,15-1242.00,Database Administrators,0.958706,0.0,0,0.0,0.0,-1,0.504319,40.0,0.507065,0,3
u220,15-1243.00,Database Architects,15-1244.00,Network and Computer Systems Administrators,15-1254.00,Web Developers,0.96309,0.0,0,0.0,0.0,-1,0.488629,40.0,0.506685,0,4
u220,15-1243.00,Database Architects,15-1244.00,Network and Computer Systems Administrators,15-1255.00,Web and Digital Interface Designers,0.952003,0.0,0,0.0,0.0,-1,0.491159,40.0,0.502075,0,5
u220,15-1243.00,Database Architects,15-1244.00,Network and Computer Systems Administrators,15-1253.00,Software Quality Assurance Analysts and Testers,0.95015,0.001373,0,0.0,0.0,-1,0.49744,40.44,0.50184,0,6
u220,15-1243.00,Database Architects,15-1244.00,Network and Computer Systems Administrators,15-1212.00,Information Security Analysts,0.949387,0.0,0,0.0,0.0,-1,0.486521,40.0,0.500203,0,7
u220,15-1243.00,Database Architects,15-1244.00,Network and Computer Systems Administrators,15-2051.00,Data Scientists,0.932478,0.0,0,0.0,0.0,-1,0.488477,40.0,0.492887,0,8
u220,15-1243.00,Database Architects,15-1244.00,Network and Computer Systems Administrators,15-1251.00,Computer Programmers,0.928656,0.007755,0,0.0,0.0,-1,0.488147,42.48,0.489179,0,9
u220,15-1243.00,Database Architects,15-1244.00,Network and Computer Systems Administrators,15-2031.00,Operations Research Analysts,0.909242,0.013689,0,0.0,0.0,-1,0.51551,44.38,0.483063,0,10
u220,15-1243.00,Database Architects,15-1244.00,Network and Computer Systems Administrators,15-1252.00,Software Developers,0.913511,0.0,0,0.0,0.0,-1,0.470017,40.0,0.481583,0,11
u221,15-1244.00,Network and Computer Systems Administrators,15-1212.00,Information Security Analysts,15-1212.00,Information Security Analysts,0.92069,0.0,0,1.0,1.0,1,0.414608,40.0,0.626502,1,1
u221,15-1244.00,Network and Computer Systems Administrators,15-1212.00,Information Security Analysts,15-1211.00,Computer Systems Analysts,0.960537,0.0,0,0.0,0.0,-1,0.472067,40.0,0.503052,0,2
u221,15-1244.00,Network and Computer Systems Administrators,15-1212.00,Information Security Analysts,15-1242.00,Database Administrators,0.923265,0.0,0,0.0,0.0,-1,0.432406,40.0,0.48033,0,3
u221,15-1244.00,Network and Computer Systems Administrators,15-1212.00,Information Security Analysts,15-1253.00,Software Quality Assurance Analysts and Testers,0.92193,0.0,0,0.0,0.0,-1,0.425527,40.0,0.478698,0,4
u221,15-1244.00,Network and Computer Systems Administrators,15-1212.00,Information Security Analysts,15-1243.00,Database Architects,0.915123,0.0,0,0.0,0.0,-1,0.428087,40.0,0.476018,0,5
u221,15-1244.00,Network and Computer Systems Administrators,15-1212.00,Information Security Analysts,15-1254.00,Web Developers,0.916601,0.0,0,0.0,0.0,-1,0.416716,40.0,0.474978,0,6
u221,15-1244.00,Network and Computer Systems Administrators,15-1212.00,Information Security Analysts,15-1255.00,Web and Digital Interface Designers,0.893967,0.0,0,0.0,0.0,-1,0.419245,40.0,0.465172,0,7
u221,15-1244.00,Network and Computer Systems Administrators,15-1212.00,Information Security Analysts,15-1251.00,Computer Programmers,0.889521,0.004083,0,0.0,0.0,-1,0.416234,41.31,0.461699,0,8
u221,15-1244.00,Network and Computer Systems Administrators,15-1212.00,Information Security Analysts,15-2051.00,Data Scientists,0.883601,0.0,0,0.0,0.0,-1,0.416564,40.0,0.460105,0,9
u221,15-1244.00,Network and Computer Systems Administrators,15-1212.00,Information Security Analysts,15-1252.00,Software Developers,0.870944,0.0,0,0.0,0.0,-1,0.398103,40.0,0.45164,0,10
u221,15-1244.00,Network and Computer Systems Administrators,15-1212.00,Information Security Analysts,15-2031.00,Operations Research Analysts,0.855499,0.003216,0,0.0,0.0,-1,0.443597,41.03,0.45071,0,11
u222,15-1251.00,Computer Programmers,15-1252.00,Software Developers,15-1252.00,Software Developers,0.854764,0.0,0,0.615385,0.615385,1,0.481869,40.0,0.549232,1,1
u222,15-1251.00,Computer Programmers,15-1252.00,Software Developers,15-1254.00,Web Developers,0.956131,0.0,0,0.25641,0.25641,1,0.500482,40.0,0.543793,0,2
u222,15-1251.00,Computer Programmers,15-1252.00,Software Developers,15-2051.00,Data Scientists,0.906344,0.0,0,0.0,0.341881,2,0.50033,40.0,0.534186,0,3
u222,15-1251.00,Computer Programmers,15-1252.00,Software Developers,15-1212.00,Information Security Analysts,0.917489,0.0,0,0.0,0.273504,2,0.498374,40.0,0.528652,0,4
u222,15-1251.00,Computer Programmers,15-1252.00,Software Developers,15-1244.00,Network and Computer Systems Administrators,0.963205,0.008703,1,0.0,0.0,-1,0.583766,54.78,0.518831,0,5
u222,15-1251.00,Computer Programmers,15-1252.00,Software Developers,15-1211.00,Computer Systems Analysts,0.963621,0.001861,0,0.0,0.0,-1,0.555833,40.6,0.516539,0,6
u222,15-1251.00,Computer Programmers,15-1252.00,Software Developers,15-1255.00,Web and Digital Interface Designers,0.932503,0.0,0,0.0,0.102564,2,0.503011,40.0,0.510463,0,7
u222,15-1251.00,Computer Programmers,15-1252.00,Software Developers,15-1242.00,Database Administrators,0.948072,0.0,0,0.0,0.0,-1,0.516171,40.0,0.504058,0,8
u222,15-1251.00,Computer Programmers,15-1252.00,Software Developers,15-1243.00,Database Architects,0.946662,0.0,0,0.0,0.0,-1,0.511853,40.0,0.502776,0,9
u222,15-1251.00,Computer Programmers,15-1252.00,Software Developers,15-1253.00,Software Quality Assurance Analysts and Testers,0.94708,0.0,0,0.0,0.0,-1,0.509293,40.0,0.50258,0,10
u222,15-1251.00,Computer Programmers,15-1252.00,Software Developers,15-2031.00,Operations Research Analysts,0.894792,0.0,0,0.128205,0.128205,1,0.527362,40.0,0.500991,0,11
u223,15-1252.00,Software Developers,15-1253.00,Software Quality Assurance Analysts and Testers,15-2051.00,Data Scientists,0.935317,0.00155,0,0.555556,0.555556,1,0.518461,40.5,0.581608,0,1
u223,15-1252.00,Software Developers,15-1253.00,Software Quality Assurance Analysts and Testers,15-1212.00,Information Security Analysts,0.951587,0.000235,0,0.444444,0.444444,1,0.516505,40.08,0.572298,0,2
u223,15-1252.00,Software Developers,15-1253.00,Software Quality Assurance Analysts and Testers,15-1244.00,Network and Computer Systems Administrators,0.956479,0.019265,4,0.0,0.0,-1,0.601897,94.16,0.515884,0,3
u223,15-1252.00,Software Developers,15-1253.00,Software Quality Assurance Analysts and Testers,15-1211.00,Computer Systems Analysts,0.961333,0.012883,3,0.0,0.0,-1,0.573963,80.12,0.515474,0,4
u223,15-1252.00,Software Developers,15-1253.00,Software Quality Assurance Analysts and Testers,15-1243.00,Database Architects,0.946251,0.013081,2,0.0,0.0,-1,0.529983,68.19,0.50204,0,5
u223,15-1252.00,Software Developers,15-1253.00,Software Quality Assurance Analysts and Testers,15-1242.00,Database Administrators,0.942907,0.010783,2,0.0,0.0,-1,0.534302,67.45,0.501758,0,6
u223,15-1252.00,Software Developers,15-1253.00,Software Quality Assurance Analysts and Testers,15-1255.00,Web and Digital Interface Designers,0.929838,0.015166,1,0.0,0.0,-1,0.521142,56.85,0.492807,0,7
u223,15-1252.00,Software Developers,15-1253.00,Software Quality Assurance Analysts and Testers,15-1253.00,Software Quality Assurance Analysts and Testers,0.922959,0.01624,3,0.0,0.0,-1,0.527424,81.2,0.490385,1,8
u223,15-1252.00,Software Developers,15-1253.00,Software Quality Assurance Analysts and Testers,15-2031.00,Operations Research Analysts,0.901441,0.018819,2,0.0,0.0,-1,0.545493,70.02,0.482768,0,9
u223,15-1252.00,Software Developers,15-1253.00,Software Quality Assurance Analysts and Testers,15-1254.00,Web Developers,0.913641,0.029826,2,0.0,0.0,-1,0.518612,73.54,0.481474,0,10
u223,15-1252.00,Software Developers,15-1253.00,Software Quality Assurance Analysts and Testers,15-1251.00,Computer Programmers,0.877315,0.047616,3,0.0,0.0,-1,0.518131,91.24,0.460607,0,11
u224,15-1253.00,Software Quality Assurance Analysts and Testers,15-1252.00,Software Developers,15-1252.00,Software Developers,0.87738,0.0,0,1.0,1.0,1,0.472576,40.0,0.615708,1,1
u224,15-1253.00,Software Quality Assurance Analysts and Testers,15-1252.00,Software Developers,15-2051.00,Data Scientists,0.912193,0.0,0,0.0,0.555556,2,0.491037,40.0,0.567476,0,2
u224,15-1253.00,Software Quality Assurance Analysts and Testers,15-1252.00,Software Developers,15-1212.00,Information Security Analysts,0.945348,0.0,0,0.0,0.444444,2,0.489081,40.0,0.565435,0,3
u224,15-1253.00,Software Quality Assurance Analysts and Testers,15-1252.00,Software Developers,15-1244.00,Network and Computer Systems Administrators,0.981691,0.000979,1,0.0,0.0,-1,0.574473,52.31,0.527687,0,4
u224,15-1253.00,Software Quality Assurance Analysts and Testers,15-1252.00,Software Developers,15-1211.00,Computer Systems Analysts,0.980538,0.0,0,0.0,0.0,-1,0.54654,40.0,0.523223,0,5
u224,15-1253.00,Software Quality Assurance Analysts and Testers,15-1252.00,Software Developers,15-1254.00,Web Developers,0.95493,0.0,0,0.0,0.0,-1,0.491189,40.0,0.503397,0,6
u224,15-1253.00,Software Quality Assurance Analysts and Testers,15-1252.00,Software Developers,15-1242.00,Database Administrators,0.949228,0.0,0,0.0,0.0,-1,0.506878,40.0,0.503184,0,7
u224,15-1253.00,Software Quality Assurance Analysts and Testers,15-1252.00,Software Developers,15-1243.00,Database Architects,0.943796,0.0,0,0.0,0.0,-1,0.50256,40.0,0.500092,0,8
u224,15-1253.00,Software Quality Assurance Analysts and Testers,15-1252.00,Software Developers,15-1251.00,Computer Programmers,0.937272,0.0,0,0.0,0.0,-1,0.490707,40.0,0.495379,0,9
u224,15-1253.00,Software Quality Assurance Analysts and Testers,15-1252.00,Software Developers,15-1255.00,Web and Digital Interface Designers,0.926956,0.0,0,0.0,0.0,-1,0.493718,40.0,0.491188,0,10
u224,15-1253.00,Software Quality Assurance Analysts and Testers,15-1252.00,Software Developers,15-2031.00,Operations Research Analysts,0.880822,0.017433,0,0.0,0.0,-1,0.518069,45.58,0.469722,0,11
u225,15-1254.00,Web Developers,15-1252.00,Software Developers,15-1255.00,Web and Digital Interface Designers,0.93462,0.0,0,0.4,0.4,1,0.50253,40.0,0.555958,0,1
u225,15-1254.00,Web Developers,15-1252.00,Software Developers,15-1252.00,Software Developers,0.863252,0.0,0,0.6,0.6,1,0.481388,40.0,0.550672,1,2
u225,15-1254.00,Web Developers,15-1252.00,Software Developers,15-2051.00,Data Scientists,0.911534,0.0,0,0.0,0.333334,2,0.499848,40.0,0.535167,0,3
u225,15-1254.00,Web Developers,15-1252.00,Software Developers,15-1212.00,Information Security Analysts,0.929669,0.0,0,0.0,0.266666,2,0.497892,40.0,0.533035,0,4
u225,15-1254.00,Web Developers,15-1252.00,Software Developers,15-1244.00,Network and Computer Systems Administrators,0.96552,0.003027,0,0.0,0.0,-1,0.583284,40.97,0.52122,0,5
u225,15-1254.00,Web Developers,15-1252.00,Software Developers,15-1211.00,Computer Systems Analysts,0.962669,0.0,0,0.0,0.0,-1,0.555351,40.0,0.516504,0,6
u225,15-1254.00,Web Developers,15-1252.00,Software Developers,15-1243.00,Database Architects,0.949388,0.0,0,0.0,0.0,-1,0.511371,40.0,0.50393,0,7
u225,15-1254.00,Web Developers,15-1252.00,Software Developers,15-1242.00,Database Administrators,0.94757,0.0,0,0.0,0.0,-1,0.51569,40.0,0.50376,0,8
u225,15-1254.00,Web Developers,15-1252.00,Software Developers,15-1253.00,Software Quality Assurance Analysts and Testers,0.943917,0.0,0,0.0,0.0,-1,0.508811,40.0,0.501084,0,9
u225,15-1254.00,Web Developers,15-1252.00,Software Developers,15-1251.00,Computer Programmers,0.936274,0.0,0,0.0,0.0,-1,0.499518,40.0,0.496251,0,10
u225,15-1254.00,Web Developers,15-1252.00,Software Developers,15-2031.00,Operations Research Analysts,0.890722,0.012927,0,0.0,0.0,-1,0.526881,44.14,0.476625,0,11
u226,15-1255.00,Web and Digital Interface Designers,15-2031.00,Operations Research Analysts,15-1211.00,Computer Systems Analysts,0.965933,0.007698,1,0.0,0.0,-1,0.552821,54.46,0.515669,0,1
u226,15-1255.00,Web and Digital Interface Designers,15-2031.00,Operations Research Analysts,15-1243.00,Database Architects,0.970264,0.0,0,0.0,0.0,-1,0.508841,40.0,0.512945,0,2
u226,15-1255.00,Web and Digital Interface Designers,15-2031.00,Operations Research Analysts,15-1244.00,Network and Computer Systems Administrators,0.95305,0.019865,4,0.0,0.0,-1,0.580755,94.36,0.51102,0,3
u226,15-1255.00,Web and Digital Interface Designers,15-2031.00,Operations Research Analysts,15-1254.00,Web Developers,0.967163,0.000259,0,0.0,0.0,-1,0.49747,40.08,0.509779,0,4
u226,15-1255.00,Web and Digital Interface Designers,15-2031.00,Operations Research Analysts,15-1242.00,Database Administrators,0.95666,0.000684,0,0.0,0.0,-1,0.51316,40.22,0.5073,0,5
u226,15-1255.00,Web and Digital Interface Designers,15-2031.00,Operations Research Analysts,15-1212.00,Information Security Analysts,0.943687,0.000299,0,0.0,0.0,-1,0.495363,40.1,0.498889,0,6
u226,15-1255.00,Web and Digital Interface Designers,15-2031.00,Operations Research Analysts,15-2051.00,Data Scientists,0.94273,0.0,0,0.0,0.0,-1,0.497319,40.0,0.498826,0,7
u226,15-1255.00,Web and Digital Interface Designers,15-2031.00,Operations Research Analysts,15-1253.00,Software Quality Assurance Analysts and Testers,0.942349,0.006063,0,0.0,0.0,-1,0.506282,41.94,0.498484,0,8
u226,15-1255.00,Web and Digital Interface Designers,15-2031.00,Operations Research Analysts,15-1251.00,Computer Programmers,0.938189,0.002954,0,0.0,0.0,-1,0.496989,40.95,0.495995,0,9
u226,15-1255.00,Web and Digital Interface Designers,15-2031.00,Operations Research Analysts,15-2031.00,Operations Research Analysts,0.906722,0.01108,1,0.0,0.0,-1,0.524351,55.55,0.483907,1,10
u226,15-1255.00,Web and Digital Interface Designers,15-2031.00,Operations Research Analysts,15-1252.00,Software Developers,0.89897,0.000783,0,0.0,0.0,-1,0.478858,40.25,0.476169,0,11
u227,15-2031.00,Operations Research Analysts,15-2051.00,Data Scientists,15-2051.00,Data Scientists,0.948725,0.0,0,1.0,1.0,1,0.472968,40.0,0.647871,1,1
u227,15-2031.00,Operations Research Analysts,15-2051.00,Data Scientists,15-1211.00,Computer Systems Analysts,0.955917,0.006025,2,0.0,0.0,-1,0.52847,65.93,0.507927,0,2
u227,15-2031.00,Operations Research Analysts,15-2051.00,Data Scientists,15-1242.00,Database Administrators,0.956716,0.0,0,0.0,0.0,-1,0.488809,40.0,0.503844,0,3
u227,15-2031.00,Operations Research Analysts,15-2051.00,Data Scientists,15-1243.00,Database Architects,0.956982,0.0,0,0.0,0.0,-1,0.48449,40.0,0.503315,0,4
u227,15-2031.00,Operations Research Analysts,15-2051.00,Data Scientists,15-1244.00,Network and Computer Systems Administrators,0.938218,0.020543,5,0.0,0.0,-1,0.556403,106.57,0.500523,0,5
u227,15-2031.00,Operations Research Analysts,15-2051.00,Data Scientists,15-1254.00,Web Developers,0.944236,0.005428,0,0.0,0.0,-1,0.473119,41.74,0.494517,0,6
u227,15-2031.00,Operations Research Analysts,15-2051.00,Data Scientists,15-1255.00,Web and Digital Interface Designers,0.938318,0.000799,0,0.0,0.0,-1,0.475649,40.26,0.493391,0,7
u227,15-2031.00,Operations Research Analysts,15-2051.00,Data Scientists,15-1212.00,Information Security Analysts,0.934155,0.00296,0,0.0,0.0,-1,0.471011,40.95,0.490282,0,8
u227,15-2031.00,Operations Research Analysts,15-2051.00,Data Scientists,15-1253.00,Software Quality Assurance Analysts and Testers,0.930913,0.007118,1,0.0,0.0,-1,0.481931,54.28,0.489421,0,9
u227,15-2031.00,Operations Research Analysts,15-2051.00,Data Scientists,15-1251.00,Computer Programmers,0.914818,0.026619,1,0.0,0.0,-1,0.472638,60.52,0.475909,0,10
u227,15-2031.00,Operations Research Analysts,15-2051.00,Data Scientists,15-1252.00,Software Developers,0.90184,0.003313,1,0.0,0.0,-1,0.454507,53.06,0.473176,0,11
u228,15-2051.00,Data Scientists,15-1211.00,Computer Systems Analysts,15-1211.00,Computer Systems Analysts,0.972424,0.004361,1,0.0,0.0,-1,0.555503,53.4,0.519826,1,1
u228,15-2051.00,Data Scientists,15-1211.00,Computer Systems Analysts,15-1244.00,Network and Computer Systems Administrators,0.960106,0.015186,3,0.0,0.0,-1,0.583436,80.86,0.515766,0,2
u228,15-2051.00,Data Scientists,15-1211.00,Computer Systems Analysts,15-1243.00,Database Architects,0.963801,0.0,0,0.0,0.0,-1,0.511523,40.0,0.510439,0,3
u228,15-2051.00,Data Scientists,15-1211.00,Computer Systems Analysts,15-1242.00,Database Administrators,0.962011,0.0,0,0.0,0.0,-1,0.515841,40.0,0.510281,0,4
u228,15-2051.00,Data Scientists,15-1211.00,Computer Systems Analysts,15-1212.00,Information Security Analysts,0.957925,0.000282,0,0.0,0.0,-1,0.498044,40.09,0.505702,0,5
u228,15-2051.00,Data Scientists,15-1211.00,Computer Systems Analysts,15-1255.00,Web and Digital Interface Designers,0.953583,0.0,0,0.0,0.0,-1,0.502681,40.0,0.504515,0,6
u228,15-2051.00,Data Scientists,15-1211.00,Computer Systems Analysts,15-1254.00,Web Developers,0.954377,0.001204,0,0.0,0.0,-1,0.500152,40.39,0.504192,0,7
u228,15-2051.00,Data Scientists,15-1211.00,Computer Systems Analysts,15-1253.00,Software Quality Assurance Analysts and Testers,0.944506,0.001123,0,0.0,0.0,-1,0.508963,40.36,0.501091,0,8
u228,15-2051.00,Data Scientists,15-1211.00,Computer Systems Analysts,15-2031.00,Operations Research Analysts,0.931139,0.002942,0,0.0,0.0,-1,0.527032,40.94,0.497332,0,9
u228,15-2051.00,Data Scientists,15-1211.00,Computer Systems Analysts,15-1251.00,Computer Programmers,0.924319,0.015457,0,0.0,0.0,-1,0.49967,44.95,0.48703,0,10
u228,15-2051.00,Data Scientists,15-1211.00,Computer Systems Analysts,15-1252.00,Software Developers,0.921056,0.002738,0,0.0,0.0,-1,0.481539,40.88,0.486022,0,11
u229,15-1211.00,Computer Systems Analysts,15-2051.00,Data Scientists,15-2051.00,Data Scientists,0.91281,0.0,0,1.0,1.0,1,0.444497,40.0,0.627439,1,1
u229,15-1211.00,Computer Systems Analysts,15-2051.00,Data Scientists,15-1244.00,Network and Computer Systems Administrators,0.982283,0.0004,0,0.0,0.0,-1,0.527933,40.13,0.521117,0,2
u229,15-1211.00,Computer Systems Analysts,15-2051.00,Data Scientists,15-1242.00,Database Administrators,0.946349,0.0,0,0.0,0.0,-1,0.460339,40.0,0.494908,0,3
u229,15-1211.00,Computer Systems Analysts,15-2051.00,Data Scientists,15-1253.00,Software Quality Assurance Analysts and Testers,0.942905,0.0,0,0.0,0.0,-1,0.45346,40.0,0.492326,0,4
u229,15-1211.00,Computer Systems Analysts,15-2051.00,Data Scientists,15-1243.00,Database Architects,0.938995,0.0,0,0.0,0.0,-1,0.45602,40.0,0.490951,0,5
u229,15-1211.00,Computer Systems Analysts,15-2051.00,Data Scientists,15-1212.00,Information Security Analysts,0.942012,0.0,0,0.0,0.0,-1,0.442541,40.0,0.490286,0,6
u229,15-1211.00,Computer Systems Analysts,15-2051.00,Data Scientists,15-1254.00,Web Developers,0.936364,0.0,0,0.0,0.0,-1,0.444649,40.0,0.488061,0,7
u229,15-1211.00,Computer Systems Analysts,15-2051.00,Data Scientists,15-1255.00,Web and Digital Interface Designers,0.918794,0.0,0,0.0,0.0,-1,0.447179,40.0,0.480534,0,8
u229,15-1211.00,Computer Systems Analysts,15-2051.00,Data Scientists,15-1251.00,Computer Programmers,0.910938,0.011083,0,0.0,0.0,-1,0.444167,43.55,0.473777,0,9
u229,15-1211.00,Computer Systems Analysts,15-2051.00,Data Scientists,15-2031.00,Operations Research Analysts,0.883008,0.005352,0,0.0,0.0,-1,0.47153,41.71,0.466745,0,10
u229,15-1211.00,Computer Systems Analysts,15-2051.00,Data Scientists,15-1252.00,Software Developers,0.895034,0.0,0,0.0,0.0,-1,0.426037,40.0,0.466671,0,11
u230,15-1212.00,Information Security Analysts,15-1242.00,Database Administrators,15-1244.00,Network and Computer Systems Administrators,0.974535,0.008805,2,0.0,0.0,-1,0.585392,66.82,0.524148,0,1
u230,15-1212.00,Information Security Analysts,15-1242.00,Database Administrators,15-1211.00,Computer Systems Analysts,0.966134,0.002052,0,0.0,0.0,-1,0.557459,40.66,0.517866,0,2
u230,15-1212.00,Information Security Analysts,15-1242.00,Database Administrators,15-1242.00,Database Administrators,0.944883,0.002099,0,0.0,0.0,-1,0.517798,40.67,0.502342,1,3
u230,15-1212.00,Information Security Analysts,15-1242.00,Database Administrators,15-1243.00,Database Architects,0.936938,0.003356,0,0.0,0.0,-1,0.513479,41.07,0.497805,0,4
u230,15-1212.00,Information Security Analysts,15-1242.00,Database Administrators,15-1253.00,Software Quality Assurance Analysts and Testers,0.936628,0.002843,0,0.0,0.0,-1,0.510919,40.91,0.49741,0,5
u230,15-1212.00,Information Security Analysts,15-1242.00,Database Administrators,15-1254.00,Web Developers,0.931825,0.012915,0,0.0,0.0,-1,0.502108,44.13,0.491409,0,6
u230,15-1212.00,Information Security Analysts,15-1242.00,Database Administrators,15-1255.00,Web and Digital Interface Designers,0.925256,0.006355,0,0.0,0.0,-1,0.504637,42.03,0.490472,0,7
u230,15-1212.00,Information Security Analysts,15-1242.00,Database Administrators,15-2051.00,Data Scientists,0.919675,0.0,0,0.0,0.0,-1,0.501956,40.0,0.489147,0,8
u230,15-1212.00,Information Security Analysts,15-1242.00,Database Administrators,15-1252.00,Software Developers,0.908232,0.0,0,0.0,0.0,-1,0.483495,40.0,0.481229,0,9
u230,15-1212.00,Information Security Analysts,15-1242.00,Database Administrators,15-1251.00,Computer Programmers,0.901713,0.027594,0,0.0,0.0,-1,0.501626,48.83,0.474116,0,10
u230,15-1212.00,Information Security Analysts,15-1242.00,Database Administrators,15-2031.00,Operations Research Analysts,0.884446,0.018955,0,0.0,0.0,-1,0.528989,46.07,0.47261,0,11
u231,15-1242.00,Database Administrators,15-2051.00,Data Scientists,15-2051.00,Data Scientists,0.931808,0.0,0,1.0,1.0,1,0.484159,40.0,0.641937,1,1
u231,15-1242.00,Database Administrators,15-2051.00,Data Scientists,15-1244.00,Network and Computer Systems Administrators,0.978759,0.003769,1,0.0,0.0,-1,0.567594,53.21,0.524638,0,2
u231,15-1242.00,Database Administrators,15-2051.00,Data Scientists,15-1211.00,Computer Systems Analysts,0.98093,0.0,0,0.0,0.0,-1,0.539661,40.0,0.522368,0,3
u231,15-1242.00,Database Administrators,15-2051.00,Data Scientists,15-1243.00,Database Architects,0.964947,0.0,0,0.0,0.0,-1,0.495681,40.0,0.508578,0,4
u231,15-1242.00,Database Administrators,15-2051.00,Data Scientists,15-1254.00,Web Developers,0.962365,0.0,0,0.0,0.0,-1,0.48431,40.0,0.505711,0,5
u231,15-1242.00,Database Administrators,15-2051.00,Data Scientists,15-1253.00,Software Quality Assurance Analysts and Testers,0.95283,6.1e-05,0,0.0,0.0,-1,0.493122,40.02,0.502726,0,6
u231,15-1242.00,Database Administrators,15-2051.00,Data Scientists,15-1212.00,Information Security Analysts,0.952389,0.0,0,0.0,0.0,-1,0.482202,40.0,0.500906,0,7
u231,15-1242.00,Database Administrators,15-2051.00,Data Scientists,15-1255.00,Web and Digital Interface Designers,0.949936,0.0,0,0.0,0.0,-1,0.48684,40.0,0.500497,0,8
u231,15-1242.00,Database Administrators,15-2051.00,Data Scientists,15-1251.00,Computer Programmers,0.935687,8.2e-05,0,0.0,0.0,-1,0.483829,40.03,0.493613,0,9
u231,15-1242.00,Database Administrators,15-2051.00,Data Scientists,15-2031.00,Operations Research Analysts,0.90849,0.005518,0,0.0,0.0,-1,0.511191,41.77,0.48412,0,10
u231,15-1242.00,Database Administrators,15-2051.00,Data Scientists,15-1252.00,Software Developers,0.906414,0.0,0,0.0,0.0,-1,0.465698,40.0,0.477741,0,11
u232,15-1243.00,Database Architects,15-1244.00,Network and Computer Systems Administrators,15-1211.00,Computer Systems Analysts,0.977597,0.00123,0,0.0,0.0,-1,0.54398,40.39,0.521208,0,1
u232,15-1243.00,Database Architects,15-1244.00,Network and Computer Systems Administrators,15-1244.00,Network and Computer Systems Administrators,0.967597,0.00797,1,0.0,0.0,-1,0.571913,54.55,0.519213,1,2
u232,15-1243.00,Database Architects,15-1244.00,Network and Computer Systems Administrators,15-1242.00,Database Administrators,0.966683,0.0,0,0.0,0.0,-1,0.504319,40.0,0.510655,0,3
u232,15-1243.00,Database Architects,15-1244.00,Network and Computer Systems Administrators,15-1254.00,Web Developers,0.964944,0.0,0,0.0,0.0,-1,0.488629,40.0,0.507519,0,4
u232,15-1243.00,Database Architects,15-1244.00,Network and Computer Systems Administrators,15-1255.00,Web and Digital Interface Designers,0.954392,0.0,0,0.0,0.0,-1,0.491159,40.0,0.50315,0,5
u232,15-1243.00,Database Architects,15-1244.00,Network and Computer Systems Administrators,15-1253.00,Software Quality Assurance Analysts and Testers,0.94941,0.001108,0,0.0,0.0,-1,0.49744,40.35,0.501573,0,6
u232,15-1243.00,Database Architects,15-1244.00,Network and Computer Systems Administrators,15-1212.00,Information Security Analysts,0.952227,0.0,0,0.0,0.0,-1,0.486521,40.0,0.50148,0,7
u232,15-1243.00,Database Architects,15-1244.00,Network and Computer Systems Administrators,15-2051.00,Data Scientists,0.938603,0.0,0,0.0,0.0,-1,0.488477,40.0,0.495643,0,8
u232,15-1243.00,Database Architects,15-1244.00,Network and Computer Systems Administrators,15-1251.00,Computer Programmers,0.934928,0.002074,0,0.0,0.0,-1,0.488147,40.66,0.493421,0,9
u232,15-1243.00,Database Architects,15-1244.00,Network and Computer Systems Administrators,15-2031.00,Operations Research Analysts,0.914578,0.013418,0,0.0,0.0,-1,0.51551,44.29,0.485532,0,10
u232,15-1243.00,Database Architects,15-1244.00,Network and Computer Systems Administrators,15-1252.00,Software Developers,0.90824,0.0,0,0.0,0.0,-1,0.470017,40.0,0.47921,0,11
u233,15-1244.00,Network and Computer Systems Administrators,15-1212.00,Information Security Analysts,15-1212.00,Information Security Analysts,0.913351,0.0,0,1.0,1.0,1,0.414608,40.0,0.623199,1,1
u233,15-1244.00,Network and Computer Systems Administrators,15-1212.00,Information Security Analysts,15-1211.00,Computer Systems Analysts,0.954058,0.0,0,0.0,0.0,-1,0.472067,40.0,0.500136,0,2
u233,15-1244.00,Network and Computer Systems Administrators,15-1212.00,Information Security Analysts,15-1253.00,Software Quality Assurance Analysts and Testers,0.916706,0.0,0,0.0,0.0,-1,0.425527,40.0,0.476347,0,3
u233,15-1244.00,Network and Computer Systems Administrators,15-1212.00,Information Security Analysts,15-1242.00,Database Administrators,0.913916,0.0,0,0.0,0.0,-1,0.432406,40.0,0.476123,0,4
u233,15-1244.00,Network and Computer Systems Administrators,15-1212.00,Information Security Analysts,15-1254.00,Web Developers,0.916451,0.0,0,0.0,0.0,-1,0.416716,40.0,0.47491,0,5
u233,15-1244.00,Network and Computer Systems Administrators,15-1212.00,Information Security Analysts,15-1243.00,Database Architects,0.9099,0.0,0,0.0,0.0,-1,0.428087,40.0,0.473668,0,6
u233,15-1244.00,Network and Computer Systems Administrators,15-1212.00,Information Security Analysts,15-1255.00,Web and Digital Interface Designers,0.889429,0.0,0,0.0,0.0,-1,0.419245,40.0,0.46313,0,7
u233,15-1244.00,Network and Computer Systems Administrators,15-1212.00,Information Security Analysts,15-1251.00,Computer Programmers,0.889494,0.000547,0,0.0,0.0,-1,0.416234,40.18,0.46257,0,8
u233,15-1244.00,Network and Computer Systems Administrators,15-1212.00,Information Security Analysts,15-2051.00,Data Scientists,0.87546,0.0,0,0.0,0.0,-1,0.416564,40.0,0.456442,0,9
u233,15-1244.00,Network and Computer Systems Administrators,15-1212.00,Information Security Analysts,15-1252.00,Software Developers,0.855217,0.0,0,0.0,0.0,-1,0.398103,40.0,0.444563,0,10
u233,15-1244.00,Network and Computer Systems Administrators,15-1212.00,Information Security Analysts,15-2031.00,Operations Research Analysts,0.841424,0.006266,0,0.0,0.0,-1,0.443597,42.01,0.443614,0,11
u234,15-1251.00,Computer Programmers,15-1252.00,Software Developers,15-1252.00,Software Developers,0.865503,0.000124,0,0.615385,0.615385,1,0.481869,40.04,0.554034,1,1
u234,15-1251.00,Computer Programmers,15-1252.00,Software Developers,15-1254.00,Web Developers,0.962305,0.0,0,0.25641,0.25641,1,0.500482,40.0,0.546571,0,2
u234,15-1251.00,Computer Programmers,15-1252.00,Software Developers,15-2051.00,Data Scientists,0.920504,0.0,0,0.0,0.341881,2,0.50033,40.0,0.540558,0,3
u234,15-1251.00,Computer Programmers,15-1252.00,Software Developers,15-1212.00,Information Security Analysts,0.932227,0.0,0,0.0,0.273504,2,0.498374,40.0,0.535284,0,4
u234,15-1251.00,Computer Programmers,15-1252.00,Software Developers,15-1244.00,Network and Computer Systems Administrators,0.962706,0.011422,2,0.0,0.0,-1,0.583766,67.66,0.517927,0,5
u234,15-1251.00,Computer Programmers,15-1252.00,Software Developers,15-1211.00,Computer Systems Analysts,0.965305,0.00166,0,0.0,0.0,-1,0.555833,40.53,0.517347,0,6
u234,15-1251.00,Computer Programmers,15-1252.00,Software Developers,15-1255.00,Web and Digital Interface Designers,0.946074,0.0,0,0.0,0.102564,2,0.503011,40.0,0.51657,0,7
u234,15-1251.00,Computer Programmers,15-1252.00,Software Developers,15-2031.00,Operations Research Analysts,0.907823,0.001264,0,0.128205,0.128205,1,0.527362,40.4,0.50654,0,8
u234,15-1251.00,Computer Programmers,15-1252.00,Software Developers,15-1242.00,Database Administrators,0.952444,0.0,0,0.0,0.0,-1,0.516171,40.0,0.506025,0,9
u234,15-1251.00,Computer Programmers,15-1252.00,Software Developers,15-1243.00,Database Architects,0.951781,0.0,0,0.0,0.0,-1,0.511853,40.0,0.505079,0,10
u234,15-1251.00,Computer Programmers,15-1252.00,Software Developers,15-1253.00,Software Quality Assurance Analysts and Testers,0.946061,0.0,0,0.0,0.0,-1,0.509293,40.0,0.502121,0,11
u235,15-1252.00,Software Developers,15-1253.00,Software Quality Assurance Analysts and Testers,15-2051.00,Data Scientists,0.928223,0.0,0,0.555556,0.555556,1,0.518461,40.0,0.578803,0,1
u235,15-1252.00,Software Developers,15-1253.00,Software Quality Assurance Analysts and Testers,15-1212.00,Information Security Analysts,0.947017,0.000299,0,0.444444,0.444444,1,0.516505,40.1,0.570225,0,2
u235,15-1252.00,Software Developers,15-1253.00,Software Quality Assurance Analysts and Testers,15-1244.00,Network and Computer Systems Administrators,0.959146,0.01422,5,0.0,0.0,-1,0.601897,104.55,0.518345,0,3
u235,15-1252.00,Software Developers,15-1253.00,Software Quality Assurance Analysts and Testers,15-1211.00,Computer Systems Analysts,0.964201,0.006801,3,0.0,0.0,-1,0.573963,78.18,0.518285,0,4
u235,15-1252.00,Software Developers,15-1253.00,Software Quality Assurance Analysts and Testers,15-1243.00,Database Architects,0.947941,0.007235,2,0.0,0.0,-1,0.529983,66.32,0.504262,0,5
u235,15-1252.00,Software Developers,15-1253.00,Software Quality Assurance Analysts and Testers,15-1242.00,Database Administrators,0.943671,0.005329,2,0.0,0.0,-1,0.534302,65.71,0.503465,0,6
u235,15-1252.00,Software Developers,15-1253.00,Software Quality Assurance Analysts and Testers,15-1255.00,Web and Digital Interface Designers,0.929957,0.009042,1,0.0,0.0,-1,0.521142,54.89,0.494392,0,7
u235,15-1252.00,Software Developers,15-1253.00,Software Quality Assurance Analysts and Testers,15-1253.00,Software Quality Assurance Analysts and Testers,0.927941,0.010502,3,0.0,0.0,-1,0.527424,79.36,0.494061,1,8
u235,15-1252.00,Software Developers,15-1253.00,Software Quality Assurance Analysts and Testers,15-1254.00,Web Developers,0.917073,0.021832,2,0.0,0.0,-1,0.518612,70.99,0.485017,0,9
u235,15-1252.00,Software Developers,15-1253.00,Software Quality Assurance Analysts and Testers,15-2031.00,Operations Research Analysts,0.893322,0.021617,2,0.0,0.0,-1,0.545493,70.92,0.478415,0,10
u235,15-1252.00,Software Developers,15-1253.00,Software Quality Assurance Analysts and Testers,15-1251.00,Computer Programmers,0.882585,0.038816,3,0.0,0.0,-1,0.518131,88.42,0.465179,0,11
u236,15-1253.00,Software Quality Assurance Analysts and Testers,15-1252.00,Software Developers,15-1252.00,Software Developers,0.881267,0.0,0,1.0,1.0,1,0.472576,40.0,0.617457,1,1
u236,15-1253.00,Software Quality Assurance Analysts and Testers,15-1252.00,Software Developers,15-2051.00,Data Scientists,0.913989,0.000976,0,0.0,0.555556,2,0.491037,40.31,0.56804,0,2
u236,15-1253.00,Software Quality Assurance Analysts and Testers,15-1252.00,Software Developers,15-1212.00,Information Security Analysts,0.94837,0.0,0,0.0,0.444444,2,0.489081,40.0,0.566795,0,3
u236,15-1253.00,Software Quality Assurance Analysts and Testers,15-1252.00,Software Developers,15-1244.00,Network and Computer Systems Administrators,0.980287,0.00119,0,0.0,0.0,-1,0.574473,40.38,0.527003,0,4
u236,15-1253.00,Software Quality Assurance Analysts and Testers,15-1252.00,Software Developers,15-1211.00,Computer Systems Analysts,0.976972,0.0,0,0.0,0.0,-1,0.54654,40.0,0.521618,0,5
u236,15-1253.00,Software Quality Assurance Analysts and Testers,15-1252.00,Software Developers,15-1254.00,Web Developers,0.953482,0.0,0,0.0,0.0,-1,0.491189,40.0,0.502745,0,6
u236,15-1253.00,Software Quality Assurance Analysts and Testers,15-1252.00,Software Developers,15-1242.00,Database Administrators,0.947277,0.0,0,0.0,0.0,-1,0.506878,40.0,0.502306,0,7
u236,15-1253.00,Software Quality Assurance Analysts and Testers,15-1252.00,Software Developers,15-1243.00,Database Architects,0.943356,0.0,0,0.0,0.0,-1,0.50256,40.0,0.499894,0,8
u236,15-1253.00,Software Quality Assurance Analysts and Testers,15-1252.00,Software Developers,15-1251.00,Computer Programmers,0.932644,0.005494,0,0.0,0.0,-1,0.490707,41.76,0.491923,0,9
u236,15-1253.00,Software Quality Assurance Analysts and Testers,15-1252.00,Software Developers,15-1255.00,Web and Digital Interface Designers,0.927452,0.0,0,0.0,0.0,-1,0.493718,40.0,0.491411,0,10
u236,15-1253.00,Software Quality Assurance Analysts and Testers,15-1252.00,Software Developers,15-2031.00,Operations Research Analysts,0.881498,0.018067,0,0.0,0.0,-1,0.518069,45.78,0.469868,0,11
u237,15-1254.00,Web Developers,15-1252.00,Software Developers,15-1252.00,Software Developers,0.896787,0.0,0,0.6,0.6,1,0.481388,40.0,0.565763,1,1
u237,15-1254.00,Web Developers,15-1252.00,Software Developers,15-1255.00,Web and Digital Interface Designers,0.945513,0.0,0,0.4,0.4,1,0.50253,40.0,0.56086,0,2
u237,15-1254.00,Web Developers,15-1252.00,Software Developers,15-1212.00,Information Security Analysts,0.947204,0.0,0,0.0,0.266666,2,0.497892,40.0,0.540925,0,3
u237,15-1254.00,Web Developers,15-1252.00,Software Developers,15-2051.00,Data Scientists,0.924496,0.000818,0,0.0,0.333334,2,0.499848,40.26,0.540796,0,4
u237,15-1254.00,Web Developers,15-1252.00,Software Developers,15-1244.00,Network and Computer Systems Administrators,0.973525,0.005396,1,0.0,0.0,-1,0.583284,53.73,0.52423,0,5
u237,15-1254.00,Web Developers,15-1252.00,Software Developers,15-1211.00,Computer Systems Analysts,0.978339,0.0,0,0.0,0.0,-1,0.555351,40.0,0.523555,0,6
u237,15-1254.00,Web Developers,15-1252.00,Software Developers,15-1243.00,Database Architects,0.964858,0.0,0,0.0,0.0,-1,0.511371,40.0,0.510892,0,7
u237,15-1254.00,Web Developers,15-1252.00,Software Developers,15-1242.00,Database Administrators,0.963381,0.0,0,0.0,0.0,-1,0.51569,40.0,0.510875,0,8
u237,15-1254.00,Web Developers,15-1252.00,Software Developers,15-1253.00,Software Quality Assurance Analysts and Testers,0.955323,0.000873,0,0.0,0.0,-1,0.508811,40.28,0.505999,0,9
u237,15-1254.00,Web Developers,15-1252.00,Software Developers,15-1251.00,Computer Programmers,0.936276,0.001355,0,0.0,0.0,-1,0.499518,40.43,0.495913,0,10
u237,15-1254.00,Web Developers,15-1252.00,Software Developers,15-2031.00,Operations Research Analysts,0.901496,0.017839,0,0.0,0.0,-1,0.526881,45.71,0.480246,0,11
u238,15-1255.00,Web and Digital Interface Designers,15-2031.00,Operations Research Analysts,15-1211.00,Computer Systems Analysts,0.968996,0.005913,2,0.0,0.0,-1,0.552821,65.89,0.517493,0,1
u238,15-1255.00,Web and Digital Interface Designers,15-2031.00,Operations Research Analysts,15-1244.00,Network and Computer Systems Administrators,0.956571,0.018102,4,0.0,0.0,-1,0.580755,93.79,0.513045,0,2
u238,15-1255.00,Web and Digital Interface Designers,15-2031.00,Operations Research Analysts,15-1243.00,Database Architects,0.970213,0.0,0,0.0,0.0,-1,0.508841,40.0,0.512922,0,3
u238,15-1255.00,Web and Digital Interface Designers,15-2031.00,Operations Research Analysts,15-1242.00,Database Administrators,0.963912,0.0,0,0.0,0.0,-1,0.51316,40.0,0.510735,0,4
u238,15-1255.00,Web and Digital Interface Designers,15-2031.00,Operations Research Analysts,15-1254.00,Web Developers,0.963614,0.0,0,0.0,0.0,-1,0.49747,40.0,0.508247,0,5
u238,15-1255.00,Web and Digital Interface Designers,15-2031.00,Operations Research Analysts,15-1212.00,Information Security Analysts,0.95511,0.0,0,0.0,0.0,-1,0.495363,40.0,0.504104,0,6
u238,15-1255.00,Web and Digital Interface Designers,15-2031.00,Operations Research Analysts,15-1253.00,Software Quality Assurance Analysts and Testers,0.947891,0.004866,1,0.0,0.0,-1,0.506282,53.56,0.501276,0,7
u238,15-1255.00,Web and Digital Interface Designers,15-2031.00,Operations Research Analysts,15-2051.00,Data Scientists,0.944539,0.0,0,0.0,0.0,-1,0.497319,40.0,0.49964,0,8
u238,15-1255.00,Web and Digital Interface Designers,15-2031.00,Operations Research Analysts,15-1251.00,Computer Programmers,0.941444,0.003331,1,0.0,0.0,-1,0.496989,53.07,0.497365,0,9
u238,15-1255.00,Web and Digital Interface Designers,15-2031.00,Operations Research Analysts,15-2031.00,Operations Research Analysts,0.907819,0.011582,1,0.0,0.0,-1,0.524351,55.71,0.484276,1,10
u238,15-1255.00,Web and Digital Interface Designers,15-2031.00,Operations Research Analysts,15-1252.00,Software Developers,0.913057,0.0,0,0.0,0.0,-1,0.478858,40.0,0.482704,0,11
u239,15-2031.00,Operations Research Analysts,15-2051.00,Data Scientists,15-2051.00,Data Scientists,0.948133,0.0,0,1.0,1.0,1,0.472968,40.0,0.647605,1,1
u239,15-2031.00,Operations Research Analysts,15-2051.00,Data Scientists,15-1211.00,Computer Systems Analysts,0.959788,0.003504,1,0.0,0.0,-1,0.52847,53.12,0.510299,0,2
u239,15-2031.00,Operations Research Analysts,15-2051.00,Data Scientists,15-1244.00,Network and Computer Systems Administrators,0.943447,0.01625,4,0.0,0.0,-1,0.556403,93.2,0.503949,0,3
u239,15-2031.00,Operations Research Analysts,15-2051.00,Data Scientists,15-1242.00,Database Administrators,0.95445,0.0,0,0.0,0.0,-1,0.488809,40.0,0.502824,0,4
u239,15-2031.00,Operations Research Analysts,15-2051.00,Data Scientists,15-1243.00,Database Architects,0.952672,0.0,0,0.0,0.0,-1,0.48449,40.0,0.501376,0,5
u239,15-2031.00,Operations Research Analysts,15-2051.00,Data Scientists,15-1254.00,Web Developers,0.944584,0.003484,0,0.0,0.0,-1,0.473119,41.11,0.49516,0,6
u239,15-2031.00,Operations Research Analysts,15-2051.00,Data Scientists,15-1253.00,Software Quality Assurance Analysts and Testers,0.935605,0.0,0,0.0,0.0,-1,0.481931,40.0,0.493312,0,7
u239,15-2031.00,Operations Research Analysts,15-2051.00,Data Scientists,15-1255.00,Web and Digital Interface Designers,0.936215,0.0,0,0.0,0.0,-1,0.475649,40.0,0.492644,0,8
u239,15-2031.00,Operations Research Analysts,15-2051.00,Data Scientists,15-1212.00,Information Security Analysts,0.935201,0.000739,0,0.0,0.0,-1,0.471011,40.24,0.491308,0,9
u239,15-2031.00,Operations Research Analysts,15-2051.00,Data Scientists,15-1251.00,Computer Programmers,0.92407,0.017929,0,0.0,0.0,-1,0.472638,45.74,0.482245,0,10
u239,15-2031.00,Operations Research Analysts,15-2051.00,Data Scientists,15-1252.00,Software Developers,0.900252,0.00154,0,0.0,0.0,-1,0.454507,40.49,0.472905,0,11
u240,15-2051.00,Data Scientists,15-1211.00,Computer Systems Analysts,15-1211.00,Computer Systems Analysts,0.974936,0.003649,1,0.0,0.0,-1,0.555503,53.17,0.521134,1,1
u240,15-2051.00,Data Scientists,15-1211.00,Computer Systems Analysts,15-1242.00,Database Administrators,0.971468,0.0,0,0.0,0.0,-1,0.515841,40.0,0.514537,0,2
u240,15-2051.00,Data Scientists,15-1211.00,Computer Systems Analysts,15-1244.00,Network and Computer Systems Administrators,0.955837,0.017016,3,0.0,0.0,-1,0.583436,81.45,0.513388,0,3
u240,15-2051.00,Data Scientists,15-1211.00,Computer Systems Analysts,15-1212.00,Information Security Analysts,0.969947,0.0,0,0.0,0.0,-1,0.498044,40.0,0.511183,0,4
u240,15-2051.00,Data Scientists,15-1211.00,Computer Systems Analysts,15-1243.00,Database Architects,0.963741,0.0,0,0.0,0.0,-1,0.511523,40.0,0.510412,0,5
u240,15-2051.00,Data Scientists,15-1211.00,Computer Systems Analysts,15-1255.00,Web and Digital Interface Designers,0.959233,0.0,0,0.0,0.0,-1,0.502681,40.0,0.507057,0,6
u240,15-2051.00,Data Scientists,15-1211.00,Computer Systems Analysts,15-1253.00,Software Quality Assurance Analysts and Testers,0.95405,0.000196,0,0.0,0.0,-1,0.508963,40.06,0.505618,0,7
u240,15-2051.00,Data Scientists,15-1211.00,Computer Systems Analysts,15-1254.00,Web Developers,0.953052,0.005141,0,0.0,0.0,-1,0.500152,41.65,0.502611,0,8
u240,15-2051.00,Data Scientists,15-1211.00,Computer Systems Analysts,15-2031.00,Operations Research Analysts,0.928265,0.009236,0,0.0,0.0,-1,0.527032,42.96,0.494465,0,9
u240,15-2051.00,Data Scientists,15-1211.00,Computer Systems Analysts,15-1251.00,Computer Programmers,0.929473,0.014669,0,0.0,0.0,-1,0.49967,44.69,0.489546,0,10
u240,15-2051.00,Data Scientists,15-1211.00,Computer Systems Analysts,15-1252.00,Software Developers,0.927567,0.003888,1,0.0,0.0,-1,0.481539,53.24,0.488664,0,11
u241,15-1211.00,Computer Systems Analysts,15-2051.00,Data Scientists,15-2051.00,Data Scientists,0.911797,0.0,0,1.0,1.0,1,0.444497,40.0,0.626983,1,1
u241,15-1211.00,Computer Systems Analysts,15-2051.00,Data Scientists,15-1244.00,Network and Computer Systems Administrators,0.984214,0.001233,1,0.0,0.0,-1,0.527933,52.39,0.521778,0,2
u241,15-1211.00,Computer Systems Analysts,15-2051.00,Data Scientists,15-1242.00,Database Administrators,0.949603,0.0,0,0.0,0.0,-1,0.460339,40.0,0.496372,0,3
u241,15-1211.00,Computer Systems Analysts,15-2051.00,Data Scientists,15-1253.00,Software Quality Assurance Analysts and Testers,0.947884,0.0,0,0.0,0.0,-1,0.45346,40.0,0.494567,0,4
u241,15-1211.00,Computer Systems Analysts,15-2051.00,Data Scientists,15-1243.00,Database Architects,0.946678,0.0,0,0.0,0.0,-1,0.45602,40.0,0.494408,0,5
u241,15-1211.00,Computer Systems Analysts,15-2051.00,Data Scientists,15-1254.00,Web Developers,0.944886,0.0,0,0.0,0.0,-1,0.444649,40.0,0.491896,0,6
u241,15-1211.00,Computer Systems Analysts,15-2051.00,Data Scientists,15-1212.00,Information Security Analysts,0.938862,0.0,0,0.0,0.0,-1,0.442541,40.0,0.488869,0,7
u241,15-1211.00,Computer Systems Analysts,15-2051.00,Data Scientists,15-1255.00,Web and Digital Interface Designers,0.927615,0.0,0,0.0,0.0,-1,0.447179,40.0,0.484504,0,8
u241,15-1211.00,Computer Systems Analysts,15-2051.00,Data Scientists,15-1251.00,Computer Programmers,0.921613,0.003599,0,0.0,0.0,-1,0.444167,41.15,0.480451,0,9
u241,15-1211.00,Computer Systems Analysts,15-2051.00,Data Scientists,15-1252.00,Software Developers,0.89864,0.0,0,0.0,0.0,-1,0.426037,40.0,0.468293,0,10
u241,15-1211.00,Computer Systems Analysts,15-2051.00,Data Scientists,15-2031.00,Operations Research Analysts,0.884369,0.00421,0,0.0,0.0,-1,0.47153,41.35,0.467643,0,11
u242,15-1212.00,Information Security Analysts,15-1242.00,Database Administrators,15-1244.00,Network and Computer Systems Administrators,0.971521,0.011385,2,0.0,0.0,-1,0.585392,67.64,0.522147,0,1
u242,15-1212.00,Information Security Analysts,15-1242.00,Database Administrators,15-1211.00,Computer Systems Analysts,0.973108,0.000121,0,0.0,0.0,-1,0.557459,40.04,0.521487,0,2
u242,15-1212.00,Information Security Analysts,15-1242.00,Database Administrators,15-1242.00,Database Administrators,0.954517,0.0,0,0.0,0.0,-1,0.517798,40.0,0.507202,1,3
u242,15-1212.00,Information Security Analysts,15-1242.00,Database Administrators,15-1253.00,Software Quality Assurance Analysts and Testers,0.956903,0.00053,0,0.0,0.0,-1,0.510919,40.17,0.507112,0,4
u242,15-1212.00,Information Security Analysts,15-1242.00,Database Administrators,15-1243.00,Database Architects,0.948659,0.001008,0,0.0,0.0,-1,0.513479,40.32,0.503666,0,5
u242,15-1212.00,Information Security Analysts,15-1242.00,Database Administrators,15-1254.00,Web Developers,0.945152,0.007672,0,0.0,0.0,-1,0.502108,42.46,0.498717,0,6
u242,15-1212.00,Information Security Analysts,15-1242.00,Database Administrators,15-1255.00,Web and Digital Interface Designers,0.935229,0.00364,0,0.0,0.0,-1,0.504637,41.16,0.495639,0,7
u242,15-1212.00,Information Security Analysts,15-1242.00,Database Administrators,15-2051.00,Data Scientists,0.931752,0.0,0,0.0,0.0,-1,0.501956,40.0,0.494582,0,8
u242,15-1212.00,Information Security Analysts,15-1242.00,Database Administrators,15-1252.00,Software Developers,0.912141,0.000163,0,0.0,0.0,-1,0.483495,40.05,0.482947,0,9
u242,15-1212.00,Information Security Analysts,15-1242.00,Database Administrators,15-1251.00,Computer Programmers,0.916053,0.023485,0,0.0,0.0,-1,0.501626,47.52,0.481596,0,10
u242,15-1212.00,Information Security Analysts,15-1242.00,Database Administrators,15-2031.00,Operations Research Analysts,0.899241,0.0151,0,0.0,0.0,-1,0.528989,44.83,0.480232,0,11
u243,15-1242.00,Database Administrators,15-2051.00,Data Scientists,15-2051.00,Data Scientists,0.936165,0.0,0,1.0,1.0,1,0.484159,40.0,0.643898,1,1
u243,15-1242.00,Database Administrators,15-2051.00,Data Scientists,15-1244.00,Network and Computer Systems Administrators,0.974822,0.004518,2,0.0,0.0,-1,0.567594,65.45,0.52268,0,2
u243,15-1242.00,Database Administrators,15-2051.00,Data Scientists,15-1211.00,Computer Systems Analysts,0.981446,0.0,0,0.0,0.0,-1,0.539661,40.0,0.5226,0,3
u243,15-1242.00,Database Administrators,15-2051.00,Data Scientists,15-1243.00,Database Architects,0.957782,0.0,0,0.0,0.0,-1,0.495681,40.0,0.505354,0,4
u243,15-1242.00,Database Administrators,15-2051.00,Data Scientists,15-1253.00,Software Quality Assurance Analysts and Testers,0.955523,0.000971,0,0.0,0.0,-1,0.493122,40.31,0.503711,0,5
u243,15-1242.00,Database Administrators,15-2051.00,Data Scientists,15-1212.00,Information Security Analysts,0.958217,0.0,0,0.0,0.0,-1,0.482202,40.0,0.503528,0,6
u243,15-1242.00,Database Administrators,15-2051.00,Data Scientists,15-1254.00,Web Developers,0.957388,0.0,0,0.0,0.0,-1,0.48431,40.0,0.503471,0,7
u243,15-1242.00,Database Administrators,15-2051.00,Data Scientists,15-1255.00,Web and Digital Interface Designers,0.943148,0.0,0,0.0,0.0,-1,0.48684,40.0,0.497443,0,8
u243,15-1242.00,Database Administrators,15-2051.00,Data Scientists,15-1251.00,Computer Programmers,0.930077,0.007126,0,0.0,0.0,-1,0.483829,42.28,0.489327,0,9
u243,15-1242.00,Database Administrators,15-2051.00,Data Scientists,15-2031.00,Operations Research Analysts,0.908324,0.006653,1,0.0,0.0,-1,0.511191,54.13,0.483761,0,10
u243,15-1242.00,Database Administrators,15-2051.00,Data Scientists,15-1252.00,Software Developers,0.90269,0.0,0,0.0,0.0,-1,0.465698,40.0,0.476065,0,11
u244,15-1243.00,Database Architects,15-1244.00,Network and Computer Systems Administrators,15-1211.00,Computer Systems Analysts,0.980767,0.000696,0,0.0,0.0,-1,0.54398,40.22,0.522768,0,1
u244,15-1243.00,Database Architects,15-1244.00,Network and Computer Systems Administrators,15-1244.00,Network and Computer Systems Administrators,0.972636,0.008003,0,0.0,0.0,-1,0.571913,42.56,0.521473,1,2
u244,15-1243.00,Database Architects,15-1244.00,Network and Computer Systems Administrators,15-1242.00,Database Administrators,0.968364,0.0,0,0.0,0.0,-1,0.504319,40.0,0.511412,0,3
u244,15-1243.00,Database Architects,15-1244.00,Network and Computer Systems Administrators,15-1254.00,Web Developers,0.965373,0.0,0,0.0,0.0,-1,0.488629,40.0,0.507712,0,4
u244,15-1243.00,Database Architects,15-1244.00,Network and Computer Systems Administrators,15-1255.00,Web and Digital Interface Designers,0.961043,0.0,0,0.0,0.0,-1,0.491159,40.0,0.506143,0,5
u244,15-1243.00,Database Architects,15-1244.00,Network and Computer Systems Administrators,15-1253.00,Software Quality Assurance Analysts and Testers,0.952366,0.000124,0,0.0,0.0,-1,0.49744,40.04,0.50315,0,6
u244,15-1243.00,Database Architects,15-1244.00,Network and Computer Systems Administrators,15-1212.00,Information Security Analysts,0.95427,0.0,0,0.0,0.0,-1,0.486521,40.0,0.5024,0,7
u244,15-1243.00,Database Architects,15-1244.00,Network and Computer Systems Administrators,15-2051.00,Data Scientists,0.943143,0.0,0,0.0,0.0,-1,0.488477,40.0,0.497686,0,8
u244,15-1243.00,Database Architects,15-1244.00,Network and Computer Systems Administrators,15-1251.00,Computer Programmers,0.941403,0.000309,0,0.0,0.0,-1,0.488147,40.1,0.496776,0,9
u244,15-1243.00,Database Architects,15-1244.00,Network and Computer Systems Administrators,15-2031.00,Operations Research Analysts,0.916414,0.008699,1,0.0,0.0,-1,0.51551,54.78,0.487538,0,10
u244,15-1243.00,Database Architects,15-1244.00,Network and Computer Systems Administrators,15-1252.00,Software Developers,0.918002,0.0,0,0.0,0.0,-1,0.470017,40.0,0.483604,0,11
u245,15-1244.00,Network and Computer Systems Administrators,15-1212.00,Information Security Analysts,15-1212.00,Information Security Analysts,0.9173,0.0,0,1.0,1.0,1,0.414608,40.0,0.624976,1,1
u245,15-1244.00,Network and Computer Systems Administrators,15-1212.00,Information Security Analysts,15-1211.00,Computer Systems Analysts,0.962794,0.0,0,0.0,0.0,-1,0.472067,40.0,0.504067,0,2
u245,15-1244.00,Network and Computer Systems Administrators,15-1212.00,Information Security Analysts,15-1242.00,Database Administrators,0.92387,0.0,0,0.0,0.0,-1,0.432406,40.0,0.480602,0,3
u245,15-1244.00,Network and Computer Systems Administrators,15-1212.00,Information Security Analysts,15-1253.00,Software Quality Assurance Analysts and Testers,0.923288,0.0,0,0.0,0.0,-1,0.425527,40.0,0.479309,0,4
u245,15-1244.00,Network and Computer Systems Administrators,15-1212.00,Information Security Analysts,15-1254.00,Web Developers,0.921304,0.0,0,0.0,0.0,-1,0.416716,40.0,0.477094,0,5
u245,15-1244.00,Network and Computer Systems Administrators,15-1212.00,Information Security Analysts,15-1243.00,Database Architects,0.916923,0.0,0,0.0,0.0,-1,0.428087,40.0,0.476828,0,6
u245,15-1244.00,Network and Computer Systems Administrators,15-1212.00,Information Security Analysts,15-1251.00,Computer Programmers,0.898072,0.0,0,0.0,0.0,-1,0.416234,40.0,0.466567,0,7
u245,15-1244.00,Network and Computer Systems Administrators,15-1212.00,Information Security Analysts,15-1255.00,Web and Digital Interface Designers,0.893275,0.0,0,0.0,0.0,-1,0.419245,40.0,0.46486,0,8
u245,15-1244.00,Network and Computer Systems Administrators,15-1212.00,Information Security Analysts,15-2051.00,Data Scientists,0.879485,0.0,0,0.0,0.0,-1,0.416564,40.0,0.458253,0,9
u245,15-1244.00,Network and Computer Systems Administrators,15-1212.00,Information Security Analysts,15-2031.00,Operations Research Analysts,0.851974,0.004659,0,0.0,0.0,-1,0.443597,41.49,0.448763,0,10
u245,15-1244.00,Network and Computer Systems Administrators,15-1212.00,Information Security Analysts,15-1252.00,Software Developers,0.856221,0.0,0,0.0,0.0,-1,0.398103,40.0,0.445015,0,11
u246,15-1251.00,Computer Programmers,15-1252.00,Software Developers,15-1252.00,Software Developers,0.859311,0.0,0,0.615385,0.615385,1,0.481869,40.0,0.551278,1,1
u246,15-1251.00,Computer Programmers,15-1252.00,Software Developers,15-1254.00,Web Developers,0.966649,0.0,0,0.25641,0.25641,1,0.500482,40.0,0.548526,0,2
u246,15-1251.00,Computer Programmers,15-1252.00,Software Developers,15-2051.00,Data Scientists,0.918719,0.0,0,0.0,0.341881,2,0.50033,40.0,0.539755,0,3
u246,15-1251.00,Computer Programmers,15-1252.00,Software Developers,15-1212.00,Information Security Analysts,0.934198,0.0,0,0.0,0.273504,2,0.498374,40.0,0.536171,0,4
u246,15-1251.00,Computer Programmers,15-1252.00,Software Developers,15-1244.00,Network and Computer Systems Administrators,0.962929,0.012959,2,0.0,0.0,-1,0.583766,68.15,0.517643,0,5
u246,15-1251.00,Computer Programmers,15-1252.00,Software Developers,15-1211.00,Computer Systems Analysts,0.966253,0.002224,0,0.0,0.0,-1,0.555833,40.71,0.517633,0,6
u246,15-1251.00,Computer Programmers,15-1252.00,Software Developers,15-1255.00,Web and Digital Interface Designers,0.944192,0.0,0,0.0,0.102564,2,0.503011,40.0,0.515722,0,7
u246,15-1251.00,Computer Programmers,15-1252.00,Software Developers,15-1253.00,Software Quality Assurance Analysts and Testers,0.957311,0.0,0,0.0,0.0,-1,0.509293,40.0,0.507184,0,8
u246,15-1251.00,Computer Programmers,15-1252.00,Software Developers,15-1242.00,Database Administrators,0.954247,0.0,0,0.0,0.0,-1,0.516171,40.0,0.506837,0,9
u246,15-1251.00,Computer Programmers,15-1252.00,Software Developers,15-1243.00,Database Architects,0.953258,0.0,0,0.0,0.0,-1,0.511853,40.0,0.505744,0,10
u246,15-1251.00,Computer Programmers,15-1252.00,Software Developers,15-2031.00,Operations Research Analysts,0.899882,0.009822,0,0.128205,0.128205,1,0.527362,43.14,0.500826,0,11
u247,15-1252.00,Software Developers,15-1253.00,Software Quality Assurance Analysts and Testers,15-2051.00,Data Scientists,0.918416,0.002001,0,0.555556,0.555556,1,0.518461,40.64,0.57389,0,1
u247,15-1252.00,Software Developers,15-1253.00,Software Quality Assurance Analysts and Testers,15-1212.00,Information Security Analysts,0.94294,0.000659,0,0.444444,0.444444,1,0.516505,40.21,0.568301,0,2
u247,15-1252.00,Software Developers,15-1253.00,Software Quality Assurance Analysts and Testers,15-1211.00,Computer Systems Analysts,0.959673,0.010335,3,0.0,0.0,-1,0.573963,79.31,0.515364,0,3
u247,15-1252.00,Software Developers,15-1253.00,Software Quality Assurance Analysts and Testers,15-1244.00,Network and Computer Systems Administrators,0.952912,0.017348,5,0.0,0.0,-1,0.601897,105.55,0.514758,0,4
u247,15-1252.00,Software Developers,15-1253.00,Software Quality Assurance Analysts and Testers,15-1243.00,Database Architects,0.93818,0.011318,2,0.0,0.0,-1,0.529983,67.62,0.498849,0,5
u247,15-1252.00,Software Developers,15-1253.00,Software Quality Assurance Analysts and Testers,15-1242.00,Database Administrators,0.934023,0.009104,2,0.0,0.0,-1,0.534302,66.91,0.49818,0,6
u247,15-1252.00,Software Developers,15-1253.00,Software Quality Assurance Analysts and Testers,15-1255.00,Web and Digital Interface Designers,0.92627,0.013917,1,0.0,0.0,-1,0.521142,56.45,0.491514,0,7
u247,15-1252.00,Software Developers,15-1253.00,Software Quality Assurance Analysts and Testers,15-1253.00,Software Quality Assurance Analysts and Testers,0.916007,0.016408,3,0.0,0.0,-1,0.527424,81.25,0.487215,1,8
u247,15-1252.00,Software Developers,15-1253.00,Software Quality Assurance Analysts and Testers,15-1254.00,Web Developers,0.90986,0.027204,2,0.0,0.0,-1,0.518612,72.71,0.480428,0,9
u247,15-1252.00,Software Developers,15-1253.00,Software Quality Assurance Analysts and Testers,15-2031.00,Operations Research Analysts,0.877603,0.024804,2,0.0,0.0,-1,0.545493,71.94,0.470544,0,10
u247,15-1252.00,Software Developers,15-1253.00,Software Quality Assurance Analysts and Testers,15-1251.00,Computer Programmers,0.870794,0.047046,3,0.0,0.0,-1,0.518131,91.05,0.457816,0,11
u248,15-1253.00,Software Quality Assurance Analysts and Testers,15-1252.00,Software Developers,15-1252.00,Software Developers,0.876486,0.0,0,1.0,1.0,1,0.472576,40.0,0.615305,1,1
u248,15-1253.00,Software Quality Assurance Analysts and Testers,15-1252.00,Software Developers,15-2051.00,Data Scientists,0.91927,0.0,0,0.0,0.555556,2,0.491037,40.0,0.57066,0,2
u248,15-1253.00,Software Quality Assurance Analysts and Testers,15-1252.00,Software Developers,15-1212.00,Information Security Analysts,0.94952,0.0,0,0.0,0.444444,2,0.489081,40.0,0.567313,0,3
u248,15-1253.00,Software Quality Assurance Analysts and Testers,15-1252.00,Software Developers,15-1244.00,Network and Computer Systems Administrators,0.974899,0.0028,1,0.0,0.0,-1,0.574473,52.9,0.524175,0,4
u248,15-1253.00,Software Quality Assurance Analysts and Testers,15-1252.00,Software Developers,15-1211.00,Computer Systems Analysts,0.975356,0.0,0,0.0,0.0,-1,0.54654,40.0,0.520891,0,5
u248,15-1253.00,Software Quality Assurance Analysts and Testers,15-1252.00,Software Developers,15-1242.00,Database Administrators,0.951558,0.0,0,0.0,0.0,-1,0.506878,40.0,0.504233,0,6
u248,15-1253.00,Software Quality Assurance Analysts and Testers,15-1252.00,Software Developers,15-1254.00,Web Developers,0.955127,0.0,0,0.0,0.0,-1,0.491189,40.0,0.503485,0,7
u248,15-1253.00,Software Quality Assurance Analysts and Testers,15-1252.00,Software Developers,15-1243.00,Database Architects,0.947718,0.0,0,0.0,0.0,-1,0.50256,40.0,0.501857,0,8
u248,15-1253.00,Software Quality Assurance Analysts and Testers,15-1252.00,Software Developers,15-1251.00,Computer Programmers,0.937703,7.1e-05,0,0.0,0.0,-1,0.490707,40.02,0.495555,0,9
u248,15-1253.00,Software Quality Assurance Analysts and Testers,15-1252.00,Software Developers,15-1255.00,Web and Digital Interface Designers,0.930612,0.0,0,0.0,0.0,-1,0.493718,40.0,0.492833,0,10
u248,15-1253.00,Software Quality Assurance Analysts and Testers,15-1252.00,Software Developers,15-2031.00,Operations Research Analysts,0.887966,0.015667,0,0.0,0.0,-1,0.518069,45.01,0.473378,0,11
u249,15-1254.00,Web Developers,15-1252.00,Software Developers,15-1255.00,Web and Digital Interface Designers,0.948646,0.0,0,0.4,0.4,1,0.50253,40.0,0.56227,0,1
u249,15-1254.00,Web Developers,15-1252.00,Software Developers,15-1252.00,Software Developers,0.887593,0.0,0,0.6,0.6,1,0.481388,40.0,0.561625,1,2
u249,15-1254.00,Web Developers,15-1252.00,Software Developers,15-2051.00,Data Scientists,0.920559,0.001148,0,0.0,0.333334,2,0.499848,40.37,0.538942,0,3
u249,15-1254.00,Web Developers,15-1252.00,Software Developers,15-1212.00,Information Security Analysts,0.942412,0.0,0,0.0,0.266666,2,0.497892,40.0,0.538769,0,4
u249,15-1254.00,Web Developers,15-1252.00,Software Developers,15-1211.00,Computer Systems Analysts,0.970177,0.0,0,0.0,0.0,-1,0.555351,40.0,0.519882,0,5
u249,15-1254.00,Web Developers,15-1252.00,Software Developers,15-1244.00,Network and Computer Systems Administrators,0.966533,0.010307,2,0.0,0.0,-1,0.583284,67.3,0.519856,0,6
u249,15-1254.00,Web Developers,15-1252.00,Software Developers,15-1243.00,Database Architects,0.959971,0.0,0,0.0,0.0,-1,0.511371,40.0,0.508693,0,7
u249,15-1254.00,Web Developers,15-1252.00,Software Developers,15-1242.00,Database Administrators,0.955094,0.0,0,0.0,0.0,-1,0.51569,40.0,0.507146,0,8
u249,15-1254.00,Web Developers,15-1252.00,Software Developers,15-1253.00,Software Quality Assurance Analysts and Testers,0.942217,0.0,0,0.0,0.0,-1,0.508811,40.0,0.500319,0,9
u249,15-1254.00,Web Developers,15-1252.00,Software Developers,15-1251.00,Computer Programmers,0.936843,0.0,0,0.0,0.0,-1,0.499518,40.0,0.496507,0,10
u249,15-1254.00,Web Developers,15-1252.00,Software Developers,15-2031.00,Operations Research Analysts,0.897166,0.018316,0,0.0,0.0,-1,0.526881,45.86,0.478178,0,11
u250,15-1255.00,Web and Digital Interface Designers,15-2031.00,Operations Research Analysts,15-1211.00,Computer Systems Analysts,0.975397,0.00196,0,0.0,0.0,-1,0.552821,40.63,0.521362,0,1
u250,15-1255.00,Web and Digital Interface Designers,15-2031.00,Operations Research Analysts,15-1244.00,Network and Computer Systems Administrators,0.964757,0.009762,1,0.0,0.0,-1,0.580755,55.12,0.518813,0,2
u250,15-1255.00,Web and Digital Interface Designers,15-2031.00,Operations Research Analysts,15-1243.00,Database Architects,0.96867,0.0,0,0.0,0.0,-1,0.508841,40.0,0.512228,0,3
u250,15-1255.00,Web and Digital Interface Designers,15-2031.00,Operations Research Analysts,15-1242.00,Database Administrators,0.959583,0.0,0,0.0,0.0,-1,0.51316,40.0,0.508786,0,4
u250,15-1255.00,Web and Digital Interface Designers,15-2031.00,Operations Research Analysts,15-1254.00,Web Developers,0.962856,0.0,0,0.0,0.0,-1,0.49747,40.0,0.507906,0,5
u250,15-1255.00,Web and Digital Interface Designers,15-2031.00,Operations Research Analysts,15-1212.00,Information Security Analysts,0.945412,0.0,0,0.0,0.0,-1,0.495363,40.0,0.49974,0,6
u250,15-1255.00,Web and Digital Interface Designers,15-2031.00,Operations Research Analysts,15-1253.00,Software Quality Assurance Analysts and Testers,0.942325,0.003082,0,0.0,0.0,-1,0.506282,40.99,0.499218,0,7
u250,15-1255.00,Web and Digital Interface Designers,15-2031.00,Operations Research Analysts,15-2051.00,Data Scientists,0.936566,0.0,0,0.0,0.0,-1,0.497319,40.0,0.496052,0,8
u250,15-1255.00,Web and Digital Interface Designers,15-2031.00,Operations Research Analysts,15-1251.00,Computer Programmers,0.934005,0.002339,0,0.0,0.0,-1,0.496989,40.75,0.494266,0,9
u250,15-1255.00,Web and Digital Interface Designers,15-2031.00,Operations Research Analysts,15-2031.00,Operations Research Analysts,0.905535,0.010856,1,0.0,0.0,-1,0.524351,55.47,0.48343,1,10
u250,15-1255.00,Web and Digital Interface Designers,15-2031.00,Operations Research Analysts,15-1252.00,Software Developers,0.91195,0.0,0,0.0,0.0,-1,0.478858,40.0,0.482206,0,11
u251,15-2031.00,Operations Research Analysts,15-2051.00,Data Scientists,15-2051.00,Data Scientists,0.954594,0.0,0,1.0,1.0,1,0.472968,40.0,0.650512,1,1
u251,15-2031.00,Operations Research Analysts,15-2051.00,Data Scientists,15-1211.00,Computer Systems Analysts,0.967356,0.005808,1,0.0,0.0,-1,0.52847,53.86,0.513129,0,2
u251,15-2031.00,Operations Research Analysts,15-2051.00,Data Scientists,15-1242.00,Database Administrators,0.966336,0.0,0,0.0,0.0,-1,0.488809,40.0,0.508173,0,3
u251,15-2031.00,Operations Research Analysts,15-2051.00,Data Scientists,15-1244.00,Network and Computer Systems Administrators,0.951589,0.016086,3,0.0,0.0,-1,0.556403,81.15,0.507654,0,4
u251,15-2031.00,Operations Research Analysts,15-2051.00,Data Scientists,15-1243.00,Database Architects,0.963184,0.000236,0,0.0,0.0,-1,0.48449,40.08,0.506047,0,5
u251,15-2031.00,Operations Research Analysts,15-2051.00,Data Scientists,15-1254.00,Web Developers,0.954169,0.0,0,0.0,0.0,-1,0.473119,40.0,0.500344,0,6
u251,15-2031.00,Operations Research Analysts,15-2051.00,Data Scientists,15-1255.00,Web and Digital Interface Designers,0.946699,0.000245,0,0.0,0.0,-1,0.475649,40.08,0.4973,0,7
u251,15-2031.00,Operations Research Analysts,15-2051.00,Data Scientists,15-1212.00,Information Security Analysts,0.946925,0.0,0,0.0,0.0,-1,0.471011,40.0,0.496768,0,8
u251,15-2031.00,Operations Research Analysts,15-2051.00,Data Scientists,15-1253.00,Software Quality Assurance Analysts and Testers,0.942497,0.004124,0,0.0,0.0,-1,0.481931,41.32,0.495382,0,9
u251,15-2031.00,Operations Research Analysts,15-2051.00,Data Scientists,15-1251.00,Computer Programmers,0.931288,0.015732,0,0.0,0.0,-1,0.472638,45.03,0.486042,0,10
u251,15-2031.00,Operations Research Analysts,15-2051.00,Data Scientists,15-1252.00,Software Developers,0.899565,0.004717,1,0.0,0.0,-1,0.454507,53.51,0.471801,0,11
u252,15-2051.00,Data Scientists,15-1211.00,Computer Systems Analysts,15-1211.00,Computer Systems Analysts,0.972865,0.003213,1,0.0,0.0,-1,0.555503,53.03,0.520311,1,1
u252,15-2051.00,Data Scientists,15-1211.00,Computer Systems Analysts,15-1244.00,Network and Computer Systems Administrators,0.955006,0.014715,3,0.0,0.0,-1,0.583436,80.71,0.51359,0,2
u252,15-2051.00,Data Scientists,15-1211.00,Computer Systems Analysts,15-1243.00,Database Architects,0.965102,0.0,0,0.0,0.0,-1,0.511523,40.0,0.511024,0,3
u252,15-2051.00,Data Scientists,15-1211.00,Computer Systems Analysts,15-1242.00,Database Administrators,0.961581,0.0,0,0.0,0.0,-1,0.515841,40.0,0.510088,0,4
u252,15-2051.00,Data Scientists,15-1211.00,Computer Systems Analysts,15-1212.00,Information Security Analysts,0.959019,0.0,0,0.0,0.0,-1,0.498044,40.0,0.506265,0,5
u252,15-2051.00,Data Scientists,15-1211.00,Computer Systems Analysts,15-1255.00,Web and Digital Interface Designers,0.953505,0.000613,0,0.0,0.0,-1,0.502681,40.2,0.504326,0,6
u252,15-2051.00,Data Scientists,15-1211.00,Computer Systems Analysts,15-1253.00,Software Quality Assurance Analysts and Testers,0.946923,0.000512,0,0.0,0.0,-1,0.508963,40.16,0.502332,0,7
u252,15-2051.00,Data Scientists,15-1211.00,Computer Systems Analysts,15-1254.00,Web Developers,0.94761,0.006389,0,0.0,0.0,-1,0.500152,42.04,0.49985,0,8
u252,15-2051.00,Data Scientists,15-1211.00,Computer Systems Analysts,15-2031.00,Operations Research Analysts,0.934559,0.00424,0,0.0,0.0,-1,0.527032,41.36,0.498547,0,9
u252,15-2051.00,Data Scientists,15-1211.00,Computer Systems Analysts,15-1252.00,Software Developers,0.931717,0.0,0,0.0,0.0,-1,0.481539,40.0,0.491503,0,10
u252,15-2051.00,Data Scientists,15-1211.00,Computer Systems Analysts,15-1251.00,Computer Programmers,0.921247,0.019457,0,0.0,0.0,-1,0.49967,46.23,0.484648,0,11
u253,15-1211.00,Computer Systems Analysts,15-2051.00,Data Scientists,15-2051.00,Data Scientists,0.916849,0.0,0,1.0,1.0,1,0.444497,40.0,0.629257,1,1
u253,15-1211.00,Computer Systems Analysts,15-2051.00,Data Scientists,15-1244.00,Network and Computer Systems Administrators,0.983726,9.3e-05,0,0.0,0.0,-1,0.527933,40.03,0.521844,0,2
u253,15-1211.00,Computer Systems Analysts,15-2051.00,Data Scientists,15-1242.00,Database Administrators,0.950116,0.0,0,0.0,0.0,-1,0.460339,40.0,0.496603,0,3
u253,15-1211.00,Computer Systems Analysts,15-2051.00,Data Scientists,15-1253.00,Software Quality Assurance Analysts and Testers,0.948173,0.0,0,0.0,0.0,-1,0.45346,40.0,0.494697,0,4
u253,15-1211.00,Computer Systems Analysts,15-2051.00,Data Scientists,15-1243.00,Database Architects,0.943706,0.0,0,0.0,0.0,-1,0.45602,40.0,0.49307,0,5
u253,15-1211.00,Computer Systems Analysts,15-2051.00,Data Scientists,15-1212.00,Information Security Analysts,0.941379,0.0,0,0.0,0.0,-1,0.442541,40.0,0.490002,0,6
u253,15-1211.00,Computer Systems Analysts,15-2051.00,Data Scientists,15-1254.00,Web Developers,0.939862,0.0,0,0.0,0.0,-1,0.444649,40.0,0.489635,0,7
u253,15-1211.00,Computer Systems Analysts,15-2051.00,Data Scientists,15-1255.00,Web and Digital Interface Designers,0.926601,0.0,0,0.0,0.0,-1,0.447179,40.0,0.484047,0,8
u253,15-1211.00,Computer Systems Analysts,15-2051.00,Data Scientists,15-1251.00,Computer Programmers,0.918652,0.004534,0,0.0,0.0,-1,0.444167,41.45,0.478885,0,9
u253,15-1211.00,Computer Systems Analysts,15-2051.00,Data Scientists,15-1252.00,Software Developers,0.902053,0.0,0,0.0,0.0,-1,0.426037,40.0,0.469829,0,10
u253,15-1211.00,Computer Systems Analysts,15-2051.00,Data Scientists,15-2031.00,Operations Research Analysts,0.885648,0.006905,0,0.0,0.0,-1,0.47153,42.21,0.467545,0,11
u254,15-1212.00,Information Security Analysts,15-1242.00,Database Administrators,15-1244.00,Network and Computer Systems Administrators,0.972108,0.005908,0,0.0,0.0,-1,0.585392,41.89,0.52378,0,1
u254,15-1212.00,Information Security Analysts,15-1242.00,Database Administrators,15-1211.00,Computer Systems Analysts,0.972492,0.001091,0,0.0,0.0,-1,0.557459,40.35,0.520968,0,2
u254,15-1212.00,Information Security Analysts,15-1242.00,Database Administrators,15-1253.00,Software Quality Assurance Analysts and Testers,0.957809,0.0,0,0.0,0.0,-1,0.510919,40.0,0.507652,0,3
u254,15-1212.00,Information Security Analysts,15-1242.00,Database Administrators,15-1242.00,Database Administrators,0.949096,0.0,0,0.0,0.0,-1,0.517798,40.0,0.504763,1,4
u254,15-1212.00,Information Security Analysts,15-1242.00,Database Administrators,15-1243.00,Database Architects,0.948511,0.0,0,0.0,0.0,-1,0.513479,40.0,0.503852,0,5
u254,15-1212.00,Information Security Analysts,15-1242.00,Database Administrators,15-1254.00,Web Developers,0.941219,0.009064,0,0.0,0.0,-1,0.502108,42.9,0.496599,0,6
u254,15-1212.00,Information Security Analysts,15-1242.00,Database Administrators,15-2051.00,Data Scientists,0.933612,0.00035,0,0.0,0.0,-1,0.501956,40.11,0.495331,0,7
u254,15-1212.00,Information Security Analysts,15-1242.00,Database Administrators,15-1255.00,Web and Digital Interface Designers,0.932543,0.002044,0,0.0,0.0,-1,0.504637,40.65,0.494829,0,8
u254,15-1212.00,Information Security Analysts,15-1242.00,Database Administrators,15-1252.00,Software Developers,0.913852,0.0,0,0.0,0.0,-1,0.483495,40.0,0.483758,0,9
u254,15-1212.00,Information Security Analysts,15-1242.00,Database Administrators,15-1251.00,Computer Programmers,0.908091,0.021072,0,0.0,0.0,-1,0.501626,46.74,0.478617,0,10
u254,15-1212.00,Information Security Analysts,15-1242.00,Database Administrators,15-2031.00,Operations Research Analysts,0.890208,0.02298,0,0.0,0.0,-1,0.528989,47.35,0.474197,0,11
u255,15-1242.00,Database Administrators,15-2051.00,Data Scientists,15-2051.00,Data Scientists,0.931332,0.0,0,1.0,1.0,1,0.484159,40.0,0.641723,1,1
u255,15-1242.00,Database Administrators,15-2051.00,Data Scientists,15-1211.00,Computer Systems Analysts,0.982428,0.0,0,0.0,0.0,-1,0.539661,40.0,0.523042,0,2
u255,15-1242.00,Database Administrators,15-2051.00,Data Scientists,15-1244.00,Network and Computer Systems Administrators,0.974903,0.005983,2,0.0,0.0,-1,0.567594,65.91,0.52235,0,3
u255,15-1242.00,Database Administrators,15-2051.00,Data Scientists,15-1243.00,Database Architects,0.963924,0.0,0,0.0,0.0,-1,0.495681,40.0,0.508118,0,4
u255,15-1242.00,Database Administrators,15-2051.00,Data Scientists,15-1254.00,Web Developers,0.967133,0.0,0,0.0,0.0,-1,0.48431,40.0,0.507857,0,5
u255,15-1242.00,Database Administrators,15-2051.00,Data Scientists,15-1253.00,Software Quality Assurance Analysts and Testers,0.957535,0.0,0,0.0,0.0,-1,0.493122,40.0,0.504859,0,6
u255,15-1242.00,Database Administrators,15-2051.00,Data Scientists,15-1212.00,Information Security Analysts,0.952315,0.0,0,0.0,0.0,-1,0.482202,40.0,0.500872,0,7
u255,15-1242.00,Database Administrators,15-2051.00,Data Scientists,15-1255.00,Web and Digital Interface Designers,0.944259,0.0,0,0.0,0.0,-1,0.48684,40.0,0.497943,0,8
u255,15-1242.00,Database Administrators,15-2051.00,Data Scientists,15-1251.00,Computer Programmers,0.939194,0.002191,0,0.0,0.0,-1,0.483829,40.7,0.494664,0,9
u255,15-1242.00,Database Administrators,15-2051.00,Data Scientists,15-2031.00,Operations Research Analysts,0.912111,0.00644,0,0.0,0.0,-1,0.511191,42.06,0.485519,0,10
u255,15-1242.00,Database Administrators,15-2051.00,Data Scientists,15-1252.00,Software Developers,0.900879,0.0,0,0.0,0.0,-1,0.465698,40.0,0.47525,0,11
u256,15-1243.00,Database Architects,15-1244.00,Network and Computer Systems Administrators,15-1211.00,Computer Systems Analysts,0.978217,0.0,0,0.0,0.0,-1,0.54398,40.0,0.521794,0,1
u256,15-1243.00,Database Architects,15-1244.00,Network and Computer Systems Administrators,15-1244.00,Network and Computer Systems Administrators,0.968184,0.009827,1,0.0,0.0,-1,0.571913,55.14,0.519013,1,2
u256,15-1243.00,Database Architects,15-1244.00,Network and Computer Systems Administrators,15-1242.00,Database Administrators,0.966161,0.0,0,0.0,0.0,-1,0.504319,40.0,0.51042,0,3
u256,15-1243.00,Database Architects,15-1244.00,Network and Computer Systems Administrators,15-1254.00,Web Developers,0.961373,0.0,0,0.0,0.0,-1,0.488629,40.0,0.505912,0,4
u256,15-1243.00,Database Architects,15-1244.00,Network and Computer Systems Administrators,15-1253.00,Software Quality Assurance Analysts and Testers,0.952817,0.0,0,0.0,0.0,-1,0.49744,40.0,0.503384,0,5
u256,15-1243.00,Database Architects,15-1244.00,Network and Computer Systems Administrators,15-1255.00,Web and Digital Interface Designers,0.954407,0.0,0,0.0,0.0,-1,0.491159,40.0,0.503157,0,6
u256,15-1243.00,Database Architects,15-1244.00,Network and Computer Systems Administrators,15-1212.00,Information Security Analysts,0.950536,0.0,0,0.0,0.0,-1,0.486521,40.0,0.50072,0,7
u256,15-1243.00,Database Architects,15-1244.00,Network and Computer Systems Administrators,15-1251.00,Computer Programmers,0.941724,0.0,0,0.0,0.0,-1,0.488147,40.0,0.496998,0,8
u256,15-1243.00,Database Architects,15-1244.00,Network and Computer Systems Administrators,15-2051.00,Data Scientists,0.937271,0.0,0,0.0,0.0,-1,0.488477,40.0,0.495044,0,9
u256,15-1243.00,Database Architects,15-1244.00,Network and Computer Systems Administrators,15-2031.00,Operations Research Analysts,0.914283,0.008664,0,0.0,0.0,-1,0.51551,42.77,0.486588,0,10
u256,15-1243.00,Database Architects,15-1244.00,Network and Computer Systems Administrators,15-1252.00,Software Developers,0.909921,0.0,0,0.0,0.0,-1,0.470017,40.0,0.479967,0,11
u257,15-1244.00,Network and Computer Systems Administrators,15-1212.00,Information Security Analysts,15-1212.00,Information Security Analysts,0.906792,0.0,0,1.0,1.0,1,0.414608,40.0,0.620248,1,1
u257,15-1244.00,Network and Computer Systems Administrators,15-1212.00,Information Security Analysts,15-1211.00,Computer Systems Analysts,0.953835,0.0,0,0.0,0.0,-1,0.472067,40.0,0.500036,0,2
u257,15-1244.00,Network and Computer Systems Administrators,15-1212.00,Information Security Analysts,15-1242.00,Database Administrators,0.915117,0.0,0,0.0,0.0,-1,0.432406,40.0,0.476664,0,3
u257,15-1244.00,Network and Computer Systems Administrators,15-1212.00,Information Security Analysts,15-1243.00,Database Architects,0.910916,0.0,0,0.0,0.0,-1,0.428087,40.0,0.474125,0,4
u257,15-1244.00,Network and Computer Systems Administrators,15-1212.00,Information Security Analysts,15-1254.00,Web Developers,0.914122,0.0,0,0.0,0.0,-1,0.416716,40.0,0.473862,0,5
u257,15-1244.00,Network and Computer Systems Administrators,15-1212.00,Information Security Analysts,15-1253.00,Software Quality Assurance Analysts and Testers,0.909912,0.0,0,0.0,0.0,-1,0.425527,40.0,0.47329,0,6
u257,15-1244.00,Network and Computer Systems Administrators,15-1212.00,Information Security Analysts,15-1255.00,Web and Digital Interface Designers,0.887289,0.0,0,0.0,0.0,-1,0.419245,40.0,0.462167,0,7
u257,15-1244.00,Network and Computer Systems Administrators,15-1212.00,Information Security Analysts,15-1251.00,Computer Programmers,0.884364,0.001908,0,0.0,0.0,-1,0.416234,40.61,0.459922,0,8
u257,15-1244.00,Network and Computer Systems Administrators,15-1212.00,Information Security Analysts,15-2051.00,Data Scientists,0.870414,0.0,0,0.0,0.0,-1,0.416564,40.0,0.454171,0,9
u257,15-1244.00,Network and Computer Systems Administrators,15-1212.00,Information Security Analysts,15-2031.00,Operations Research Analysts,0.845159,0.008186,0,0.0,0.0,-1,0.443597,42.62,0.444814,0,10
u257,15-1244.00,Network and Computer Systems Administrators,15-1212.00,Information Security Analysts,15-1252.00,Software Developers,0.854755,0.0,0,0.0,0.0,-1,0.398103,40.0,0.444355,0,11
u258,15-1251.00,Computer Programmers,15-1252.00,Software Developers,15-1252.00,Software Developers,0.86151,0.000933,0,0.615385,0.615385,1,0.481869,40.3,0.552034,1,1
u258,15-1251.00,Computer Programmers,15-1252.00,Software Developers,15-1254.00,Web Developers,0.960896,0.0,0,0.25641,0.25641,1,0.500482,40.0,0.545937,0,2
u258,15-1251.00,Computer Programmers,15-1252.00,Software Developers,15-2051.00,Data Scientists,0.912929,0.0,0,0.0,0.341881,2,0.50033,40.0,0.53715,0,3
u258,15-1251.00,Computer Programmers,15-1252.00,Software Developers,15-1212.00,Information Security Analysts,0.923486,0.0,0,0.0,0.273504,2,0.498374,40.0,0.531351,0,4
u258,15-1251.00,Computer Programmers,15-1252.00,Software Developers,15-1244.00,Network and Computer Systems Administrators,0.966357,0.006941,1,0.0,0.0,-1,0.583766,54.22,0.52069,0,5
u258,15-1251.00,Computer Programmers,15-1252.00,Software Developers,15-1211.00,Computer Systems Analysts,0.963724,0.0,0,0.0,0.0,-1,0.555833,40.0,0.517051,0,6
u258,15-1251.00,Computer Programmers,15-1252.00,Software Developers,15-1255.00,Web and Digital Interface Designers,0.940533,0.0,0,0.0,0.102564,2,0.503011,40.0,0.514076,0,7
u258,15-1251.00,Computer Programmers,15-1252.00,Software Developers,15-1243.00,Database Architects,0.948457,0.0,0,0.0,0.0,-1,0.511853,40.0,0.503584,0,8
u258,15-1251.00,Computer Programmers,15-1252.00,Software Developers,15-1242.00,Database Administrators,0.946581,0.0,0,0.0,0.0,-1,0.516171,40.0,0.503387,0,9
u258,15-1251.00,Computer Programmers,15-1252.00,Software Developers,15-1253.00,Software Quality Assurance Analysts and Testers,0.945921,0.0,0,0.0,0.0,-1,0.509293,40.0,0.502058,0,10
u258,15-1251.00,Computer Programmers,15-1252.00,Software Developers,15-2031.00,Operations Research Analysts,0.892945,0.005984,0,0.128205,0.128205,1,0.527362,41.91,0.498664,0,11
u259,15-1252.00,Software Developers,15-1253.00,Software Quality Assurance Analysts and Testers,15-2051.00,Data Scientists,0.91599,0.000717,0,0.555556,0.555556,1,0.518461,40.23,0.573119,0,1
u259,15-1252.00,Software Developers,15-1253.00,Software Quality Assurance Analysts and Testers,15-1212.00,Information Security Analysts,0.940973,0.0,0,0.444444,0.444444,1,0.516505,40.0,0.56758,0,2
u259,15-1252.00,Software Developers,15-1253.00,Software Quality Assurance Analysts and Testers,15-1244.00,Network and Computer Systems Administrators,0.953461,0.017451,5,0.0,0.0,-1,0.601897,105.58,0.514979,0,3
u259,15-1252.00,Software Developers,15-1253.00,Software Quality Assurance Analysts and Testers,15-1211.00,Computer Systems Analysts,0.957829,0.008583,3,0.0,0.0,-1,0.573963,78.75,0.514972,0,4
u259,15-1252.00,Software Developers,15-1253.00,Software Quality Assurance Analysts and Testers,15-1243.00,Database Architects,0.943399,0.010158,2,0.0,0.0,-1,0.529983,67.25,0.501488,0,5
u259,15-1252.00,Software Developers,15-1253.00,Software Quality Assurance Analysts and Testers,15-1242.00,Database Administrators,0.935921,0.008046,2,0.0,0.0,-1,0.534302,66.57,0.499298,0,6
u259,15-1252.00,Software Developers,15-1253.00,Software Quality Assurance Analysts and Testers,15-1255.00,Web and Digital Interface Designers,0.927516,0.012237,1,0.0,0.0,-1,0.521142,55.92,0.492494,0,7
u259,15-1252.00,Software Developers,15-1253.00,Software Quality Assurance Analysts and Testers,15-1253.00,Software Quality Assurance Analysts and Testers,0.91749,0.012644,3,0.0,0.0,-1,0.527424,80.05,0.488823,1,8
u259,15-1252.00,Software Developers,15-1253.00,Software Quality Assurance Analysts and Testers,15-1254.00,Web Developers,0.915816,0.025767,2,0.0,0.0,-1,0.518612,72.25,0.483467,0,9
u259,15-1252.00,Software Developers,15-1253.00,Software Quality Assurance Analysts and Testers,15-2031.00,Operations Research Analysts,0.883419,0.020537,2,0.0,0.0,-1,0.545493,70.57,0.474228,0,10
u259,15-1252.00,Software Developers,15-1253.00,Software Quality Assurance Analysts and Testers,15-1251.00,Computer Programmers,0.876013,0.042686,3,0.0,0.0,-1,0.518131,89.66,0.461254,0,11
u260,15-1253.00,Software Quality Assurance Analysts and Testers,15-1252.00,Software Developers,15-1252.00,Software Developers,0.88331,0.0,0,1.0,1.0,1,0.472576,40.0,0.618376,1,1
u260,15-1253.00,Software Quality Assurance Analysts and Testers,15-1252.00,Software Developers,15-2051.00,Data Scientists,0.924533,0.0,0,0.0,0.555556,2,0.491037,40.0,0.573029,0,2
u260,15-1253.00,Software Quality Assurance Analysts and Testers,15-1252.00,Software Developers,15-1212.00,Information Security Analysts,0.952047,0.0,0,0.0,0.444444,2,0.489081,40.0,0.56845,0,3
u260,15-1253.00,Software Quality Assurance Analysts and Testers,15-1252.00,Software Developers,15-1244.00,Network and Computer Systems Administrators,0.975486,0.004823,1,0.0,0.0,-1,0.574473,53.54,0.523934,0,4
u260,15-1253.00,Software Quality Assurance Analysts and Testers,15-1252.00,Software Developers,15-1211.00,Computer Systems Analysts,0.980206,0.0,0,0.0,0.0,-1,0.54654,40.0,0.523074,0,5
u260,15-1253.00,Software Quality Assurance Analysts and Testers,15-1252.00,Software Developers,15-1242.00,Database Administrators,0.956856,0.0,0,0.0,0.0,-1,0.506878,40.0,0.506617,0,6
u260,15-1253.00,Software Quality Assurance Analysts and Testers,15-1252.00,Software Developers,15-1254.00,Web Developers,0.954229,0.0,0,0.0,0.0,-1,0.491189,40.0,0.503081,0,7
u260,15-1253.00,Software Quality Assurance Analysts and Testers,15-1252.00,Software Developers,15-1243.00,Database Architects,0.946119,0.0,0,0.0,0.0,-1,0.50256,40.0,0.501137,0,8
u260,15-1253.00,Software Quality Assurance Analysts and Testers,15-1252.00,Software Developers,15-1251.00,Computer Programmers,0.937384,0.003534,0,0.0,0.0,-1,0.490707,41.13,0.494545,0,9
u260,15-1253.00,Software Quality Assurance Analysts and Testers,15-1252.00,Software Developers,15-1255.00,Web and Digital Interface Designers,0.929585,0.0,0,0.0,0.0,-1,0.493718,40.0,0.492371,0,10
u260,15-1253.00,Software Quality Assurance Analysts and Testers,15-1252.00,Software Developers,15-2031.00,Operations Research Analysts,0.89235,0.013127,0,0.0,0.0,-1,0.518069,44.2,0.475986,0,11
u261,15-1254.00,Web Developers,15-1252.00,Software Developers,15-1255.00,Web and Digital Interface Designers,0.950559,0.0,0,0.4,0.4,1,0.50253,40.0,0.563131,0,1
u261,15-1254.00,Web Developers,15-1252.00,Software Developers,15-1252.00,Software Developers,0.878156,0.0,0,0.6,0.6,1,0.481388,40.0,0.557378,1,2
u261,15-1254.00,Web Developers,15-1252.00,Software Developers,15-2051.00,Data Scientists,0.925323,0.0,0,0.0,0.333334,2,0.499848,40.0,0.541372,0,3
u261,15-1254.00,Web Developers,15-1252.00,Software Developers,15-1212.00,Information Security Analysts,0.940926,0.0,0,0.0,0.266666,2,0.497892,40.0,0.538101,0,4
u261,15-1254.00,Web Developers,15-1252.00,Software Developers,15-1211.00,Computer Systems Analysts,0.975522,0.0,0,0.0,0.0,-1,0.555351,40.0,0.522288,0,5
u261,15-1254.00,Web Developers,15-1252.00,Software Developers,15-1244.00,Network and Computer Systems Administrators,0.968199,0.010962,2,0.0,0.0,-1,0.583284,67.51,0.520442,0,6
u261,15-1254.00,Web Developers,15-1252.00,Software Developers,15-1243.00,Database Architects,0.962452,0.0,0,0.0,0.0,-1,0.511371,40.0,0.509809,0,7
u261,15-1254.00,Web Developers,15-1252.00,Software Developers,15-1242.00,Database Administrators,0.959792,0.0,0,0.0,0.0,-1,0.51569,40.0,0.50926,0,8
u261,15-1254.00,Web Developers,15-1252.00,Software Developers,15-1253.00,Software Quality Assurance Analysts and Testers,0.95155,0.0,0,0.0,0.0,-1,0.508811,40.0,0.504519,0,9
u261,15-1254.00,Web Developers,15-1252.00,Software Developers,15-1251.00,Computer Programmers,0.950273,0.0,0,0.0,0.0,-1,0.499518,40.0,0.502551,0,10
u261,15-1254.00,Web Developers,15-1252.00,Software Developers,15-2031.00,Operations Research Analysts,0.904386,0.014053,1,0.0,0.0,-1,0.526881,56.5,0.482492,0,11
u262,15-1255.00,Web and Digital Interface Designers,15-2031.00,Operations Research Analysts,15-1211.00,Computer Systems Analysts,0.96772,0.007607,1,0.0,0.0,-1,0.552821,54.43,0.516495,0,1
u262,15-1255.00,Web and Digital Interface Designers,15-2031.00,Operations Research Analysts,15-1244.00,Network and Computer Systems Administrators,0.959331,0.015041,3,0.0,0.0,-1,0.580755,80.81,0.515052,0,2
u262,15-1255.00,Web and Digital Interface Designers,15-2031.00,Operations Research Analysts,15-1243.00,Database Architects,0.966068,0.0,0,0.0,0.0,-1,0.508841,40.0,0.511057,0,3
u262,15-1255.00,Web and Digital Interface Designers,15-2031.00,Operations Research Analysts,15-1242.00,Database Administrators,0.958683,0.001097,0,0.0,0.0,-1,0.51316,40.35,0.508107,0,4
u262,15-1255.00,Web and Digital Interface Designers,15-2031.00,Operations Research Analysts,15-1254.00,Web Developers,0.95932,0.000651,0,0.0,0.0,-1,0.49747,40.21,0.506152,0,5
u262,15-1255.00,Web and Digital Interface Designers,15-2031.00,Operations Research Analysts,15-1212.00,Information Security Analysts,0.949567,0.0,0,0.0,0.0,-1,0.495363,40.0,0.501609,0,6
u262,15-1255.00,Web and Digital Interface Designers,15-2031.00,Operations Research Analysts,15-2051.00,Data Scientists,0.941872,0.0,0,0.0,0.0,-1,0.497319,40.0,0.49844,0,7
u262,15-1255.00,Web and Digital Interface Designers,15-2031.00,Operations Research Analysts,15-1253.00,Software Quality Assurance Analysts and Testers,0.937394,0.004712,0,0.0,0.0,-1,0.506282,41.51,0.496592,0,8
u262,15-1255.00,Web and Digital Interface Designers,15-2031.00,Operations Research Analysts,15-1251.00,Computer Programmers,0.93637,0.000269,0,0.0,0.0,-1,0.496989,40.09,0.495847,0,9
u262,15-1255.00,Web and Digital Interface Designers,15-2031.00,Operations Research Analysts,15-2031.00,Operations Research Analysts,0.91025,0.006954,1,0.0,0.0,-1,0.524351,54.23,0.486527,1,10
u262,15-1255.00,Web and Digital Interface Designers,15-2031.00,Operations Research Analysts,15-1252.00,Software Developers,0.905929,0.001261,0,0.0,0.0,-1,0.478858,40.4,0.479181,0,11
u263,15-2031.00,Operations Research Analysts,15-2051.00,Data Scientists,15-2051.00,Data Scientists,0.952069,0.0,0,1.0,1.0,1,0.472968,40.0,0.649376,1,1
u263,15-2031.00,Operations Research Analysts,15-2051.00,Data Scientists,15-1211.00,Computer Systems Analysts,0.962724,0.005639,1,0.0,0.0,-1,0.52847,53.8,0.511087,0,2
u263,15-2031.00,Operations Research Analysts,15-2051.00,Data Scientists,15-1242.00,Database Administrators,0.963404,0.0,0,0.0,0.0,-1,0.488809,40.0,0.506853,0,3
u263,15-2031.00,Operations Research Analysts,15-2051.00,Data Scientists,15-1243.00,Database Architects,0.961184,0.00182,0,0.0,0.0,-1,0.48449,40.58,0.504751,0,4
u263,15-2031.00,Operations Research Analysts,15-2051.00,Data Scientists,15-1244.00,Network and Computer Systems Administrators,0.945721,0.020417,4,0.0,0.0,-1,0.556403,94.53,0.503931,0,5
u263,15-2031.00,Operations Research Analysts,15-2051.00,Data Scientists,15-1254.00,Web Developers,0.954097,0.001283,0,0.0,0.0,-1,0.473119,40.41,0.499991,0,6
u263,15-2031.00,Operations Research Analysts,15-2051.00,Data Scientists,15-1253.00,Software Quality Assurance Analysts and Testers,0.943864,0.001015,0,0.0,0.0,-1,0.481931,40.32,0.496775,0,7
u263,15-2031.00,Operations Research Analysts,15-2051.00,Data Scientists,15-1212.00,Information Security Analysts,0.944156,0.0,0,0.0,0.0,-1,0.471011,40.0,0.495522,0,8
u263,15-2031.00,Operations Research Analysts,15-2051.00,Data Scientists,15-1255.00,Web and Digital Interface Designers,0.941048,0.001889,0,0.0,0.0,-1,0.475649,40.6,0.494347,0,9
u263,15-2031.00,Operations Research Analysts,15-2051.00,Data Scientists,15-1251.00,Computer Programmers,0.929668,0.015469,0,0.0,0.0,-1,0.472638,44.95,0.485379,0,10
u263,15-2031.00,Operations Research Analysts,15-2051.00,Data Scientists,15-1252.00,Software Developers,0.898678,0.007175,1,0.0,0.0,-1,0.454507,54.3,0.470788,0,11
u264,15-2051.00,Data Scientists,15-1211.00,Computer Systems Analysts,15-1211.00,Computer Systems Analysts,0.970774,0.002817,1,0.0,0.0,-1,0.555503,52.9,0.519469,1,1
u264,15-2051.00,Data Scientists,15-1211.00,Computer Systems Analysts,15-1244.00,Network and Computer Systems Administrators,0.952889,0.016762,3,0.0,0.0,-1,0.583436,81.36,0.512125,0,2
u264,15-2051.00,Data Scientists,15-1211.00,Computer Systems Analysts,15-1242.00,Database Administrators,0.961554,0.0,0,0.0,0.0,-1,0.515841,40.0,0.510076,0,3
u264,15-2051.00,Data Scientists,15-1211.00,Computer Systems Analysts,15-1243.00,Database Architects,0.961758,0.000111,0,0.0,0.0,-1,0.511523,40.04,0.509492,0,4
u264,15-2051.00,Data Scientists,15-1211.00,Computer Systems Analysts,15-1212.00,Information Security Analysts,0.958899,0.000534,0,0.0,0.0,-1,0.498044,40.17,0.506078,0,5
u264,15-2051.00,Data Scientists,15-1211.00,Computer Systems Analysts,15-1255.00,Web and Digital Interface Designers,0.950656,0.000115,0,0.0,0.0,-1,0.502681,40.04,0.503169,0,6
u264,15-2051.00,Data Scientists,15-1211.00,Computer Systems Analysts,15-1253.00,Software Quality Assurance Analysts and Testers,0.948391,0.003526,1,0.0,0.0,-1,0.508963,53.13,0.502239,0,7
u264,15-2051.00,Data Scientists,15-1211.00,Computer Systems Analysts,15-1254.00,Web Developers,0.94615,0.00651,0,0.0,0.0,-1,0.500152,42.08,0.499163,0,8
u264,15-2051.00,Data Scientists,15-1211.00,Computer Systems Analysts,15-2031.00,Operations Research Analysts,0.930799,0.00716,0,0.0,0.0,-1,0.527032,42.29,0.496124,0,9
u264,15-2051.00,Data Scientists,15-1211.00,Computer Systems Analysts,15-1252.00,Software Developers,0.927303,0.004523,1,0.0,0.0,-1,0.481539,53.45,0.488387,0,10
u264,15-2051.00,Data Scientists,15-1211.00,Computer Systems Analysts,15-1251.00,Computer Programmers,0.915585,0.019688,1,0.0,0.0,-1,0.49967,58.3,0.482042,0,11
u265,15-1211.00,Computer Systems Analysts,15-2051.00,Data Scientists,15-2051.00,Data Scientists,0.925032,0.0,0,1.0,1.0,1,0.444497,40.0,0.632939,1,1
u265,15-1211.00,Computer Systems Analysts,15-2051.00,Data Scientists,15-1244.00,Network and Computer Systems Administrators,0.979674,0.000683,0,0.0,0.0,-1,0.527933,40.22,0.519872,0,2
u265,15-1211.00,Computer Systems Analysts,15-2051.00,Data Scientists,15-1242.00,Database Administrators,0.956306,0.0,0,0.0,0.0,-1,0.460339,40.0,0.499389,0,3
u265,15-1211.00,Computer Systems Analysts,15-2051.00,Data Scientists,15-1243.00,Database Architects,0.955702,0.0,0,0.0,0.0,-1,0.45602,40.0,0.498469,0,4
u265,15-1211.00,Computer Systems Analysts,15-2051.00,Data Scientists,15-1212.00,Information Security Analysts,0.954207,0.0,0,0.0,0.0,-1,0.442541,40.0,0.495774,0,5
u265,15-1211.00,Computer Systems Analysts,15-2051.00,Data Scientists,15-1253.00,Software Quality Assurance Analysts and Testers,0.950563,0.0,0,0.0,0.0,-1,0.45346,40.0,0.495773,0,6
u265,15-1211.00,Computer Systems Analysts,15-2051.00,Data Scientists,15-1254.00,Web Developers,0.945447,0.000654,0,0.0,0.0,-1,0.444649,40.21,0.491985,0,7
u265,15-1211.00,Computer Systems Analysts,15-2051.00,Data Scientists,15-1255.00,Web and Digital Interface Designers,0.936607,0.0,0,0.0,0.0,-1,0.447179,40.0,0.48855,0,8
u265,15-1211.00,Computer Systems Analysts,15-2051.00,Data Scientists,15-1252.00,Software Developers,0.917531,0.0,0,0.0,0.0,-1,0.426037,40.0,0.476794,0,9
u265,15-1211.00,Computer Systems Analysts,15-2051.00,Data Scientists,15-1251.00,Computer Programmers,0.916399,0.014176,0,0.0,0.0,-1,0.444167,44.54,0.475461,0,10
u265,15-1211.00,Computer Systems Analysts,15-2051.00,Data Scientists,15-2031.00,Operations Research Analysts,0.897032,0.005145,0,0.0,0.0,-1,0.47153,41.65,0.473108,0,11
u266,15-1212.00,Information Security Analysts,15-1242.00,Database Administrators,15-1244.00,Network and Computer Systems Administrators,0.976498,0.00522,1,0.0,0.0,-1,0.585392,53.67,0.525928,0,1
u266,15-1212.00,Information Security Analysts,15-1242.00,Database Administrators,15-1211.00,Computer Systems Analysts,0.97296,0.000485,0,0.0,0.0,-1,0.557459,40.16,0.52133,0,2
u266,15-1212.00,Information Security Analysts,15-1242.00,Database Administrators,15-1242.00,Database Administrators,0.951787,0.00071,0,0.0,0.0,-1,0.517798,40.23,0.505796,1,3
u266,15-1212.00,Information Security Analysts,15-1242.00,Database Administrators,15-1243.00,Database Architects,0.943024,0.001855,0,0.0,0.0,-1,0.513479,40.59,0.500919,0,4
u266,15-1212.00,Information Security Analysts,15-1242.00,Database Administrators,15-1253.00,Software Quality Assurance Analysts and Testers,0.941331,0.001365,0,0.0,0.0,-1,0.510919,40.44,0.499895,0,5
u266,15-1212.00,Information Security Analysts,15-1242.00,Database Administrators,15-1254.00,Web Developers,0.933207,0.00986,0,0.0,0.0,-1,0.502108,43.16,0.492794,0,6
u266,15-1212.00,Information Security Analysts,15-1242.00,Database Administrators,15-1255.00,Web and Digital Interface Designers,0.928167,0.004619,0,0.0,0.0,-1,0.504637,41.48,0.492216,0,7
u266,15-1212.00,Information Security Analysts,15-1242.00,Database Administrators,15-2051.00,Data Scientists,0.926453,0.001332,0,0.0,0.0,-1,0.501956,40.43,0.491864,0,8
u266,15-1212.00,Information Security Analysts,15-1242.00,Database Administrators,15-1252.00,Software Developers,0.907947,0.001052,0,0.0,0.0,-1,0.483495,40.34,0.480838,0,9
u266,15-1212.00,Information Security Analysts,15-1242.00,Database Administrators,15-1251.00,Computer Programmers,0.903182,0.024968,0,0.0,0.0,-1,0.501626,47.99,0.475434,0,10
u266,15-1212.00,Information Security Analysts,15-1242.00,Database Administrators,15-2031.00,Operations Research Analysts,0.885106,0.023561,1,0.0,0.0,-1,0.528989,59.54,0.471756,0,11
u267,15-1242.00,Database Administrators,15-2051.00,Data Scientists,15-2051.00,Data Scientists,0.935169,0.0,0,1.0,1.0,1,0.484159,40.0,0.64345,1,1
u267,15-1242.00,Database Administrators,15-2051.00,Data Scientists,15-1244.00,Network and Computer Systems Administrators,0.978314,0.00521,2,0.0,0.0,-1,0.567594,65.67,0.524078,0,2
u267,15-1242.00,Database Administrators,15-2051.00,Data Scientists,15-1211.00,Computer Systems Analysts,0.980925,0.0,0,0.0,0.0,-1,0.539661,40.0,0.522365,0,3
u267,15-1242.00,Database Administrators,15-2051.00,Data Scientists,15-1243.00,Database Architects,0.958938,0.0,0,0.0,0.0,-1,0.495681,40.0,0.505874,0,4
u267,15-1242.00,Database Administrators,15-2051.00,Data Scientists,15-1254.00,Web Developers,0.958703,0.0,0,0.0,0.0,-1,0.48431,40.0,0.504063,0,5
u267,15-1242.00,Database Administrators,15-2051.00,Data Scientists,15-1253.00,Software Quality Assurance Analysts and Testers,0.953629,0.0,0,0.0,0.0,-1,0.493122,40.0,0.503101,0,6
u267,15-1242.00,Database Administrators,15-2051.00,Data Scientists,15-1212.00,Information Security Analysts,0.956118,0.0,0,0.0,0.0,-1,0.482202,40.0,0.502584,0,7
u267,15-1242.00,Database Administrators,15-2051.00,Data Scientists,15-1255.00,Web and Digital Interface Designers,0.941791,0.0,0,0.0,0.0,-1,0.48684,40.0,0.496832,0,8
u267,15-1242.00,Database Administrators,15-2051.00,Data Scientists,15-1251.00,Computer Programmers,0.929203,0.007752,0,0.0,0.0,-1,0.483829,42.48,0.488778,0,9
u267,15-1242.00,Database Administrators,15-2051.00,Data Scientists,15-2031.00,Operations Research Analysts,0.911727,0.010756,0,0.0,0.0,-1,0.511191,43.44,0.484267,0,10
u267,15-1242.00,Database Administrators,15-2051.00,Data Scientists,15-1252.00,Software Developers,0.895215,0.003532,1,0.0,0.0,-1,0.465698,53.13,0.471818,0,11
u268,15-1243.00,Database Architects,15-1244.00,Network and Computer Systems Administrators,15-1211.00,Computer Systems Analysts,0.975505,0.001579,0,0.0,0.0,-1,0.54398,40.51,0.520179,0,1
u268,15-1243.00,Database Architects,15-1244.00,Network and Computer Systems Administrators,15-1244.00,Network and Computer Systems Administrators,0.964496,0.010712,1,0.0,0.0,-1,0.571913,55.43,0.517132,1,2
u268,15-1243.00,Database Architects,15-1244.00,Network and Computer Systems Administrators,15-1242.00,Database Administrators,0.96349,0.0,0,0.0,0.0,-1,0.504319,40.0,0.509218,0,3
u268,15-1243.00,Database Architects,15-1244.00,Network and Computer Systems Administrators,15-1254.00,Web Developers,0.958595,0.0,0,0.0,0.0,-1,0.488629,40.0,0.504662,0,4
u268,15-1243.00,Database Architects,15-1244.00,Network and Computer Systems Administrators,15-1255.00,Web and Digital Interface Designers,0.955325,0.0,0,0.0,0.0,-1,0.491159,40.0,0.50357,0,5
u268,15-1243.00,Database Architects,15-1244.00,Network and Computer Systems Administrators,15-1212.00,Information Security Analysts,0.953701,0.0,0,0.0,0.0,-1,0.486521,40.0,0.502144,0,6
u268,15-1243.00,Database Architects,15-1244.00,Network and Computer Systems Administrators,15-1253.00,Software Quality Assurance Analysts and Testers,0.943107,0.001756,0,0.0,0.0,-1,0.49744,40.56,0.498575,0,7
u268,15-1243.00,Database Architects,15-1244.00,Network and Computer Systems Administrators,15-2051.00,Data Scientists,0.935592,0.0,0,0.0,0.0,-1,0.488477,40.0,0.494288,0,8
u268,15-1243.00,Database Architects,15-1244.00,Network and Computer Systems Administrators,15-1251.00,Computer Programmers,0.926492,0.012977,0,0.0,0.0,-1,0.488147,44.15,0.486899,0,9
u268,15-1243.00,Database Architects,15-1244.00,Network and Computer Systems Administrators,15-2031.00,Operations Research Analysts,0.913979,0.014019,0,0.0,0.0,-1,0.51551,44.49,0.485112,0,10
u268,15-1243.00,Database Architects,15-1244.00,Network and Computer Systems Administrators,15-1252.00,Software Developers,0.919862,0.0,0,0.0,0.0,-1,0.470017,40.0,0.484441,0,11
u269,15-1244.00,Network and Computer Systems Administrators,15-1212.00,Information Security Analysts,15-1212.00,Information Security Analysts,0.916201,0.0,0,1.0,1.0,1,0.414608,40.0,0.624482,1,1
u269,15-1244.00,Network and Computer Systems Administrators,15-1212.00,Information Security Analysts,15-1211.00,Computer Systems Analysts,0.957502,0.0,0,0.0,0.0,-1,0.472067,40.0,0.501686,0,2
u269,15-1244.00,Network and Computer Systems Administrators,15-1212.00,Information Security Analysts,15-1253.00,Software Quality Assurance Analysts and Testers,0.923516,0.0,0,0.0,0.0,-1,0.425527,40.0,0.479411,0,3
u269,15-1244.00,Network and Computer Systems Administrators,15-1212.00,Information Security Analysts,15-1242.00,Database Administrators,0.916595,0.0,0,0.0,0.0,-1,0.432406,40.0,0.477329,0,4
u269,15-1244.00,Network and Computer Systems Administrators,15-1212.00,Information Security Analysts,15-1254.00,Web Developers,0.914065,0.0,0,0.0,0.0,-1,0.416716,40.0,0.473837,0,5
u269,15-1244.00,Network and Computer Systems Administrators,15-1212.00,Information Security Analysts,15-1243.00,Database Architects,0.907612,0.0,0,0.0,0.0,-1,0.428087,40.0,0.472638,0,6
u269,15-1244.00,Network and Computer Systems Administrators,15-1212.00,Information Security Analysts,15-1255.00,Web and Digital Interface Designers,0.882731,0.0,0,0.0,0.0,-1,0.419245,40.0,0.460116,0,7
u269,15-1244.00,Network and Computer Systems Administrators,15-1212.00,Information Security Analysts,15-1251.00,Computer Programmers,0.88561,0.008688,0,0.0,0.0,-1,0.416234,42.78,0.458788,0,8
u269,15-1244.00,Network and Computer Systems Administrators,15-1212.00,Information Security Analysts,15-2051.00,Data Scientists,0.875133,0.0,0,0.0,0.0,-1,0.416564,40.0,0.456295,0,9
u269,15-1244.00,Network and Computer Systems Administrators,15-1212.00,Information Security Analysts,15-1252.00,Software Developers,0.858947,0.0,0,0.0,0.0,-1,0.398103,40.0,0.446242,0,10
u269,15-1244.00,Network and Computer Systems Administrators,15-1212.00,Information Security Analysts,15-2031.00,Operations Research Analysts,0.847242,0.00899,0,0.0,0.0,-1,0.443597,42.88,0.445551,0,11
u270,15-1251.00,Computer Programmers,15-1252.00,Software Developers,15-1252.00,Software Developers,0.858785,0.0,0,0.615385,0.615385,1,0.481869,40.0,0.551042,1,1
u270,15-1251.00,Computer Programmers,15-1252.00,Software Developers,15-1254.00,Web Developers,0.962442,0.0,0,0.25641,0.25641,1,0.500482,40.0,0.546633,0,2
u270,15-1251.00,Computer Programmers,15-1252.00,Software Developers,15-2051.00,Data Scientists,0.9074,0.0,0,0.0,0.341881,2,0.50033,40.0,0.534661,0,3
u270,15-1251.00,Computer Programmers,15-1252.00,Software Developers,15-1212.00,Information Security Analysts,0.928153,0.0,0,0.0,0.273504,2,0.498374,40.0,0.533451,0,4
u270,15-1251.00,Computer Programmers,15-1252.00,Software Developers,15-1244.00,Network and Computer Systems Administrators,0.969191,0.006166,2,0.0,0.0,-1,0.583766,65.97,0.52216,0,5
u270,15-1251.00,Computer Programmers,15-1252.00,Software Developers,15-1211.00,Computer Systems Analysts,0.970323,0.0,0,0.0,0.0,-1,0.555833,40.0,0.52002,0,6
u270,15-1251.00,Computer Programmers,15-1252.00,Software Developers,15-1255.00,Web and Digital Interface Designers,0.937963,0.0,0,0.0,0.102564,2,0.503011,40.0,0.51292,0,7
u270,15-1251.00,Computer Programmers,15-1252.00,Software Developers,15-1253.00,Software Quality Assurance Analysts and Testers,0.955726,0.0,0,0.0,0.0,-1,0.509293,40.0,0.506471,0,8
u270,15-1251.00,Computer Programmers,15-1252.00,Software Developers,15-1242.00,Database Administrators,0.951571,0.0,0,0.0,0.0,-1,0.516171,40.0,0.505633,0,9
u270,15-1251.00,Computer Programmers,15-1252.00,Software Developers,15-1243.00,Database Architects,0.948306,0.0,0,0.0,0.0,-1,0.511853,40.0,0.503516,0,10
u270,15-1251.00,Computer Programmers,15-1252.00,Software Developers,15-2031.00,Operations Research Analysts,0.892172,0.007828,0,0.128205,0.128205,1,0.527362,42.5,0.497855,0,11
u271,15-1252.00,Software Developers,15-1253.00,Software Quality Assurance Analysts and Testers,15-2051.00,Data Scientists,0.923433,0.0,0,0.555556,0.555556,1,0.518461,40.0,0.576647,0,1
u271,15-1252.00,Software Developers,15-1253.00,Software Quality Assurance Analysts and Testers,15-1212.00,Information Security Analysts,0.941701,0.00201,0,0.444444,0.444444,1,0.516505,40.64,0.567405,0,2
u271,15-1252.00,Software Developers,15-1253.00,Software Quality Assurance Analysts and Testers,15-1244.00,Network and Computer Systems Administrators,0.956372,0.015197,4,0.0,0.0,-1,0.601897,92.86,0.516853,0,3
u271,15-1252.00,Software Developers,15-1253.00,Software Quality Assurance Analysts and Testers,15-1211.00,Computer Systems Analysts,0.961482,0.010716,3,0.0,0.0,-1,0.573963,79.43,0.516082,0,4
u271,15-1252.00,Software Developers,15-1253.00,Software Quality Assurance Analysts and Testers,15-1243.00,Database Architects,0.943661,0.01,2,0.0,0.0,-1,0.529983,67.2,0.501645,0,5
u271,15-1252.00,Software Developers,15-1253.00,Software Quality Assurance Analysts and Testers,15-1242.00,Database Administrators,0.937303,0.007921,2,0.0,0.0,-1,0.534302,66.53,0.499952,0,6
u271,15-1252.00,Software Developers,15-1253.00,Software Quality Assurance Analysts and Testers,15-1255.00,Web and Digital Interface Designers,0.929021,0.011757,1,0.0,0.0,-1,0.521142,55.76,0.493291,0,7
u271,15-1252.00,Software Developers,15-1253.00,Software Quality Assurance Analysts and Testers,15-1253.00,Software Quality Assurance Analysts and Testers,0.920022,0.015406,3,0.0,0.0,-1,0.527424,80.93,0.489272,1,8
u271,15-1252.00,Software Developers,15-1253.00,Software Quality Assurance Analysts and Testers,15-1254.00,Web Developers,0.91109,0.025928,2,0.0,0.0,-1,0.518612,72.3,0.4813,0,9
u271,15-1252.00,Software Developers,15-1253.00,Software Quality Assurance Analysts and Testers,15-2031.00,Operations Research Analysts,0.890608,0.022101,2,0.0,0.0,-1,0.545493,71.07,0.477072,0,10
u271,15-1252.00,Software Developers,15-1253.00,Software Quality Assurance Analysts and Testers,15-1251.00,Computer Programmers,0.875521,0.044864,3,0.0,0.0,-1,0.518131,90.36,0.460488,0,11
u272,15-1253.00,Software Quality Assurance Analysts and Testers,15-1252.00,Software Developers,15-1252.00,Software Developers,0.883954,0.0,0,1.0,1.0,1,0.472576,40.0,0.618666,1,1
u272,15-1253.00,Software Quality Assurance Analysts and Testers,15-1252.00,Software Developers,15-2051.00,Data Scientists,0.921644,0.0,0,0.0,0.555556,2,0.491037,40.0,0.571729,0,2
u272,15-1253.00,Software Quality Assurance Analysts and Testers,15-1252.00,Software Developers,15-1212.00,Information Security Analysts,0.954482,0.0,0,0.0,0.444444,2,0.489081,40.0,0.569546,0,3
u272,15-1253.00,Software Quality Assurance Analysts and Testers,15-1252.00,Software Developers,15-1244.00,Network and Computer Systems Administrators,0.973779,0.006055,1,0.0,0.0,-1,0.574473,53.94,0.522858,0,4
u272,15-1253.00,Software Quality Assurance Analysts and Testers,15-1252.00,Software Developers,15-1211.00,Computer Systems Analysts,0.976497,0.0,0,0.0,0.0,-1,0.54654,40.0,0.521404,0,5
u272,15-1253.00,Software Quality Assurance Analysts and Testers,15-1252.00,Software Developers,15-1242.00,Database Administrators,0.952099,0.0,0,0.0,0.0,-1,0.506878,40.0,0.504476,0,6
u272,15-1253.00,Software Quality Assurance Analysts and Testers,15-1252.00,Software Developers,15-1254.00,Web Developers,0.953546,0.0,0,0.0,0.0,-1,0.491189,40.0,0.502774,0,7
u272,15-1253.00,Software Quality Assurance Analysts and Testers,15-1252.00,Software Developers,15-1243.00,Database Architects,0.94697,0.0,0,0.0,0.0,-1,0.50256,40.0,0.50152,0,8
u272,15-1253.00,Software Quality Assurance Analysts and Testers,15-1252.00,Software Developers,15-1255.00,Web and Digital Interface Designers,0.930627,0.0,0,0.0,0.0,-1,0.493718,40.0,0.49284,0,9
u272,15-1253.00,Software Quality Assurance Analysts and Testers,15-1252.00,Software Developers,15-1251.00,Computer Programmers,0.932867,0.010049,0,0.0,0.0,-1,0.490707,43.22,0.490884,0,10
u272,15-1253.00,Software Quality Assurance Analysts and Testers,15-1252.00,Software Developers,15-2031.00,Operations Research Analysts,0.896059,0.014181,0,0.0,0.0,-1,0.518069,44.54,0.477392,0,11
u273,15-1254.00,Web Developers,15-1252.00,Software Developers,15-1255.00,Web and Digital Interface Designers,0.948315,0.0,0,0.4,0.4,1,0.50253,40.0,0.562121,0,1
u273,15-1254.00,Web Developers,15-1252.00,Software Developers,15-1252.00,Software Developers,0.887104,0.0,0,0.6,0.6,1,0.481388,40.0,0.561405,1,2
u273,15-1254.00,Web Developers,15-1252.00,Software Developers,15-2051.00,Data Scientists,0.929937,0.0,0,0.0,0.333334,2,0.499848,40.0,0.543449,0,3
u273,15-1254.00,Web Developers,15-1252.00,Software Developers,15-1212.00,Information Security Analysts,0.946304,0.0,0,0.0,0.266666,2,0.497892,40.0,0.540521,0,4
u273,15-1254.00,Web Developers,15-1252.00,Software Developers,15-1244.00,Network and Computer Systems Administrators,0.974138,0.006278,1,0.0,0.0,-1,0.583284,54.01,0.524285,0,5
u273,15-1254.00,Web Developers,15-1252.00,Software Developers,15-1211.00,Computer Systems Analysts,0.976781,0.000368,0,0.0,0.0,-1,0.555351,40.12,0.522762,0,6
u273,15-1254.00,Web Developers,15-1252.00,Software Developers,15-1242.00,Database Administrators,0.96169,0.0,0,0.0,0.0,-1,0.51569,40.0,0.510114,0,7
u273,15-1254.00,Web Developers,15-1252.00,Software Developers,15-1243.00,Database Architects,0.962599,0.0,0,0.0,0.0,-1,0.511371,40.0,0.509875,0,8
u273,15-1254.00,Web Developers,15-1252.00,Software Developers,15-1253.00,Software Quality Assurance Analysts and Testers,0.954272,0.000287,0,0.0,0.0,-1,0.508811,40.09,0.505672,0,9
u273,15-1254.00,Web Developers,15-1252.00,Software Developers,15-1251.00,Computer Programmers,0.937052,0.000316,0,0.0,0.0,-1,0.499518,40.1,0.496522,0,10
u273,15-1254.00,Web Developers,15-1252.00,Software Developers,15-2031.00,Operations Research Analysts,0.904124,0.010342,0,0.0,0.0,-1,0.526881,43.31,0.483302,0,11
u274,15-1255.00,Web and Digital Interface Designers,15-2031.00,Operations Research Analysts,15-1211.00,Computer Systems Analysts,0.971766,0.00442,2,0.0,0.0,-1,0.552821,65.41,0.519113,0,1
u274,15-1255.00,Web and Digital Interface Designers,15-2031.00,Operations Research Analysts,15-1244.00,Network and Computer Systems Administrators,0.958349,0.016576,4,0.0,0.0,-1,0.580755,93.3,0.514226,0,2
u274,15-1255.00,Web and Digital Interface Designers,15-2031.00,Operations Research Analysts,15-1243.00,Database Architects,0.970449,0.0,0,0.0,0.0,-1,0.508841,40.0,0.513028,0,3
u274,15-1255.00,Web and Digital Interface Designers,15-2031.00,Operations Research Analysts,15-1242.00,Database Administrators,0.962544,0.0,0,0.0,0.0,-1,0.51316,40.0,0.510119,0,4
u274,15-1255.00,Web and Digital Interface Designers,15-2031.00,Operations Research Analysts,15-1254.00,Web Developers,0.9665,0.0,0,0.0,0.0,-1,0.49747,40.0,0.509545,0,5
u274,15-1255.00,Web and Digital Interface Designers,15-2031.00,Operations Research Analysts,15-1212.00,Information Security Analysts,0.947761,0.000611,0,0.0,0.0,-1,0.495363,40.2,0.500644,0,6
u274,15-1255.00,Web and Digital Interface Designers,15-2031.00,Operations Research Analysts,15-1253.00,Software Quality Assurance Analysts and Testers,0.939191,0.004915,1,0.0,0.0,-1,0.506282,53.57,0.497349,0,7
u274,15-1255.00,Web and Digital Interface Designers,15-2031.00,Operations Research Analysts,15-2051.00,Data Scientists,0.938755,0.0,0,0.0,0.0,-1,0.497319,40.0,0.497038,0,8
u274,15-1255.00,Web and Digital Interface Designers,15-2031.00,Operations Research Analysts,15-1251.00,Computer Programmers,0.939854,0.004379,1,0.0,0.0,-1,0.496989,53.4,0.496388,0,9
u274,15-1255.00,Web and Digital Interface Designers,15-2031.00,Operations Research Analysts,15-2031.00,Operations Research Analysts,0.90213,0.018889,1,0.0,0.0,-1,0.524351,58.04,0.479889,1,10
u274,15-1255.00,Web and Digital Interface Designers,15-2031.00,Operations Research Analysts,15-1252.00,Software Developers,0.906372,0.0,0,0.0,0.0,-1,0.478858,40.0,0.479696,0,11
u275,15-2031.00,Operations Research Analysts,15-2051.00,Data Scientists,15-2051.00,Data Scientists,0.949792,0.0,0,1.0,1.0,1,0.472968,40.0,0.648352,1,1
u275,15-2031.00,Operations Research Analysts,15-2051.00,Data Scientists,15-1211.00,Computer Systems Analysts,0.965891,0.00436,1,0.0,0.0,-1,0.52847,53.4,0.512831,0,2
u275,15-2031.00,Operations Research Analysts,15-2051.00,Data Scientists,15-1244.00,Network and Computer Systems Administrators,0.949631,0.015311,2,0.0,0.0,-1,0.556403,68.9,0.506967,0,3
u275,15-2031.00,Operations Research Analysts,15-2051.00,Data Scientists,15-1242.00,Database Administrators,0.961293,0.0,0,0.0,0.0,-1,0.488809,40.0,0.505903,0,4
u275,15-2031.00,Operations Research Analysts,15-2051.00,Data Scientists,15-1243.00,Database Architects,0.959844,0.001256,0,0.0,0.0,-1,0.48449,40.4,0.504289,0,5
u275,15-2031.00,Operations Research Analysts,15-2051.00,Data Scientists,15-1254.00,Web Developers,0.95313,0.00266,0,0.0,0.0,-1,0.473119,40.85,0.499211,0,6
u275,15-2031.00,Operations Research Analysts,15-2051.00,Data Scientists,15-1212.00,Information Security Analysts,0.943877,0.0,0,0.0,0.0,-1,0.471011,40.0,0.495396,0,7
u275,15-2031.00,Operations Research Analysts,15-2051.00,Data Scientists,15-1253.00,Software Quality Assurance Analysts and Testers,0.939396,0.001995,0,0.0,0.0,-1,0.481931,40.64,0.494519,0,8
u275,15-2031.00,Operations Research Analysts,15-2051.00,Data Scientists,15-1255.00,Web and Digital Interface Designers,0.938374,0.001304,0,0.0,0.0,-1,0.475649,40.42,0.49329,0,9
u275,15-2031.00,Operations Research Analysts,15-2051.00,Data Scientists,15-1251.00,Computer Programmers,0.921024,0.018932,0,0.0,0.0,-1,0.472638,46.06,0.480624,0,10
u275,15-2031.00,Operations Research Analysts,15-2051.00,Data Scientists,15-1252.00,Software Developers,0.89822,0.0063,1,0.0,0.0,-1,0.454507,54.02,0.4708,0,11
u276,15-2051.00,Data Scientists,15-1211.00,Computer Systems Analysts,15-1211.00,Computer Systems Analysts,0.972325,0.003859,1,0.0,0.0,-1,0.555503,53.23,0.519907,1,1
u276,15-2051.00,Data Scientists,15-1211.00,Computer Systems Analysts,15-1244.00,Network and Computer Systems Administrators,0.965804,0.011935,2,0.0,0.0,-1,0.583436,67.82,0.519143,0,2
u276,15-2051.00,Data Scientists,15-1211.00,Computer Systems Analysts,15-1242.00,Database Administrators,0.957647,0.0,0,0.0,0.0,-1,0.515841,40.0,0.508317,0,3
u276,15-2051.00,Data Scientists,15-1211.00,Computer Systems Analysts,15-1243.00,Database Architects,0.957808,0.0,0,0.0,0.0,-1,0.511523,40.0,0.507742,0,4
u276,15-2051.00,Data Scientists,15-1211.00,Computer Systems Analysts,15-1212.00,Information Security Analysts,0.954726,0.0,0,0.0,0.0,-1,0.498044,40.0,0.504333,0,5
u276,15-2051.00,Data Scientists,15-1211.00,Computer Systems Analysts,15-1253.00,Software Quality Assurance Analysts and Testers,0.948511,0.000375,0,0.0,0.0,-1,0.508963,40.12,0.503081,0,6
u276,15-2051.00,Data Scientists,15-1211.00,Computer Systems Analysts,15-1254.00,Web Developers,0.950172,0.001686,0,0.0,0.0,-1,0.500152,40.54,0.502179,0,7
u276,15-2051.00,Data Scientists,15-1211.00,Computer Systems Analysts,15-1255.00,Web and Digital Interface Designers,0.942397,0.0,0,0.0,0.0,-1,0.502681,40.0,0.499481,0,8
u276,15-2051.00,Data Scientists,15-1211.00,Computer Systems Analysts,15-2031.00,Operations Research Analysts,0.914237,0.001387,1,0.0,0.0,-1,0.527032,52.44,0.490115,0,9
u276,15-2051.00,Data Scientists,15-1211.00,Computer Systems Analysts,15-1251.00,Computer Programmers,0.923666,0.015544,0,0.0,0.0,-1,0.49967,44.97,0.486714,0,10
u276,15-2051.00,Data Scientists,15-1211.00,Computer Systems Analysts,15-1252.00,Software Developers,0.907651,0.0,0,0.0,0.0,-1,0.481539,40.0,0.480674,0,11
u277,15-1211.00,Computer Systems Analysts,15-2051.00,Data Scientists,15-2051.00,Data Scientists,0.912164,0.0,0,1.0,1.0,1,0.444497,40.0,0.627148,1,1
u277,15-1211.00,Computer Systems Analysts,15-2051.00,Data Scientists,15-1244.00,Network and Computer Systems Administrators,0.978036,0.001926,1,0.0,0.0,-1,0.527933,52.62,0.518825,0,2
u277,15-1211.00,Computer Systems Analysts,15-2051.00,Data Scientists,15-1253.00,Software Quality Assurance Analysts and Testers,0.949049,0.0,0,0.0,0.0,-1,0.45346,40.0,0.495091,0,3
u277,15-1211.00,Computer Systems Analysts,15-2051.00,Data Scientists,15-1242.00,Database Administrators,0.944303,0.0,0,0.0,0.0,-1,0.460339,40.0,0.493987,0,4
u277,15-1211.00,Computer Systems Analysts,15-2051.00,Data Scientists,15-1243.00,Database Architects,0.945475,0.0,0,0.0,0.0,-1,0.45602,40.0,0.493867,0,5
u277,15-1211.00,Computer Systems Analysts,15-2051.00,Data Scientists,15-1254.00,Web Developers,0.94402,0.0,0,0.0,0.0,-1,0.444649,40.0,0.491506,0,6
u277,15-1211.00,Computer Systems Analysts,15-2051.00,Data Scientists,15-1212.00,Information Security Analysts,0.936499,0.0,0,0.0,0.0,-1,0.442541,40.0,0.487806,0,7
u277,15-1211.00,Computer Systems Analysts,15-2051.00,Data Scientists,15-1255.00,Web and Digital Interface Designers,0.920776,0.0,0,0.0,0.0,-1,0.447179,40.0,0.481426,0,8
u277,15-1211.00,Computer Systems Analysts,15-2051.00,Data Scientists,15-1251.00,Computer Programmers,0.915606,0.008308,0,0.0,0.0,-1,0.444167,42.66,0.476571,0,9
u277,15-1211.00,Computer Systems Analysts,15-2051.00,Data Scientists,15-2031.00,Operations Research Analysts,0.888967,0.001875,0,0.0,0.0,-1,0.47153,40.6,0.470296,0,10
u277,15-1211.00,Computer Systems Analysts,15-2051.00,Data Scientists,15-1252.00,Software Developers,0.893026,0.0,0,0.0,0.0,-1,0.426037,40.0,0.465767,0,11
u278,15-1212.00,Information Security Analysts,15-1242.00,Database Administrators,15-1244.00,Network and Computer Systems Administrators,0.974722,0.009173,0,0.0,0.0,-1,0.585392,42.94,0.524141,0,1
u278,15-1212.00,Information Security Analysts,15-1242.00,Database Administrators,15-1211.00,Computer Systems Analysts,0.970511,0.00397,0,0.0,0.0,-1,0.557459,41.27,0.519356,0,2
u278,15-1212.00,Information Security Analysts,15-1242.00,Database Administrators,15-1253.00,Software Quality Assurance Analysts and Testers,0.952164,0.004358,0,0.0,0.0,-1,0.510919,41.39,0.504022,0,3
u278,15-1212.00,Information Security Analysts,15-1242.00,Database Administrators,15-1242.00,Database Administrators,0.947188,0.003521,0,0.0,0.0,-1,0.517798,41.13,0.503024,1,4
u278,15-1212.00,Information Security Analysts,15-1242.00,Database Administrators,15-1243.00,Database Architects,0.938067,0.004893,0,0.0,0.0,-1,0.513479,41.57,0.497929,0,5
u278,15-1212.00,Information Security Analysts,15-1242.00,Database Administrators,15-2051.00,Data Scientists,0.925291,0.001939,0,0.0,0.0,-1,0.501956,40.62,0.49119,0,6
u278,15-1212.00,Information Security Analysts,15-1242.00,Database Administrators,15-1254.00,Web Developers,0.929401,0.014616,0,0.0,0.0,-1,0.502108,44.68,0.489893,0,7
u278,15-1212.00,Information Security Analysts,15-1242.00,Database Administrators,15-1255.00,Web and Digital Interface Designers,0.92229,0.008133,0,0.0,0.0,-1,0.504637,42.6,0.488693,0,8
u278,15-1212.00,Information Security Analysts,15-1242.00,Database Administrators,15-1252.00,Software Developers,0.90991,0.0,0,0.0,0.0,-1,0.483495,40.0,0.481984,0,9
u278,15-1212.00,Information Security Analysts,15-1242.00,Database Administrators,15-2031.00,Operations Research Analysts,0.887075,0.023356,0,0.0,0.0,-1,0.528989,47.47,0.472693,0,10
u278,15-1212.00,Information Security Analysts,15-1242.00,Database Administrators,15-1251.00,Computer Programmers,0.899413,0.030285,0,0.0,0.0,-1,0.501626,49.69,0.472409,0,11
u279,15-1242.00,Database Administrators,15-2051.00,Data Scientists,15-2051.00,Data Scientists,0.930955,0.0,0,1.0,1.0,1,0.484159,40.0,0.641554,1,1
u279,15-1242.00,Database Administrators,15-2051.00,Data Scientists,15-1244.00,Network and Computer Systems Administrators,0.976505,0.006113,2,0.0,0.0,-1,0.567594,65.96,0.523038,0,2
u279,15-1242.00,Database Administrators,15-2051.00,Data Scientists,15-1211.00,Computer Systems Analysts,0.979015,0.0,0,0.0,0.0,-1,0.539661,40.0,0.521506,0,3
u279,15-1242.00,Database Administrators,15-2051.00,Data Scientists,15-1243.00,Database Architects,0.957451,0.0,0,0.0,0.0,-1,0.495681,40.0,0.505205,0,4
u279,15-1242.00,Database Administrators,15-2051.00,Data Scientists,15-1254.00,Web Developers,0.956987,0.0,0,0.0,0.0,-1,0.48431,40.0,0.503291,0,5
u279,15-1242.00,Database Administrators,15-2051.00,Data Scientists,15-1253.00,Software Quality Assurance Analysts and Testers,0.953289,6e-06,0,0.0,0.0,-1,0.493122,40.0,0.502947,0,6
u279,15-1242.00,Database Administrators,15-2051.00,Data Scientists,15-1212.00,Information Security Analysts,0.946001,0.0,0,0.0,0.0,-1,0.482202,40.0,0.498031,0,7
u279,15-1242.00,Database Administrators,15-2051.00,Data Scientists,15-1255.00,Web and Digital Interface Designers,0.942718,0.0,0,0.0,0.0,-1,0.48684,40.0,0.497249,0,8
u279,15-1242.00,Database Administrators,15-2051.00,Data Scientists,15-1251.00,Computer Programmers,0.932433,0.002118,0,0.0,0.0,-1,0.483829,40.68,0.49164,0,9
u279,15-1242.00,Database Administrators,15-2051.00,Data Scientists,15-2031.00,Operations Research Analysts,0.912123,0.002698,0,0.0,0.0,-1,0.511191,40.86,0.48646,0,10
u279,15-1242.00,Database Administrators,15-2051.00,Data Scientists,15-1252.00,Software Developers,0.899492,0.0,0,0.0,0.0,-1,0.465698,40.0,0.474626,0,11
u280,15-1243.00,Database Architects,15-1244.00,Network and Computer Systems Administrators,15-1211.00,Computer Systems Analysts,0.975846,5.2e-05,0,0.0,0.0,-1,0.54398,40.02,0.520715,0,1
u280,15-1243.00,Database Architects,15-1244.00,Network and Computer Systems Administrators,15-1244.00,Network and Computer Systems Administrators,0.966221,0.005656,1,0.0,0.0,-1,0.571913,53.81,0.519173,1,2
u280,15-1243.00,Database Architects,15-1244.00,Network and Computer Systems Administrators,15-1242.00,Database Administrators,0.960334,0.0,0,0.0,0.0,-1,0.504319,40.0,0.507798,0,3
u280,15-1243.00,Database Architects,15-1244.00,Network and Computer Systems Administrators,15-1254.00,Web Developers,0.953531,0.0,0,0.0,0.0,-1,0.488629,40.0,0.502384,0,4
u280,15-1243.00,Database Architects,15-1244.00,Network and Computer Systems Administrators,15-1255.00,Web and Digital Interface Designers,0.950443,0.0,0,0.0,0.0,-1,0.491159,40.0,0.501373,0,5
u280,15-1243.00,Database Architects,15-1244.00,Network and Computer Systems Administrators,15-1253.00,Software Quality Assurance Analysts and Testers,0.944531,0.002139,0,0.0,0.0,-1,0.49744,40.68,0.49912,0,6
u280,15-1243.00,Database Architects,15-1244.00,Network and Computer Systems Administrators,15-1212.00,Information Security Analysts,0.946242,0.0,0,0.0,0.0,-1,0.486521,40.0,0.498787,0,7
u280,15-1243.00,Database Architects,15-1244.00,Network and Computer Systems Administrators,15-2051.00,Data Scientists,0.934554,0.0,0,0.0,0.0,-1,0.488477,40.0,0.493821,0,8
u280,15-1243.00,Database Architects,15-1244.00,Network and Computer Systems Administrators,15-2031.00,Operations Research Analysts,0.915119,0.005892,0,0.0,0.0,-1,0.51551,41.89,0.487657,0,9
u280,15-1243.00,Database Architects,15-1244.00,Network and Computer Systems Administrators,15-1251.00,Computer Programmers,0.924965,0.007848,0,0.0,0.0,-1,0.488147,42.51,0.487494,0,10
u280,15-1243.00,Database Architects,15-1244.00,Network and Computer Systems Administrators,15-1252.00,Software Developers,0.917087,0.0,0,0.0,0.0,-1,0.470017,40.0,0.483192,0,11
u281,15-1244.00,Network and Computer Systems Administrators,15-1212.00,Information Security Analysts,15-1212.00,Information Security Analysts,0.910222,0.0,0,1.0,1.0,1,0.414608,40.0,0.621791,1,1
u281,15-1244.00,Network and Computer Systems Administrators,15-1212.00,Information Security Analysts,15-1211.00,Computer Systems Analysts,0.958026,0.0,0,0.0,0.0,-1,0.472067,40.0,0.501922,0,2
u281,15-1244.00,Network and Computer Systems Administrators,15-1212.00,Information Security Analysts,15-1242.00,Database Administrators,0.919438,0.0,0,0.0,0.0,-1,0.432406,40.0,0.478608,0,3
u281,15-1244.00,Network and Computer Systems Administrators,15-1212.00,Information Security Analysts,15-1243.00,Database Architects,0.914022,0.0,0,0.0,0.0,-1,0.428087,40.0,0.475523,0,4
u281,15-1244.00,Network and Computer Systems Administrators,15-1212.00,Information Security Analysts,15-1253.00,Software Quality Assurance Analysts and Testers,0.914409,0.0,0,0.0,0.0,-1,0.425527,40.0,0.475313,0,5
u281,15-1244.00,Network and Computer Systems Administrators,15-1212.00,Information Security Analysts,15-1254.00,Web Developers,0.913241,0.0,0,0.0,0.0,-1,0.416716,40.0,0.473466,0,6
u281,15-1244.00,Network and Computer Systems Administrators,15-1212.00,Information Security Analysts,15-1255.00,Web and Digital Interface Designers,0.888547,0.0,0,0.0,0.0,-1,0.419245,40.0,0.462733,0,7
u281,15-1244.00,Network and Computer Systems Administrators,15-1212.00,Information Security Analysts,15-1251.00,Computer Programmers,0.884994,0.0,0,0.0,0.0,-1,0.416234,40.0,0.460683,0,8
u281,15-1244.00,Network and Computer Systems Administrators,15-1212.00,Information Security Analysts,15-2051.00,Data Scientists,0.87601,0.0,0,0.0,0.0,-1,0.416564,40.0,0.456689,0,9
u281,15-1244.00,Network and Computer Systems Administrators,15-1212.00,Information Security Analysts,15-1252.00,Software Developers,0.864035,0.0,0,0.0,0.0,-1,0.398103,40.0,0.448531,0,10
u281,15-1244.00,Network and Computer Systems Administrators,15-1212.00,Information Security Analysts,15-2031.00,Operations Research Analysts,0.846782,0.004234,0,0.0,0.0,-1,0.443597,41.35,0.446533,0,11
u282,15-1251.00,Computer Programmers,15-1252.00,Software Developers,15-1252.00,Software Developers,0.859085,0.0,0,0.615385,0.615385,1,0.481869,40.0,0.551177,1,1
u282,15-1251.00,Computer Programmers,15-1252.00,Software Developers,15-1254.00,Web Developers,0.959431,0.0,0,0.25641,0.25641,1,0.500482,40.0,0.545278,0,2
u282,15-1251.00,Computer Programmers,15-1252.00,Software Developers,15-2051.00,Data Scientists,0.911842,0.0,0,0.0,0.341881,2,0.50033,40.0,0.53666,0,3
u282,15-1251.00,Computer Programmers,15-1252.00,Software Developers,15-1212.00,Information Security Analysts,0.927643,0.0,0,0.0,0.273504,2,0.498374,40.0,0.533221,0,4
u282,15-1251.00,Computer Programmers,15-1252.00,Software Developers,15-1244.00,Network and Computer Systems Administrators,0.966923,0.009501,1,0.0,0.0,-1,0.583766,55.04,0.520305,0,5
u282,15-1251.00,Computer Programmers,15-1252.00,Software Developers,15-1211.00,Computer Systems Analysts,0.963694,0.000488,0,0.0,0.0,-1,0.555833,40.16,0.516915,0,6
u282,15-1251.00,Computer Programmers,15-1252.00,Software Developers,15-1255.00,Web and Digital Interface Designers,0.934361,0.0,0,0.0,0.102564,2,0.503011,40.0,0.511299,0,7
u282,15-1251.00,Computer Programmers,15-1252.00,Software Developers,15-1253.00,Software Quality Assurance Analysts and Testers,0.951068,0.0,0,0.0,0.0,-1,0.509293,40.0,0.504374,0,8
u282,15-1251.00,Computer Programmers,15-1252.00,Software Developers,15-1243.00,Database Architects,0.947658,0.0,0,0.0,0.0,-1,0.511853,40.0,0.503224,0,9
u282,15-1251.00,Computer Programmers,15-1252.00,Software Developers,15-1242.00,Database Administrators,0.944527,0.0,0,0.0,0.0,-1,0.516171,40.0,0.502463,0,10
u282,15-1251.00,Computer Programmers,15-1252.00,Software Developers,15-2031.00,Operations Research Analysts,0.88814,0.011261,0,0.128205,0.128205,1,0.527362,43.6,0.495183,0,11
u283,15-1252.00,Software Developers,15-1253.00,Software Quality Assurance Analysts and Testers,15-2051.00,Data Scientists,0.933158,0.0,0,0.555556,0.555556,1,0.518461,40.0,0.581023,0,1
u283,15-1252.00,Software Developers,15-1253.00,Software Quality Assurance Analysts and Testers,15-1212.00,Information Security Analysts,0.948368,0.00414,0,0.444444,0.444444,1,0.516505,41.32,0.569873,0,2
u283,15-1252.00,Software Developers,15-1253.00,Software Quality Assurance Analysts and Testers,15-1244.00,Network and Computer Systems Administrators,0.959729,0.01501,4,0.0,0.0,-1,0.601897,92.8,0.51841,0,3
u283,15-1252.00,Software Developers,15-1253.00,Software Quality Assurance Analysts and Testers,15-1211.00,Computer Systems Analysts,0.965808,0.009729,2,0.0,0.0,-1,0.573963,67.11,0.518276,0,4
u283,15-1252.00,Software Developers,15-1253.00,Software Quality Assurance Analysts and Testers,15-1243.00,Database Architects,0.949788,0.006613,1,0.0,0.0,-1,0.529983,54.12,0.505249,0,5
u283,15-1252.00,Software Developers,15-1253.00,Software Quality Assurance Analysts and Testers,15-1242.00,Database Administrators,0.945939,0.005475,1,0.0,0.0,-1,0.534302,53.75,0.504449,0,6
u283,15-1252.00,Software Developers,15-1253.00,Software Quality Assurance Analysts and Testers,15-1255.00,Web and Digital Interface Designers,0.936295,0.008571,0,0.0,0.0,-1,0.521142,42.74,0.497361,0,7
u283,15-1252.00,Software Developers,15-1253.00,Software Quality Assurance Analysts and Testers,15-1253.00,Software Quality Assurance Analysts and Testers,0.927921,0.014677,2,0.0,0.0,-1,0.527424,68.7,0.493009,1,8
u283,15-1252.00,Software Developers,15-1253.00,Software Quality Assurance Analysts and Testers,15-1254.00,Web Developers,0.925322,0.022927,1,0.0,0.0,-1,0.518612,59.34,0.488455,0,9
u283,15-1252.00,Software Developers,15-1253.00,Software Quality Assurance Analysts and Testers,15-2031.00,Operations Research Analysts,0.89635,0.024527,2,0.0,0.0,-1,0.545493,71.85,0.47905,0,10
u283,15-1252.00,Software Developers,15-1253.00,Software Quality Assurance Analysts and Testers,15-1251.00,Computer Programmers,0.885727,0.042845,2,0.0,0.0,-1,0.518131,77.71,0.465586,0,11
u284,15-1253.00,Software Quality Assurance Analysts and Testers,15-1252.00,Software Developers,15-1252.00,Software Developers,0.877996,1.1e-05,0,1.0,1.0,1,0.472576,40.0,0.615982,1,1
u284,15-1253.00,Software Quality Assurance Analysts and Testers,15-1252.00,Software Developers,15-2051.00,Data Scientists,0.920026,0.0,0,0.0,0.555556,2,0.491037,40.0,0.571,0,2
u284,15-1253.00,Software Quality Assurance Analysts and Testers,15-1252.00,Software Developers,15-1212.00,Information Security Analysts,0.949165,0.0,0,0.0,0.444444,2,0.489081,40.0,0.567153,0,3
u284,15-1253.00,Software Quality Assurance Analysts and Testers,15-1252.00,Software Developers,15-1244.00,Network and Computer Systems Administrators,0.974193,0.004049,2,0.0,0.0,-1,0.574473,65.3,0.523545,0,4
u284,15-1253.00,Software Quality Assurance Analysts and Testers,15-1252.00,Software Developers,15-1211.00,Computer Systems Analysts,0.974946,0.0,0,0.0,0.0,-1,0.54654,40.0,0.520707,0,5
u284,15-1253.00,Software Quality Assurance Analysts and Testers,15-1252.00,Software Developers,15-1242.00,Database Administrators,0.95008,0.0,0,0.0,0.0,-1,0.506878,40.0,0.503568,0,6
u284,15-1253.00,Software Quality Assurance Analysts and Testers,15-1252.00,Software Developers,15-1254.00,Web Developers,0.955248,0.0,0,0.0,0.0,-1,0.491189,40.0,0.50354,0,7
u284,15-1253.00,Software Quality Assurance Analysts and Testers,15-1252.00,Software Developers,15-1243.00,Database Architects,0.94457,0.0,0,0.0,0.0,-1,0.50256,40.0,0.50044,0,8
u284,15-1253.00,Software Quality Assurance Analysts and Testers,15-1252.00,Software Developers,15-1255.00,Web and Digital Interface Designers,0.927505,0.0,0,0.0,0.0,-1,0.493718,40.0,0.491435,0,9
u284,15-1253.00,Software Quality Assurance Analysts and Testers,15-1252.00,Software Developers,15-1251.00,Computer Programmers,0.931997,0.006572,0,0.0,0.0,-1,0.490707,42.1,0.491362,0,10
u284,15-1253.00,Software Quality Assurance Analysts and Testers,15-1252.00,Software Developers,15-2031.00,Operations Research Analysts,0.890952,0.012843,0,0.0,0.0,-1,0.518069,44.11,0.475428,0,11
u285,15-1254.00,Web Developers,15-1252.00,Software Developers,15-1255.00,Web and Digital Interface Designers,0.941383,0.0,0,0.4,0.4,1,0.50253,40.0,0.559002,0,1
u285,15-1254.00,Web Developers,15-1252.00,Software Developers,15-1252.00,Software Developers,0.875464,0.0,0,0.6,0.6,1,0.481388,40.0,0.556167,1,2
u285,15-1254.00,Web Developers,15-1252.00,Software Developers,15-2051.00,Data Scientists,0.916243,0.0,0,0.0,0.333334,2,0.499848,40.0,0.537287,0,3
u285,15-1254.00,Web Developers,15-1252.00,Software Developers,15-1212.00,Information Security Analysts,0.933419,0.0,0,0.0,0.266666,2,0.497892,40.0,0.534722,0,4
u285,15-1254.00,Web Developers,15-1252.00,Software Developers,15-1244.00,Network and Computer Systems Administrators,0.966923,0.006814,1,0.0,0.0,-1,0.583284,54.18,0.520905,0,5
u285,15-1254.00,Web Developers,15-1252.00,Software Developers,15-1211.00,Computer Systems Analysts,0.971295,0.0,0,0.0,0.0,-1,0.555351,40.0,0.520385,0,6
u285,15-1254.00,Web Developers,15-1252.00,Software Developers,15-1243.00,Database Architects,0.955003,0.0,0,0.0,0.0,-1,0.511371,40.0,0.506457,0,7
u285,15-1254.00,Web Developers,15-1252.00,Software Developers,15-1242.00,Database Administrators,0.953091,0.0,0,0.0,0.0,-1,0.51569,40.0,0.506244,0,8
u285,15-1254.00,Web Developers,15-1252.00,Software Developers,15-1253.00,Software Quality Assurance Analysts and Testers,0.948048,0.0,0,0.0,0.0,-1,0.508811,40.0,0.502943,0,9
u285,15-1254.00,Web Developers,15-1252.00,Software Developers,15-1251.00,Computer Programmers,0.940845,0.0,0,0.0,0.0,-1,0.499518,40.0,0.498308,0,10
u285,15-1254.00,Web Developers,15-1252.00,Software Developers,15-2031.00,Operations Research Analysts,0.895106,0.010492,0,0.0,0.0,-1,0.526881,43.36,0.479207,0,11
u286,15-1255.00,Web and Digital Interface Designers,15-2031.00,Operations Research Analysts,15-1211.00,Computer Systems Analysts,0.966441,0.004541,2,0.0,0.0,-1,0.552821,65.45,0.516687,0,1
u286,15-1255.00,Web and Digital Interface Designers,15-2031.00,Operations Research Analysts,15-1244.00,Network and Computer Systems Administrators,0.9536,0.019562,4,0.0,0.0,-1,0.580755,94.26,0.511343,0,2
u286,15-1255.00,Web and Digital Interface Designers,15-2031.00,Operations Research Analysts,15-1243.00,Database Architects,0.966042,0.0,0,0.0,0.0,-1,0.508841,40.0,0.511045,0,3
u286,15-1255.00,Web and Digital Interface Designers,15-2031.00,Operations Research Analysts,15-1242.00,Database Administrators,0.954741,0.0,0,0.0,0.0,-1,0.51316,40.0,0.506607,0,4
u286,15-1255.00,Web and Digital Interface Designers,15-2031.00,Operations Research Analysts,15-1254.00,Web Developers,0.958383,0.0,0,0.0,0.0,-1,0.49747,40.0,0.505893,0,5
u286,15-1255.00,Web and Digital Interface Designers,15-2031.00,Operations Research Analysts,15-1212.00,Information Security Analysts,0.94622,0.0,0,0.0,0.0,-1,0.495363,40.0,0.500103,0,6
u286,15-1255.00,Web and Digital Interface Designers,15-2031.00,Operations Research Analysts,15-1253.00,Software Quality Assurance Analysts and Testers,0.935108,0.003423,1,0.0,0.0,-1,0.506282,53.1,0.495885,0,7
u286,15-1255.00,Web and Digital Interface Designers,15-2031.00,Operations Research Analysts,15-2051.00,Data Scientists,0.935403,0.0,0,0.0,0.0,-1,0.497319,40.0,0.495529,0,8
u286,15-1255.00,Web and Digital Interface Designers,15-2031.00,Operations Research Analysts,15-1251.00,Computer Programmers,0.925363,0.011771,1,0.0,0.0,-1,0.496989,55.77,0.488019,0,9
u286,15-1255.00,Web and Digital Interface Designers,15-2031.00,Operations Research Analysts,15-1252.00,Software Developers,0.922311,0.0,0,0.0,0.0,-1,0.478858,40.0,0.486869,0,10
u286,15-1255.00,Web and Digital Interface Designers,15-2031.00,Operations Research Analysts,15-2031.00,Operations Research Analysts,0.906016,0.014597,1,0.0,0.0,-1,0.524351,56.67,0.482711,1,11
u287,15-2031.00,Operations Research Analysts,15-2051.00,Data Scientists,15-2051.00,Data Scientists,0.942951,0.0,0,1.0,1.0,1,0.472968,40.0,0.645273,1,1
u287,15-2031.00,Operations Research Analysts,15-2051.00,Data Scientists,15-1211.00,Computer Systems Analysts,0.959853,0.000997,0,0.0,0.0,-1,0.52847,40.32,0.510955,0,2
u287,15-2031.00,Operations Research Analysts,15-2051.00,Data Scientists,15-1244.00,Network and Computer Systems Administrators,0.945678,0.013182,3,0.0,0.0,-1,0.556403,80.22,0.50572,0,3
u287,15-2031.00,Operations Research Analysts,15-2051.00,Data Scientists,15-1242.00,Database Administrators,0.956118,0.0,0,0.0,0.0,-1,0.488809,40.0,0.503575,0,4
u287,15-2031.00,Operations Research Analysts,15-2051.00,Data Scientists,15-1243.00,Database Architects,0.952543,0.000438,0,0.0,0.0,-1,0.48449,40.14,0.501209,0,5
u287,15-2031.00,Operations Research Analysts,15-2051.00,Data Scientists,15-1254.00,Web Developers,0.945121,0.003801,0,0.0,0.0,-1,0.473119,41.22,0.495322,0,6
u287,15-2031.00,Operations Research Analysts,15-2051.00,Data Scientists,15-1253.00,Software Quality Assurance Analysts and Testers,0.938062,0.002457,0,0.0,0.0,-1,0.481931,40.79,0.493803,0,7
u287,15-2031.00,Operations Research Analysts,15-2051.00,Data Scientists,15-1212.00,Information Security Analysts,0.933543,0.000447,0,0.0,0.0,-1,0.471011,40.14,0.490634,0,8
u287,15-2031.00,Operations Research Analysts,15-2051.00,Data Scientists,15-1255.00,Web and Digital Interface Designers,0.929029,0.0007,0,0.0,0.0,-1,0.475649,40.22,0.489235,0,9
u287,15-2031.00,Operations Research Analysts,15-2051.00,Data Scientists,15-1251.00,Computer Programmers,0.917207,0.020928,0,0.0,0.0,-1,0.472638,46.7,0.478407,0,10
u287,15-2031.00,Operations Research Analysts,15-2051.00,Data Scientists,15-1252.00,Software Developers,0.895734,0.00503,1,0.0,0.0,-1,0.454507,53.61,0.469999,0,11
u288,15-2051.00,Data Scientists,15-1211.00,Computer Systems Analysts,15-1211.00,Computer Systems Analysts,0.979213,0.0,0,0.0,0.0,-1,0.555503,40.0,0.523971,1,1
u288,15-2051.00,Data Scientists,15-1211.00,Computer Systems Analysts,15-1244.00,Network and Computer Systems Administrators,0.966453,0.010777,2,0.0,0.0,-1,0.583436,67.45,0.519725,0,2
u288,15-2051.00,Data Scientists,15-1211.00,Computer Systems Analysts,15-1242.00,Database Administrators,0.969106,0.0,0,0.0,0.0,-1,0.515841,40.0,0.513474,0,3
u288,15-2051.00,Data Scientists,15-1211.00,Computer Systems Analysts,15-1243.00,Database Architects,0.964241,0.0,0,0.0,0.0,-1,0.511523,40.0,0.510637,0,4
u288,15-2051.00,Data Scientists,15-1211.00,Computer Systems Analysts,15-1212.00,Information Security Analysts,0.967936,0.0,0,0.0,0.0,-1,0.498044,40.0,0.510278,0,5
u288,15-2051.00,Data Scientists,15-1211.00,Computer Systems Analysts,15-1253.00,Software Quality Assurance Analysts and Testers,0.95617,0.0,0,0.0,0.0,-1,0.508963,40.0,0.506621,0,6
u288,15-2051.00,Data Scientists,15-1211.00,Computer Systems Analysts,15-1255.00,Web and Digital Interface Designers,0.951196,0.0,0,0.0,0.0,-1,0.502681,40.0,0.50344,0,7
u288,15-2051.00,Data Scientists,15-1211.00,Computer Systems Analysts,15-1254.00,Web Developers,0.952377,0.006666,0,0.0,0.0,-1,0.500152,42.13,0.501926,0,8
u288,15-2051.00,Data Scientists,15-1211.00,Computer Systems Analysts,15-2031.00,Operations Research Analysts,0.925214,0.009804,0,0.0,0.0,-1,0.527032,43.14,0.49295,0,9
u288,15-2051.00,Data Scientists,15-1211.00,Computer Systems Analysts,15-1252.00,Software Developers,0.92966,0.00209,0,0.0,0.0,-1,0.481539,40.67,0.490056,0,10
u288,15-2051.00,Data Scientists,15-1211.00,Computer Systems Analysts,15-1251.00,Computer Programmers,0.925192,0.01673,0,0.0,0.0,-1,0.49967,45.35,0.487105,0,11
u289,15-1211.00,Computer Systems Analysts,15-2051.00,Data Scientists,15-2051.00,Data Scientists,0.90719,0.0,0,1.0,1.0,1,0.444497,40.0,0.62491,1,1
u289,15-1211.00,Computer Systems Analysts,15-2051.00,Data Scientists,15-1244.00,Network and Computer Systems Administrators,0.988155,0.0,0,0.0,0.0,-1,0.527933,40.0,0.52386,0,2
u289,15-1211.00,Computer Systems Analysts,15-2051.00,Data Scientists,15-1242.00,Database Administrators,0.947658,0.0,0,0.0,0.0,-1,0.460339,40.0,0.495497,0,3
u289,15-1211.00,Computer Systems Analysts,15-2051.00,Data Scientists,15-1253.00,Software Quality Assurance Analysts and Testers,0.946817,0.0,0,0.0,0.0,-1,0.45346,40.0,0.494087,0,4
u289,15-1211.00,Computer Systems Analysts,15-2051.00,Data Scientists,15-1243.00,Database Architects,0.941749,0.0,0,0.0,0.0,-1,0.45602,40.0,0.49219,0,5
u289,15-1211.00,Computer Systems Analysts,15-2051.00,Data Scientists,15-1254.00,Web Developers,0.943322,0.0,0,0.0,0.0,-1,0.444649,40.0,0.491192,0,6
u289,15-1211.00,Computer Systems Analysts,15-2051.00,Data Scientists,15-1212.00,Information Security Analysts,0.936103,0.0,0,0.0,0.0,-1,0.442541,40.0,0.487627,0,7
u289,15-1211.00,Computer Systems Analysts,15-2051.00,Data Scientists,15-1255.00,Web and Digital Interface Designers,0.91984,0.0,0,0.0,0.0,-1,0.447179,40.0,0.481005,0,8
u289,15-1211.00,Computer Systems Analysts,15-2051.00,Data Scientists,15-1251.00,Computer Programmers,0.914993,0.002126,0,0.0,0.0,-1,0.444167,40.68,0.47784,0,9
u289,15-1211.00,Computer Systems Analysts,15-2051.00,Data Scientists,15-2031.00,Operations Research Analysts,0.87944,0.005465,1,0.0,0.0,-1,0.47153,53.75,0.465111,0,10
u289,15-1211.00,Computer Systems Analysts,15-2051.00,Data Scientists,15-1252.00,Software Developers,0.886366,0.0,0,0.0,0.0,-1,0.426037,40.0,0.46277,0,11
u290,15-1212.00,Information Security Analysts,15-1242.00,Database Administrators,15-1244.00,Network and Computer Systems Administrators,0.976047,0.004597,1,0.0,0.0,-1,0.585392,53.47,0.525881,0,1
u290,15-1212.00,Information Security Analysts,15-1242.00,Database Administrators,15-1211.00,Computer Systems Analysts,0.971075,1.2e-05,0,0.0,0.0,-1,0.557459,40.0,0.5206,0,2
u290,15-1212.00,Information Security Analysts,15-1242.00,Database Administrators,15-1242.00,Database Administrators,0.949361,0.000155,0,0.0,0.0,-1,0.517798,40.05,0.504843,1,3
u290,15-1212.00,Information Security Analysts,15-1242.00,Database Administrators,15-1253.00,Software Quality Assurance Analysts and Testers,0.948652,0.000774,0,0.0,0.0,-1,0.510919,40.25,0.503338,0,4
u290,15-1212.00,Information Security Analysts,15-1242.00,Database Administrators,15-1243.00,Database Architects,0.944372,0.001256,0,0.0,0.0,-1,0.513479,40.4,0.501675,0,5
u290,15-1212.00,Information Security Analysts,15-1242.00,Database Administrators,15-1254.00,Web Developers,0.938908,0.007999,0,0.0,0.0,-1,0.502108,42.56,0.495825,0,6
u290,15-1212.00,Information Security Analysts,15-1242.00,Database Administrators,15-1255.00,Web and Digital Interface Designers,0.930264,0.003926,0,0.0,0.0,-1,0.504637,41.26,0.493333,0,7
u290,15-1212.00,Information Security Analysts,15-1242.00,Database Administrators,15-2051.00,Data Scientists,0.928213,0.000952,0,0.0,0.0,-1,0.501956,40.3,0.492751,0,8
u290,15-1212.00,Information Security Analysts,15-1242.00,Database Administrators,15-1252.00,Software Developers,0.907616,0.002852,0,0.0,0.0,-1,0.483495,40.91,0.480239,0,9
u290,15-1212.00,Information Security Analysts,15-1242.00,Database Administrators,15-1251.00,Computer Programmers,0.907128,0.023919,0,0.0,0.0,-1,0.501626,47.65,0.477472,0,10
u290,15-1212.00,Information Security Analysts,15-1242.00,Database Administrators,15-2031.00,Operations Research Analysts,0.891453,0.018033,0,0.0,0.0,-1,0.528989,45.77,0.475994,0,11
u291,15-1242.00,Database Administrators,15-2051.00,Data Scientists,15-2051.00,Data Scientists,0.927472,0.0,0,1.0,1.0,1,0.484159,40.0,0.639986,1,1
u291,15-1242.00,Database Administrators,15-2051.00,Data Scientists,15-1211.00,Computer Systems Analysts,0.976188,0.000438,0,0.0,0.0,-1,0.539661,40.14,0.520124,0,2
u291,15-1242.00,Database Administrators,15-2051.00,Data Scientists,15-1244.00,Network and Computer Systems Administrators,0.969101,0.009585,2,0.0,0.0,-1,0.567594,67.07,0.518838,0,3
u291,15-1242.00,Database Administrators,15-2051.00,Data Scientists,15-1243.00,Database Architects,0.956379,0.0,0,0.0,0.0,-1,0.495681,40.0,0.504723,0,4
u291,15-1242.00,Database Administrators,15-2051.00,Data Scientists,15-1253.00,Software Quality Assurance Analysts and Testers,0.953341,0.0,0,0.0,0.0,-1,0.493122,40.0,0.502972,0,5
u291,15-1242.00,Database Administrators,15-2051.00,Data Scientists,15-1254.00,Web Developers,0.950473,0.0,0,0.0,0.0,-1,0.48431,40.0,0.500359,0,6
u291,15-1242.00,Database Administrators,15-2051.00,Data Scientists,15-1212.00,Information Security Analysts,0.9509,0.0,0,0.0,0.0,-1,0.482202,40.0,0.500235,0,7
u291,15-1242.00,Database Administrators,15-2051.00,Data Scientists,15-1255.00,Web and Digital Interface Designers,0.937824,0.000995,0,0.0,0.0,-1,0.48684,40.32,0.494798,0,8
u291,15-1242.00,Database Administrators,15-2051.00,Data Scientists,15-1251.00,Computer Programmers,0.929584,0.00921,0,0.0,0.0,-1,0.483829,42.95,0.488584,0,9
u291,15-1242.00,Database Administrators,15-2051.00,Data Scientists,15-2031.00,Operations Research Analysts,0.90741,0.009441,0,0.0,0.0,-1,0.511191,43.02,0.482653,0,10
u291,15-1242.00,Database Administrators,15-2051.00,Data Scientists,15-1252.00,Software Developers,0.901548,0.0,0,0.0,0.0,-1,0.465698,40.0,0.475551,0,11
u292,15-1243.00,Database Architects,15-1244.00,Network and Computer Systems Administrators,15-1211.00,Computer Systems Analysts,0.971848,0.00261,1,0.0,0.0,-1,0.54398,52.84,0.518276,0,1
u292,15-1243.00,Database Architects,15-1244.00,Network and Computer Systems Administrators,15-1244.00,Network and Computer Systems Administrators,0.966635,0.010114,1,0.0,0.0,-1,0.571913,55.24,0.518244,1,2
u292,15-1243.00,Database Architects,15-1244.00,Network and Computer Systems Administrators,15-1242.00,Database Administrators,0.964686,0.0,0,0.0,0.0,-1,0.504319,40.0,0.509757,0,3
u292,15-1243.00,Database Architects,15-1244.00,Network and Computer Systems Administrators,15-1254.00,Web Developers,0.954965,0.0,0,0.0,0.0,-1,0.488629,40.0,0.503029,0,4
u292,15-1243.00,Database Architects,15-1244.00,Network and Computer Systems Administrators,15-1255.00,Web and Digital Interface Designers,0.952244,0.0,0,0.0,0.0,-1,0.491159,40.0,0.502184,0,5
u292,15-1243.00,Database Architects,15-1244.00,Network and Computer Systems Administrators,15-1212.00,Information Security Analysts,0.949424,0.0,0,0.0,0.0,-1,0.486521,40.0,0.500219,0,6
u292,15-1243.00,Database Architects,15-1244.00,Network and Computer Systems Administrators,15-1253.00,Software Quality Assurance Analysts and Testers,0.940659,0.0,0,0.0,0.0,-1,0.49744,40.0,0.497913,0,7
u292,15-1243.00,Database Architects,15-1244.00,Network and Computer Systems Administrators,15-2051.00,Data Scientists,0.937728,0.0,0,0.0,0.0,-1,0.488477,40.0,0.495249,0,8
u292,15-1243.00,Database Architects,15-1244.00,Network and Computer Systems Administrators,15-1251.00,Computer Programmers,0.930004,0.007408,0,0.0,0.0,-1,0.488147,42.37,0.489872,0,9
u292,15-1243.00,Database Architects,15-1244.00,Network and Computer Systems Administrators,15-2031.00,Operations Research Analysts,0.918051,0.005806,0,0.0,0.0,-1,0.51551,41.86,0.488998,0,10
u292,15-1243.00,Database Architects,15-1244.00,Network and Computer Systems Administrators,15-1252.00,Software Developers,0.916664,0.0,0,0.0,0.0,-1,0.470017,40.0,0.483001,0,11
u293,15-1244.00,Network and Computer Systems Administrators,15-1212.00,Information Security Analysts,15-1212.00,Information Security Analysts,0.919977,0.0,0,1.0,1.0,1,0.414608,40.0,0.626181,1,1
u293,15-1244.00,Network and Computer Systems Administrators,15-1212.00,Information Security Analysts,15-1211.00,Computer Systems Analysts,0.95971,0.0,0,0.0,0.0,-1,0.472067,40.0,0.502679,0,2
u293,15-1244.00,Network and Computer Systems Administrators,15-1212.00,Information Security Analysts,15-1253.00,Software Quality Assurance Analysts and Testers,0.925825,0.0,0,0.0,0.0,-1,0.425527,40.0,0.48045,0,3
u293,15-1244.00,Network and Computer Systems Administrators,15-1212.00,Information Security Analysts,15-1242.00,Database Administrators,0.921761,0.0,0,0.0,0.0,-1,0.432406,40.0,0.479653,0,4
u293,15-1244.00,Network and Computer Systems Administrators,15-1212.00,Information Security Analysts,15-1243.00,Database Architects,0.917218,0.0,0,0.0,0.0,-1,0.428087,40.0,0.476961,0,5
u293,15-1244.00,Network and Computer Systems Administrators,15-1212.00,Information Security Analysts,15-1254.00,Web Developers,0.919306,0.0,0,0.0,0.0,-1,0.416716,40.0,0.476195,0,6
u293,15-1244.00,Network and Computer Systems Administrators,15-1212.00,Information Security Analysts,15-1255.00,Web and Digital Interface Designers,0.896351,0.0,0,0.0,0.0,-1,0.419245,40.0,0.466245,0,7
u293,15-1244.00,Network and Computer Systems Administrators,15-1212.00,Information Security Analysts,15-1251.00,Computer Programmers,0.892785,0.002836,0,0.0,0.0,-1,0.416234,40.91,0.46348,0,8
u293,15-1244.00,Network and Computer Systems Administrators,15-1212.00,Information Security Analysts,15-2051.00,Data Scientists,0.881781,0.0,0,0.0,0.0,-1,0.416564,40.0,0.459286,0,9
u293,15-1244.00,Network and Computer Systems Administrators,15-1212.00,Information Security Analysts,15-2031.00,Operations Research Analysts,0.853119,0.006578,0,0.0,0.0,-1,0.443597,42.1,0.448799,0,10
u293,15-1244.00,Network and Computer Systems Administrators,15-1212.00,Information Security Analysts,15-1252.00,Software Developers,0.864395,0.0,0,0.0,0.0,-1,0.398103,40.0,0.448693,0,11
u294,15-1251.00,Computer Programmers,15-1252.00,Software Developers,15-1252.00,Software Developers,0.849357,0.0,0,0.615385,0.615385,1,0.481869,40.0,0.546799,1,1
u294,15-1251.00,Computer Programmers,15-1252.00,Software Developers,15-1254.00,Web Developers,0.959735,0.0,0,0.25641,0.25641,1,0.500482,40.0,0.545414,0,2
u294,15-1251.00,Computer Programmers,15-1252.00,Software Developers,15-2051.00,Data Scientists,0.910529,0.0,0,0.0,0.341881,2,0.50033,40.0,0.53607,0,3
u294,15-1251.00,Computer Programmers,15-1252.00,Software Developers,15-1212.00,Information Security Analysts,0.920435,0.000212,0,0.0,0.273504,2,0.498374,40.07,0.529924,0,4
u294,15-1251.00,Computer Programmers,15-1252.00,Software Developers,15-1244.00,Network and Computer Systems Administrators,0.960866,0.011494,1,0.0,0.0,-1,0.583766,55.68,0.517081,0,5
u294,15-1251.00,Computer Programmers,15-1252.00,Software Developers,15-1211.00,Computer Systems Analysts,0.962111,0.001747,0,0.0,0.0,-1,0.555833,40.56,0.515888,0,6
u294,15-1251.00,Computer Programmers,15-1252.00,Software Developers,15-1255.00,Web and Digital Interface Designers,0.936001,0.0,0,0.0,0.102564,2,0.503011,40.0,0.512037,0,7
u294,15-1251.00,Computer Programmers,15-1252.00,Software Developers,15-1243.00,Database Architects,0.947804,0.0,0,0.0,0.0,-1,0.511853,40.0,0.50329,0,8
u294,15-1251.00,Computer Programmers,15-1252.00,Software Developers,15-1242.00,Database Administrators,0.945983,0.0,0,0.0,0.0,-1,0.516171,40.0,0.503118,0,9
u294,15-1251.00,Computer Programmers,15-1252.00,Software Developers,15-1253.00,Software Quality Assurance Analysts and Testers,0.945465,0.000818,0,0.0,0.0,-1,0.509293,40.26,0.501649,0,10
u294,15-1251.00,Computer Programmers,15-1252.00,Software Developers,15-2031.00,Operations Research Analysts,0.896146,0.00344,0,0.128205,0.128205,1,0.527362,41.1,0.500741,0,11
u295,15-1252.00,Software Developers,15-1253.00,Software Quality Assurance Analysts and Testers,15-2051.00,Data Scientists,0.932798,0.0,0,0.555556,0.555556,1,0.518461,40.0,0.580862,0,1
u295,15-1252.00,Software Developers,15-1253.00,Software Quality Assurance Analysts and Testers,15-1212.00,Information Security Analysts,0.95477,0.0,0,0.444444,0.444444,1,0.516505,40.0,0.573789,0,2
u295,15-1252.00,Software Developers,15-1253.00,Software Quality Assurance Analysts and Testers,15-1211.00,Computer Systems Analysts,0.966495,0.007583,2,0.0,0.0,-1,0.573963,66.43,0.519121,0,3
u295,15-1252.00,Software Developers,15-1253.00,Software Quality Assurance Analysts and Testers,15-1244.00,Network and Computer Systems Administrators,0.95878,0.017329,3,0.0,0.0,-1,0.601897,81.55,0.517403,0,4
u295,15-1252.00,Software Developers,15-1253.00,Software Quality Assurance Analysts and Testers,15-1243.00,Database Architects,0.95137,0.008623,2,0.0,0.0,-1,0.529983,66.76,0.505458,0,5
u295,15-1252.00,Software Developers,15-1253.00,Software Quality Assurance Analysts and Testers,15-1242.00,Database Administrators,0.94549,0.006618,2,0.0,0.0,-1,0.534302,66.12,0.503961,0,6
u295,15-1252.00,Software Developers,15-1253.00,Software Quality Assurance Analysts and Testers,15-1255.00,Web and Digital Interface Designers,0.9401,0.010563,1,0.0,0.0,-1,0.521142,55.38,0.498576,0,7
u295,15-1252.00,Software Developers,15-1253.00,Software Quality Assurance Analysts and Testers,15-1253.00,Software Quality Assurance Analysts and Testers,0.926599,0.011937,2,0.0,0.0,-1,0.527424,67.82,0.493099,1,8
u295,15-1252.00,Software Developers,15-1253.00,Software Quality Assurance Analysts and Testers,15-1254.00,Web Developers,0.921196,0.023696,2,0.0,0.0,-1,0.518612,71.58,0.486406,0,9
u295,15-1252.00,Software Developers,15-1253.00,Software Quality Assurance Analysts and Testers,15-2031.00,Operations Research Analysts,0.893974,0.02582,2,0.0,0.0,-1,0.545493,72.26,0.477657,0,10
u295,15-1252.00,Software Developers,15-1253.00,Software Quality Assurance Analysts and Testers,15-1251.00,Computer Programmers,0.886325,0.040161,2,0.0,0.0,-1,0.518131,76.85,0.466526,0,11
u296,15-1253.00,Software Quality Assurance Analysts and Testers,15-1252.00,Software Developers,15-1252.00,Software Developers,0.889573,0.0,0,1.0,1.0,1,0.472576,40.0,0.621194,1,1
u296,15-1253.00,Software Quality Assurance Analysts and Testers,15-1252.00,Software Developers,15-2051.00,Data Scientists,0.930216,0.0,0,0.0,0.555556,2,0.491037,40.0,0.575586,0,2
u296,15-1253.00,Software Quality Assurance Analysts and Testers,15-1252.00,Software Developers,15-1212.00,Information Security Analysts,0.957733,0.0,0,0.0,0.444444,2,0.489081,40.0,0.571009,0,3
u296,15-1253.00,Software Quality Assurance Analysts and Testers,15-1252.00,Software Developers,15-1211.00,Computer Systems Analysts,0.976044,6e-06,0,0.0,0.0,-1,0.54654,40.0,0.521199,0,4
u296,15-1253.00,Software Quality Assurance Analysts and Testers,15-1252.00,Software Developers,15-1244.00,Network and Computer Systems Administrators,0.968443,0.006443,2,0.0,0.0,-1,0.574473,66.06,0.52036,0,5
u296,15-1253.00,Software Quality Assurance Analysts and Testers,15-1252.00,Software Developers,15-1242.00,Database Administrators,0.957521,0.0,0,0.0,0.0,-1,0.506878,40.0,0.506916,0,6
u296,15-1253.00,Software Quality Assurance Analysts and Testers,15-1252.00,Software Developers,15-1254.00,Web Developers,0.960055,0.0,0,0.0,0.0,-1,0.491189,40.0,0.505703,0,7
u296,15-1253.00,Software Quality Assurance Analysts and Testers,15-1252.00,Software Developers,15-1243.00,Database Architects,0.952657,0.0,0,0.0,0.0,-1,0.50256,40.0,0.50408,0,8
u296,15-1253.00,Software Quality Assurance Analysts and Testers,15-1252.00,Software Developers,15-1251.00,Computer Programmers,0.941973,0.007069,0,0.0,0.0,-1,0.490707,42.26,0.495727,0,9
u296,15-1253.00,Software Quality Assurance Analysts and Testers,15-1252.00,Software Developers,15-1255.00,Web and Digital Interface Designers,0.934662,0.0,0,0.0,0.0,-1,0.493718,40.0,0.494656,0,10
u296,15-1253.00,Software Quality Assurance Analysts and Testers,15-1252.00,Software Developers,15-2031.00,Operations Research Analysts,0.905977,0.011494,0,0.0,0.0,-1,0.518069,43.68,0.482527,0,11
u297,15-1254.00,Web Developers,15-1252.00,Software Developers,15-1255.00,Web and Digital Interface Designers,0.947526,0.0,0,0.4,0.4,1,0.50253,40.0,0.561766,0,1
u297,15-1254.00,Web Developers,15-1252.00,Software Developers,15-1252.00,Software Developers,0.876478,6.6e-05,0,0.6,0.6,1,0.481388,40.02,0.556607,1,2
u297,15-1254.00,Web Developers,15-1252.00,Software Developers,15-2051.00,Data Scientists,0.924166,0.0,0,0.0,0.333334,2,0.499848,40.0,0.540852,0,3
u297,15-1254.00,Web Developers,15-1252.00,Software Developers,15-1212.00,Information Security Analysts,0.934441,4e-06,0,0.0,0.266666,2,0.497892,40.0,0.535181,0,4
u297,15-1254.00,Web Developers,15-1252.00,Software Developers,15-1211.00,Computer Systems Analysts,0.964932,0.002711,1,0.0,0.0,-1,0.555351,52.87,0.516844,0,5
u297,15-1254.00,Web Developers,15-1252.00,Software Developers,15-1244.00,Network and Computer Systems Administrators,0.961844,0.014546,4,0.0,0.0,-1,0.583284,92.65,0.516686,0,6
u297,15-1254.00,Web Developers,15-1252.00,Software Developers,15-1243.00,Database Architects,0.960159,0.0,0,0.0,0.0,-1,0.511371,40.0,0.508777,0,7
u297,15-1254.00,Web Developers,15-1252.00,Software Developers,15-1242.00,Database Administrators,0.953795,0.0,0,0.0,0.0,-1,0.51569,40.0,0.506561,0,8
u297,15-1254.00,Web Developers,15-1252.00,Software Developers,15-1253.00,Software Quality Assurance Analysts and Testers,0.941584,0.000889,0,0.0,0.0,-1,0.508811,40.28,0.499812,0,9
u297,15-1254.00,Web Developers,15-1252.00,Software Developers,15-1251.00,Computer Programmers,0.938945,0.000944,0,0.0,0.0,-1,0.499518,40.3,0.497217,0,10
u297,15-1254.00,Web Developers,15-1252.00,Software Developers,15-2031.00,Operations Research Analysts,0.902421,0.016436,1,0.0,0.0,-1,0.526881,57.26,0.481012,0,11
u298,15-1255.00,Web and Digital Interface Designers,15-2031.00,Operations Research Analysts,15-1211.00,Computer Systems Analysts,0.970357,0.00405,1,0.0,0.0,-1,0.552821,53.3,0.518572,0,1
u298,15-1255.00,Web and Digital Interface Designers,15-2031.00,Operations Research Analysts,15-1244.00,Network and Computer Systems Administrators,0.961231,0.013295,2,0.0,0.0,-1,0.580755,68.25,0.516343,0,2
u298,15-1255.00,Web and Digital Interface Designers,15-2031.00,Operations Research Analysts,15-1243.00,Database Architects,0.964432,0.0,0,0.0,0.0,-1,0.508841,40.0,0.510321,0,3
u298,15-1255.00,Web and Digital Interface Designers,15-2031.00,Operations Research Analysts,15-1254.00,Web Developers,0.965223,0.0,0,0.0,0.0,-1,0.49747,40.0,0.508971,0,4
u298,15-1255.00,Web and Digital Interface Designers,15-2031.00,Operations Research Analysts,15-1242.00,Database Administrators,0.958438,0.0,0,0.0,0.0,-1,0.51316,40.0,0.508271,0,5
u298,15-1255.00,Web and Digital Interface Designers,15-2031.00,Operations Research Analysts,15-1253.00,Software Quality Assurance Analysts and Testers,0.950442,0.001345,0,0.0,0.0,-1,0.506282,40.43,0.503305,0,6
u298,15-1255.00,Web and Digital Interface Designers,15-2031.00,Operations Research Analysts,15-1212.00,Information Security Analysts,0.946742,0.0,0,0.0,0.0,-1,0.495363,40.0,0.500338,0,7
u298,15-1255.00,Web and Digital Interface Designers,15-2031.00,Operations Research Analysts,15-1251.00,Computer Programmers,0.942192,0.000858,0,0.0,0.0,-1,0.496989,40.27,0.49832,0,8
u298,15-1255.00,Web and Digital Interface Designers,15-2031.00,Operations Research Analysts,15-2051.00,Data Scientists,0.93121,0.0,0,0.0,0.0,-1,0.497319,40.0,0.493642,0,9
u298,15-1255.00,Web and Digital Interface Designers,15-2031.00,Operations Research Analysts,15-2031.00,Operations Research Analysts,0.903146,0.011507,0,0.0,0.0,-1,0.524351,43.68,0.482192,1,10
u298,15-1255.00,Web and Digital Interface Designers,15-2031.00,Operations Research Analysts,15-1252.00,Software Developers,0.898524,0.0,0,0.0,0.0,-1,0.478858,40.0,0.476165,0,11
u299,15-2031.00,Operations Research Analysts,15-2051.00,Data Scientists,15-2051.00,Data Scientists,0.952393,0.0,0,1.0,1.0,1,0.472968,40.0,0.649522,1,1
u299,15-2031.00,Operations Research Analysts,15-2051.00,Data Scientists,15-1211.00,Computer Systems Analysts,0.960261,0.003962,2,0.0,0.0,-1,0.52847,65.27,0.510397,0,2
u299,15-2031.00,Operations Research Analysts,15-2051.00,Data Scientists,15-1242.00,Database Administrators,0.958091,0.000328,0,0.0,0.0,-1,0.488809,40.11,0.50438,0,3
u299,15-2031.00,Operations Research Analysts,15-2051.00,Data Scientists,15-1243.00,Database Architects,0.955331,0.001443,0,0.0,0.0,-1,0.48449,40.46,0.502212,0,4
u299,15-2031.00,Operations Research Analysts,15-2051.00,Data Scientists,15-1244.00,Network and Computer Systems Administrators,0.940917,0.018968,4,0.0,0.0,-1,0.556403,94.07,0.502131,0,5
u299,15-2031.00,Operations Research Analysts,15-2051.00,Data Scientists,15-1254.00,Web Developers,0.945009,0.008245,0,0.0,0.0,-1,0.473119,42.64,0.494161,0,6
u299,15-2031.00,Operations Research Analysts,15-2051.00,Data Scientists,15-1212.00,Information Security Analysts,0.941058,0.000305,0,0.0,0.0,-1,0.471011,40.1,0.494052,0,7
u299,15-2031.00,Operations Research Analysts,15-2051.00,Data Scientists,15-1253.00,Software Quality Assurance Analysts and Testers,0.939051,0.004763,1,0.0,0.0,-1,0.481931,53.52,0.493672,0,8
u299,15-2031.00,Operations Research Analysts,15-2051.00,Data Scientists,15-1255.00,Web and Digital Interface Designers,0.935448,0.004142,0,0.0,0.0,-1,0.475649,41.33,0.491263,0,9
u299,15-2031.00,Operations Research Analysts,15-2051.00,Data Scientists,15-1252.00,Software Developers,0.907116,0.002558,0,0.0,0.0,-1,0.454507,40.82,0.475739,0,10
u299,15-2031.00,Operations Research Analysts,15-2051.00,Data Scientists,15-1251.00,Computer Programmers,0.914442,0.028226,1,0.0,0.0,-1,0.472638,61.03,0.475338,0,11
u300,15-2051.00,Data Scientists,15-1211.00,Computer Systems Analysts,15-1211.00,Computer Systems Analysts,0.972107,0.004875,1,0.0,0.0,-1,0.555503,53.56,0.519555,1,1
u300,15-2051.00,Data Scientists,15-1211.00,Computer Systems Analysts,15-1244.00,Network and Computer Systems Administrators,0.962224,0.013128,2,0.0,0.0,-1,0.583436,68.2,0.517234,0,2
u300,15-2051.00,Data Scientists,15-1211.00,Computer Systems Analysts,15-1242.00,Database Administrators,0.963368,0.0,0,0.0,0.0,-1,0.515841,40.0,0.510892,0,3
u300,15-2051.00,Data Scientists,15-1211.00,Computer Systems Analysts,15-1243.00,Database Architects,0.964566,0.000444,0,0.0,0.0,-1,0.511523,40.14,0.510672,0,4
u300,15-2051.00,Data Scientists,15-1211.00,Computer Systems Analysts,15-1212.00,Information Security Analysts,0.958657,0.0,0,0.0,0.0,-1,0.498044,40.0,0.506102,0,5
u300,15-2051.00,Data Scientists,15-1211.00,Computer Systems Analysts,15-1254.00,Web Developers,0.957446,0.0,0,0.0,0.0,-1,0.500152,40.0,0.505873,0,6
u300,15-2051.00,Data Scientists,15-1211.00,Computer Systems Analysts,15-1255.00,Web and Digital Interface Designers,0.953973,0.000461,0,0.0,0.0,-1,0.502681,40.15,0.504575,0,7
u300,15-2051.00,Data Scientists,15-1211.00,Computer Systems Analysts,15-1253.00,Software Quality Assurance Analysts and Testers,0.947437,0.00093,0,0.0,0.0,-1,0.508963,40.3,0.502459,0,8
u300,15-2051.00,Data Scientists,15-1211.00,Computer Systems Analysts,15-2031.00,Operations Research Analysts,0.929681,0.002146,1,0.0,0.0,-1,0.527032,52.69,0.496875,0,9
u300,15-2051.00,Data Scientists,15-1211.00,Computer Systems Analysts,15-1251.00,Computer Programmers,0.929414,0.010149,0,0.0,0.0,-1,0.49967,43.25,0.49065,0,10
u300,15-2051.00,Data Scientists,15-1211.00,Computer Systems Analysts,15-1252.00,Software Developers,0.912346,0.005041,1,0.0,0.0,-1,0.481539,53.61,0.481526,0,11
