user_id,current_job,current_job_name,target_job,target_job_name,candidate_job,candidate_job_name,match_score,gap_score,missing_skill_count,direct_transition_probability,path_probability,path_length,growth_score,estimated_training_hours,recommendation_score,is_target,rank
u001,15-1251.00,Computer Programmers,15-1252.00,Software Developers,15-1252.00,Software Developers,0.857432,0.0,0,0.615385,0.615385,1,0.481869,40.0,0.550433,1,1
u001,15-1251.00,Computer Programmers,15-1252.00,Software Developers,15-1254.00,Web Developers,0.95823,0.0,0,0.25641,0.25641,1,0.500482,40.0,0.544737,0,2
u001,15-1251.00,Computer Programmers,15-1252.00,Software Developers,15-2051.00,Data Scientists,0.904937,0.0,0,0.0,0.341881,2,0.50033,40.0,0.533553,0,3
u001,15-1251.00,Computer Programmers,15-1252.00,Software Developers,15-1212.00,Information Security Analysts,0.928191,0.0,0,0.0,0.273504,2,0.498374,40.0,0.533467,0,4
u001,15-1251.00,Computer Programmers,15-1252.00,Software Developers,15-1244.00,Network and Computer Systems Administrators,0.970578,0.005545,2,0.0,0.0,-1,0.583766,65.77,0.522939,0,5
u002,15-1254.00,Web Developers,15-1252.00,Software Developers,15-1255.00,Web and Digital Interface Designers,0.940392,0.0,0,0.4,0.4,1,0.50253,40.0,0.558556,0,1
u002,15-1254.00,Web Developers,15-1252.00,Software Developers,15-1252.00,Software Developers,0.875544,0.0,0,0.6,0.6,1,0.481388,40.0,0.556203,1,2
u002,15-1254.00,Web Developers,15-1252.00,Software Developers,15-2051.00,Data Scientists,0.918023,0.0,0,0.0,0.333334,2,0.499848,40.0,0.538088,0,3
u002,15-1254.00,Web Developers,15-1252.00,Software Developers,15-1212.00,Information Security Analysts,0.93996,0.0,0,0.0,0.266666,2,0.497892,40.0,0.537666,0,4
u002,15-1254.00,Web Developers,15-1252.00,Software Developers,15-1244.00,Network and Computer Systems Administrators,0.96838,0.005202,1,0.0,0.0,-1,0.583284,53.66,0.521963,0,5
u003,15-1242.00,Database Administrators,15-2051.00,Data Scientists,15-2051.00,Data Scientists,0.937911,0.0,0,1.0,1.0,1,0.484159,40.0,0.644684,1,1
u003,15-1242.00,Database Administrators,15-2051.00,Data Scientists,15-1211.00,Computer Systems Analysts,0.97752,0.000241,0,0.0,0.0,-1,0.539661,40.08,0.520773,0,2
u003,15-1242.00,Database Administrators,15-2051.00,Data Scientists,15-1244.00,Network and Computer Systems Administrators,0.96652,0.008003,1,0.0,0.0,-1,0.567594,54.56,0.518073,0,3
u003,15-1242.00,Database Administrators,15-2051.00,Data Scientists,15-1243.00,Database Architects,0.959256,0.0,0,0.0,0.0,-1,0.495681,40.0,0.506017,0,4
u003,15-1242.00,Database Administrators,15-2051.00,Data Scientists,15-1254.00,Web Developers,0.955431,0.0,0,0.0,0.0,-1,0.48431,40.0,0.502591,0,5
u004,15-1244.00,Network and Computer Systems Administrators,15-1212.00,Information Security Analysts,15-1212.00,Information Security Analysts,0.916586,0.0,0,1.0,1.0,1,0.414608,40.0,0.624655,1,1
u004,15-1244.00,Network and Computer Systems Administrators,15-1212.00,Information Security Analysts,15-1211.00,Computer Systems Analysts,0.958218,0.0,0,0.0,0.0,-1,0.472067,40.0,0.502008,0,2
u004,15-1244.00,Network and Computer Systems Administrators,15-1212.00,Information Security Analysts,15-1242.00,Database Administrators,0.917292,0.0,0,0.0,0.0,-1,0.432406,40.0,0.477642,0,3
u004,15-1244.00,Network and Computer Systems Administrators,15-1212.00,Information Security Analysts,15-1253.00,Software Quality Assurance Analysts and Testers,0.918301,0.0,0,0.0,0.0,-1,0.425527,40.0,0.477064,0,4
u004,15-1244.00,Network and Computer Systems Administrators,15-1212.00,Information Security Analysts,15-1243.00,Database Architects,0.910229,0.0,0,0.0,0.0,-1,0.428087,40.0,0.473816,0,5
u005,15-1253.00,Software Quality Assurance Analysts and Testers,15-1252.00,Software Developers,15-1252.00,Software Developers,0.879238,0.0,0,1.0,1.0,1,0.472576,40.0,0.616543,1,1
u005,15-1253.00,Software Quality Assurance Analysts and Testers,15-1252.00,Software Developers,15-2051.00,Data Scientists,0.917364,0.00082,0,0.0,0.555556,2,0.491037,40.26,0.569598,0,2
u005,15-1253.00,Software Quality Assurance Analysts and Testers,15-1252.00,Software Developers,15-1212.00,Information Security Analysts,0.94943,0.0,0,0.0,0.444444,2,0.489081,40.0,0.567272,0,3
u005,15-1253.00,Software Quality Assurance Analysts and Testers,15-1252.00,Software Developers,15-1244.00,Network and Computer Systems Administrators,0.971457,0.001321,0,0.0,0.0,-1,0.574473,40.42,0.522996,0,4
u005,15-1253.00,Software Quality Assurance Analysts and Testers,15-1252.00,Software Developers,15-1211.00,Computer Systems Analysts,0.971518,7.8e-05,0,0.0,0.0,-1,0.54654,40.02,0.519145,0,5
u006,15-1211.00,Computer Systems Analysts,15-2051.00,Data Scientists,15-2051.00,Data Scientists,0.908285,0.0,0,1.0,1.0,1,0.444497,40.0,0.625403,1,1
u006,15-1211.00,Computer Systems Analysts,15-2051.00,Data Scientists,15-1244.00,Network and Computer Systems Administrators,0.988498,0.0,0,0.0,0.0,-1,0.527933,40.0,0.524014,0,2
u006,15-1211.00,Computer Systems Analysts,15-2051.00,Data Scientists,15-1242.00,Database Administrators,0.945392,0.0,0,0.0,0.0,-1,0.460339,40.0,0.494477,0,3
u006,15-1211.00,Computer Systems Analysts,15-2051.00,Data Scientists,15-1253.00,Software Quality Assurance Analysts and Testers,0.947466,0.0,0,0.0,0.0,-1,0.45346,40.0,0.494379,0,4
u006,15-1211.00,Computer Systems Analysts,15-2051.00,Data Scientists,15-1243.00,Database Architects,0.939391,0.0,0,0.0,0.0,-1,0.45602,40.0,0.491129,0,5
u007,15-1252.00,Software Developers,15-1253.00,Software Quality Assurance Analysts and Testers,15-2051.00,Data Scientists,0.933115,0.0,0,0.555556,0.555556,1,0.518461,40.0,0.581004,0,1
u007,15-1252.00,Software Developers,15-1253.00,Software Quality Assurance Analysts and Testers,15-1212.00,Information Security Analysts,0.954333,0.001503,0,0.444444,0.444444,1,0.516505,40.48,0.573216,0,2
u007,15-1252.00,Software Developers,15-1253.00,Software Quality Assurance Analysts and Testers,15-1211.00,Computer Systems Analysts,0.968197,0.006804,2,0.0,0.0,-1,0.573963,66.18,0.520082,0,3
u007,15-1252.00,Software Developers,15-1253.00,Software Quality Assurance Analysts and Testers,15-1244.00,Network and Computer Systems Administrators,0.960342,0.01684,4,0.0,0.0,-1,0.601897,93.39,0.518228,0,4
u007,15-1252.00,Software Developers,15-1253.00,Software Quality Assurance Analysts and Testers,15-1243.00,Database Architects,0.95366,0.00642,1,0.0,0.0,-1,0.529983,54.05,0.507039,0,5
u008,15-1253.00,Software Quality Assurance Analysts and Testers,15-1252.00,Software Developers,15-1252.00,Software Developers,0.872637,0.0,0,1.0,1.0,1,0.472576,40.0,0.613573,1,1
u008,15-1253.00,Software Quality Assurance Analysts and Testers,15-1252.00,Software Developers,15-2051.00,Data Scientists,0.915235,0.0,0,0.0,0.555556,2,0.491037,40.0,0.568845,0,2
u008,15-1253.00,Software Quality Assurance Analysts and Testers,15-1252.00,Software Developers,15-1212.00,Information Security Analysts,0.943704,0.0,0,0.0,0.444444,2,0.489081,40.0,0.564695,0,3
u008,15-1253.00,Software Quality Assurance Analysts and Testers,15-1252.00,Software Developers,15-1244.00,Network and Computer Systems Administrators,0.974423,0.001494,1,0.0,0.0,-1,0.574473,52.48,0.524288,0,4
u008,15-1253.00,Software Quality Assurance Analysts and Testers,15-1252.00,Software Developers,15-1211.00,Computer Systems Analysts,0.975795,0.0,0,0.0,0.0,-1,0.54654,40.0,0.521089,0,5
u009,15-1254.00,Web Developers,15-1252.00,Software Developers,15-1255.00,Web and Digital Interface Designers,0.94291,0.0,0,0.4,0.4,1,0.50253,40.0,0.559689,0,1
u009,15-1254.00,Web Developers,15-1252.00,Software Developers,15-1252.00,Software Developers,0.880659,0.003284,1,0.6,0.6,1,0.481388,53.05,0.557684,1,2
u009,15-1254.00,Web Developers,15-1252.00,Software Developers,15-1212.00,Information Security Analysts,0.948485,0.0,0,0.0,0.266666,2,0.497892,40.0,0.541502,0,3
u009,15-1254.00,Web Developers,15-1252.00,Software Developers,15-2051.00,Data Scientists,0.921848,0.003281,0,0.0,0.333334,2,0.499848,41.05,0.538989,0,4
u009,15-1254.00,Web Developers,15-1252.00,Software Developers,15-1244.00,Network and Computer Systems Administrators,0.968046,0.007166,2,0.0,0.0,-1,0.583284,66.29,0.521322,0,5
u010,15-1255.00,Web and Digital Interface Designers,15-2031.00,Operations Research Analysts,15-1211.00,Computer Systems Analysts,0.969493,0.004185,2,0.0,0.0,-1,0.552821,65.34,0.518149,0,1
u010,15-1255.00,Web and Digital Interface Designers,15-2031.00,Operations Research Analysts,15-1244.00,Network and Computer Systems Administrators,0.959582,0.013179,3,0.0,0.0,-1,0.580755,80.22,0.51563,0,2
u010,15-1255.00,Web and Digital Interface Designers,15-2031.00,Operations Research Analysts,15-1243.00,Database Architects,0.968815,0.0,0,0.0,0.0,-1,0.508841,40.0,0.512293,0,3
u010,15-1255.00,Web and Digital Interface Designers,15-2031.00,Operations Research Analysts,15-1254.00,Web Developers,0.96512,0.0,0,0.0,0.0,-1,0.49747,40.0,0.508924,0,4
u010,15-1255.00,Web and Digital Interface Designers,15-2031.00,Operations Research Analysts,15-1242.00,Database Administrators,0.95951,0.0,0,0.0,0.0,-1,0.51316,40.0,0.508754,0,5
u011,15-2031.00,Operations Research Analysts,15-2051.00,Data Scientists,15-2051.00,Data Scientists,0.943102,0.0,0,1.0,1.0,1,0.472968,40.0,0.645341,1,1
u011,15-2031.00,Operations Research Analysts,15-2051.00,Data Scientists,15-1211.00,Computer Systems Analysts,0.948875,0.006631,2,0.0,0.0,-1,0.52847,66.12,0.504606,0,2
u011,15-2031.00,Operations Research Analysts,15-2051.00,Data Scientists,15-1242.00,Database Administrators,0.947968,0.0,0,0.0,0.0,-1,0.488809,40.0,0.499907,0,3
u011,15-2031.00,Operations Research Analysts,15-2051.00,Data Scientists,15-1243.00,Database Architects,0.949343,0.0,0,0.0,0.0,-1,0.48449,40.0,0.499878,0,4
u011,15-2031.00,Operations Research Analysts,15-2051.00,Data Scientists,15-1244.00,Network and Computer Systems Administrators,0.933757,0.020365,4,0.0,0.0,-1,0.556403,94.52,0.49856,0,5
u012,15-2051.00,Data Scientists,15-1211.00,Computer Systems Analysts,15-1244.00,Network and Computer Systems Administrators,0.970653,0.006787,0,0.0,0.0,-1,0.583436,42.17,0.522613,0,1
u012,15-2051.00,Data Scientists,15-1211.00,Computer Systems Analysts,15-1211.00,Computer Systems Analysts,0.973732,0.001819,0,0.0,0.0,-1,0.555503,40.58,0.52105,1,2
u012,15-2051.00,Data Scientists,15-1211.00,Computer Systems Analysts,15-1242.00,Database Administrators,0.959869,0.0,0,0.0,0.0,-1,0.515841,40.0,0.509317,0,3
u012,15-2051.00,Data Scientists,15-1211.00,Computer Systems Analysts,15-1243.00,Database Architects,0.958851,0.0,0,0.0,0.0,-1,0.511523,40.0,0.508211,0,4
u012,15-2051.00,Data Scientists,15-1211.00,Computer Systems Analysts,15-1212.00,Information Security Analysts,0.956101,0.0,0,0.0,0.0,-1,0.498044,40.0,0.504952,0,5
u013,15-1211.00,Computer Systems Analysts,15-2051.00,Data Scientists,15-2051.00,Data Scientists,0.9134,0.0,0,1.0,1.0,1,0.444497,40.0,0.627705,1,1
u013,15-1211.00,Computer Systems Analysts,15-2051.00,Data Scientists,15-1244.00,Network and Computer Systems Administrators,0.980256,0.002549,1,0.0,0.0,-1,0.527933,52.82,0.519668,0,2
u013,15-1211.00,Computer Systems Analysts,15-2051.00,Data Scientists,15-1253.00,Software Quality Assurance Analysts and Testers,0.953441,0.0,0,0.0,0.0,-1,0.45346,40.0,0.497067,0,3
u013,15-1211.00,Computer Systems Analysts,15-2051.00,Data Scientists,15-1242.00,Database Administrators,0.94981,0.0,0,0.0,0.0,-1,0.460339,40.0,0.496465,0,4
u013,15-1211.00,Computer Systems Analysts,15-2051.00,Data Scientists,15-1243.00,Database Architects,0.945859,0.0,0,0.0,0.0,-1,0.45602,40.0,0.494039,0,5
u014,15-1212.00,Information Security Analysts,15-1242.00,Database Administrators,15-1211.00,Computer Systems Analysts,0.975395,0.000514,0,0.0,0.0,-1,0.557459,40.16,0.522418,0,1
u014,15-1212.00,Information Security Analysts,15-1242.00,Database Administrators,15-1244.00,Network and Computer Systems Administrators,0.965719,0.012007,2,0.0,0.0,-1,0.585392,67.84,0.519381,0,2
u014,15-1212.00,Information Security Analysts,15-1242.00,Database Administrators,15-1242.00,Database Administrators,0.956793,0.000597,0,0.0,0.0,-1,0.517798,40.19,0.508077,1,3
u014,15-1212.00,Information Security Analysts,15-1242.00,Database Administrators,15-1243.00,Database Architects,0.955923,0.001592,0,0.0,0.0,-1,0.513479,40.51,0.506789,0,4
u014,15-1212.00,Information Security Analysts,15-1242.00,Database Administrators,15-1253.00,Software Quality Assurance Analysts and Testers,0.949107,0.001106,0,0.0,0.0,-1,0.510919,40.35,0.50346,0,5
u015,15-1242.00,Database Administrators,15-2051.00,Data Scientists,15-2051.00,Data Scientists,0.945815,0.0,0,1.0,1.0,1,0.484159,40.0,0.648241,1,1
u015,15-1242.00,Database Administrators,15-2051.00,Data Scientists,15-1211.00,Computer Systems Analysts,0.984259,0.0,0,0.0,0.0,-1,0.539661,40.0,0.523866,0,2
u015,15-1242.00,Database Administrators,15-2051.00,Data Scientists,15-1244.00,Network and Computer Systems Administrators,0.97499,0.006675,2,0.0,0.0,-1,0.567594,66.14,0.522216,0,3
u015,15-1242.00,Database Administrators,15-2051.00,Data Scientists,15-1243.00,Database Architects,0.96264,0.0,0,0.0,0.0,-1,0.495681,40.0,0.50754,0,4
u015,15-1242.00,Database Administrators,15-2051.00,Data Scientists,15-1212.00,Information Security Analysts,0.964756,0.0,0,0.0,0.0,-1,0.482202,40.0,0.50647,0,5
u016,15-1243.00,Database Architects,15-1244.00,Network and Computer Systems Administrators,15-1211.00,Computer Systems Analysts,0.970728,0.001552,0,0.0,0.0,-1,0.54398,40.5,0.518037,0,1
u016,15-1243.00,Database Architects,15-1244.00,Network and Computer Systems Administrators,15-1244.00,Network and Computer Systems Administrators,0.96529,0.009542,0,0.0,0.0,-1,0.571913,43.05,0.517782,1,2
u016,15-1243.00,Database Architects,15-1244.00,Network and Computer Systems Administrators,15-1242.00,Database Administrators,0.960909,0.0,0,0.0,0.0,-1,0.504319,40.0,0.508057,0,3
u016,15-1243.00,Database Architects,15-1244.00,Network and Computer Systems Administrators,15-1254.00,Web Developers,0.960463,0.0,0,0.0,0.0,-1,0.488629,40.0,0.505503,0,4
u016,15-1243.00,Database Architects,15-1244.00,Network and Computer Systems Administrators,15-1255.00,Web and Digital Interface Designers,0.954323,0.0,0,0.0,0.0,-1,0.491159,40.0,0.503119,0,5
u017,15-1244.00,Network and Computer Systems Administrators,15-1212.00,Information Security Analysts,15-1212.00,Information Security Analysts,0.913779,0.0,0,1.0,1.0,1,0.414608,40.0,0.623392,1,1
u017,15-1244.00,Network and Computer Systems Administrators,15-1212.00,Information Security Analysts,15-1211.00,Computer Systems Analysts,0.958803,0.0,0,0.0,0.0,-1,0.472067,40.0,0.502271,0,2
u017,15-1244.00,Network and Computer Systems Administrators,15-1212.00,Information Security Analysts,15-1242.00,Database Administrators,0.915316,0.0,0,0.0,0.0,-1,0.432406,40.0,0.476753,0,3
u017,15-1244.00,Network and Computer Systems Administrators,15-1212.00,Information Security Analysts,15-1253.00,Software Quality Assurance Analysts and Testers,0.914103,0.0,0,0.0,0.0,-1,0.425527,40.0,0.475175,0,4
u017,15-1244.00,Network and Computer Systems Administrators,15-1212.00,Information Security Analysts,15-1254.00,Web Developers,0.913215,0.0,0,0.0,0.0,-1,0.416716,40.0,0.473454,0,5
u018,15-1251.00,Computer Programmers,15-1252.00,Software Developers,15-1252.00,Software Developers,0.860464,0.0,0,0.615385,0.615385,1,0.481869,40.0,0.551797,1,1
u018,15-1251.00,Computer Programmers,15-1252.00,Software Developers,15-1254.00,Web Developers,0.9641,0.0,0,0.25641,0.25641,1,0.500482,40.0,0.547379,0,2
u018,15-1251.00,Computer Programmers,15-1252.00,Software Developers,15-2051.00,Data Scientists,0.91204,0.0,0,0.0,0.341881,2,0.50033,40.0,0.53675,0,3
u018,15-1251.00,Computer Programmers,15-1252.00,Software Developers,15-1212.00,Information Security Analysts,0.930329,0.0,0,0.0,0.273504,2,0.498374,40.0,0.53443,0,4
u018,15-1251.00,Computer Programmers,15-1252.00,Software Developers,15-1211.00,Computer Systems Analysts,0.967642,0.001308,0,0.0,0.0,-1,0.555833,40.42,0.518487,0,5
u019,15-1252.00,Software Developers,15-1253.00,Software Quality Assurance Analysts and Testers,15-2051.00,Data Scientists,0.929518,0.0,0,0.555556,0.555556,1,0.518461,40.0,0.579386,0,1
u019,15-1252.00,Software Developers,15-1253.00,Software Quality Assurance Analysts and Testers,15-1212.00,Information Security Analysts,0.945764,0.000491,0,0.444444,0.444444,1,0.516505,40.16,0.569614,0,2
u019,15-1252.00,Software Developers,15-1253.00,Software Quality Assurance Analysts and Testers,15-1244.00,Network and Computer Systems Administrators,0.962769,0.01145,2,0.0,0.0,-1,0.601897,67.66,0.520668,0,3
u019,15-1252.00,Software Developers,15-1253.00,Software Quality Assurance Analysts and Testers,15-1211.00,Computer Systems Analysts,0.964297,0.004622,1,0.0,0.0,-1,0.573963,53.48,0.518873,0,4
u019,15-1252.00,Software Developers,15-1253.00,Software Quality Assurance Analysts and Testers,15-1243.00,Database Architects,0.94945,0.004443,0,0.0,0.0,-1,0.529983,41.42,0.505639,0,5
u020,15-1253.00,Software Quality Assurance Analysts and Testers,15-1252.00,Software Developers,15-1252.00,Software Developers,0.865468,0.0,0,1.0,1.0,1,0.472576,40.0,0.610347,1,1
u020,15-1253.00,Software Quality Assurance Analysts and Testers,15-1252.00,Software Developers,15-2051.00,Data Scientists,0.90288,0.0,0,0.0,0.555556,2,0.491037,40.0,0.563285,0,2
u020,15-1253.00,Software Quality Assurance Analysts and Testers,15-1252.00,Software Developers,15-1212.00,Information Security Analysts,0.932284,0.0,0,0.0,0.444444,2,0.489081,40.0,0.559556,0,3
u020,15-1253.00,Software Quality Assurance Analysts and Testers,15-1252.00,Software Developers,15-1244.00,Network and Computer Systems Administrators,0.972892,0.002375,0,0.0,0.0,-1,0.574473,40.76,0.523379,0,4
u020,15-1253.00,Software Quality Assurance Analysts and Testers,15-1252.00,Software Developers,15-1211.00,Computer Systems Analysts,0.968682,0.0,0,0.0,0.0,-1,0.54654,40.0,0.517888,0,5
u021,15-1254.00,Web Developers,15-1252.00,Software Developers,15-1255.00,Web and Digital Interface Designers,0.936443,0.0,0,0.4,0.4,1,0.50253,40.0,0.556779,0,1
u021,15-1254.00,Web Developers,15-1252.00,Software Developers,15-1252.00,Software Developers,0.874327,0.0,0,0.6,0.6,1,0.481388,40.0,0.555655,1,2
u021,15-1254.00,Web Developers,15-1252.00,Software Developers,15-2051.00,Data Scientists,0.914492,0.0,0,0.0,0.333334,2,0.499848,40.0,0.536499,0,3
u021,15-1254.00,Web Developers,15-1252.00,Software Developers,15-1212.00,Information Security Analysts,0.93531,0.0,0,0.0,0.266666,2,0.497892,40.0,0.535573,0,4
u021,15-1254.00,Web Developers,15-1252.00,Software Developers,15-1244.00,Network and Computer Systems Administrators,0.970383,0.007031,1,0.0,0.0,-1,0.583284,54.25,0.522407,0,5
u022,15-1255.00,Web and Digital Interface Designers,15-2031.00,Operations Research Analysts,15-1211.00,Computer Systems Analysts,0.969101,0.003364,1,0.0,0.0,-1,0.552821,53.08,0.518178,0,1
u022,15-1255.00,Web and Digital Interface Designers,15-2031.00,Operations Research Analysts,15-1244.00,Network and Computer Systems Administrators,0.963127,0.01243,2,0.0,0.0,-1,0.580755,67.98,0.517413,0,2
u022,15-1255.00,Web and Digital Interface Designers,15-2031.00,Operations Research Analysts,15-1243.00,Database Architects,0.964857,0.0,0,0.0,0.0,-1,0.508841,40.0,0.510512,0,3
u022,15-1255.00,Web and Digital Interface Designers,15-2031.00,Operations Research Analysts,15-1242.00,Database Administrators,0.955939,0.0,0,0.0,0.0,-1,0.51316,40.0,0.507146,0,4
u022,15-1255.00,Web and Digital Interface Designers,15-2031.00,Operations Research Analysts,15-1254.00,Web Developers,0.960582,0.0,0,0.0,0.0,-1,0.49747,40.0,0.506883,0,5
u023,15-2031.00,Operations Research Analysts,15-2051.00,Data Scientists,15-2051.00,Data Scientists,0.94564,0.0,0,1.0,1.0,1,0.472968,40.0,0.646483,1,1
u023,15-2031.00,Operations Research Analysts,15-2051.00,Data Scientists,15-1211.00,Computer Systems Analysts,0.958117,0.004604,1,0.0,0.0,-1,0.52847,53.47,0.509272,0,2
u023,15-2031.00,Operations Research Analysts,15-2051.00,Data Scientists,15-1244.00,Network and Computer Systems Administrators,0.944933,0.018182,4,0.0,0.0,-1,0.556403,93.82,0.504135,0,3
u023,15-2031.00,Operations Research Analysts,15-2051.00,Data Scientists,15-1242.00,Database Administrators,0.95363,0.000725,0,0.0,0.0,-1,0.488809,40.23,0.502274,0,4
u023,15-2031.00,Operations Research Analysts,15-2051.00,Data Scientists,15-1243.00,Database Architects,0.955201,0.001872,0,0.0,0.0,-1,0.48449,40.6,0.502046,0,5
u024,15-2051.00,Data Scientists,15-1211.00,Computer Systems Analysts,15-1211.00,Computer Systems Analysts,0.975018,0.002447,1,0.0,0.0,-1,0.555503,52.78,0.521472,1,1
u024,15-2051.00,Data Scientists,15-1211.00,Computer Systems Analysts,15-1244.00,Network and Computer Systems Administrators,0.96822,0.011208,1,0.0,0.0,-1,0.583436,55.59,0.520412,0,2
u024,15-2051.00,Data Scientists,15-1211.00,Computer Systems Analysts,15-1242.00,Database Administrators,0.96649,0.0,0,0.0,0.0,-1,0.515841,40.0,0.512297,0,3
u024,15-2051.00,Data Scientists,15-1211.00,Computer Systems Analysts,15-1243.00,Database Architects,0.965997,0.0,0,0.0,0.0,-1,0.511523,40.0,0.511427,0,4
u024,15-2051.00,Data Scientists,15-1211.00,Computer Systems Analysts,15-1212.00,Information Security Analysts,0.961314,0.0,0,0.0,0.0,-1,0.498044,40.0,0.507298,0,5
u025,15-1211.00,Computer Systems Analysts,15-2051.00,Data Scientists,15-2051.00,Data Scientists,0.904568,0.0,0,1.0,1.0,1,0.444497,40.0,0.62373,1,1
u025,15-1211.00,Computer Systems Analysts,15-2051.00,Data Scientists,15-1244.00,Network and Computer Systems Administrators,0.984548,0.000998,1,0.0,0.0,-1,0.527933,52.32,0.521987,0,2
u025,15-1211.00,Computer Systems Analysts,15-2051.00,Data Scientists,15-1242.00,Database Administrators,0.949884,0.0,0,0.0,0.0,-1,0.460339,40.0,0.496499,0,3
u025,15-1211.00,Computer Systems Analysts,15-2051.00,Data Scientists,15-1253.00,Software Quality Assurance Analysts and Testers,0.94696,0.0,0,0.0,0.0,-1,0.45346,40.0,0.494151,0,4
u025,15-1211.00,Computer Systems Analysts,15-2051.00,Data Scientists,15-1243.00,Database Architects,0.945194,0.0,0,0.0,0.0,-1,0.45602,40.0,0.49374,0,5
u026,15-1212.00,Information Security Analysts,15-1242.00,Database Administrators,15-1211.00,Computer Systems Analysts,0.979947,0.001608,0,0.0,0.0,-1,0.557459,40.51,0.524193,0,1
u026,15-1212.00,Information Security Analysts,15-1242.00,Database Administrators,15-1244.00,Network and Computer Systems Administrators,0.973142,0.007996,2,0.0,0.0,-1,0.585392,66.56,0.523723,0,2
u026,15-1212.00,Information Security Analysts,15-1242.00,Database Administrators,15-1242.00,Database Administrators,0.96159,0.002025,0,0.0,0.0,-1,0.517798,40.65,0.509879,1,3
u026,15-1212.00,Information Security Analysts,15-1242.00,Database Administrators,15-1253.00,Software Quality Assurance Analysts and Testers,0.955817,0.002765,0,0.0,0.0,-1,0.510919,40.88,0.506064,0,4
u026,15-1212.00,Information Security Analysts,15-1242.00,Database Administrators,15-1243.00,Database Architects,0.951009,0.003277,0,0.0,0.0,-1,0.513479,41.05,0.504156,0,5
u027,15-1242.00,Database Administrators,15-2051.00,Data Scientists,15-2051.00,Data Scientists,0.935985,0.0,0,1.0,1.0,1,0.484159,40.0,0.643817,1,1
u027,15-1242.00,Database Administrators,15-2051.00,Data Scientists,15-1244.00,Network and Computer Systems Administrators,0.972226,0.007992,2,0.0,0.0,-1,0.567594,66.56,0.520643,0,2
u027,15-1242.00,Database Administrators,15-2051.00,Data Scientists,15-1211.00,Computer Systems Analysts,0.9774,0.00103,0,0.0,0.0,-1,0.539661,40.33,0.520522,0,3
u027,15-1242.00,Database Administrators,15-2051.00,Data Scientists,15-1243.00,Database Architects,0.960045,0.0,0,0.0,0.0,-1,0.495681,40.0,0.506373,0,4
u027,15-1242.00,Database Administrators,15-2051.00,Data Scientists,15-1254.00,Web Developers,0.962141,0.0,0,0.0,0.0,-1,0.48431,40.0,0.50561,0,5
u028,15-1243.00,Database Architects,15-1244.00,Network and Computer Systems Administrators,15-1244.00,Network and Computer Systems Administrators,0.968946,0.010157,3,0.0,0.0,-1,0.571913,79.25,0.519274,1,1
u028,15-1243.00,Database Architects,15-1244.00,Network and Computer Systems Administrators,15-1211.00,Computer Systems Analysts,0.974569,0.003738,1,0.0,0.0,-1,0.54398,53.2,0.519218,0,2
u028,15-1243.00,Database Architects,15-1244.00,Network and Computer Systems Administrators,15-1242.00,Database Administrators,0.962622,0.0,0,0.0,0.0,-1,0.504319,40.0,0.508828,0,3
u028,15-1243.00,Database Architects,15-1244.00,Network and Computer Systems Administrators,15-1254.00,Web Developers,0.96004,0.0,0,0.0,0.0,-1,0.488629,40.0,0.505312,0,4
u028,15-1243.00,Database Architects,15-1244.00,Network and Computer Systems Administrators,15-1255.00,Web and Digital Interface Designers,0.952249,0.0,0,0.0,0.0,-1,0.491159,40.0,0.502186,0,5
u029,15-1244.00,Network and Computer Systems Administrators,15-1212.00,Information Security Analysts,15-1212.00,Information Security Analysts,0.918315,0.0,0,1.0,1.0,1,0.414608,40.0,0.625433,1,1
u029,15-1244.00,Network and Computer Systems Administrators,15-1212.00,Information Security Analysts,15-1211.00,Computer Systems Analysts,0.960792,0.0,0,0.0,0.0,-1,0.472067,40.0,0.503167,0,2
u029,15-1244.00,Network and Computer Systems Administrators,15-1212.00,Information Security Analysts,15-1242.00,Database Administrators,0.923475,0.0,0,0.0,0.0,-1,0.432406,40.0,0.480424,0,3
u029,15-1244.00,Network and Computer Systems Administrators,15-1212.00,Information Security Analysts,15-1253.00,Software Quality Assurance Analysts and Testers,0.924487,0.0,0,0.0,0.0,-1,0.425527,40.0,0.479848,0,4
u029,15-1244.00,Network and Computer Systems Administrators,15-1212.00,Information Security Analysts,15-1243.00,Database Architects,0.917555,0.0,0,0.0,0.0,-1,0.428087,40.0,0.477113,0,5
u030,15-1251.00,Computer Programmers,15-1252.00,Software Developers,15-1254.00,Web Developers,0.958951,0.0,0,0.25641,0.25641,1,0.500482,40.0,0.545062,0,1
u030,15-1251.00,Computer Programmers,15-1252.00,Software Developers,15-1252.00,Software Developers,0.842268,0.0,0,0.615385,0.615385,1,0.481869,40.0,0.543609,1,2
u030,15-1251.00,Computer Programmers,15-1252.00,Software Developers,15-2051.00,Data Scientists,0.905421,0.0,0,0.0,0.341881,2,0.50033,40.0,0.533771,0,3
u030,15-1251.00,Computer Programmers,15-1252.00,Software Developers,15-1212.00,Information Security Analysts,0.911757,0.0,0,0.0,0.273504,2,0.498374,40.0,0.526072,0,4
u030,15-1251.00,Computer Programmers,15-1252.00,Software Developers,15-1211.00,Computer Systems Analysts,0.957264,0.000697,0,0.0,0.0,-1,0.555833,40.22,0.513969,0,5
u031,15-1252.00,Software Developers,15-1253.00,Software Quality Assurance Analysts and Testers,15-2051.00,Data Scientists,0.925044,0.000176,0,0.555556,0.555556,1,0.518461,40.06,0.577328,0,1
u031,15-1252.00,Software Developers,15-1253.00,Software Quality Assurance Analysts and Testers,15-1212.00,Information Security Analysts,0.947285,0.0,0,0.444444,0.444444,1,0.516505,40.0,0.57042,0,2
u031,15-1252.00,Software Developers,15-1253.00,Software Quality Assurance Analysts and Testers,15-1244.00,Network and Computer Systems Administrators,0.959352,0.012409,4,0.0,0.0,-1,0.601897,91.97,0.518891,0,3
u031,15-1252.00,Software Developers,15-1253.00,Software Quality Assurance Analysts and Testers,15-1211.00,Computer Systems Analysts,0.963727,0.00684,2,0.0,0.0,-1,0.573963,66.19,0.518062,0,4
u031,15-1252.00,Software Developers,15-1253.00,Software Quality Assurance Analysts and Testers,15-1242.00,Database Administrators,0.941791,0.006815,2,0.0,0.0,-1,0.534302,66.18,0.502248,0,5
u032,15-1253.00,Software Quality Assurance Analysts and Testers,15-1252.00,Software Developers,15-1252.00,Software Developers,0.875912,0.0,0,1.0,1.0,1,0.472576,40.0,0.615047,1,1
u032,15-1253.00,Software Quality Assurance Analysts and Testers,15-1252.00,Software Developers,15-2051.00,Data Scientists,0.915914,0.000293,0,0.0,0.555556,2,0.491037,40.09,0.569077,0,2
u032,15-1253.00,Software Quality Assurance Analysts and Testers,15-1252.00,Software Developers,15-1212.00,Information Security Analysts,0.948843,0.0,0,0.0,0.444444,2,0.489081,40.0,0.567008,0,3
u032,15-1253.00,Software Quality Assurance Analysts and Testers,15-1252.00,Software Developers,15-1244.00,Network and Computer Systems Administrators,0.975347,0.003357,1,0.0,0.0,-1,0.574473,53.07,0.524238,0,4
u032,15-1253.00,Software Quality Assurance Analysts and Testers,15-1252.00,Software Developers,15-1211.00,Computer Systems Analysts,0.977516,0.0,0,0.0,0.0,-1,0.54654,40.0,0.521863,0,5
u033,15-1254.00,Web Developers,15-1252.00,Software Developers,15-1255.00,Web and Digital Interface Designers,0.939694,0.0,0,0.4,0.4,1,0.50253,40.0,0.558242,0,1
u033,15-1254.00,Web Developers,15-1252.00,Software Developers,15-1252.00,Software Developers,0.869154,0.0,0,0.6,0.6,1,0.481388,40.0,0.553328,1,2
u033,15-1254.00,Web Developers,15-1252.00,Software Developers,15-2051.00,Data Scientists,0.912667,0.0,0,0.0,0.333334,2,0.499848,40.0,0.535677,0,3
u033,15-1254.00,Web Developers,15-1252.00,Software Developers,15-1212.00,Information Security Analysts,0.934979,0.0,0,0.0,0.266666,2,0.497892,40.0,0.535424,0,4
u033,15-1254.00,Web Developers,15-1252.00,Software Developers,15-1244.00,Network and Computer Systems Administrators,0.970134,0.00729,2,0.0,0.0,-1,0.583284,66.33,0.52223,0,5
u034,15-1255.00,Web and Digital Interface Designers,15-2031.00,Operations Research Analysts,15-1211.00,Computer Systems Analysts,0.972502,0.001999,0,0.0,0.0,-1,0.552821,40.64,0.52005,0,1
u034,15-1255.00,Web and Digital Interface Designers,15-2031.00,Operations Research Analysts,15-1244.00,Network and Computer Systems Administrators,0.963617,0.010849,1,0.0,0.0,-1,0.580755,55.47,0.518029,0,2
u034,15-1255.00,Web and Digital Interface Designers,15-2031.00,Operations Research Analysts,15-1243.00,Database Architects,0.962867,0.0,0,0.0,0.0,-1,0.508841,40.0,0.509616,0,3
u034,15-1255.00,Web and Digital Interface Designers,15-2031.00,Operations Research Analysts,15-1242.00,Database Administrators,0.957394,0.0,0,0.0,0.0,-1,0.51316,40.0,0.507801,0,4
u034,15-1255.00,Web and Digital Interface Designers,15-2031.00,Operations Research Analysts,15-1254.00,Web Developers,0.958171,0.0,0,0.0,0.0,-1,0.49747,40.0,0.505798,0,5
u035,15-2031.00,Operations Research Analysts,15-2051.00,Data Scientists,15-2051.00,Data Scientists,0.946836,0.0,0,1.0,1.0,1,0.472968,40.0,0.647021,1,1
u035,15-2031.00,Operations Research Analysts,15-2051.00,Data Scientists,15-1211.00,Computer Systems Analysts,0.958553,0.004601,1,0.0,0.0,-1,0.52847,53.47,0.509469,0,2
u035,15-2031.00,Operations Research Analysts,15-2051.00,Data Scientists,15-1242.00,Database Administrators,0.956435,0.002339,0,0.0,0.0,-1,0.488809,40.75,0.503132,0,3
u035,15-2031.00,Operations Research Analysts,15-2051.00,Data Scientists,15-1243.00,Database Architects,0.955463,0.003616,0,0.0,0.0,-1,0.48449,41.16,0.501728,0,4
u035,15-2031.00,Operations Research Analysts,15-2051.00,Data Scientists,15-1244.00,Network and Computer Systems Administrators,0.938162,0.020039,4,0.0,0.0,-1,0.556403,94.41,0.500624,0,5
u036,15-2051.00,Data Scientists,15-1211.00,Computer Systems Analysts,15-1211.00,Computer Systems Analysts,0.973591,0.004357,1,0.0,0.0,-1,0.555503,53.39,0.520352,1,1
u036,15-2051.00,Data Scientists,15-1211.00,Computer Systems Analysts,15-1244.00,Network and Computer Systems Administrators,0.958509,0.014417,3,0.0,0.0,-1,0.583436,80.61,0.51524,0,2
u036,15-2051.00,Data Scientists,15-1211.00,Computer Systems Analysts,15-1242.00,Database Administrators,0.967974,0.0,0,0.0,0.0,-1,0.515841,40.0,0.512965,0,3
u036,15-2051.00,Data Scientists,15-1211.00,Computer Systems Analysts,15-1243.00,Database Architects,0.96382,0.0,0,0.0,0.0,-1,0.511523,40.0,0.510448,0,4
u036,15-2051.00,Data Scientists,15-1211.00,Computer Systems Analysts,15-1212.00,Information Security Analysts,0.96448,0.000217,0,0.0,0.0,-1,0.498044,40.07,0.508668,0,5
u037,15-1211.00,Computer Systems Analysts,15-2051.00,Data Scientists,15-2051.00,Data Scientists,0.915491,0.0,0,1.0,1.0,1,0.444497,40.0,0.628645,1,1
u037,15-1211.00,Computer Systems Analysts,15-2051.00,Data Scientists,15-1244.00,Network and Computer Systems Administrators,0.984889,0.0,0,0.0,0.0,-1,0.527933,40.0,0.52239,0,2
u037,15-1211.00,Computer Systems Analysts,15-2051.00,Data Scientists,15-1242.00,Database Administrators,0.955075,0.0,0,0.0,0.0,-1,0.460339,40.0,0.498835,0,3
u037,15-1211.00,Computer Systems Analysts,15-2051.00,Data Scientists,15-1243.00,Database Architects,0.949033,0.0,0,0.0,0.0,-1,0.45602,40.0,0.495468,0,4
u037,15-1211.00,Computer Systems Analysts,15-2051.00,Data Scientists,15-1253.00,Software Quality Assurance Analysts and Testers,0.949592,0.0,0,0.0,0.0,-1,0.45346,40.0,0.495335,0,5
u038,15-1212.00,Information Security Analysts,15-1242.00,Database Administrators,15-1244.00,Network and Computer Systems Administrators,0.978403,0.002594,1,0.0,0.0,-1,0.585392,52.83,0.527442,0,1
u038,15-1212.00,Information Security Analysts,15-1242.00,Database Administrators,15-1211.00,Computer Systems Analysts,0.978627,0.0,0,0.0,0.0,-1,0.557459,40.0,0.524001,0,2
u038,15-1212.00,Information Security Analysts,15-1242.00,Database Administrators,15-1242.00,Database Administrators,0.955884,0.0,0,0.0,0.0,-1,0.517798,40.0,0.507817,1,3
u038,15-1212.00,Information Security Analysts,15-1242.00,Database Administrators,15-1253.00,Software Quality Assurance Analysts and Testers,0.952747,0.0,0,0.0,0.0,-1,0.510919,40.0,0.505374,0,4
u038,15-1212.00,Information Security Analysts,15-1242.00,Database Administrators,15-1243.00,Database Architects,0.948545,0.0,0,0.0,0.0,-1,0.513479,40.0,0.503867,0,5
u039,15-1242.00,Database Administrators,15-2051.00,Data Scientists,15-2051.00,Data Scientists,0.946611,0.0,0,1.0,1.0,1,0.484159,40.0,0.648599,1,1
u039,15-1242.00,Database Administrators,15-2051.00,Data Scientists,15-1211.00,Computer Systems Analysts,0.986298,0.0,0,0.0,0.0,-1,0.539661,40.0,0.524783,0,2
u039,15-1242.00,Database Administrators,15-2051.00,Data Scientists,15-1244.00,Network and Computer Systems Administrators,0.976285,0.004527,1,0.0,0.0,-1,0.567594,53.45,0.523336,0,3
u039,15-1242.00,Database Administrators,15-2051.00,Data Scientists,15-1243.00,Database Architects,0.972447,0.0,0,0.0,0.0,-1,0.495681,40.0,0.511953,0,4
u039,15-1242.00,Database Administrators,15-2051.00,Data Scientists,15-1254.00,Web Developers,0.964423,0.0,0,0.0,0.0,-1,0.48431,40.0,0.506637,0,5
u040,15-1243.00,Database Architects,15-1244.00,Network and Computer Systems Administrators,15-1211.00,Computer Systems Analysts,0.97409,0.00048,0,0.0,0.0,-1,0.54398,40.15,0.519817,0,1
u040,15-1243.00,Database Architects,15-1244.00,Network and Computer Systems Administrators,15-1244.00,Network and Computer Systems Administrators,0.963948,0.012573,2,0.0,0.0,-1,0.571913,68.02,0.51642,1,2
u040,15-1243.00,Database Architects,15-1244.00,Network and Computer Systems Administrators,15-1242.00,Database Administrators,0.9627,0.0,0,0.0,0.0,-1,0.504319,40.0,0.508863,0,3
u040,15-1243.00,Database Architects,15-1244.00,Network and Computer Systems Administrators,15-1254.00,Web Developers,0.961234,0.0,0,0.0,0.0,-1,0.488629,40.0,0.505849,0,4
u040,15-1243.00,Database Architects,15-1244.00,Network and Computer Systems Administrators,15-1255.00,Web and Digital Interface Designers,0.952518,0.0,0,0.0,0.0,-1,0.491159,40.0,0.502307,0,5
u041,15-1244.00,Network and Computer Systems Administrators,15-1212.00,Information Security Analysts,15-1212.00,Information Security Analysts,0.903409,0.0,0,1.0,1.0,1,0.414608,40.0,0.618725,1,1
u041,15-1244.00,Network and Computer Systems Administrators,15-1212.00,Information Security Analysts,15-1211.00,Computer Systems Analysts,0.948546,0.0,0,0.0,0.0,-1,0.472067,40.0,0.497656,0,2
u041,15-1244.00,Network and Computer Systems Administrators,15-1212.00,Information Security Analysts,15-1242.00,Database Administrators,0.905755,0.0,0,0.0,0.0,-1,0.432406,40.0,0.47245,0,3
u041,15-1244.00,Network and Computer Systems Administrators,15-1212.00,Information Security Analysts,15-1253.00,Software Quality Assurance Analysts and Testers,0.907706,0.0,0,0.0,0.0,-1,0.425527,40.0,0.472297,0,4
u041,15-1244.00,Network and Computer Systems Administrators,15-1212.00,Information Security Analysts,15-1254.00,Web Developers,0.900696,0.0,0,0.0,0.0,-1,0.416716,40.0,0.46782,0,5
u042,15-1251.00,Computer Programmers,15-1252.00,Software Developers,15-1252.00,Software Developers,0.853728,0.0,0,0.615385,0.615385,1,0.481869,40.0,0.548766,1,1
u042,15-1251.00,Computer Programmers,15-1252.00,Software Developers,15-1254.00,Web Developers,0.958593,0.0,0,0.25641,0.25641,1,0.500482,40.0,0.544901,0,2
u042,15-1251.00,Computer Programmers,15-1252.00,Software Developers,15-2051.00,Data Scientists,0.905168,0.0,0,0.0,0.341881,2,0.50033,40.0,0.533657,0,3
u042,15-1251.00,Computer Programmers,15-1252.00,Software Developers,15-1212.00,Information Security Analysts,0.925281,0.0,0,0.0,0.273504,2,0.498374,40.0,0.532158,0,4
u042,15-1251.00,Computer Programmers,15-1252.00,Software Developers,15-1244.00,Network and Computer Systems Administrators,0.969131,0.006848,1,0.0,0.0,-1,0.583766,54.19,0.521962,0,5
u043,15-1252.00,Software Developers,15-1253.00,Software Quality Assurance Analysts and Testers,15-2051.00,Data Scientists,0.931995,0.000965,0,0.555556,0.555556,1,0.518461,40.31,0.580259,0,1
u043,15-1252.00,Software Developers,15-1253.00,Software Quality Assurance Analysts and Testers,15-1212.00,Information Security Analysts,0.948002,0.002251,0,0.444444,0.444444,1,0.516505,40.72,0.57018,0,2
u043,15-1252.00,Software Developers,15-1253.00,Software Quality Assurance Analysts and Testers,15-1211.00,Computer Systems Analysts,0.963907,0.009505,2,0.0,0.0,-1,0.573963,67.04,0.517476,0,3
u043,15-1252.00,Software Developers,15-1253.00,Software Quality Assurance Analysts and Testers,15-1244.00,Network and Computer Systems Administrators,0.955677,0.018993,3,0.0,0.0,-1,0.601897,82.08,0.515591,0,4
u043,15-1252.00,Software Developers,15-1253.00,Software Quality Assurance Analysts and Testers,15-1243.00,Database Architects,0.948128,0.008623,1,0.0,0.0,-1,0.529983,54.76,0.503999,0,5
u044,15-1253.00,Software Quality Assurance Analysts and Testers,15-1252.00,Software Developers,15-1252.00,Software Developers,0.881187,0.0,0,1.0,1.0,1,0.472576,40.0,0.617421,1,1
u044,15-1253.00,Software Quality Assurance Analysts and Testers,15-1252.00,Software Developers,15-2051.00,Data Scientists,0.916373,0.000906,0,0.0,0.555556,2,0.491037,40.29,0.569131,0,2
u044,15-1253.00,Software Quality Assurance Analysts and Testers,15-1252.00,Software Developers,15-1212.00,Information Security Analysts,0.951362,0.0,0,0.0,0.444444,2,0.489081,40.0,0.568142,0,3
u044,15-1253.00,Software Quality Assurance Analysts and Testers,15-1252.00,Software Developers,15-1244.00,Network and Computer Systems Administrators,0.973861,0.006481,2,0.0,0.0,-1,0.574473,66.07,0.522788,0,4
u044,15-1253.00,Software Quality Assurance Analysts and Testers,15-1252.00,Software Developers,15-1211.00,Computer Systems Analysts,0.976206,0.0,0,0.0,0.0,-1,0.54654,40.0,0.521274,0,5
u045,15-1254.00,Web Developers,15-1252.00,Software Developers,15-1255.00,Web and Digital Interface Designers,0.933018,0.0,0,0.4,0.4,1,0.50253,40.0,0.555238,0,1
u045,15-1254.00,Web Developers,15-1252.00,Software Developers,15-1252.00,Software Developers,0.870113,0.0,0,0.6,0.6,1,0.481388,40.0,0.553759,1,2
u045,15-1254.00,Web Developers,15-1252.00,Software Developers,15-2051.00,Data Scientists,0.913584,0.0,0,0.0,0.333334,2,0.499848,40.0,0.53609,0,3
u045,15-1254.00,Web Developers,15-1252.00,Software Developers,15-1212.00,Information Security Analysts,0.935141,0.0,0,0.0,0.266666,2,0.497892,40.0,0.535497,0,4
u045,15-1254.00,Web Developers,15-1252.00,Software Developers,15-1244.00,Network and Computer Systems Administrators,0.967958,0.005942,1,0.0,0.0,-1,0.583284,53.9,0.521588,0,5
u046,15-1255.00,Web and Digital Interface Designers,15-2031.00,Operations Research Analysts,15-1211.00,Computer Systems Analysts,0.967901,0.00491,1,0.0,0.0,-1,0.552821,53.57,0.517251,0,1
u046,15-1255.00,Web and Digital Interface Designers,15-2031.00,Operations Research Analysts,15-1244.00,Network and Computer Systems Administrators,0.959623,0.012106,2,0.0,0.0,-1,0.580755,67.87,0.515917,0,2
u046,15-1255.00,Web and Digital Interface Designers,15-2031.00,Operations Research Analysts,15-1243.00,Database Architects,0.963432,0.0,0,0.0,0.0,-1,0.508841,40.0,0.50987,0,3
u046,15-1255.00,Web and Digital Interface Designers,15-2031.00,Operations Research Analysts,15-1254.00,Web Developers,0.962348,0.0,0,0.0,0.0,-1,0.49747,40.0,0.507677,0,4
u046,15-1255.00,Web and Digital Interface Designers,15-2031.00,Operations Research Analysts,15-1242.00,Database Administrators,0.956042,0.0,0,0.0,0.0,-1,0.51316,40.0,0.507193,0,5
u047,15-2031.00,Operations Research Analysts,15-2051.00,Data Scientists,15-2051.00,Data Scientists,0.957123,0.0,0,1.0,1.0,1,0.472968,40.0,0.651651,1,1
u047,15-2031.00,Operations Research Analysts,15-2051.00,Data Scientists,15-1211.00,Computer Systems Analysts,0.959369,0.006586,1,0.0,0.0,-1,0.52847,54.11,0.50934,0,2
u047,15-2031.00,Operations Research Analysts,15-2051.00,Data Scientists,15-1242.00,Database Administrators,0.958721,0.000485,0,0.0,0.0,-1,0.488809,40.16,0.504624,0,3
u047,15-2031.00,Operations Research Analysts,15-2051.00,Data Scientists,15-1243.00,Database Architects,0.957077,0.00013,0,0.0,0.0,-1,0.48449,40.04,0.503326,0,4
u047,15-2031.00,Operations Research Analysts,15-2051.00,Data Scientists,15-1244.00,Network and Computer Systems Administrators,0.939162,0.019656,3,0.0,0.0,-1,0.556403,82.29,0.501169,0,5
u048,15-2051.00,Data Scientists,15-1211.00,Computer Systems Analysts,15-1211.00,Computer Systems Analysts,0.970351,0.00066,0,0.0,0.0,-1,0.555503,40.21,0.519818,1,1
u048,15-2051.00,Data Scientists,15-1211.00,Computer Systems Analysts,15-1244.00,Network and Computer Systems Administrators,0.960268,0.008853,1,0.0,0.0,-1,0.583436,54.83,0.517423,0,2
u048,15-2051.00,Data Scientists,15-1211.00,Computer Systems Analysts,15-1242.00,Database Administrators,0.958274,0.0,0,0.0,0.0,-1,0.515841,40.0,0.508599,0,3
u048,15-2051.00,Data Scientists,15-1211.00,Computer Systems Analysts,15-1243.00,Database Architects,0.957119,0.0,0,0.0,0.0,-1,0.511523,40.0,0.507432,0,4
u048,15-2051.00,Data Scientists,15-1211.00,Computer Systems Analysts,15-1212.00,Information Security Analysts,0.954314,0.0,0,0.0,0.0,-1,0.498044,40.0,0.504148,0,5
u049,15-1211.00,Computer Systems Analysts,15-2051.00,Data Scientists,15-2051.00,Data Scientists,0.91062,0.0,0,1.0,1.0,1,0.444497,40.0,0.626454,1,1
u049,15-1211.00,Computer Systems Analysts,15-2051.00,Data Scientists,15-1244.00,Network and Computer Systems Administrators,0.982273,0.002214,1,0.0,0.0,-1,0.527933,52.71,0.520659,0,2
u049,15-1211.00,Computer Systems Analysts,15-2051.00,Data Scientists,15-1242.00,Database Administrators,0.948786,0.0,0,0.0,0.0,-1,0.460339,40.0,0.496005,0,3
u049,15-1211.00,Computer Systems Analysts,15-2051.00,Data Scientists,15-1243.00,Database Architects,0.94832,0.0,0,0.0,0.0,-1,0.45602,40.0,0.495147,0,4
u049,15-1211.00,Computer Systems Analysts,15-2051.00,Data Scientists,15-1253.00,Software Quality Assurance Analysts and Testers,0.946968,0.0,0,0.0,0.0,-1,0.45346,40.0,0.494155,0,5
u050,15-1212.00,Information Security Analysts,15-1242.00,Database Administrators,15-1244.00,Network and Computer Systems Administrators,0.972764,0.007391,1,0.0,0.0,-1,0.585392,54.36,0.523705,0,1
u050,15-1212.00,Information Security Analysts,15-1242.00,Database Administrators,15-1211.00,Computer Systems Analysts,0.970968,0.0,0,0.0,0.0,-1,0.557459,40.0,0.520554,0,2
u050,15-1212.00,Information Security Analysts,15-1242.00,Database Administrators,15-1242.00,Database Administrators,0.951652,0.0,0,0.0,0.0,-1,0.517798,40.0,0.505913,1,3
u050,15-1212.00,Information Security Analysts,15-1242.00,Database Administrators,15-1253.00,Software Quality Assurance Analysts and Testers,0.95375,0.0003,0,0.0,0.0,-1,0.510919,40.1,0.505751,0,4
u050,15-1212.00,Information Security Analysts,15-1242.00,Database Administrators,15-1243.00,Database Architects,0.942967,0.000774,0,0.0,0.0,-1,0.513479,40.25,0.501164,0,5
u051,15-1242.00,Database Administrators,15-2051.00,Data Scientists,15-2051.00,Data Scientists,0.952456,0.0,0,1.0,1.0,1,0.484159,40.0,0.651229,1,1
u051,15-1242.00,Database Administrators,15-2051.00,Data Scientists,15-1211.00,Computer Systems Analysts,0.981134,0.000702,0,0.0,0.0,-1,0.539661,40.22,0.522284,0,2
u051,15-1242.00,Database Administrators,15-2051.00,Data Scientists,15-1244.00,Network and Computer Systems Administrators,0.96865,0.008933,1,0.0,0.0,-1,0.567594,54.86,0.518798,0,3
u051,15-1242.00,Database Administrators,15-2051.00,Data Scientists,15-1243.00,Database Architects,0.970486,0.0,0,0.0,0.0,-1,0.495681,40.0,0.511071,0,4
u051,15-1242.00,Database Administrators,15-2051.00,Data Scientists,15-1254.00,Web Developers,0.9647,0.0,0,0.0,0.0,-1,0.48431,40.0,0.506762,0,5
u052,15-1243.00,Database Architects,15-1244.00,Network and Computer Systems Administrators,15-1211.00,Computer Systems Analysts,0.977974,0.001936,0,0.0,0.0,-1,0.54398,40.62,0.521201,0,1
u052,15-1243.00,Database Architects,15-1244.00,Network and Computer Systems Administrators,15-1244.00,Network and Computer Systems Administrators,0.966085,0.011291,1,0.0,0.0,-1,0.571913,55.61,0.517702,1,2
u052,15-1243.00,Database Architects,15-1244.00,Network and Computer Systems Administrators,15-1242.00,Database Administrators,0.965169,0.0,0,0.0,0.0,-1,0.504319,40.0,0.509974,0,3
u052,15-1243.00,Database Architects,15-1244.00,Network and Computer Systems Administrators,15-1254.00,Web Developers,0.96266,0.0,0,0.0,0.0,-1,0.488629,40.0,0.506491,0,4
u052,15-1243.00,Database Architects,15-1244.00,Network and Computer Systems Administrators,15-1255.00,Web and Digital Interface Designers,0.958818,0.0,0,0.0,0.0,-1,0.491159,40.0,0.505142,0,5
u053,15-1244.00,Network and Computer Systems Administrators,15-1212.00,Information Security Analysts,15-1212.00,Information Security Analysts,0.905871,0.0,0,1.0,1.0,1,0.414608,40.0,0.619833,1,1
u053,15-1244.00,Network and Computer Systems Administrators,15-1212.00,Information Security Analysts,15-1211.00,Computer Systems Analysts,0.950795,0.0,0,0.0,0.0,-1,0.472067,40.0,0.498668,0,2
u053,15-1244.00,Network and Computer Systems Administrators,15-1212.00,Information Security Analysts,15-1253.00,Software Quality Assurance Analysts and Testers,0.912386,0.0,0,0.0,0.0,-1,0.425527,40.0,0.474403,0,3
u053,15-1244.00,Network and Computer Systems Administrators,15-1212.00,Information Security Analysts,15-1242.00,Database Administrators,0.907402,0.0,0,0.0,0.0,-1,0.432406,40.0,0.473192,0,4
u053,15-1244.00,Network and Computer Systems Administrators,15-1212.00,Information Security Analysts,15-1254.00,Web Developers,0.904203,0.0,0,0.0,0.0,-1,0.416716,40.0,0.469399,0,5
u054,15-1251.00,Computer Programmers,15-1252.00,Software Developers,15-1252.00,Software Developers,0.86577,0.0,0,0.615385,0.615385,1,0.481869,40.0,0.554185,1,1
u054,15-1251.00,Computer Programmers,15-1252.00,Software Developers,15-1254.00,Web Developers,0.966755,0.0,0,0.25641,0.25641,1,0.500482,40.0,0.548573,0,2
u054,15-1251.00,Computer Programmers,15-1252.00,Software Developers,15-2051.00,Data Scientists,0.914974,0.0,0,0.0,0.341881,2,0.50033,40.0,0.53807,0,3
u054,15-1251.00,Computer Programmers,15-1252.00,Software Developers,15-1212.00,Information Security Analysts,0.931003,0.0,0,0.0,0.273504,2,0.498374,40.0,0.534733,0,4
u054,15-1251.00,Computer Programmers,15-1252.00,Software Developers,15-1244.00,Network and Computer Systems Administrators,0.966821,0.007744,2,0.0,0.0,-1,0.583766,66.48,0.520698,0,5
u055,15-1252.00,Software Developers,15-1253.00,Software Quality Assurance Analysts and Testers,15-2051.00,Data Scientists,0.928544,0.001781,0,0.555556,0.555556,1,0.518461,40.57,0.578502,0,1
u055,15-1252.00,Software Developers,15-1253.00,Software Quality Assurance Analysts and Testers,15-1212.00,Information Security Analysts,0.948371,0.0,0,0.444444,0.444444,1,0.516505,40.0,0.570909,0,2
u055,15-1252.00,Software Developers,15-1253.00,Software Quality Assurance Analysts and Testers,15-1244.00,Network and Computer Systems Administrators,0.960212,0.014412,4,0.0,0.0,-1,0.601897,92.61,0.518777,0,3
u055,15-1252.00,Software Developers,15-1253.00,Software Quality Assurance Analysts and Testers,15-1211.00,Computer Systems Analysts,0.96165,0.010145,3,0.0,0.0,-1,0.573963,79.25,0.516301,0,4
u055,15-1252.00,Software Developers,15-1253.00,Software Quality Assurance Analysts and Testers,15-1243.00,Database Architects,0.944685,0.01197,2,0.0,0.0,-1,0.529983,67.83,0.501613,0,5
u056,15-1253.00,Software Quality Assurance Analysts and Testers,15-1252.00,Software Developers,15-1252.00,Software Developers,0.878898,0.000123,0,1.0,1.0,1,0.472576,40.04,0.61636,1,1
u056,15-1253.00,Software Quality Assurance Analysts and Testers,15-1252.00,Software Developers,15-2051.00,Data Scientists,0.921687,0.0,0,0.0,0.555556,2,0.491037,40.0,0.571748,0,2
u056,15-1253.00,Software Quality Assurance Analysts and Testers,15-1252.00,Software Developers,15-1212.00,Information Security Analysts,0.949695,0.0,0,0.0,0.444444,2,0.489081,40.0,0.567391,0,3
u056,15-1253.00,Software Quality Assurance Analysts and Testers,15-1252.00,Software Developers,15-1244.00,Network and Computer Systems Administrators,0.977098,0.001094,0,0.0,0.0,-1,0.574473,40.35,0.525591,0,4
u056,15-1253.00,Software Quality Assurance Analysts and Testers,15-1252.00,Software Developers,15-1211.00,Computer Systems Analysts,0.974083,0.0,0,0.0,0.0,-1,0.54654,40.0,0.520318,0,5
u057,15-1254.00,Web Developers,15-1252.00,Software Developers,15-1255.00,Web and Digital Interface Designers,0.942733,0.0,0,0.4,0.4,1,0.50253,40.0,0.559609,0,1
u057,15-1254.00,Web Developers,15-1252.00,Software Developers,15-1252.00,Software Developers,0.882196,0.0,0,0.6,0.6,1,0.481388,40.0,0.559196,1,2
u057,15-1254.00,Web Developers,15-1252.00,Software Developers,15-2051.00,Data Scientists,0.919904,0.0,0,0.0,0.333334,2,0.499848,40.0,0.538934,0,3
u057,15-1254.00,Web Developers,15-1252.00,Software Developers,15-1212.00,Information Security Analysts,0.941047,0.0,0,0.0,0.266666,2,0.497892,40.0,0.538155,0,4
u057,15-1254.00,Web Developers,15-1252.00,Software Developers,15-1244.00,Network and Computer Systems Administrators,0.975941,0.003824,2,0.0,0.0,-1,0.583284,65.22,0.52571,0,5
u058,15-1255.00,Web and Digital Interface Designers,15-2031.00,Operations Research Analysts,15-1211.00,Computer Systems Analysts,0.970722,0.00442,1,0.0,0.0,-1,0.552821,53.41,0.518643,0,1
u058,15-1255.00,Web and Digital Interface Designers,15-2031.00,Operations Research Analysts,15-1244.00,Network and Computer Systems Administrators,0.960956,0.014553,3,0.0,0.0,-1,0.580755,80.66,0.515905,0,2
u058,15-1255.00,Web and Digital Interface Designers,15-2031.00,Operations Research Analysts,15-1243.00,Database Architects,0.969504,0.0,0,0.0,0.0,-1,0.508841,40.0,0.512603,0,3
u058,15-1255.00,Web and Digital Interface Designers,15-2031.00,Operations Research Analysts,15-1242.00,Database Administrators,0.958492,0.0,0,0.0,0.0,-1,0.51316,40.0,0.508296,0,4
u058,15-1255.00,Web and Digital Interface Designers,15-2031.00,Operations Research Analysts,15-1254.00,Web Developers,0.963223,0.0,0,0.0,0.0,-1,0.49747,40.0,0.508071,0,5
u059,15-2031.00,Operations Research Analysts,15-2051.00,Data Scientists,15-2051.00,Data Scientists,0.95417,0.0,0,1.0,1.0,1,0.472968,40.0,0.650322,1,1
u059,15-2031.00,Operations Research Analysts,15-2051.00,Data Scientists,15-1211.00,Computer Systems Analysts,0.969422,0.003715,1,0.0,0.0,-1,0.52847,53.19,0.514582,0,2
u059,15-2031.00,Operations Research Analysts,15-2051.00,Data Scientists,15-1242.00,Database Administrators,0.970053,0.0,0,0.0,0.0,-1,0.488809,40.0,0.509845,0,3
u059,15-2031.00,Operations Research Analysts,15-2051.00,Data Scientists,15-1244.00,Network and Computer Systems Administrators,0.954142,0.014805,2,0.0,0.0,-1,0.556403,68.74,0.509123,0,4
u059,15-2031.00,Operations Research Analysts,15-2051.00,Data Scientists,15-1243.00,Database Architects,0.96585,0.0,0,0.0,0.0,-1,0.48449,40.0,0.507306,0,5
u060,15-2051.00,Data Scientists,15-1211.00,Computer Systems Analysts,15-1211.00,Computer Systems Analysts,0.97673,0.002652,1,0.0,0.0,-1,0.555503,52.85,0.522191,1,1
u060,15-2051.00,Data Scientists,15-1211.00,Computer Systems Analysts,15-1244.00,Network and Computer Systems Administrators,0.961193,0.012318,3,0.0,0.0,-1,0.583436,79.94,0.516973,0,2
u060,15-2051.00,Data Scientists,15-1211.00,Computer Systems Analysts,15-1242.00,Database Administrators,0.967899,0.0,0,0.0,0.0,-1,0.515841,40.0,0.512931,0,3
u060,15-2051.00,Data Scientists,15-1211.00,Computer Systems Analysts,15-1243.00,Database Architects,0.965151,0.0,0,0.0,0.0,-1,0.511523,40.0,0.511046,0,4
u060,15-2051.00,Data Scientists,15-1211.00,Computer Systems Analysts,15-1212.00,Information Security Analysts,0.96334,0.0,0,0.0,0.0,-1,0.498044,40.0,0.50821,0,5
u061,15-1211.00,Computer Systems Analysts,15-2051.00,Data Scientists,15-2051.00,Data Scientists,0.906831,0.0,0,1.0,1.0,1,0.444497,40.0,0.624749,1,1
u061,15-1211.00,Computer Systems Analysts,15-2051.00,Data Scientists,15-1244.00,Network and Computer Systems Administrators,0.985183,0.0,0,0.0,0.0,-1,0.527933,40.0,0.522522,0,2
u061,15-1211.00,Computer Systems Analysts,15-2051.00,Data Scientists,15-1242.00,Database Administrators,0.944519,0.0,0,0.0,0.0,-1,0.460339,40.0,0.494084,0,3
u061,15-1211.00,Computer Systems Analysts,15-2051.00,Data Scientists,15-1253.00,Software Quality Assurance Analysts and Testers,0.945763,0.0,0,0.0,0.0,-1,0.45346,40.0,0.493612,0,4
u061,15-1211.00,Computer Systems Analysts,15-2051.00,Data Scientists,15-1243.00,Database Architects,0.940811,0.0,0,0.0,0.0,-1,0.45602,40.0,0.491768,0,5
u062,15-1212.00,Information Security Analysts,15-1242.00,Database Administrators,15-1211.00,Computer Systems Analysts,0.980075,0.0,0,0.0,0.0,-1,0.557459,40.0,0.524653,0,1
u062,15-1212.00,Information Security Analysts,15-1242.00,Database Administrators,15-1244.00,Network and Computer Systems Administrators,0.973421,0.008342,2,0.0,0.0,-1,0.585392,66.67,0.523763,0,2
u062,15-1212.00,Information Security Analysts,15-1242.00,Database Administrators,15-1242.00,Database Administrators,0.963255,0.0,0,0.0,0.0,-1,0.517798,40.0,0.511134,1,3
u062,15-1212.00,Information Security Analysts,15-1242.00,Database Administrators,15-1253.00,Software Quality Assurance Analysts and Testers,0.960898,0.000375,0,0.0,0.0,-1,0.510919,40.12,0.508948,0,4
u062,15-1212.00,Information Security Analysts,15-1242.00,Database Administrators,15-1243.00,Database Architects,0.957481,0.0,0,0.0,0.0,-1,0.513479,40.0,0.507888,0,5
u063,15-1242.00,Database Administrators,15-2051.00,Data Scientists,15-2051.00,Data Scientists,0.941804,0.0,0,1.0,1.0,1,0.484159,40.0,0.646436,1,1
u063,15-1242.00,Database Administrators,15-2051.00,Data Scientists,15-1211.00,Computer Systems Analysts,0.980035,0.000368,0,0.0,0.0,-1,0.539661,40.12,0.521873,0,2
u063,15-1242.00,Database Administrators,15-2051.00,Data Scientists,15-1244.00,Network and Computer Systems Administrators,0.964066,0.013486,2,0.0,0.0,-1,0.567594,68.32,0.515597,0,3
u063,15-1242.00,Database Administrators,15-2051.00,Data Scientists,15-1243.00,Database Architects,0.971501,0.0,0,0.0,0.0,-1,0.495681,40.0,0.511527,0,4
u063,15-1242.00,Database Administrators,15-2051.00,Data Scientists,15-1254.00,Web Developers,0.969425,0.0,0,0.0,0.0,-1,0.48431,40.0,0.508888,0,5
u064,15-1243.00,Database Architects,15-1244.00,Network and Computer Systems Administrators,15-1211.00,Computer Systems Analysts,0.975282,0.002378,1,0.0,0.0,-1,0.54398,52.76,0.519879,0,1
u064,15-1243.00,Database Architects,15-1244.00,Network and Computer Systems Administrators,15-1244.00,Network and Computer Systems Administrators,0.966214,0.010109,3,0.0,0.0,-1,0.571913,79.24,0.518056,1,2
u064,15-1243.00,Database Architects,15-1244.00,Network and Computer Systems Administrators,15-1242.00,Database Administrators,0.962272,0.0,0,0.0,0.0,-1,0.504319,40.0,0.50867,0,3
u064,15-1243.00,Database Architects,15-1244.00,Network and Computer Systems Administrators,15-1254.00,Web Developers,0.964082,0.0,0,0.0,0.0,-1,0.488629,40.0,0.507131,0,4
u064,15-1243.00,Database Architects,15-1244.00,Network and Computer Systems Administrators,15-1255.00,Web and Digital Interface Designers,0.955939,0.0,0,0.0,0.0,-1,0.491159,40.0,0.503846,0,5
u065,15-1244.00,Network and Computer Systems Administrators,15-1212.00,Information Security Analysts,15-1212.00,Information Security Analysts,0.898206,0.0,0,1.0,1.0,1,0.414608,40.0,0.616384,1,1
u065,15-1244.00,Network and Computer Systems Administrators,15-1212.00,Information Security Analysts,15-1211.00,Computer Systems Analysts,0.950892,0.0,0,0.0,0.0,-1,0.472067,40.0,0.498711,0,2
u065,15-1244.00,Network and Computer Systems Administrators,15-1212.00,Information Security Analysts,15-1242.00,Database Administrators,0.90764,0.0,0,0.0,0.0,-1,0.432406,40.0,0.473299,0,3
u065,15-1244.00,Network and Computer Systems Administrators,15-1212.00,Information Security Analysts,15-1253.00,Software Quality Assurance Analysts and Testers,0.90735,0.0,0,0.0,0.0,-1,0.425527,40.0,0.472137,0,4
u065,15-1244.00,Network and Computer Systems Administrators,15-1212.00,Information Security Analysts,15-1254.00,Web Developers,0.907091,0.0,0,0.0,0.0,-1,0.416716,40.0,0.470698,0,5
u066,15-1251.00,Computer Programmers,15-1252.00,Software Developers,15-1252.00,Software Developers,0.871849,0.0,0,0.615385,0.615385,1,0.481869,40.0,0.55692,1,1
u066,15-1251.00,Computer Programmers,15-1252.00,Software Developers,15-1254.00,Web Developers,0.962381,0.0,0,0.25641,0.25641,1,0.500482,40.0,0.546605,0,2
u066,15-1251.00,Computer Programmers,15-1252.00,Software Developers,15-2051.00,Data Scientists,0.917955,0.0,0,0.0,0.341881,2,0.50033,40.0,0.539411,0,3
u066,15-1251.00,Computer Programmers,15-1252.00,Software Developers,15-1212.00,Information Security Analysts,0.937693,0.0,0,0.0,0.273504,2,0.498374,40.0,0.537744,0,4
u066,15-1251.00,Computer Programmers,15-1252.00,Software Developers,15-1244.00,Network and Computer Systems Administrators,0.972775,0.00566,1,0.0,0.0,-1,0.583766,53.81,0.523899,0,5
u067,15-1252.00,Software Developers,15-1253.00,Software Quality Assurance Analysts and Testers,15-2051.00,Data Scientists,0.924459,0.001128,0,0.555556,0.555556,1,0.518461,40.36,0.576827,0,1
u067,15-1252.00,Software Developers,15-1253.00,Software Quality Assurance Analysts and Testers,15-1212.00,Information Security Analysts,0.944839,0.001579,0,0.444444,0.444444,1,0.516505,40.51,0.568925,0,2
u067,15-1252.00,Software Developers,15-1253.00,Software Quality Assurance Analysts and Testers,15-1211.00,Computer Systems Analysts,0.957342,0.00894,2,0.0,0.0,-1,0.573963,66.86,0.514663,0,3
u067,15-1252.00,Software Developers,15-1253.00,Software Quality Assurance Analysts and Testers,15-1244.00,Network and Computer Systems Administrators,0.949713,0.019341,3,0.0,0.0,-1,0.601897,82.19,0.51282,0,4
u067,15-1252.00,Software Developers,15-1253.00,Software Quality Assurance Analysts and Testers,15-1243.00,Database Architects,0.945903,0.008577,1,0.0,0.0,-1,0.529983,54.74,0.50301,0,5
u068,15-1253.00,Software Quality Assurance Analysts and Testers,15-1252.00,Software Developers,15-1252.00,Software Developers,0.903024,0.0,0,1.0,1.0,1,0.472576,40.0,0.627247,1,1
u068,15-1253.00,Software Quality Assurance Analysts and Testers,15-1252.00,Software Developers,15-2051.00,Data Scientists,0.927503,0.0,0,0.0,0.555556,2,0.491037,40.0,0.574365,0,2
u068,15-1253.00,Software Quality Assurance Analysts and Testers,15-1252.00,Software Developers,15-1212.00,Information Security Analysts,0.95107,0.0,0,0.0,0.444444,2,0.489081,40.0,0.56801,0,3
u068,15-1253.00,Software Quality Assurance Analysts and Testers,15-1252.00,Software Developers,15-1244.00,Network and Computer Systems Administrators,0.97388,0.005721,2,0.0,0.0,-1,0.574473,65.83,0.522987,0,4
u068,15-1253.00,Software Quality Assurance Analysts and Testers,15-1252.00,Software Developers,15-1211.00,Computer Systems Analysts,0.978341,0.0,0,0.0,0.0,-1,0.54654,40.0,0.522234,0,5
u069,15-1254.00,Web Developers,15-1252.00,Software Developers,15-1252.00,Software Developers,0.881944,0.0,0,0.6,0.6,1,0.481388,40.0,0.559083,1,1
u069,15-1254.00,Web Developers,15-1252.00,Software Developers,15-1255.00,Web and Digital Interface Designers,0.938107,0.0,0,0.4,0.4,1,0.50253,40.0,0.557528,0,2
u069,15-1254.00,Web Developers,15-1252.00,Software Developers,15-2051.00,Data Scientists,0.918888,0.0,0,0.0,0.333334,2,0.499848,40.0,0.538477,0,3
u069,15-1254.00,Web Developers,15-1252.00,Software Developers,15-1212.00,Information Security Analysts,0.931733,0.000108,0,0.0,0.266666,2,0.497892,40.03,0.533937,0,4
u069,15-1254.00,Web Developers,15-1252.00,Software Developers,15-1244.00,Network and Computer Systems Administrators,0.974227,0.004125,2,0.0,0.0,-1,0.583284,65.32,0.524864,0,5
u070,15-1255.00,Web and Digital Interface Designers,15-2031.00,Operations Research Analysts,15-1211.00,Computer Systems Analysts,0.972211,0.005098,2,0.0,0.0,-1,0.552821,65.63,0.519143,0,1
u070,15-1255.00,Web and Digital Interface Designers,15-2031.00,Operations Research Analysts,15-1244.00,Network and Computer Systems Administrators,0.963891,0.013431,3,0.0,0.0,-1,0.580755,80.3,0.517507,0,2
u070,15-1255.00,Web and Digital Interface Designers,15-2031.00,Operations Research Analysts,15-1243.00,Database Architects,0.966116,0.0,0,0.0,0.0,-1,0.508841,40.0,0.511078,0,3
u070,15-1255.00,Web and Digital Interface Designers,15-2031.00,Operations Research Analysts,15-1242.00,Database Administrators,0.95862,0.0,0,0.0,0.0,-1,0.51316,40.0,0.508353,0,4
u070,15-1255.00,Web and Digital Interface Designers,15-2031.00,Operations Research Analysts,15-1254.00,Web Developers,0.95503,0.0,0,0.0,0.0,-1,0.49747,40.0,0.504384,0,5
u071,15-2031.00,Operations Research Analysts,15-2051.00,Data Scientists,15-2051.00,Data Scientists,0.944893,0.0,0,1.0,1.0,1,0.472968,40.0,0.646147,1,1
u071,15-2031.00,Operations Research Analysts,15-2051.00,Data Scientists,15-1211.00,Computer Systems Analysts,0.959078,0.002085,0,0.0,0.0,-1,0.52847,40.67,0.510334,0,2
u071,15-2031.00,Operations Research Analysts,15-2051.00,Data Scientists,15-1244.00,Network and Computer Systems Administrators,0.943478,0.017154,3,0.0,0.0,-1,0.556403,81.49,0.503737,0,3
u071,15-2031.00,Operations Research Analysts,15-2051.00,Data Scientists,15-1242.00,Database Administrators,0.954402,0.000113,0,0.0,0.0,-1,0.488809,40.04,0.502774,0,4
u071,15-2031.00,Operations Research Analysts,15-2051.00,Data Scientists,15-1243.00,Database Architects,0.955702,0.001035,0,0.0,0.0,-1,0.48449,40.33,0.502481,0,5
u072,15-2051.00,Data Scientists,15-1211.00,Computer Systems Analysts,15-1211.00,Computer Systems Analysts,0.973757,0.00102,0,0.0,0.0,-1,0.555503,40.33,0.521261,1,1
u072,15-2051.00,Data Scientists,15-1211.00,Computer Systems Analysts,15-1244.00,Network and Computer Systems Administrators,0.9617,0.010115,2,0.0,0.0,-1,0.583436,67.24,0.517752,0,2
u072,15-2051.00,Data Scientists,15-1211.00,Computer Systems Analysts,15-1242.00,Database Administrators,0.9617,0.0,0,0.0,0.0,-1,0.515841,40.0,0.510141,0,3
u072,15-2051.00,Data Scientists,15-1211.00,Computer Systems Analysts,15-1243.00,Database Architects,0.957773,0.0,0,0.0,0.0,-1,0.511523,40.0,0.507726,0,4
u072,15-2051.00,Data Scientists,15-1211.00,Computer Systems Analysts,15-1212.00,Information Security Analysts,0.957402,0.0,0,0.0,0.0,-1,0.498044,40.0,0.505537,0,5
u073,15-1211.00,Computer Systems Analysts,15-2051.00,Data Scientists,15-2051.00,Data Scientists,0.911509,0.0,0,1.0,1.0,1,0.444497,40.0,0.626854,1,1
u073,15-1211.00,Computer Systems Analysts,15-2051.00,Data Scientists,15-1244.00,Network and Computer Systems Administrators,0.986837,0.0,0,0.0,0.0,-1,0.527933,40.0,0.523266,0,2
u073,15-1211.00,Computer Systems Analysts,15-2051.00,Data Scientists,15-1242.00,Database Administrators,0.950319,0.0,0,0.0,0.0,-1,0.460339,40.0,0.496694,0,3
u073,15-1211.00,Computer Systems Analysts,15-2051.00,Data Scientists,15-1253.00,Software Quality Assurance Analysts and Testers,0.949517,0.0,0,0.0,0.0,-1,0.45346,40.0,0.495302,0,4
u073,15-1211.00,Computer Systems Analysts,15-2051.00,Data Scientists,15-1243.00,Database Architects,0.942818,0.0,0,0.0,0.0,-1,0.45602,40.0,0.492671,0,5
u074,15-1212.00,Information Security Analysts,15-1242.00,Database Administrators,15-1244.00,Network and Computer Systems Administrators,0.971057,0.008787,1,0.0,0.0,-1,0.585392,54.81,0.522588,0,1
u074,15-1212.00,Information Security Analysts,15-1242.00,Database Administrators,15-1211.00,Computer Systems Analysts,0.973786,0.000229,0,0.0,0.0,-1,0.557459,40.07,0.521765,0,2
u074,15-1212.00,Information Security Analysts,15-1242.00,Database Administrators,15-1242.00,Database Administrators,0.961336,0.0,0,0.0,0.0,-1,0.517798,40.0,0.510271,1,3
u074,15-1212.00,Information Security Analysts,15-1242.00,Database Administrators,15-1243.00,Database Architects,0.951576,0.0,0,0.0,0.0,-1,0.513479,40.0,0.505231,0,4
u074,15-1212.00,Information Security Analysts,15-1242.00,Database Administrators,15-1253.00,Software Quality Assurance Analysts and Testers,0.951666,0.0,0,0.0,0.0,-1,0.510919,40.0,0.504888,0,5
u075,15-1242.00,Database Administrators,15-2051.00,Data Scientists,15-2051.00,Data Scientists,0.940684,0.0,0,1.0,1.0,1,0.484159,40.0,0.645932,1,1
u075,15-1242.00,Database Administrators,15-2051.00,Data Scientists,15-1211.00,Computer Systems Analysts,0.981298,0.000362,0,0.0,0.0,-1,0.539661,40.12,0.522443,0,2
u075,15-1242.00,Database Administrators,15-2051.00,Data Scientists,15-1244.00,Network and Computer Systems Administrators,0.973811,0.007322,1,0.0,0.0,-1,0.567594,54.34,0.521523,0,3
u075,15-1242.00,Database Administrators,15-2051.00,Data Scientists,15-1243.00,Database Architects,0.967797,0.0,0,0.0,0.0,-1,0.495681,40.0,0.509861,0,4
u075,15-1242.00,Database Administrators,15-2051.00,Data Scientists,15-1254.00,Web Developers,0.965063,0.0,0,0.0,0.0,-1,0.48431,40.0,0.506925,0,5
u076,15-1243.00,Database Architects,15-1244.00,Network and Computer Systems Administrators,15-1211.00,Computer Systems Analysts,0.979345,0.0,0,0.0,0.0,-1,0.54398,40.0,0.522302,0,1
u076,15-1243.00,Database Architects,15-1244.00,Network and Computer Systems Administrators,15-1244.00,Network and Computer Systems Administrators,0.97173,0.004788,1,0.0,0.0,-1,0.571913,53.53,0.521869,1,2
u076,15-1243.00,Database Architects,15-1244.00,Network and Computer Systems Administrators,15-1242.00,Database Administrators,0.962252,0.0,0,0.0,0.0,-1,0.504319,40.0,0.508661,0,3
u076,15-1243.00,Database Architects,15-1244.00,Network and Computer Systems Administrators,15-1254.00,Web Developers,0.963233,0.0,0,0.0,0.0,-1,0.488629,40.0,0.506749,0,4
u076,15-1243.00,Database Architects,15-1244.00,Network and Computer Systems Administrators,15-1255.00,Web and Digital Interface Designers,0.953121,0.0,0,0.0,0.0,-1,0.491159,40.0,0.502578,0,5
u077,15-1244.00,Network and Computer Systems Administrators,15-1212.00,Information Security Analysts,15-1212.00,Information Security Analysts,0.914582,0.0,0,1.0,1.0,1,0.414608,40.0,0.623753,1,1
u077,15-1244.00,Network and Computer Systems Administrators,15-1212.00,Information Security Analysts,15-1211.00,Computer Systems Analysts,0.955126,0.0,0,0.0,0.0,-1,0.472067,40.0,0.500617,0,2
u077,15-1244.00,Network and Computer Systems Administrators,15-1212.00,Information Security Analysts,15-1253.00,Software Quality Assurance Analysts and Testers,0.916098,0.0,0,0.0,0.0,-1,0.425527,40.0,0.476073,0,3
u077,15-1244.00,Network and Computer Systems Administrators,15-1212.00,Information Security Analysts,15-1242.00,Database Administrators,0.91284,0.0,0,0.0,0.0,-1,0.432406,40.0,0.475639,0,4
u077,15-1244.00,Network and Computer Systems Administrators,15-1212.00,Information Security Analysts,15-1243.00,Database Architects,0.906909,0.0,0,0.0,0.0,-1,0.428087,40.0,0.472322,0,5
u078,15-1251.00,Computer Programmers,15-1252.00,Software Developers,15-1252.00,Software Developers,0.855967,0.002072,0,0.615385,0.615385,1,0.481869,40.66,0.549255,1,1
u078,15-1251.00,Computer Programmers,15-1252.00,Software Developers,15-1254.00,Web Developers,0.962336,0.0,0,0.25641,0.25641,1,0.500482,40.0,0.546585,0,2
u078,15-1251.00,Computer Programmers,15-1252.00,Software Developers,15-2051.00,Data Scientists,0.912485,0.0,0,0.0,0.341881,2,0.50033,40.0,0.53695,0,3
u078,15-1251.00,Computer Programmers,15-1252.00,Software Developers,15-1212.00,Information Security Analysts,0.927342,0.0,0,0.0,0.273504,2,0.498374,40.0,0.533085,0,4
u078,15-1251.00,Computer Programmers,15-1252.00,Software Developers,15-1244.00,Network and Computer Systems Administrators,0.961657,0.010865,2,0.0,0.0,-1,0.583766,67.48,0.517594,0,5
u079,15-1252.00,Software Developers,15-1253.00,Software Quality Assurance Analysts and Testers,15-2051.00,Data Scientists,0.931381,0.001015,0,0.555556,0.555556,1,0.518461,40.32,0.57997,0,1
u079,15-1252.00,Software Developers,15-1253.00,Software Quality Assurance Analysts and Testers,15-1212.00,Information Security Analysts,0.953678,0.000801,0,0.444444,0.444444,1,0.516505,40.26,0.573097,0,2
u079,15-1252.00,Software Developers,15-1253.00,Software Quality Assurance Analysts and Testers,15-1211.00,Computer Systems Analysts,0.968047,0.00991,3,0.0,0.0,-1,0.573963,79.17,0.519238,0,3
u079,15-1252.00,Software Developers,15-1253.00,Software Quality Assurance Analysts and Testers,15-1244.00,Network and Computer Systems Administrators,0.958904,0.020138,5,0.0,0.0,-1,0.601897,106.44,0.516757,0,4
u079,15-1252.00,Software Developers,15-1253.00,Software Quality Assurance Analysts and Testers,15-1242.00,Database Administrators,0.948663,0.008381,2,0.0,0.0,-1,0.534302,66.68,0.504949,0,5
u080,15-1253.00,Software Quality Assurance Analysts and Testers,15-1252.00,Software Developers,15-1252.00,Software Developers,0.879313,0.0,0,1.0,1.0,1,0.472576,40.0,0.616578,1,1
u080,15-1253.00,Software Quality Assurance Analysts and Testers,15-1252.00,Software Developers,15-2051.00,Data Scientists,0.912776,0.0,0,0.0,0.555556,2,0.491037,40.0,0.567738,0,2
u080,15-1253.00,Software Quality Assurance Analysts and Testers,15-1252.00,Software Developers,15-1212.00,Information Security Analysts,0.942881,0.0,0,0.0,0.444444,2,0.489081,40.0,0.564325,0,3
u080,15-1253.00,Software Quality Assurance Analysts and Testers,15-1252.00,Software Developers,15-1244.00,Network and Computer Systems Administrators,0.972916,0.001855,1,0.0,0.0,-1,0.574473,52.59,0.52352,0,4
u080,15-1253.00,Software Quality Assurance Analysts and Testers,15-1252.00,Software Developers,15-1211.00,Computer Systems Analysts,0.975327,0.0,0,0.0,0.0,-1,0.54654,40.0,0.520878,0,5
u081,15-1254.00,Web Developers,15-1252.00,Software Developers,15-1255.00,Web and Digital Interface Designers,0.942108,0.0,0,0.4,0.4,1,0.50253,40.0,0.559328,0,1
u081,15-1254.00,Web Developers,15-1252.00,Software Developers,15-1252.00,Software Developers,0.873068,0.002365,0,0.6,0.6,1,0.481388,40.76,0.554497,1,2
u081,15-1254.00,Web Developers,15-1252.00,Software Developers,15-2051.00,Data Scientists,0.927223,0.0,0,0.0,0.333334,2,0.499848,40.0,0.542227,0,3
u081,15-1254.00,Web Developers,15-1252.00,Software Developers,15-1212.00,Information Security Analysts,0.946514,0.0,0,0.0,0.266666,2,0.497892,40.0,0.540615,0,4
u081,15-1254.00,Web Developers,15-1252.00,Software Developers,15-1244.00,Network and Computer Systems Administrators,0.971921,0.006874,0,0.0,0.0,-1,0.583284,42.2,0.523139,0,5
u082,15-1255.00,Web and Digital Interface Designers,15-2031.00,Operations Research Analysts,15-1211.00,Computer Systems Analysts,0.972117,0.000785,0,0.0,0.0,-1,0.552821,40.25,0.520179,0,1
u082,15-1255.00,Web and Digital Interface Designers,15-2031.00,Operations Research Analysts,15-1244.00,Network and Computer Systems Administrators,0.968033,0.010671,2,0.0,0.0,-1,0.580755,67.41,0.52006,0,2
u082,15-1255.00,Web and Digital Interface Designers,15-2031.00,Operations Research Analysts,15-1243.00,Database Architects,0.963842,0.0,0,0.0,0.0,-1,0.508841,40.0,0.510055,0,3
u082,15-1255.00,Web and Digital Interface Designers,15-2031.00,Operations Research Analysts,15-1242.00,Database Administrators,0.959889,0.0,0,0.0,0.0,-1,0.51316,40.0,0.508924,0,4
u082,15-1255.00,Web and Digital Interface Designers,15-2031.00,Operations Research Analysts,15-1254.00,Web Developers,0.958441,0.0,0,0.0,0.0,-1,0.49747,40.0,0.505919,0,5
u083,15-2031.00,Operations Research Analysts,15-2051.00,Data Scientists,15-2051.00,Data Scientists,0.943895,0.0,0,1.0,1.0,1,0.472968,40.0,0.645698,1,1
u083,15-2031.00,Operations Research Analysts,15-2051.00,Data Scientists,15-1211.00,Computer Systems Analysts,0.957202,0.0074,1,0.0,0.0,-1,0.52847,54.37,0.508161,0,2
u083,15-2031.00,Operations Research Analysts,15-2051.00,Data Scientists,15-1244.00,Network and Computer Systems Administrators,0.942776,0.015275,2,0.0,0.0,-1,0.556403,68.89,0.503891,0,3
u083,15-2031.00,Operations Research Analysts,15-2051.00,Data Scientists,15-1242.00,Database Administrators,0.955558,0.000973,0,0.0,0.0,-1,0.488809,40.31,0.503079,0,4
u083,15-2031.00,Operations Research Analysts,15-2051.00,Data Scientists,15-1243.00,Database Architects,0.954101,0.0,0,0.0,0.0,-1,0.48449,40.0,0.502019,0,5
u084,15-2051.00,Data Scientists,15-1211.00,Computer Systems Analysts,15-1211.00,Computer Systems Analysts,0.969764,0.006448,1,0.0,0.0,-1,0.555503,54.06,0.518107,1,1
u084,15-2051.00,Data Scientists,15-1211.00,Computer Systems Analysts,15-1244.00,Network and Computer Systems Administrators,0.959855,0.015512,4,0.0,0.0,-1,0.583436,92.96,0.515572,0,2
u084,15-2051.00,Data Scientists,15-1211.00,Computer Systems Analysts,15-1242.00,Database Administrators,0.96082,0.0,0,0.0,0.0,-1,0.515841,40.0,0.509745,0,3
u084,15-2051.00,Data Scientists,15-1211.00,Computer Systems Analysts,15-1243.00,Database Architects,0.959411,0.001034,0,0.0,0.0,-1,0.511523,40.33,0.508205,0,4
u084,15-2051.00,Data Scientists,15-1211.00,Computer Systems Analysts,15-1212.00,Information Security Analysts,0.959859,4e-05,0,0.0,0.0,-1,0.498044,40.01,0.506633,0,5
u085,15-1211.00,Computer Systems Analysts,15-2051.00,Data Scientists,15-2051.00,Data Scientists,0.903415,0.0,0,1.0,1.0,1,0.444497,40.0,0.623212,1,1
u085,15-1211.00,Computer Systems Analysts,15-2051.00,Data Scientists,15-1244.00,Network and Computer Systems Administrators,0.984501,0.001173,1,0.0,0.0,-1,0.527933,52.38,0.521922,0,2
u085,15-1211.00,Computer Systems Analysts,15-2051.00,Data Scientists,15-1253.00,Software Quality Assurance Analysts and Testers,0.948365,0.0,0,0.0,0.0,-1,0.45346,40.0,0.494783,0,3
u085,15-1211.00,Computer Systems Analysts,15-2051.00,Data Scientists,15-1242.00,Database Administrators,0.943561,0.0,0,0.0,0.0,-1,0.460339,40.0,0.493653,0,4
u085,15-1211.00,Computer Systems Analysts,15-2051.00,Data Scientists,15-1243.00,Database Architects,0.938653,0.0,0,0.0,0.0,-1,0.45602,40.0,0.490797,0,5
u086,15-1212.00,Information Security Analysts,15-1242.00,Database Administrators,15-1244.00,Network and Computer Systems Administrators,0.975714,0.007472,0,0.0,0.0,-1,0.585392,42.39,0.525012,0,1
u086,15-1212.00,Information Security Analysts,15-1242.00,Database Administrators,15-1211.00,Computer Systems Analysts,0.968839,0.002972,0,0.0,0.0,-1,0.557459,40.95,0.518853,0,2
u086,15-1212.00,Information Security Analysts,15-1242.00,Database Administrators,15-1242.00,Database Administrators,0.947862,0.001742,0,0.0,0.0,-1,0.517798,40.56,0.503772,1,3
u086,15-1212.00,Information Security Analysts,15-1242.00,Database Administrators,15-1253.00,Software Quality Assurance Analysts and Testers,0.942991,0.002464,0,0.0,0.0,-1,0.510919,40.79,0.500368,0,4
u086,15-1212.00,Information Security Analysts,15-1242.00,Database Administrators,15-1243.00,Database Architects,0.938772,0.002971,0,0.0,0.0,-1,0.513479,40.95,0.498727,0,5
u087,15-1242.00,Database Administrators,15-2051.00,Data Scientists,15-2051.00,Data Scientists,0.942599,0.0,0,1.0,1.0,1,0.484159,40.0,0.646793,1,1
u087,15-1242.00,Database Administrators,15-2051.00,Data Scientists,15-1211.00,Computer Systems Analysts,0.981701,0.0,0,0.0,0.0,-1,0.539661,40.0,0.522715,0,2
u087,15-1242.00,Database Administrators,15-2051.00,Data Scientists,15-1244.00,Network and Computer Systems Administrators,0.971869,0.008402,2,0.0,0.0,-1,0.567594,66.69,0.52038,0,3
u087,15-1242.00,Database Administrators,15-2051.00,Data Scientists,15-1243.00,Database Architects,0.968648,0.0,0,0.0,0.0,-1,0.495681,40.0,0.510244,0,4
u087,15-1242.00,Database Administrators,15-2051.00,Data Scientists,15-1254.00,Web Developers,0.963664,0.0,0,0.0,0.0,-1,0.48431,40.0,0.506296,0,5
u088,15-1243.00,Database Architects,15-1244.00,Network and Computer Systems Administrators,15-1244.00,Network and Computer Systems Administrators,0.972861,0.003699,0,0.0,0.0,-1,0.571913,41.18,0.52265,1,1
u088,15-1243.00,Database Architects,15-1244.00,Network and Computer Systems Administrators,15-1211.00,Computer Systems Analysts,0.973719,0.000194,0,0.0,0.0,-1,0.54398,40.06,0.519722,0,2
u088,15-1243.00,Database Architects,15-1244.00,Network and Computer Systems Administrators,15-1242.00,Database Administrators,0.955595,0.0,0,0.0,0.0,-1,0.504319,40.0,0.505665,0,3
u088,15-1243.00,Database Architects,15-1244.00,Network and Computer Systems Administrators,15-1254.00,Web Developers,0.954521,0.0,0,0.0,0.0,-1,0.488629,40.0,0.502829,0,4
u088,15-1243.00,Database Architects,15-1244.00,Network and Computer Systems Administrators,15-1253.00,Software Quality Assurance Analysts and Testers,0.940722,0.002337,0,0.0,0.0,-1,0.49744,40.75,0.497356,0,5
u089,15-1244.00,Network and Computer Systems Administrators,15-1212.00,Information Security Analysts,15-1212.00,Information Security Analysts,0.913794,0.0,0,1.0,1.0,1,0.414608,40.0,0.623398,1,1
u089,15-1244.00,Network and Computer Systems Administrators,15-1212.00,Information Security Analysts,15-1211.00,Computer Systems Analysts,0.956852,0.0,0,0.0,0.0,-1,0.472067,40.0,0.501393,0,2
u089,15-1244.00,Network and Computer Systems Administrators,15-1212.00,Information Security Analysts,15-1242.00,Database Administrators,0.917837,0.0,0,0.0,0.0,-1,0.432406,40.0,0.477888,0,3
u089,15-1244.00,Network and Computer Systems Administrators,15-1212.00,Information Security Analysts,15-1253.00,Software Quality Assurance Analysts and Testers,0.919797,0.0,0,0.0,0.0,-1,0.425527,40.0,0.477738,0,4
u089,15-1244.00,Network and Computer Systems Administrators,15-1212.00,Information Security Analysts,15-1254.00,Web Developers,0.91578,0.0,0,0.0,0.0,-1,0.416716,40.0,0.474608,0,5
u090,15-1251.00,Computer Programmers,15-1252.00,Software Developers,15-1252.00,Software Developers,0.857072,0.0,0,0.615385,0.615385,1,0.481869,40.0,0.55027,1,1
u090,15-1251.00,Computer Programmers,15-1252.00,Software Developers,15-1254.00,Web Developers,0.960517,0.0,0,0.25641,0.25641,1,0.500482,40.0,0.545767,0,2
u090,15-1251.00,Computer Programmers,15-1252.00,Software Developers,15-2051.00,Data Scientists,0.912191,0.0,0,0.0,0.341881,2,0.50033,40.0,0.536817,0,3
u090,15-1251.00,Computer Programmers,15-1252.00,Software Developers,15-1212.00,Information Security Analysts,0.9273,0.0,0,0.0,0.273504,2,0.498374,40.0,0.533067,0,4
u090,15-1251.00,Computer Programmers,15-1252.00,Software Developers,15-1244.00,Network and Computer Systems Administrators,0.972478,0.002708,0,0.0,0.0,-1,0.583766,40.87,0.524503,0,5
u091,15-1252.00,Software Developers,15-1253.00,Software Quality Assurance Analysts and Testers,15-2051.00,Data Scientists,0.929828,0.00064,0,0.555556,0.555556,1,0.518461,40.2,0.579365,0,1
u091,15-1252.00,Software Developers,15-1253.00,Software Quality Assurance Analysts and Testers,15-1212.00,Information Security Analysts,0.9521,0.002237,0,0.444444,0.444444,1,0.516505,40.72,0.572028,0,2
u091,15-1252.00,Software Developers,15-1253.00,Software Quality Assurance Analysts and Testers,15-1211.00,Computer Systems Analysts,0.96549,0.011836,3,0.0,0.0,-1,0.573963,79.79,0.517606,0,3
u091,15-1252.00,Software Developers,15-1253.00,Software Quality Assurance Analysts and Testers,15-1244.00,Network and Computer Systems Administrators,0.954908,0.020671,5,0.0,0.0,-1,0.601897,106.61,0.514825,0,4
u091,15-1252.00,Software Developers,15-1253.00,Software Quality Assurance Analysts and Testers,15-1243.00,Database Architects,0.95003,0.010571,2,0.0,0.0,-1,0.529983,67.38,0.504368,0,5
u092,15-1253.00,Software Quality Assurance Analysts and Testers,15-1252.00,Software Developers,15-1252.00,Software Developers,0.875777,0.000665,0,1.0,1.0,1,0.472576,40.21,0.61482,1,1
u092,15-1253.00,Software Quality Assurance Analysts and Testers,15-1252.00,Software Developers,15-2051.00,Data Scientists,0.920315,0.00167,0,0.0,0.555556,2,0.491037,40.53,0.570713,0,2
u092,15-1253.00,Software Quality Assurance Analysts and Testers,15-1252.00,Software Developers,15-1212.00,Information Security Analysts,0.954327,0.0,0,0.0,0.444444,2,0.489081,40.0,0.569476,0,3
u092,15-1253.00,Software Quality Assurance Analysts and Testers,15-1252.00,Software Developers,15-1244.00,Network and Computer Systems Administrators,0.97477,0.003797,1,0.0,0.0,-1,0.574473,53.21,0.523868,0,4
u092,15-1253.00,Software Quality Assurance Analysts and Testers,15-1252.00,Software Developers,15-1211.00,Computer Systems Analysts,0.975094,0.0,0,0.0,0.0,-1,0.54654,40.0,0.520773,0,5
u093,15-1254.00,Web Developers,15-1252.00,Software Developers,15-1252.00,Software Developers,0.886659,0.0,0,0.6,0.6,1,0.481388,40.0,0.561205,1,1
u093,15-1254.00,Web Developers,15-1252.00,Software Developers,15-1255.00,Web and Digital Interface Designers,0.943158,0.0,0,0.4,0.4,1,0.50253,40.0,0.5598,0,2
u093,15-1254.00,Web Developers,15-1252.00,Software Developers,15-2051.00,Data Scientists,0.924936,0.0,0,0.0,0.333334,2,0.499848,40.0,0.541199,0,3
u093,15-1254.00,Web Developers,15-1252.00,Software Developers,15-1212.00,Information Security Analysts,0.938913,0.0,0,0.0,0.266666,2,0.497892,40.0,0.537195,0,4
u093,15-1254.00,Web Developers,15-1252.00,Software Developers,15-1244.00,Network and Computer Systems Administrators,0.973539,0.003894,0,0.0,0.0,-1,0.583284,41.25,0.524611,0,5
u094,15-1255.00,Web and Digital Interface Designers,15-2031.00,Operations Research Analysts,15-1211.00,Computer Systems Analysts,0.970014,0.003743,1,0.0,0.0,-1,0.552821,53.2,0.518494,0,1
u094,15-1255.00,Web and Digital Interface Designers,15-2031.00,Operations Research Analysts,15-1244.00,Network and Computer Systems Administrators,0.960897,0.013055,3,0.0,0.0,-1,0.580755,80.18,0.516253,0,2
u094,15-1255.00,Web and Digital Interface Designers,15-2031.00,Operations Research Analysts,15-1243.00,Database Architects,0.96339,0.0,0,0.0,0.0,-1,0.508841,40.0,0.509852,0,3
u094,15-1255.00,Web and Digital Interface Designers,15-2031.00,Operations Research Analysts,15-1242.00,Database Administrators,0.955472,0.0,0,0.0,0.0,-1,0.51316,40.0,0.506936,0,4
u094,15-1255.00,Web and Digital Interface Designers,15-2031.00,Operations Research Analysts,15-1254.00,Web Developers,0.958529,0.0,0,0.0,0.0,-1,0.49747,40.0,0.505958,0,5
u095,15-2031.00,Operations Research Analysts,15-2051.00,Data Scientists,15-2051.00,Data Scientists,0.951986,0.0,0,1.0,1.0,1,0.472968,40.0,0.649339,1,1
u095,15-2031.00,Operations Research Analysts,15-2051.00,Data Scientists,15-1211.00,Computer Systems Analysts,0.960265,0.004945,1,0.0,0.0,-1,0.52847,53.58,0.510154,0,2
u095,15-2031.00,Operations Research Analysts,15-2051.00,Data Scientists,15-1242.00,Database Administrators,0.959943,0.0,0,0.0,0.0,-1,0.488809,40.0,0.505296,0,3
u095,15-2031.00,Operations Research Analysts,15-2051.00,Data Scientists,15-1243.00,Database Architects,0.960928,0.0,0,0.0,0.0,-1,0.48449,40.0,0.505091,0,4
u095,15-2031.00,Operations Research Analysts,15-2051.00,Data Scientists,15-1244.00,Network and Computer Systems Administrators,0.944898,0.018708,4,0.0,0.0,-1,0.556403,93.99,0.503988,0,5
u096,15-2051.00,Data Scientists,15-1211.00,Computer Systems Analysts,15-1211.00,Computer Systems Analysts,0.975453,0.003856,2,0.0,0.0,-1,0.555503,65.23,0.521315,1,1
u096,15-2051.00,Data Scientists,15-1211.00,Computer Systems Analysts,15-1242.00,Database Administrators,0.97114,0.0,0,0.0,0.0,-1,0.515841,40.0,0.514389,0,2
u096,15-2051.00,Data Scientists,15-1211.00,Computer Systems Analysts,15-1244.00,Network and Computer Systems Administrators,0.957033,0.015763,4,0.0,0.0,-1,0.583436,93.04,0.514239,0,3
u096,15-2051.00,Data Scientists,15-1211.00,Computer Systems Analysts,15-1243.00,Database Architects,0.970501,0.0,0,0.0,0.0,-1,0.511523,40.0,0.513454,0,4
u096,15-2051.00,Data Scientists,15-1211.00,Computer Systems Analysts,15-1212.00,Information Security Analysts,0.962934,0.0,0,0.0,0.0,-1,0.498044,40.0,0.508027,0,5
u097,15-1211.00,Computer Systems Analysts,15-2051.00,Data Scientists,15-2051.00,Data Scientists,0.91604,0.0,0,1.0,1.0,1,0.444497,40.0,0.628893,1,1
u097,15-1211.00,Computer Systems Analysts,15-2051.00,Data Scientists,15-1244.00,Network and Computer Systems Administrators,0.987053,0.000953,1,0.0,0.0,-1,0.527933,52.3,0.523126,0,2
u097,15-1211.00,Computer Systems Analysts,15-2051.00,Data Scientists,15-1242.00,Database Administrators,0.953528,0.0,0,0.0,0.0,-1,0.460339,40.0,0.498139,0,3
u097,15-1211.00,Computer Systems Analysts,15-2051.00,Data Scientists,15-1253.00,Software Quality Assurance Analysts and Testers,0.95397,0.0,0,0.0,0.0,-1,0.45346,40.0,0.497306,0,4
u097,15-1211.00,Computer Systems Analysts,15-2051.00,Data Scientists,15-1243.00,Database Architects,0.951493,0.0,0,0.0,0.0,-1,0.45602,40.0,0.496575,0,5
u098,15-1212.00,Information Security Analysts,15-1242.00,Database Administrators,15-1244.00,Network and Computer Systems Administrators,0.975386,0.004243,1,0.0,0.0,-1,0.585392,53.36,0.525672,0,1
u098,15-1212.00,Information Security Analysts,15-1242.00,Database Administrators,15-1211.00,Computer Systems Analysts,0.977152,1.3e-05,0,0.0,0.0,-1,0.557459,40.0,0.523334,0,2
u098,15-1212.00,Information Security Analysts,15-1242.00,Database Administrators,15-1253.00,Software Quality Assurance Analysts and Testers,0.953441,0.0,0,0.0,0.0,-1,0.510919,40.0,0.505686,0,3
u098,15-1212.00,Information Security Analysts,15-1242.00,Database Administrators,15-1242.00,Database Administrators,0.950414,0.000373,0,0.0,0.0,-1,0.517798,40.12,0.505263,1,4
u098,15-1212.00,Information Security Analysts,15-1242.00,Database Administrators,15-1243.00,Database Architects,0.946829,0.0,0,0.0,0.0,-1,0.513479,40.0,0.503095,0,5
u099,15-1242.00,Database Administrators,15-2051.00,Data Scientists,15-2051.00,Data Scientists,0.93602,0.0,0,1.0,1.0,1,0.484159,40.0,0.643833,1,1
u099,15-1242.00,Database Administrators,15-2051.00,Data Scientists,15-1244.00,Network and Computer Systems Administrators,0.972682,0.005472,1,0.0,0.0,-1,0.567594,53.75,0.521478,0,2
u099,15-1242.00,Database Administrators,15-2051.00,Data Scientists,15-1211.00,Computer Systems Analysts,0.978425,0.0,0,0.0,0.0,-1,0.539661,40.0,0.521241,0,3
u099,15-1242.00,Database Administrators,15-2051.00,Data Scientists,15-1243.00,Database Architects,0.961514,0.0,0,0.0,0.0,-1,0.495681,40.0,0.507034,0,4
u099,15-1242.00,Database Administrators,15-2051.00,Data Scientists,15-1254.00,Web Developers,0.961344,0.0,0,0.0,0.0,-1,0.48431,40.0,0.505251,0,5
u100,15-1243.00,Database Architects,15-1244.00,Network and Computer Systems Administrators,15-1211.00,Computer Systems Analysts,0.973039,0.001849,0,0.0,0.0,-1,0.54398,40.59,0.519002,0,1
u100,15-1243.00,Database Architects,15-1244.00,Network and Computer Systems Administrators,15-1244.00,Network and Computer Systems Administrators,0.966796,0.007939,0,0.0,0.0,-1,0.571913,42.54,0.51886,1,2
u100,15-1243.00,Database Architects,15-1244.00,Network and Computer Systems Administrators,15-1242.00,Database Administrators,0.958887,0.0,0,0.0,0.0,-1,0.504319,40.0,0.507147,0,3
u100,15-1243.00,Database Architects,15-1244.00,Network and Computer Systems Administrators,15-1254.00,Web Developers,0.958818,0.0,0,0.0,0.0,-1,0.488629,40.0,0.504762,0,4
u100,15-1243.00,Database Architects,15-1244.00,Network and Computer Systems Administrators,15-1255.00,Web and Digital Interface Designers,0.953419,0.0,0,0.0,0.0,-1,0.491159,40.0,0.502712,0,5
u101,15-1244.00,Network and Computer Systems Administrators,15-1212.00,Information Security Analysts,15-1212.00,Information Security Analysts,0.908046,0.0,0,1.0,1.0,1,0.414608,40.0,0.620812,1,1
u101,15-1244.00,Network and Computer Systems Administrators,15-1212.00,Information Security Analysts,15-1211.00,Computer Systems Analysts,0.952353,0.0,0,0.0,0.0,-1,0.472067,40.0,0.499369,0,2
u101,15-1244.00,Network and Computer Systems Administrators,15-1212.00,Information Security Analysts,15-1242.00,Database Administrators,0.91087,0.0,0,0.0,0.0,-1,0.432406,40.0,0.474752,0,3
u101,15-1244.00,Network and Computer Systems Administrators,15-1212.00,Information Security Analysts,15-1253.00,Software Quality Assurance Analysts and Testers,0.910806,0.0,0,0.0,0.0,-1,0.425527,40.0,0.473692,0,4
u101,15-1244.00,Network and Computer Systems Administrators,15-1212.00,Information Security Analysts,15-1243.00,Database Architects,0.903787,0.0,0,0.0,0.0,-1,0.428087,40.0,0.470917,0,5
u102,15-1251.00,Computer Programmers,15-1252.00,Software Developers,15-1252.00,Software Developers,0.858215,0.0,0,0.615385,0.615385,1,0.481869,40.0,0.550785,1,1
u102,15-1251.00,Computer Programmers,15-1252.00,Software Developers,15-1254.00,Web Developers,0.958978,0.0,0,0.25641,0.25641,1,0.500482,40.0,0.545074,0,2
u102,15-1251.00,Computer Programmers,15-1252.00,Software Developers,15-2051.00,Data Scientists,0.912002,0.0,0,0.0,0.341881,2,0.50033,40.0,0.536733,0,3
u102,15-1251.00,Computer Programmers,15-1252.00,Software Developers,15-1212.00,Information Security Analysts,0.930254,0.0,0,0.0,0.273504,2,0.498374,40.0,0.534396,0,4
u102,15-1251.00,Computer Programmers,15-1252.00,Software Developers,15-1244.00,Network and Computer Systems Administrators,0.966534,0.006207,1,0.0,0.0,-1,0.583766,53.99,0.520953,0,5
u103,15-1252.00,Software Developers,15-1253.00,Software Quality Assurance Analysts and Testers,15-2051.00,Data Scientists,0.929539,0.0,0,0.555556,0.555556,1,0.518461,40.0,0.579395,0,1
u103,15-1252.00,Software Developers,15-1253.00,Software Quality Assurance Analysts and Testers,15-1212.00,Information Security Analysts,0.948386,0.0,0,0.444444,0.444444,1,0.516505,40.0,0.570916,0,2
u103,15-1252.00,Software Developers,15-1253.00,Software Quality Assurance Analysts and Testers,15-1211.00,Computer Systems Analysts,0.966471,0.007489,1,0.0,0.0,-1,0.573963,54.4,0.519134,0,3
u103,15-1252.00,Software Developers,15-1253.00,Software Quality Assurance Analysts and Testers,15-1244.00,Network and Computer Systems Administrators,0.96013,0.015896,2,0.0,0.0,-1,0.601897,69.09,0.518369,0,4
u103,15-1252.00,Software Developers,15-1253.00,Software Quality Assurance Analysts and Testers,15-1242.00,Database Administrators,0.944452,0.007306,1,0.0,0.0,-1,0.534302,54.34,0.503322,0,5
u104,15-1253.00,Software Quality Assurance Analysts and Testers,15-1252.00,Software Developers,15-1252.00,Software Developers,0.89572,0.0,0,1.0,1.0,1,0.472576,40.0,0.62396,1,1
u104,15-1253.00,Software Quality Assurance Analysts and Testers,15-1252.00,Software Developers,15-2051.00,Data Scientists,0.926528,0.0,0,0.0,0.555556,2,0.491037,40.0,0.573927,0,2
u104,15-1253.00,Software Quality Assurance Analysts and Testers,15-1252.00,Software Developers,15-1212.00,Information Security Analysts,0.9547,0.0,0,0.0,0.444444,2,0.489081,40.0,0.569644,0,3
u104,15-1253.00,Software Quality Assurance Analysts and Testers,15-1252.00,Software Developers,15-1244.00,Network and Computer Systems Administrators,0.976653,0.004082,1,0.0,0.0,-1,0.574473,53.31,0.524644,0,4
u104,15-1253.00,Software Quality Assurance Analysts and Testers,15-1252.00,Software Developers,15-1211.00,Computer Systems Analysts,0.982204,0.0,0,0.0,0.0,-1,0.54654,40.0,0.523973,0,5
u105,15-1254.00,Web Developers,15-1252.00,Software Developers,15-1255.00,Web and Digital Interface Designers,0.9456,0.0,0,0.4,0.4,1,0.50253,40.0,0.560899,0,1
u105,15-1254.00,Web Developers,15-1252.00,Software Developers,15-1252.00,Software Developers,0.882747,0.0,0,0.6,0.6,1,0.481388,40.0,0.559444,1,2
u105,15-1254.00,Web Developers,15-1252.00,Software Developers,15-2051.00,Data Scientists,0.922821,0.0,0,0.0,0.333334,2,0.499848,40.0,0.540247,0,3
u105,15-1254.00,Web Developers,15-1252.00,Software Developers,15-1212.00,Information Security Analysts,0.944036,0.0,0,0.0,0.266666,2,0.497892,40.0,0.5395,0,4
u105,15-1254.00,Web Developers,15-1252.00,Software Developers,15-1211.00,Computer Systems Analysts,0.976197,0.0,0,0.0,0.0,-1,0.555351,40.0,0.522591,0,5
u106,15-1255.00,Web and Digital Interface Designers,15-2031.00,Operations Research Analysts,15-1211.00,Computer Systems Analysts,0.970673,0.002851,0,0.0,0.0,-1,0.552821,40.91,0.519013,0,1
u106,15-1255.00,Web and Digital Interface Designers,15-2031.00,Operations Research Analysts,15-1244.00,Network and Computer Systems Administrators,0.955898,0.016557,2,0.0,0.0,-1,0.580755,69.3,0.513128,0,2
u106,15-1255.00,Web and Digital Interface Designers,15-2031.00,Operations Research Analysts,15-1243.00,Database Architects,0.965357,0.0,0,0.0,0.0,-1,0.508841,40.0,0.510737,0,3
u106,15-1255.00,Web and Digital Interface Designers,15-2031.00,Operations Research Analysts,15-1242.00,Database Administrators,0.962462,0.0,0,0.0,0.0,-1,0.51316,40.0,0.510082,0,4
u106,15-1255.00,Web and Digital Interface Designers,15-2031.00,Operations Research Analysts,15-1254.00,Web Developers,0.964422,0.0,0,0.0,0.0,-1,0.49747,40.0,0.508611,0,5
u107,15-2031.00,Operations Research Analysts,15-2051.00,Data Scientists,15-2051.00,Data Scientists,0.958037,0.0,0,1.0,1.0,1,0.472968,40.0,0.652062,1,1
u107,15-2031.00,Operations Research Analysts,15-2051.00,Data Scientists,15-1211.00,Computer Systems Analysts,0.957312,0.008019,2,0.0,0.0,-1,0.52847,66.57,0.508056,0,2
u107,15-2031.00,Operations Research Analysts,15-2051.00,Data Scientists,15-1243.00,Database Architects,0.967029,3.8e-05,0,0.0,0.0,-1,0.48449,40.01,0.507827,0,3
u107,15-2031.00,Operations Research Analysts,15-2051.00,Data Scientists,15-1242.00,Database Administrators,0.96523,9.6e-05,0,0.0,0.0,-1,0.488809,40.03,0.507651,0,4
u107,15-2031.00,Operations Research Analysts,15-2051.00,Data Scientists,15-1254.00,Web Developers,0.954513,0.000867,0,0.0,0.0,-1,0.473119,40.28,0.500282,0,5
u108,15-2051.00,Data Scientists,15-1211.00,Computer Systems Analysts,15-1211.00,Computer Systems Analysts,0.969647,0.007055,1,0.0,0.0,-1,0.555503,54.26,0.517903,1,1
u108,15-2051.00,Data Scientists,15-1211.00,Computer Systems Analysts,15-1244.00,Network and Computer Systems Administrators,0.95656,0.016185,3,0.0,0.0,-1,0.583436,81.18,0.513921,0,2
u108,15-2051.00,Data Scientists,15-1211.00,Computer Systems Analysts,15-1242.00,Database Administrators,0.960793,0.000137,0,0.0,0.0,-1,0.515841,40.04,0.509699,0,3
u108,15-2051.00,Data Scientists,15-1211.00,Computer Systems Analysts,15-1243.00,Database Architects,0.95532,0.000335,0,0.0,0.0,-1,0.511523,40.11,0.506539,0,4
u108,15-2051.00,Data Scientists,15-1211.00,Computer Systems Analysts,15-1212.00,Information Security Analysts,0.959673,0.001549,0,0.0,0.0,-1,0.498044,40.5,0.506172,0,5
u109,15-1211.00,Computer Systems Analysts,15-2051.00,Data Scientists,15-2051.00,Data Scientists,0.911908,0.0,0,1.0,1.0,1,0.444497,40.0,0.627033,1,1
u109,15-1211.00,Computer Systems Analysts,15-2051.00,Data Scientists,15-1244.00,Network and Computer Systems Administrators,0.986977,0.000955,0,0.0,0.0,-1,0.527933,40.31,0.523091,0,2
u109,15-1211.00,Computer Systems Analysts,15-2051.00,Data Scientists,15-1242.00,Database Administrators,0.953114,0.0,0,0.0,0.0,-1,0.460339,40.0,0.497952,0,3
u109,15-1211.00,Computer Systems Analysts,15-2051.00,Data Scientists,15-1253.00,Software Quality Assurance Analysts and Testers,0.954376,0.0,0,0.0,0.0,-1,0.45346,40.0,0.497488,0,4
u109,15-1211.00,Computer Systems Analysts,15-2051.00,Data Scientists,15-1243.00,Database Architects,0.948851,0.0,0,0.0,0.0,-1,0.45602,40.0,0.495386,0,5
u110,15-1212.00,Information Security Analysts,15-1242.00,Database Administrators,15-1244.00,Network and Computer Systems Administrators,0.972658,0.008351,1,0.0,0.0,-1,0.585392,54.67,0.523417,0,1
u110,15-1212.00,Information Security Analysts,15-1242.00,Database Administrators,15-1211.00,Computer Systems Analysts,0.975533,0.001793,0,0.0,0.0,-1,0.557459,40.57,0.52216,0,2
u110,15-1212.00,Information Security Analysts,15-1242.00,Database Administrators,15-1242.00,Database Administrators,0.95956,0.0,0,0.0,0.0,-1,0.517798,40.0,0.509472,1,3
u110,15-1212.00,Information Security Analysts,15-1242.00,Database Administrators,15-1243.00,Database Architects,0.954252,0.000175,0,0.0,0.0,-1,0.513479,40.06,0.506391,0,4
u110,15-1212.00,Information Security Analysts,15-1242.00,Database Administrators,15-1253.00,Software Quality Assurance Analysts and Testers,0.954317,0.0,0,0.0,0.0,-1,0.510919,40.0,0.50608,0,5
u111,15-1242.00,Database Administrators,15-2051.00,Data Scientists,15-2051.00,Data Scientists,0.930871,0.0,0,1.0,1.0,1,0.484159,40.0,0.641516,1,1
u111,15-1242.00,Database Administrators,15-2051.00,Data Scientists,15-1211.00,Computer Systems Analysts,0.981742,0.0,0,0.0,0.0,-1,0.539661,40.0,0.522733,0,2
u111,15-1242.00,Database Administrators,15-2051.00,Data Scientists,15-1244.00,Network and Computer Systems Administrators,0.975922,0.007182,2,0.0,0.0,-1,0.567594,66.3,0.522509,0,3
u111,15-1242.00,Database Administrators,15-2051.00,Data Scientists,15-1243.00,Database Architects,0.962928,0.0,0,0.0,0.0,-1,0.495681,40.0,0.50767,0,4
u111,15-1242.00,Database Administrators,15-2051.00,Data Scientists,15-1254.00,Web Developers,0.956761,0.0,0,0.0,0.0,-1,0.48431,40.0,0.503189,0,5
u112,15-1243.00,Database Architects,15-1244.00,Network and Computer Systems Administrators,15-1211.00,Computer Systems Analysts,0.980752,0.000764,0,0.0,0.0,-1,0.54398,40.24,0.522744,0,1
u112,15-1243.00,Database Architects,15-1244.00,Network and Computer Systems Administrators,15-1244.00,Network and Computer Systems Administrators,0.972795,0.00657,1,0.0,0.0,-1,0.571913,54.1,0.521902,1,2
u112,15-1243.00,Database Architects,15-1244.00,Network and Computer Systems Administrators,15-1242.00,Database Administrators,0.965408,0.0,0,0.0,0.0,-1,0.504319,40.0,0.510081,0,3
u112,15-1243.00,Database Architects,15-1244.00,Network and Computer Systems Administrators,15-1254.00,Web Developers,0.964895,0.0,0,0.0,0.0,-1,0.488629,40.0,0.507497,0,4
u112,15-1243.00,Database Architects,15-1244.00,Network and Computer Systems Administrators,15-1255.00,Web and Digital Interface Designers,0.955783,0.0,0,0.0,0.0,-1,0.491159,40.0,0.503776,0,5
u113,15-1244.00,Network and Computer Systems Administrators,15-1212.00,Information Security Analysts,15-1212.00,Information Security Analysts,0.914397,0.0,0,1.0,1.0,1,0.414608,40.0,0.62367,1,1
u113,15-1244.00,Network and Computer Systems Administrators,15-1212.00,Information Security Analysts,15-1211.00,Computer Systems Analysts,0.95487,0.0,0,0.0,0.0,-1,0.472067,40.0,0.500501,0,2
u113,15-1244.00,Network and Computer Systems Administrators,15-1212.00,Information Security Analysts,15-1242.00,Database Administrators,0.915743,0.0,0,0.0,0.0,-1,0.432406,40.0,0.476945,0,3
u113,15-1244.00,Network and Computer Systems Administrators,15-1212.00,Information Security Analysts,15-1253.00,Software Quality Assurance Analysts and Testers,0.915441,0.0,0,0.0,0.0,-1,0.425527,40.0,0.475777,0,4
u113,15-1244.00,Network and Computer Systems Administrators,15-1212.00,Information Security Analysts,15-1243.00,Database Architects,0.907078,0.0,0,0.0,0.0,-1,0.428087,40.0,0.472398,0,5
u114,15-1251.00,Computer Programmers,15-1252.00,Software Developers,15-1252.00,Software Developers,0.852875,0.0,0,0.615385,0.615385,1,0.481869,40.0,0.548382,1,1
u114,15-1251.00,Computer Programmers,15-1252.00,Software Developers,15-1254.00,Web Developers,0.955637,0.0,0,0.25641,0.25641,1,0.500482,40.0,0.543571,0,2
u114,15-1251.00,Computer Programmers,15-1252.00,Software Developers,15-2051.00,Data Scientists,0.905032,0.0,0,0.0,0.341881,2,0.50033,40.0,0.533596,0,3
u114,15-1251.00,Computer Programmers,15-1252.00,Software Developers,15-1212.00,Information Security Analysts,0.926386,0.0,0,0.0,0.273504,2,0.498374,40.0,0.532655,0,4
u114,15-1251.00,Computer Programmers,15-1252.00,Software Developers,15-1244.00,Network and Computer Systems Administrators,0.96572,0.007886,2,0.0,0.0,-1,0.583766,66.52,0.520167,0,5
u115,15-1252.00,Software Developers,15-1253.00,Software Quality Assurance Analysts and Testers,15-2051.00,Data Scientists,0.925152,0.000889,0,0.555556,0.555556,1,0.518461,40.28,0.577199,0,1
u115,15-1252.00,Software Developers,15-1253.00,Software Quality Assurance Analysts and Testers,15-1212.00,Information Security Analysts,0.947352,0.001727,0,0.444444,0.444444,1,0.516505,40.55,0.570019,0,2
u115,15-1252.00,Software Developers,15-1253.00,Software Quality Assurance Analysts and Testers,15-1211.00,Computer Systems Analysts,0.965125,0.009851,3,0.0,0.0,-1,0.573963,79.15,0.517938,0,3
u115,15-1252.00,Software Developers,15-1253.00,Software Quality Assurance Analysts and Testers,15-1244.00,Network and Computer Systems Administrators,0.955018,0.018778,5,0.0,0.0,-1,0.601897,106.01,0.515348,0,4
u115,15-1252.00,Software Developers,15-1253.00,Software Quality Assurance Analysts and Testers,15-1242.00,Database Administrators,0.947745,0.00743,2,0.0,0.0,-1,0.534302,66.38,0.504773,0,5
u116,15-1253.00,Software Quality Assurance Analysts and Testers,15-1252.00,Software Developers,15-1252.00,Software Developers,0.875001,0.0,0,1.0,1.0,1,0.472576,40.0,0.614637,1,1
u116,15-1253.00,Software Quality Assurance Analysts and Testers,15-1252.00,Software Developers,15-2051.00,Data Scientists,0.920648,0.0,0,0.0,0.555556,2,0.491037,40.0,0.571281,0,2
u116,15-1253.00,Software Quality Assurance Analysts and Testers,15-1252.00,Software Developers,15-1212.00,Information Security Analysts,0.947876,0.0,0,0.0,0.444444,2,0.489081,40.0,0.566573,0,3
u116,15-1253.00,Software Quality Assurance Analysts and Testers,15-1252.00,Software Developers,15-1244.00,Network and Computer Systems Administrators,0.979033,0.002712,2,0.0,0.0,-1,0.574473,64.87,0.526058,0,4
u116,15-1253.00,Software Quality Assurance Analysts and Testers,15-1252.00,Software Developers,15-1211.00,Computer Systems Analysts,0.977937,0.0,0,0.0,0.0,-1,0.54654,40.0,0.522053,0,5
u117,15-1254.00,Web Developers,15-1252.00,Software Developers,15-1255.00,Web and Digital Interface Designers,0.935972,0.0,0,0.4,0.4,1,0.50253,40.0,0.556567,0,1
u117,15-1254.00,Web Developers,15-1252.00,Software Developers,15-1252.00,Software Developers,0.872712,0.0,0,0.6,0.6,1,0.481388,40.0,0.554929,1,2
u117,15-1254.00,Web Developers,15-1252.00,Software Developers,15-2051.00,Data Scientists,0.919803,0.0,0,0.0,0.333334,2,0.499848,40.0,0.538889,0,3
u117,15-1254.00,Web Developers,15-1252.00,Software Developers,15-1212.00,Information Security Analysts,0.936725,0.0,0,0.0,0.266666,2,0.497892,40.0,0.53621,0,4
u117,15-1254.00,Web Developers,15-1252.00,Software Developers,15-1211.00,Computer Systems Analysts,0.974866,0.0,0,0.0,0.0,-1,0.555351,40.0,0.521992,0,5
u118,15-1255.00,Web and Digital Interface Designers,15-2031.00,Operations Research Analysts,15-1211.00,Computer Systems Analysts,0.970731,0.005459,1,0.0,0.0,-1,0.552821,53.75,0.518387,0,1
u118,15-1255.00,Web and Digital Interface Designers,15-2031.00,Operations Research Analysts,15-1244.00,Network and Computer Systems Administrators,0.96254,0.013634,3,0.0,0.0,-1,0.580755,80.36,0.516848,0,2
u118,15-1255.00,Web and Digital Interface Designers,15-2031.00,Operations Research Analysts,15-1243.00,Database Architects,0.967064,0.0,0,0.0,0.0,-1,0.508841,40.0,0.511505,0,3
u118,15-1255.00,Web and Digital Interface Designers,15-2031.00,Operations Research Analysts,15-1242.00,Database Administrators,0.959615,0.0,0,0.0,0.0,-1,0.51316,40.0,0.508801,0,4
u118,15-1255.00,Web and Digital Interface Designers,15-2031.00,Operations Research Analysts,15-1254.00,Web Developers,0.963856,0.0,0,0.0,0.0,-1,0.49747,40.0,0.508356,0,5
u119,15-2031.00,Operations Research Analysts,15-2051.00,Data Scientists,15-2051.00,Data Scientists,0.951713,0.0,0,1.0,1.0,1,0.472968,40.0,0.649216,1,1
u119,15-2031.00,Operations Research Analysts,15-2051.00,Data Scientists,15-1211.00,Computer Systems Analysts,0.959677,0.006281,1,0.0,0.0,-1,0.52847,54.01,0.509555,0,2
u119,15-2031.00,Operations Research Analysts,15-2051.00,Data Scientists,15-1242.00,Database Administrators,0.959466,0.000447,0,0.0,0.0,-1,0.488809,40.14,0.504969,0,3
u119,15-2031.00,Operations Research Analysts,15-2051.00,Data Scientists,15-1243.00,Database Architects,0.96056,0.0,0,0.0,0.0,-1,0.48449,40.0,0.504925,0,4
u119,15-2031.00,Operations Research Analysts,15-2051.00,Data Scientists,15-1244.00,Network and Computer Systems Administrators,0.938437,0.023903,3,0.0,0.0,-1,0.556403,83.65,0.499781,0,5
u120,15-2051.00,Data Scientists,15-1211.00,Computer Systems Analysts,15-1211.00,Computer Systems Analysts,0.978822,0.001894,0,0.0,0.0,-1,0.555503,40.61,0.523322,1,1
u120,15-2051.00,Data Scientists,15-1211.00,Computer Systems Analysts,15-1244.00,Network and Computer Systems Administrators,0.963457,0.009706,1,0.0,0.0,-1,0.583436,55.11,0.518645,0,2
u120,15-2051.00,Data Scientists,15-1211.00,Computer Systems Analysts,15-1242.00,Database Administrators,0.966802,0.0,0,0.0,0.0,-1,0.515841,40.0,0.512437,0,3
u120,15-2051.00,Data Scientists,15-1211.00,Computer Systems Analysts,15-1243.00,Database Architects,0.964354,0.0,0,0.0,0.0,-1,0.511523,40.0,0.510688,0,4
u120,15-2051.00,Data Scientists,15-1211.00,Computer Systems Analysts,15-1212.00,Information Security Analysts,0.962179,0.0,0,0.0,0.0,-1,0.498044,40.0,0.507687,0,5
u121,15-1211.00,Computer Systems Analysts,15-2051.00,Data Scientists,15-2051.00,Data Scientists,0.912685,0.0,0,1.0,1.0,1,0.444497,40.0,0.627383,1,1
u121,15-1211.00,Computer Systems Analysts,15-2051.00,Data Scientists,15-1244.00,Network and Computer Systems Administrators,0.980618,0.0,0,0.0,0.0,-1,0.527933,40.0,0.520468,0,2
u121,15-1211.00,Computer Systems Analysts,15-2051.00,Data Scientists,15-1253.00,Software Quality Assurance Analysts and Testers,0.949989,0.0,0,0.0,0.0,-1,0.45346,40.0,0.495514,0,3
u121,15-1211.00,Computer Systems Analysts,15-2051.00,Data Scientists,15-1242.00,Database Administrators,0.945774,0.0,0,0.0,0.0,-1,0.460339,40.0,0.494649,0,4
u121,15-1211.00,Computer Systems Analysts,15-2051.00,Data Scientists,15-1254.00,Web Developers,0.944089,0.0,0,0.0,0.0,-1,0.444649,40.0,0.491537,0,5
u122,15-1212.00,Information Security Analysts,15-1242.00,Database Administrators,15-1244.00,Network and Computer Systems Administrators,0.973707,0.007398,1,0.0,0.0,-1,0.585392,54.37,0.524128,0,1
u122,15-1212.00,Information Security Analysts,15-1242.00,Database Administrators,15-1211.00,Computer Systems Analysts,0.976694,0.001991,0,0.0,0.0,-1,0.557459,40.64,0.522633,0,2
u122,15-1212.00,Information Security Analysts,15-1242.00,Database Administrators,15-1242.00,Database Administrators,0.95553,0.000292,0,0.0,0.0,-1,0.517798,40.09,0.507585,1,3
u122,15-1212.00,Information Security Analysts,15-1242.00,Database Administrators,15-1243.00,Database Architects,0.953087,0.00128,0,0.0,0.0,-1,0.513479,40.41,0.505591,0,4
u122,15-1212.00,Information Security Analysts,15-1242.00,Database Administrators,15-1253.00,Software Quality Assurance Analysts and Testers,0.951778,0.000817,0,0.0,0.0,-1,0.510919,40.26,0.504734,0,5
u123,15-1242.00,Database Administrators,15-2051.00,Data Scientists,15-2051.00,Data Scientists,0.945025,0.0,0,1.0,1.0,1,0.484159,40.0,0.647885,1,1
u123,15-1242.00,Database Administrators,15-2051.00,Data Scientists,15-1211.00,Computer Systems Analysts,0.982607,0.000869,0,0.0,0.0,-1,0.539661,40.28,0.522905,0,2
u123,15-1242.00,Database Administrators,15-2051.00,Data Scientists,15-1244.00,Network and Computer Systems Administrators,0.971735,0.010869,1,0.0,0.0,-1,0.567594,55.48,0.519703,0,3
u123,15-1242.00,Database Administrators,15-2051.00,Data Scientists,15-1243.00,Database Architects,0.970197,0.0,0,0.0,0.0,-1,0.495681,40.0,0.510941,0,4
u123,15-1242.00,Database Administrators,15-2051.00,Data Scientists,15-1253.00,Software Quality Assurance Analysts and Testers,0.957349,0.0,0,0.0,0.0,-1,0.493122,40.0,0.504775,0,5
u124,15-1243.00,Database Architects,15-1244.00,Network and Computer Systems Administrators,15-1211.00,Computer Systems Analysts,0.976115,0.0,0,0.0,0.0,-1,0.54398,40.0,0.520849,0,1
u124,15-1243.00,Database Architects,15-1244.00,Network and Computer Systems Administrators,15-1244.00,Network and Computer Systems Administrators,0.961551,0.012617,1,0.0,0.0,-1,0.571913,56.04,0.515331,1,2
u124,15-1243.00,Database Architects,15-1244.00,Network and Computer Systems Administrators,15-1242.00,Database Administrators,0.968728,0.0,0,0.0,0.0,-1,0.504319,40.0,0.511576,0,3
u124,15-1243.00,Database Architects,15-1244.00,Network and Computer Systems Administrators,15-1254.00,Web Developers,0.966642,0.0,0,0.0,0.0,-1,0.488629,40.0,0.508283,0,4
u124,15-1243.00,Database Architects,15-1244.00,Network and Computer Systems Administrators,15-1253.00,Software Quality Assurance Analysts and Testers,0.953072,0.001273,0,0.0,0.0,-1,0.49744,40.41,0.50318,0,5
u125,15-1244.00,Network and Computer Systems Administrators,15-1212.00,Information Security Analysts,15-1212.00,Information Security Analysts,0.909397,0.0,0,1.0,1.0,1,0.414608,40.0,0.62142,1,1
u125,15-1244.00,Network and Computer Systems Administrators,15-1212.00,Information Security Analysts,15-1211.00,Computer Systems Analysts,0.954831,0.0,0,0.0,0.0,-1,0.472067,40.0,0.500484,0,2
u125,15-1244.00,Network and Computer Systems Administrators,15-1212.00,Information Security Analysts,15-1242.00,Database Administrators,0.914099,0.0,0,0.0,0.0,-1,0.432406,40.0,0.476205,0,3
u125,15-1244.00,Network and Computer Systems Administrators,15-1212.00,Information Security Analysts,15-1253.00,Software Quality Assurance Analysts and Testers,0.910441,0.0,0,0.0,0.0,-1,0.425527,40.0,0.473527,0,4
u125,15-1244.00,Network and Computer Systems Administrators,15-1212.00,Information Security Analysts,15-1243.00,Database Architects,0.909137,0.0,0,0.0,0.0,-1,0.428087,40.0,0.473325,0,5
u126,15-1251.00,Computer Programmers,15-1252.00,Software Developers,15-1252.00,Software Developers,0.84922,0.0,0,0.615385,0.615385,1,0.481869,40.0,0.546737,1,1
u126,15-1251.00,Computer Programmers,15-1252.00,Software Developers,15-1254.00,Web Developers,0.954341,0.0,0,0.25641,0.25641,1,0.500482,40.0,0.542987,0,2
u126,15-1251.00,Computer Programmers,15-1252.00,Software Developers,15-2051.00,Data Scientists,0.904663,0.0,0,0.0,0.341881,2,0.50033,40.0,0.53343,0,3
u126,15-1251.00,Computer Programmers,15-1252.00,Software Developers,15-1212.00,Information Security Analysts,0.92153,0.0,0,0.0,0.273504,2,0.498374,40.0,0.53047,0,4
u126,15-1251.00,Computer Programmers,15-1252.00,Software Developers,15-1244.00,Network and Computer Systems Administrators,0.967331,0.00802,1,0.0,0.0,-1,0.583766,54.57,0.520859,0,5
u127,15-1252.00,Software Developers,15-1253.00,Software Quality Assurance Analysts and Testers,15-2051.00,Data Scientists,0.927183,0.001121,0,0.555556,0.555556,1,0.518461,40.36,0.578055,0,1
u127,15-1252.00,Software Developers,15-1253.00,Software Quality Assurance Analysts and Testers,15-1212.00,Information Security Analysts,0.945449,0.004339,0,0.444444,0.444444,1,0.516505,41.39,0.56851,0,2
u127,15-1252.00,Software Developers,15-1253.00,Software Quality Assurance Analysts and Testers,15-1211.00,Computer Systems Analysts,0.963819,0.011224,2,0.0,0.0,-1,0.573963,67.59,0.517007,0,3
u127,15-1252.00,Software Developers,15-1253.00,Software Quality Assurance Analysts and Testers,15-1244.00,Network and Computer Systems Administrators,0.954281,0.021015,4,0.0,0.0,-1,0.601897,94.72,0.514457,0,4
u127,15-1252.00,Software Developers,15-1253.00,Software Quality Assurance Analysts and Testers,15-1242.00,Database Administrators,0.948971,0.00777,1,0.0,0.0,-1,0.534302,54.49,0.50524,0,5
u128,15-1253.00,Software Quality Assurance Analysts and Testers,15-1252.00,Software Developers,15-1252.00,Software Developers,0.880659,0.0,0,1.0,1.0,1,0.472576,40.0,0.617183,1,1
u128,15-1253.00,Software Quality Assurance Analysts and Testers,15-1252.00,Software Developers,15-2051.00,Data Scientists,0.916526,0.0,0,0.0,0.555556,2,0.491037,40.0,0.569426,0,2
u128,15-1253.00,Software Quality Assurance Analysts and Testers,15-1252.00,Software Developers,15-1212.00,Information Security Analysts,0.946053,0.0,0,0.0,0.444444,2,0.489081,40.0,0.565753,0,3
u128,15-1253.00,Software Quality Assurance Analysts and Testers,15-1252.00,Software Developers,15-1244.00,Network and Computer Systems Administrators,0.977092,0.003438,2,0.0,0.0,-1,0.574473,65.1,0.525003,0,4
u128,15-1253.00,Software Quality Assurance Analysts and Testers,15-1252.00,Software Developers,15-1211.00,Computer Systems Analysts,0.974316,0.0,0,0.0,0.0,-1,0.54654,40.0,0.520423,0,5
u129,15-1254.00,Web Developers,15-1252.00,Software Developers,15-1255.00,Web and Digital Interface Designers,0.945731,0.0,0,0.4,0.4,1,0.50253,40.0,0.560959,0,1
u129,15-1254.00,Web Developers,15-1252.00,Software Developers,15-1252.00,Software Developers,0.88293,0.0,0,0.6,0.6,1,0.481388,40.0,0.559527,1,2
u129,15-1254.00,Web Developers,15-1252.00,Software Developers,15-2051.00,Data Scientists,0.925452,0.0,0,0.0,0.333334,2,0.499848,40.0,0.541431,0,3
u129,15-1254.00,Web Developers,15-1252.00,Software Developers,15-1212.00,Information Security Analysts,0.942513,0.0,0,0.0,0.266666,2,0.497892,40.0,0.538815,0,4
u129,15-1254.00,Web Developers,15-1252.00,Software Developers,15-1244.00,Network and Computer Systems Administrators,0.971621,0.005993,1,0.0,0.0,-1,0.583284,53.92,0.523224,0,5
u130,15-1255.00,Web and Digital Interface Designers,15-2031.00,Operations Research Analysts,15-1244.00,Network and Computer Systems Administrators,0.970096,0.008209,1,0.0,0.0,-1,0.580755,54.63,0.521604,0,1
u130,15-1255.00,Web and Digital Interface Designers,15-2031.00,Operations Research Analysts,15-1211.00,Computer Systems Analysts,0.975607,0.003337,1,0.0,0.0,-1,0.552821,53.07,0.521112,0,2
u130,15-1255.00,Web and Digital Interface Designers,15-2031.00,Operations Research Analysts,15-1243.00,Database Architects,0.967346,0.0,0,0.0,0.0,-1,0.508841,40.0,0.511632,0,3
u130,15-1255.00,Web and Digital Interface Designers,15-2031.00,Operations Research Analysts,15-1242.00,Database Administrators,0.960792,0.0,0,0.0,0.0,-1,0.51316,40.0,0.509331,0,4
u130,15-1255.00,Web and Digital Interface Designers,15-2031.00,Operations Research Analysts,15-1254.00,Web Developers,0.956921,0.0,0,0.0,0.0,-1,0.49747,40.0,0.505235,0,5
u131,15-2031.00,Operations Research Analysts,15-2051.00,Data Scientists,15-2051.00,Data Scientists,0.961006,0.0,0,1.0,1.0,1,0.472968,40.0,0.653398,1,1
u131,15-2031.00,Operations Research Analysts,15-2051.00,Data Scientists,15-1211.00,Computer Systems Analysts,0.967779,0.003256,1,0.0,0.0,-1,0.52847,53.04,0.513957,0,2
u131,15-2031.00,Operations Research Analysts,15-2051.00,Data Scientists,15-1242.00,Database Administrators,0.962142,0.0,0,0.0,0.0,-1,0.488809,40.0,0.506285,0,3
u131,15-2031.00,Operations Research Analysts,15-2051.00,Data Scientists,15-1243.00,Database Architects,0.960051,0.0,0,0.0,0.0,-1,0.48449,40.0,0.504696,0,4
u131,15-2031.00,Operations Research Analysts,15-2051.00,Data Scientists,15-1244.00,Network and Computer Systems Administrators,0.942847,0.017683,3,0.0,0.0,-1,0.556403,81.66,0.503321,0,5
u132,15-2051.00,Data Scientists,15-1211.00,Computer Systems Analysts,15-1211.00,Computer Systems Analysts,0.972125,0.003573,1,0.0,0.0,-1,0.555503,53.14,0.519888,1,1
u132,15-2051.00,Data Scientists,15-1211.00,Computer Systems Analysts,15-1242.00,Database Administrators,0.965601,0.000124,0,0.0,0.0,-1,0.515841,40.04,0.511866,0,2
u132,15-2051.00,Data Scientists,15-1211.00,Computer Systems Analysts,15-1244.00,Network and Computer Systems Administrators,0.951795,0.017298,4,0.0,0.0,-1,0.583436,93.54,0.511498,0,3
u132,15-2051.00,Data Scientists,15-1211.00,Computer Systems Analysts,15-1243.00,Database Architects,0.962637,0.0,0,0.0,0.0,-1,0.511523,40.0,0.509915,0,4
u132,15-2051.00,Data Scientists,15-1211.00,Computer Systems Analysts,15-1212.00,Information Security Analysts,0.961451,0.001532,0,0.0,0.0,-1,0.498044,40.49,0.506977,0,5
u133,15-1211.00,Computer Systems Analysts,15-2051.00,Data Scientists,15-2051.00,Data Scientists,0.91883,0.0,0,1.0,1.0,1,0.444497,40.0,0.630148,1,1
u133,15-1211.00,Computer Systems Analysts,15-2051.00,Data Scientists,15-1244.00,Network and Computer Systems Administrators,0.989883,6.7e-05,0,0.0,0.0,-1,0.527933,40.02,0.524621,0,2
u133,15-1211.00,Computer Systems Analysts,15-2051.00,Data Scientists,15-1242.00,Database Administrators,0.955849,0.0,0,0.0,0.0,-1,0.460339,40.0,0.499183,0,3
u133,15-1211.00,Computer Systems Analysts,15-2051.00,Data Scientists,15-1253.00,Software Quality Assurance Analysts and Testers,0.9502,0.0,0,0.0,0.0,-1,0.45346,40.0,0.495609,0,4
u133,15-1211.00,Computer Systems Analysts,15-2051.00,Data Scientists,15-1243.00,Database Architects,0.948918,0.0,0,0.0,0.0,-1,0.45602,40.0,0.495416,0,5
u134,15-1212.00,Information Security Analysts,15-1242.00,Database Administrators,15-1244.00,Network and Computer Systems Administrators,0.974003,0.004879,1,0.0,0.0,-1,0.585392,53.56,0.52489,0,1
u134,15-1212.00,Information Security Analysts,15-1242.00,Database Administrators,15-1211.00,Computer Systems Analysts,0.969427,0.0,0,0.0,0.0,-1,0.557459,40.0,0.519861,0,2
u134,15-1212.00,Information Security Analysts,15-1242.00,Database Administrators,15-1242.00,Database Administrators,0.947377,0.0,0,0.0,0.0,-1,0.517798,40.0,0.503989,1,3
u134,15-1212.00,Information Security Analysts,15-1242.00,Database Administrators,15-1253.00,Software Quality Assurance Analysts and Testers,0.946173,0.000265,0,0.0,0.0,-1,0.510919,40.08,0.502349,0,4
u134,15-1212.00,Information Security Analysts,15-1242.00,Database Administrators,15-1243.00,Database Architects,0.938877,0.000739,0,0.0,0.0,-1,0.513479,40.24,0.499332,0,5
u135,15-1242.00,Database Administrators,15-2051.00,Data Scientists,15-2051.00,Data Scientists,0.942982,0.0,0,1.0,1.0,1,0.484159,40.0,0.646966,1,1
u135,15-1242.00,Database Administrators,15-2051.00,Data Scientists,15-1211.00,Computer Systems Analysts,0.98165,0.0,0,0.0,0.0,-1,0.539661,40.0,0.522692,0,2
u135,15-1242.00,Database Administrators,15-2051.00,Data Scientists,15-1244.00,Network and Computer Systems Administrators,0.975085,0.00518,1,0.0,0.0,-1,0.567594,53.66,0.522632,0,3
u135,15-1242.00,Database Administrators,15-2051.00,Data Scientists,15-1243.00,Database Architects,0.96915,0.0,0,0.0,0.0,-1,0.495681,40.0,0.51047,0,4
u135,15-1242.00,Database Administrators,15-2051.00,Data Scientists,15-1254.00,Web Developers,0.962323,0.0,0,0.0,0.0,-1,0.48431,40.0,0.505692,0,5
u136,15-1243.00,Database Architects,15-1244.00,Network and Computer Systems Administrators,15-1211.00,Computer Systems Analysts,0.976151,0.0,0,0.0,0.0,-1,0.54398,40.0,0.520865,0,1
u136,15-1243.00,Database Architects,15-1244.00,Network and Computer Systems Administrators,15-1244.00,Network and Computer Systems Administrators,0.964701,0.008946,2,0.0,0.0,-1,0.571913,66.86,0.517666,1,2
u136,15-1243.00,Database Architects,15-1244.00,Network and Computer Systems Administrators,15-1242.00,Database Administrators,0.964156,0.0,0,0.0,0.0,-1,0.504319,40.0,0.509518,0,3
u136,15-1243.00,Database Architects,15-1244.00,Network and Computer Systems Administrators,15-1254.00,Web Developers,0.968089,0.0,0,0.0,0.0,-1,0.488629,40.0,0.508935,0,4
u136,15-1243.00,Database Architects,15-1244.00,Network and Computer Systems Administrators,15-1255.00,Web and Digital Interface Designers,0.957507,0.0,0,0.0,0.0,-1,0.491159,40.0,0.504552,0,5
u137,15-1244.00,Network and Computer Systems Administrators,15-1212.00,Information Security Analysts,15-1212.00,Information Security Analysts,0.904838,0.0,0,1.0,1.0,1,0.414608,40.0,0.619368,1,1
u137,15-1244.00,Network and Computer Systems Administrators,15-1212.00,Information Security Analysts,15-1211.00,Computer Systems Analysts,0.950583,0.0,0,0.0,0.0,-1,0.472067,40.0,0.498572,0,2
u137,15-1244.00,Network and Computer Systems Administrators,15-1212.00,Information Security Analysts,15-1253.00,Software Quality Assurance Analysts and Testers,0.912633,0.0,0,0.0,0.0,-1,0.425527,40.0,0.474514,0,3
u137,15-1244.00,Network and Computer Systems Administrators,15-1212.00,Information Security Analysts,15-1242.00,Database Administrators,0.909192,0.0,0,0.0,0.0,-1,0.432406,40.0,0.473997,0,4
u137,15-1244.00,Network and Computer Systems Administrators,15-1212.00,Information Security Analysts,15-1254.00,Web Developers,0.907565,0.0,0,0.0,0.0,-1,0.416716,40.0,0.470912,0,5
u138,15-1251.00,Computer Programmers,15-1252.00,Software Developers,15-1252.00,Software Developers,0.851001,0.0,0,0.615385,0.615385,1,0.481869,40.0,0.547538,1,1
u138,15-1251.00,Computer Programmers,15-1252.00,Software Developers,15-1254.00,Web Developers,0.96187,0.0,0,0.25641,0.25641,1,0.500482,40.0,0.546375,0,2
u138,15-1251.00,Computer Programmers,15-1252.00,Software Developers,15-2051.00,Data Scientists,0.910481,0.0,0,0.0,0.341881,2,0.50033,40.0,0.536048,0,3
u138,15-1251.00,Computer Programmers,15-1252.00,Software Developers,15-1212.00,Information Security Analysts,0.926095,0.0,0,0.0,0.273504,2,0.498374,40.0,0.532524,0,4
u138,15-1251.00,Computer Programmers,15-1252.00,Software Developers,15-1244.00,Network and Computer Systems Administrators,0.960597,0.012695,3,0.0,0.0,-1,0.583766,80.06,0.51666,0,5
u139,15-1252.00,Software Developers,15-1253.00,Software Quality Assurance Analysts and Testers,15-2051.00,Data Scientists,0.928442,0.00318,0,0.555556,0.555556,1,0.518461,41.02,0.578106,0,1
u139,15-1252.00,Software Developers,15-1253.00,Software Quality Assurance Analysts and Testers,15-1212.00,Information Security Analysts,0.956591,0.000495,0,0.444444,0.444444,1,0.516505,40.16,0.574485,0,2
u139,15-1252.00,Software Developers,15-1253.00,Software Quality Assurance Analysts and Testers,15-1211.00,Computer Systems Analysts,0.962631,0.011922,3,0.0,0.0,-1,0.573963,79.82,0.516298,0,3
u139,15-1252.00,Software Developers,15-1253.00,Software Quality Assurance Analysts and Testers,15-1244.00,Network and Computer Systems Administrators,0.954444,0.01833,5,0.0,0.0,-1,0.601897,105.87,0.515202,0,4
u139,15-1252.00,Software Developers,15-1253.00,Software Quality Assurance Analysts and Testers,15-1243.00,Database Architects,0.946591,0.013864,2,0.0,0.0,-1,0.529983,68.44,0.501997,0,5
u140,15-1253.00,Software Quality Assurance Analysts and Testers,15-1252.00,Software Developers,15-1252.00,Software Developers,0.872374,0.000315,0,1.0,1.0,1,0.472576,40.1,0.613376,1,1
u140,15-1253.00,Software Quality Assurance Analysts and Testers,15-1252.00,Software Developers,15-2051.00,Data Scientists,0.911325,0.0,0,0.0,0.555556,2,0.491037,40.0,0.567085,0,2
u140,15-1253.00,Software Quality Assurance Analysts and Testers,15-1252.00,Software Developers,15-1212.00,Information Security Analysts,0.944219,0.0,0,0.0,0.444444,2,0.489081,40.0,0.564927,0,3
u140,15-1253.00,Software Quality Assurance Analysts and Testers,15-1252.00,Software Developers,15-1244.00,Network and Computer Systems Administrators,0.980806,0.001697,1,0.0,0.0,-1,0.574473,52.54,0.527109,0,4
u140,15-1253.00,Software Quality Assurance Analysts and Testers,15-1252.00,Software Developers,15-1211.00,Computer Systems Analysts,0.974314,0.0,0,0.0,0.0,-1,0.54654,40.0,0.520422,0,5
u141,15-1254.00,Web Developers,15-1252.00,Software Developers,15-1255.00,Web and Digital Interface Designers,0.943543,0.0,0,0.4,0.4,1,0.50253,40.0,0.559974,0,1
u141,15-1254.00,Web Developers,15-1252.00,Software Developers,15-1252.00,Software Developers,0.882127,0.0,0,0.6,0.6,1,0.481388,40.0,0.559165,1,2
u141,15-1254.00,Web Developers,15-1252.00,Software Developers,15-2051.00,Data Scientists,0.926895,0.0,0,0.0,0.333334,2,0.499848,40.0,0.54208,0,3
u141,15-1254.00,Web Developers,15-1252.00,Software Developers,15-1212.00,Information Security Analysts,0.941496,0.0,0,0.0,0.266666,2,0.497892,40.0,0.538357,0,4
u141,15-1254.00,Web Developers,15-1252.00,Software Developers,15-1244.00,Network and Computer Systems Administrators,0.973352,0.007099,1,0.0,0.0,-1,0.583284,54.27,0.523726,0,5
u142,15-1255.00,Web and Digital Interface Designers,15-2031.00,Operations Research Analysts,15-1211.00,Computer Systems Analysts,0.976711,0.000473,0,0.0,0.0,-1,0.552821,40.15,0.522325,0,1
u142,15-1255.00,Web and Digital Interface Designers,15-2031.00,Operations Research Analysts,15-1244.00,Network and Computer Systems Administrators,0.967869,0.009639,2,0.0,0.0,-1,0.580755,67.08,0.520244,0,2
u142,15-1255.00,Web and Digital Interface Designers,15-2031.00,Operations Research Analysts,15-1243.00,Database Architects,0.969959,0.0,0,0.0,0.0,-1,0.508841,40.0,0.512808,0,3
u142,15-1255.00,Web and Digital Interface Designers,15-2031.00,Operations Research Analysts,15-1242.00,Database Administrators,0.961938,0.0,0,0.0,0.0,-1,0.51316,40.0,0.509846,0,4
u142,15-1255.00,Web and Digital Interface Designers,15-2031.00,Operations Research Analysts,15-1254.00,Web Developers,0.965217,0.0,0,0.0,0.0,-1,0.49747,40.0,0.508968,0,5
u143,15-2031.00,Operations Research Analysts,15-2051.00,Data Scientists,15-2051.00,Data Scientists,0.942374,0.0,0,1.0,1.0,1,0.472968,40.0,0.645013,1,1
u143,15-2031.00,Operations Research Analysts,15-2051.00,Data Scientists,15-1211.00,Computer Systems Analysts,0.963492,0.00183,0,0.0,0.0,-1,0.52847,40.59,0.512384,0,2
u143,15-2031.00,Operations Research Analysts,15-2051.00,Data Scientists,15-1244.00,Network and Computer Systems Administrators,0.948967,0.014066,2,0.0,0.0,-1,0.556403,68.5,0.506979,0,3
u143,15-2031.00,Operations Research Analysts,15-2051.00,Data Scientists,15-1242.00,Database Administrators,0.954833,0.000345,0,0.0,0.0,-1,0.488809,40.11,0.50291,0,4
u143,15-2031.00,Operations Research Analysts,15-2051.00,Data Scientists,15-1243.00,Database Architects,0.954682,0.001461,0,0.0,0.0,-1,0.48449,40.47,0.501915,0,5
u144,15-2051.00,Data Scientists,15-1211.00,Computer Systems Analysts,15-1211.00,Computer Systems Analysts,0.974922,0.004652,1,0.0,0.0,-1,0.555503,53.49,0.520878,1,1
u144,15-2051.00,Data Scientists,15-1211.00,Computer Systems Analysts,15-1244.00,Network and Computer Systems Administrators,0.962233,0.01346,2,0.0,0.0,-1,0.583436,68.31,0.517155,0,2
u144,15-2051.00,Data Scientists,15-1211.00,Computer Systems Analysts,15-1242.00,Database Administrators,0.963316,0.0,0,0.0,0.0,-1,0.515841,40.0,0.510869,0,3
u144,15-2051.00,Data Scientists,15-1211.00,Computer Systems Analysts,15-1243.00,Database Architects,0.962334,0.002212,0,0.0,0.0,-1,0.511523,40.71,0.509226,0,4
u144,15-2051.00,Data Scientists,15-1211.00,Computer Systems Analysts,15-1212.00,Information Security Analysts,0.959966,0.0,0,0.0,0.0,-1,0.498044,40.0,0.506691,0,5
u145,15-1211.00,Computer Systems Analysts,15-2051.00,Data Scientists,15-2051.00,Data Scientists,0.909851,0.0,0,1.0,1.0,1,0.444497,40.0,0.626107,1,1
u145,15-1211.00,Computer Systems Analysts,15-2051.00,Data Scientists,15-1244.00,Network and Computer Systems Administrators,0.984892,0.0,0,0.0,0.0,-1,0.527933,40.0,0.522392,0,2
u145,15-1211.00,Computer Systems Analysts,15-2051.00,Data Scientists,15-1242.00,Database Administrators,0.948763,0.0,0,0.0,0.0,-1,0.460339,40.0,0.495994,0,3
u145,15-1211.00,Computer Systems Analysts,15-2051.00,Data Scientists,15-1253.00,Software Quality Assurance Analysts and Testers,0.948219,0.0,0,0.0,0.0,-1,0.45346,40.0,0.494718,0,4
u145,15-1211.00,Computer Systems Analysts,15-2051.00,Data Scientists,15-1243.00,Database Architects,0.945673,0.0,0,0.0,0.0,-1,0.45602,40.0,0.493956,0,5
u146,15-1212.00,Information Security Analysts,15-1242.00,Database Administrators,15-1244.00,Network and Computer Systems Administrators,0.975134,0.007442,2,0.0,0.0,-1,0.585392,66.38,0.524759,0,1
u146,15-1212.00,Information Security Analysts,15-1242.00,Database Administrators,15-1211.00,Computer Systems Analysts,0.975084,0.002856,1,0.0,0.0,-1,0.557459,52.91,0.521692,0,2
u146,15-1212.00,Information Security Analysts,15-1242.00,Database Administrators,15-1242.00,Database Administrators,0.955283,0.0,0,0.0,0.0,-1,0.517798,40.0,0.507547,1,3
u146,15-1212.00,Information Security Analysts,15-1242.00,Database Administrators,15-1253.00,Software Quality Assurance Analysts and Testers,0.950399,0.0,0,0.0,0.0,-1,0.510919,40.0,0.504318,0,4
u146,15-1212.00,Information Security Analysts,15-1242.00,Database Administrators,15-1243.00,Database Architects,0.9468,0.0,0,0.0,0.0,-1,0.513479,40.0,0.503082,0,5
u147,15-1242.00,Database Administrators,15-2051.00,Data Scientists,15-2051.00,Data Scientists,0.947286,0.0,0,1.0,1.0,1,0.484159,40.0,0.648903,1,1
u147,15-1242.00,Database Administrators,15-2051.00,Data Scientists,15-1211.00,Computer Systems Analysts,0.974939,0.001413,0,0.0,0.0,-1,0.539661,40.45,0.519319,0,2
u147,15-1242.00,Database Administrators,15-2051.00,Data Scientists,15-1244.00,Network and Computer Systems Administrators,0.961993,0.010924,1,0.0,0.0,-1,0.567594,55.5,0.515305,0,3
u147,15-1242.00,Database Administrators,15-2051.00,Data Scientists,15-1243.00,Database Architects,0.964892,0.000451,0,0.0,0.0,-1,0.495681,40.14,0.508441,0,4
u147,15-1242.00,Database Administrators,15-2051.00,Data Scientists,15-1254.00,Web Developers,0.961629,0.000487,0,0.0,0.0,-1,0.48431,40.16,0.505258,0,5
u148,15-1243.00,Database Architects,15-1244.00,Network and Computer Systems Administrators,15-1244.00,Network and Computer Systems Administrators,0.968288,0.006891,1,0.0,0.0,-1,0.571913,54.21,0.519794,1,1
u148,15-1243.00,Database Architects,15-1244.00,Network and Computer Systems Administrators,15-1211.00,Computer Systems Analysts,0.97101,0.000494,0,0.0,0.0,-1,0.54398,40.16,0.518428,0,2
u148,15-1243.00,Database Architects,15-1244.00,Network and Computer Systems Administrators,15-1242.00,Database Administrators,0.956002,0.0,0,0.0,0.0,-1,0.504319,40.0,0.505849,0,3
u148,15-1243.00,Database Architects,15-1244.00,Network and Computer Systems Administrators,15-1254.00,Web Developers,0.954179,0.0,0,0.0,0.0,-1,0.488629,40.0,0.502675,0,4
u148,15-1243.00,Database Architects,15-1244.00,Network and Computer Systems Administrators,15-1255.00,Web and Digital Interface Designers,0.949258,0.0,0,0.0,0.0,-1,0.491159,40.0,0.50084,0,5
u149,15-1244.00,Network and Computer Systems Administrators,15-1212.00,Information Security Analysts,15-1212.00,Information Security Analysts,0.915613,0.0,0,1.0,1.0,1,0.414608,40.0,0.624217,1,1
u149,15-1244.00,Network and Computer Systems Administrators,15-1212.00,Information Security Analysts,15-1211.00,Computer Systems Analysts,0.958488,0.0,0,0.0,0.0,-1,0.472067,40.0,0.50213,0,2
u149,15-1244.00,Network and Computer Systems Administrators,15-1212.00,Information Security Analysts,15-1242.00,Database Administrators,0.918586,0.0,0,0.0,0.0,-1,0.432406,40.0,0.478224,0,3
u149,15-1244.00,Network and Computer Systems Administrators,15-1212.00,Information Security Analysts,15-1253.00,Software Quality Assurance Analysts and Testers,0.918253,0.0,0,0.0,0.0,-1,0.425527,40.0,0.477043,0,4
u149,15-1244.00,Network and Computer Systems Administrators,15-1212.00,Information Security Analysts,15-1243.00,Database Architects,0.912256,0.0,0,0.0,0.0,-1,0.428087,40.0,0.474728,0,5
u150,15-1251.00,Computer Programmers,15-1252.00,Software Developers,15-1252.00,Software Developers,0.849478,0.0,0,0.615385,0.615385,1,0.481869,40.0,0.546853,1,1
u150,15-1251.00,Computer Programmers,15-1252.00,Software Developers,15-1254.00,Web Developers,0.950904,0.0,0,0.25641,0.25641,1,0.500482,40.0,0.54144,0,2
u150,15-1251.00,Computer Programmers,15-1252.00,Software Developers,15-2051.00,Data Scientists,0.905317,0.0,0,0.0,0.341881,2,0.50033,40.0,0.533724,0,3
u150,15-1251.00,Computer Programmers,15-1252.00,Software Developers,15-1212.00,Information Security Analysts,0.92182,0.0,0,0.0,0.273504,2,0.498374,40.0,0.530601,0,4
u150,15-1251.00,Computer Programmers,15-1252.00,Software Developers,15-1244.00,Network and Computer Systems Administrators,0.962499,0.009443,1,0.0,0.0,-1,0.583766,55.02,0.518329,0,5
u151,15-1252.00,Software Developers,15-1253.00,Software Quality Assurance Analysts and Testers,15-2051.00,Data Scientists,0.931488,0.0,0,0.555556,0.555556,1,0.518461,40.0,0.580272,0,1
u151,15-1252.00,Software Developers,15-1253.00,Software Quality Assurance Analysts and Testers,15-1212.00,Information Security Analysts,0.950307,0.001003,0,0.444444,0.444444,1,0.516505,40.32,0.571529,0,2
u151,15-1252.00,Software Developers,15-1253.00,Software Quality Assurance Analysts and Testers,15-1211.00,Computer Systems Analysts,0.964664,0.008203,2,0.0,0.0,-1,0.573963,66.62,0.518143,0,3
u151,15-1252.00,Software Developers,15-1253.00,Software Quality Assurance Analysts and Testers,15-1244.00,Network and Computer Systems Administrators,0.955001,0.018142,4,0.0,0.0,-1,0.601897,93.81,0.515499,0,4
u151,15-1252.00,Software Developers,15-1253.00,Software Quality Assurance Analysts and Testers,15-1243.00,Database Architects,0.952611,0.007671,1,0.0,0.0,-1,0.529983,54.45,0.506255,0,5
u152,15-1253.00,Software Quality Assurance Analysts and Testers,15-1252.00,Software Developers,15-1252.00,Software Developers,0.872596,0.0,0,1.0,1.0,1,0.472576,40.0,0.613555,1,1
u152,15-1253.00,Software Quality Assurance Analysts and Testers,15-1252.00,Software Developers,15-2051.00,Data Scientists,0.911332,0.0,0,0.0,0.555556,2,0.491037,40.0,0.567088,0,2
u152,15-1253.00,Software Quality Assurance Analysts and Testers,15-1252.00,Software Developers,15-1212.00,Information Security Analysts,0.941102,0.0,0,0.0,0.444444,2,0.489081,40.0,0.563524,0,3
u152,15-1253.00,Software Quality Assurance Analysts and Testers,15-1252.00,Software Developers,15-1244.00,Network and Computer Systems Administrators,0.975596,0.004163,2,0.0,0.0,-1,0.574473,65.33,0.524148,0,4
u152,15-1253.00,Software Quality Assurance Analysts and Testers,15-1252.00,Software Developers,15-1211.00,Computer Systems Analysts,0.974021,0.0,0,0.0,0.0,-1,0.54654,40.0,0.52029,0,5
u153,15-1254.00,Web Developers,15-1252.00,Software Developers,15-1255.00,Web and Digital Interface Designers,0.936261,0.0,0,0.4,0.4,1,0.50253,40.0,0.556697,0,1
u153,15-1254.00,Web Developers,15-1252.00,Software Developers,15-1252.00,Software Developers,0.874529,0.0,0,0.6,0.6,1,0.481388,40.0,0.555746,1,2
u153,15-1254.00,Web Developers,15-1252.00,Software Developers,15-2051.00,Data Scientists,0.911026,0.0,0,0.0,0.333334,2,0.499848,40.0,0.534939,0,3
u153,15-1254.00,Web Developers,15-1252.00,Software Developers,15-1212.00,Information Security Analysts,0.932428,0.0,0,0.0,0.266666,2,0.497892,40.0,0.534277,0,4
u153,15-1254.00,Web Developers,15-1252.00,Software Developers,15-1244.00,Network and Computer Systems Administrators,0.97016,0.00562,2,0.0,0.0,-1,0.583284,65.8,0.52266,0,5
u154,15-1255.00,Web and Digital Interface Designers,15-2031.00,Operations Research Analysts,15-1211.00,Computer Systems Analysts,0.972254,0.006187,2,0.0,0.0,-1,0.552821,65.98,0.518891,0,1
u154,15-1255.00,Web and Digital Interface Designers,15-2031.00,Operations Research Analysts,15-1244.00,Network and Computer Systems Administrators,0.959105,0.01691,2,0.0,0.0,-1,0.580755,69.41,0.514483,0,2
u154,15-1255.00,Web and Digital Interface Designers,15-2031.00,Operations Research Analysts,15-1243.00,Database Architects,0.973519,0.0,0,0.0,0.0,-1,0.508841,40.0,0.51441,0,3
u154,15-1255.00,Web and Digital Interface Designers,15-2031.00,Operations Research Analysts,15-1242.00,Database Administrators,0.961188,0.0,0,0.0,0.0,-1,0.51316,40.0,0.509509,0,4
u154,15-1255.00,Web and Digital Interface Designers,15-2031.00,Operations Research Analysts,15-1254.00,Web Developers,0.962709,0.0,0,0.0,0.0,-1,0.49747,40.0,0.507839,0,5
u155,15-2031.00,Operations Research Analysts,15-2051.00,Data Scientists,15-2051.00,Data Scientists,0.94442,0.0,0,1.0,1.0,1,0.472968,40.0,0.645934,1,1
u155,15-2031.00,Operations Research Analysts,15-2051.00,Data Scientists,15-1211.00,Computer Systems Analysts,0.9516,0.006538,1,0.0,0.0,-1,0.52847,54.09,0.505856,0,2
u155,15-2031.00,Operations Research Analysts,15-2051.00,Data Scientists,15-1244.00,Network and Computer Systems Administrators,0.938347,0.016097,3,0.0,0.0,-1,0.556403,81.15,0.501693,0,3
u155,15-2031.00,Operations Research Analysts,15-2051.00,Data Scientists,15-1242.00,Database Administrators,0.949718,0.000269,0,0.0,0.0,-1,0.488809,40.09,0.500627,0,4
u155,15-2031.00,Operations Research Analysts,15-2051.00,Data Scientists,15-1243.00,Database Architects,0.945505,0.003326,0,0.0,0.0,-1,0.48449,41.06,0.497319,0,5
u156,15-2051.00,Data Scientists,15-1211.00,Computer Systems Analysts,15-1211.00,Computer Systems Analysts,0.976568,5.4e-05,0,0.0,0.0,-1,0.555503,40.02,0.522767,1,1
u156,15-2051.00,Data Scientists,15-1211.00,Computer Systems Analysts,15-1244.00,Network and Computer Systems Administrators,0.967248,0.010147,2,0.0,0.0,-1,0.583436,67.25,0.52024,0,2
u156,15-2051.00,Data Scientists,15-1211.00,Computer Systems Analysts,15-1242.00,Database Administrators,0.961341,0.0,0,0.0,0.0,-1,0.515841,40.0,0.50998,0,3
u156,15-2051.00,Data Scientists,15-1211.00,Computer Systems Analysts,15-1243.00,Database Architects,0.961661,0.0,0,0.0,0.0,-1,0.511523,40.0,0.509476,0,4
u156,15-2051.00,Data Scientists,15-1211.00,Computer Systems Analysts,15-1212.00,Information Security Analysts,0.957038,6e-06,0,0.0,0.0,-1,0.498044,40.0,0.505372,0,5
u157,15-1211.00,Computer Systems Analysts,15-2051.00,Data Scientists,15-2051.00,Data Scientists,0.90572,0.0,0,1.0,1.0,1,0.444497,40.0,0.624249,1,1
u157,15-1211.00,Computer Systems Analysts,15-2051.00,Data Scientists,15-1244.00,Network and Computer Systems Administrators,0.986916,0.0,0,0.0,0.0,-1,0.527933,40.0,0.523302,0,2
u157,15-1211.00,Computer Systems Analysts,15-2051.00,Data Scientists,15-1242.00,Database Administrators,0.947189,0.0,0,0.0,0.0,-1,0.460339,40.0,0.495286,0,3
u157,15-1211.00,Computer Systems Analysts,15-2051.00,Data Scientists,15-1253.00,Software Quality Assurance Analysts and Testers,0.948247,0.0,0,0.0,0.0,-1,0.45346,40.0,0.49473,0,4
u157,15-1211.00,Computer Systems Analysts,15-2051.00,Data Scientists,15-1243.00,Database Architects,0.941313,0.0,0,0.0,0.0,-1,0.45602,40.0,0.491994,0,5
u158,15-1212.00,Information Security Analysts,15-1242.00,Database Administrators,15-1244.00,Network and Computer Systems Administrators,0.974902,0.009484,1,0.0,0.0,-1,0.585392,55.03,0.524143,0,1
u158,15-1212.00,Information Security Analysts,15-1242.00,Database Administrators,15-1211.00,Computer Systems Analysts,0.973786,0.001691,0,0.0,0.0,-1,0.557459,40.54,0.5214,0,2
u158,15-1212.00,Information Security Analysts,15-1242.00,Database Administrators,15-1242.00,Database Administrators,0.955485,0.0,0,0.0,0.0,-1,0.517798,40.0,0.507638,1,3
u158,15-1212.00,Information Security Analysts,15-1242.00,Database Administrators,15-1253.00,Software Quality Assurance Analysts and Testers,0.952898,0.000482,0,0.0,0.0,-1,0.510919,40.15,0.505322,0,4
u158,15-1212.00,Information Security Analysts,15-1242.00,Database Administrators,15-1243.00,Database Architects,0.946354,0.000959,0,0.0,0.0,-1,0.513479,40.31,0.502641,0,5
u159,15-1242.00,Database Administrators,15-2051.00,Data Scientists,15-2051.00,Data Scientists,0.937152,0.0,0,1.0,1.0,1,0.484159,40.0,0.644342,1,1
u159,15-1242.00,Database Administrators,15-2051.00,Data Scientists,15-1244.00,Network and Computer Systems Administrators,0.974027,0.005041,0,0.0,0.0,-1,0.567594,41.61,0.522191,0,2
u159,15-1242.00,Database Administrators,15-2051.00,Data Scientists,15-1211.00,Computer Systems Analysts,0.975558,0.001249,0,0.0,0.0,-1,0.539661,40.4,0.519638,0,3
u159,15-1242.00,Database Administrators,15-2051.00,Data Scientists,15-1243.00,Database Architects,0.961124,0.0,0,0.0,0.0,-1,0.495681,40.0,0.506858,0,4
u159,15-1242.00,Database Administrators,15-2051.00,Data Scientists,15-1254.00,Web Developers,0.957382,0.0,0,0.0,0.0,-1,0.48431,40.0,0.503468,0,5
u160,15-1243.00,Database Architects,15-1244.00,Network and Computer Systems Administrators,15-1244.00,Network and Computer Systems Administrators,0.970841,0.008961,1,0.0,0.0,-1,0.571913,54.87,0.520425,1,1
u160,15-1243.00,Database Architects,15-1244.00,Network and Computer Systems Administrators,15-1211.00,Computer Systems Analysts,0.975025,0.000463,0,0.0,0.0,-1,0.54398,40.15,0.520243,0,2
u160,15-1243.00,Database Architects,15-1244.00,Network and Computer Systems Administrators,15-1242.00,Database Administrators,0.960567,0.0,0,0.0,0.0,-1,0.504319,40.0,0.507903,0,3
u160,15-1243.00,Database Architects,15-1244.00,Network and Computer Systems Administrators,15-1254.00,Web Developers,0.959209,0.0,0,0.0,0.0,-1,0.488629,40.0,0.504938,0,4
u160,15-1243.00,Database Architects,15-1244.00,Network and Computer Systems Administrators,15-1253.00,Software Quality Assurance Analysts and Testers,0.950943,0.0,0,0.0,0.0,-1,0.49744,40.0,0.502541,0,5
u161,15-1244.00,Network and Computer Systems Administrators,15-1212.00,Information Security Analysts,15-1212.00,Information Security Analysts,0.902612,0.0,0,1.0,1.0,1,0.414608,40.0,0.618366,1,1
u161,15-1244.00,Network and Computer Systems Administrators,15-1212.00,Information Security Analysts,15-1211.00,Computer Systems Analysts,0.948731,0.0,0,0.0,0.0,-1,0.472067,40.0,0.497739,0,2
u161,15-1244.00,Network and Computer Systems Administrators,15-1212.00,Information Security Analysts,15-1242.00,Database Administrators,0.9081,0.0,0,0.0,0.0,-1,0.432406,40.0,0.473506,0,3
u161,15-1244.00,Network and Computer Systems Administrators,15-1212.00,Information Security Analysts,15-1253.00,Software Quality Assurance Analysts and Testers,0.904093,0.0,0,0.0,0.0,-1,0.425527,40.0,0.470671,0,4
u161,15-1244.00,Network and Computer Systems Administrators,15-1212.00,Information Security Analysts,15-1243.00,Database Architects,0.900725,0.0,0,0.0,0.0,-1,0.428087,40.0,0.469539,0,5
u162,15-1251.00,Computer Programmers,15-1252.00,Software Developers,15-1252.00,Software Developers,0.872153,0.0,0,0.615385,0.615385,1,0.481869,40.0,0.557057,1,1
u162,15-1251.00,Computer Programmers,15-1252.00,Software Developers,15-1254.00,Web Developers,0.966035,0.0,0,0.25641,0.25641,1,0.500482,40.0,0.548249,0,2
u162,15-1251.00,Computer Programmers,15-1252.00,Software Developers,15-2051.00,Data Scientists,0.917948,0.0,0,0.0,0.341881,2,0.50033,40.0,0.539408,0,3
u162,15-1251.00,Computer Programmers,15-1252.00,Software Developers,15-1212.00,Information Security Analysts,0.93096,0.0,0,0.0,0.273504,2,0.498374,40.0,0.534714,0,4
u162,15-1251.00,Computer Programmers,15-1252.00,Software Developers,15-1244.00,Network and Computer Systems Administrators,0.972558,0.007369,2,0.0,0.0,-1,0.583766,66.36,0.523374,0,5
u163,15-1252.00,Software Developers,15-1253.00,Software Quality Assurance Analysts and Testers,15-2051.00,Data Scientists,0.934467,0.000607,0,0.555556,0.555556,1,0.518461,40.19,0.581461,0,1
u163,15-1252.00,Software Developers,15-1253.00,Software Quality Assurance Analysts and Testers,15-1212.00,Information Security Analysts,0.953705,0.001711,0,0.444444,0.444444,1,0.516505,40.55,0.572882,0,2
u163,15-1252.00,Software Developers,15-1253.00,Software Quality Assurance Analysts and Testers,15-1211.00,Computer Systems Analysts,0.96496,0.009651,3,0.0,0.0,-1,0.573963,79.09,0.517914,0,3
u163,15-1252.00,Software Developers,15-1253.00,Software Quality Assurance Analysts and Testers,15-1244.00,Network and Computer Systems Administrators,0.959095,0.019074,5,0.0,0.0,-1,0.601897,106.1,0.517109,0,4
u163,15-1252.00,Software Developers,15-1253.00,Software Quality Assurance Analysts and Testers,15-1243.00,Database Architects,0.951229,0.009254,2,0.0,0.0,-1,0.529983,66.96,0.505237,0,5
u164,15-1253.00,Software Quality Assurance Analysts and Testers,15-1252.00,Software Developers,15-1252.00,Software Developers,0.871372,0.0,0,1.0,1.0,1,0.472576,40.0,0.613004,1,1
u164,15-1253.00,Software Quality Assurance Analysts and Testers,15-1252.00,Software Developers,15-2051.00,Data Scientists,0.909204,0.003152,0,0.0,0.555556,2,0.491037,41.01,0.565343,0,2
u164,15-1253.00,Software Quality Assurance Analysts and Testers,15-1252.00,Software Developers,15-1212.00,Information Security Analysts,0.94146,0.0,0,0.0,0.444444,2,0.489081,40.0,0.563686,0,3
u164,15-1253.00,Software Quality Assurance Analysts and Testers,15-1252.00,Software Developers,15-1244.00,Network and Computer Systems Administrators,0.965725,0.008291,2,0.0,0.0,-1,0.574473,66.65,0.518674,0,4
u164,15-1253.00,Software Quality Assurance Analysts and Testers,15-1252.00,Software Developers,15-1211.00,Computer Systems Analysts,0.969616,0.0,0,0.0,0.0,-1,0.54654,40.0,0.518308,0,5
u165,15-1254.00,Web Developers,15-1252.00,Software Developers,15-1255.00,Web and Digital Interface Designers,0.937645,0.0,0,0.4,0.4,1,0.50253,40.0,0.55732,0,1
u165,15-1254.00,Web Developers,15-1252.00,Software Developers,15-1252.00,Software Developers,0.867216,0.0,0,0.6,0.6,1,0.481388,40.0,0.552455,1,2
u165,15-1254.00,Web Developers,15-1252.00,Software Developers,15-1212.00,Information Security Analysts,0.939116,0.0,0,0.0,0.266666,2,0.497892,40.0,0.537286,0,3
u165,15-1254.00,Web Developers,15-1252.00,Software Developers,15-2051.00,Data Scientists,0.912387,0.001265,0,0.0,0.333334,2,0.499848,40.4,0.535235,0,4
u165,15-1254.00,Web Developers,15-1252.00,Software Developers,15-1244.00,Network and Computer Systems Administrators,0.966469,0.004699,2,0.0,0.0,-1,0.583284,65.5,0.521229,0,5
u166,15-1255.00,Web and Digital Interface Designers,15-2031.00,Operations Research Analysts,15-1211.00,Computer Systems Analysts,0.969885,0.003919,1,0.0,0.0,-1,0.552821,53.25,0.518392,0,1
u166,15-1255.00,Web and Digital Interface Designers,15-2031.00,Operations Research Analysts,15-1244.00,Network and Computer Systems Administrators,0.960232,0.015118,3,0.0,0.0,-1,0.580755,80.84,0.515438,0,2
u166,15-1255.00,Web and Digital Interface Designers,15-2031.00,Operations Research Analysts,15-1243.00,Database Architects,0.965998,0.0,0,0.0,0.0,-1,0.508841,40.0,0.511025,0,3
u166,15-1255.00,Web and Digital Interface Designers,15-2031.00,Operations Research Analysts,15-1242.00,Database Administrators,0.960517,0.0,0,0.0,0.0,-1,0.51316,40.0,0.509207,0,4
u166,15-1255.00,Web and Digital Interface Designers,15-2031.00,Operations Research Analysts,15-1254.00,Web Developers,0.96359,0.0,0,0.0,0.0,-1,0.49747,40.0,0.508236,0,5
u167,15-2031.00,Operations Research Analysts,15-2051.00,Data Scientists,15-2051.00,Data Scientists,0.939619,0.0,0,1.0,1.0,1,0.472968,40.0,0.643774,1,1
u167,15-2031.00,Operations Research Analysts,15-2051.00,Data Scientists,15-1211.00,Computer Systems Analysts,0.958899,0.004398,1,0.0,0.0,-1,0.52847,53.41,0.509676,0,2
u167,15-2031.00,Operations Research Analysts,15-2051.00,Data Scientists,15-1244.00,Network and Computer Systems Administrators,0.945477,0.014047,3,0.0,0.0,-1,0.556403,80.49,0.505414,0,3
u167,15-2031.00,Operations Research Analysts,15-2051.00,Data Scientists,15-1243.00,Database Architects,0.952813,0.0,0,0.0,0.0,-1,0.48449,40.0,0.50144,0,4
u167,15-2031.00,Operations Research Analysts,15-2051.00,Data Scientists,15-1242.00,Database Administrators,0.950413,0.0,0,0.0,0.0,-1,0.488809,40.0,0.501007,0,5
u168,15-2051.00,Data Scientists,15-1211.00,Computer Systems Analysts,15-1211.00,Computer Systems Analysts,0.970758,0.003301,1,0.0,0.0,-1,0.555503,53.06,0.519341,1,1
u168,15-2051.00,Data Scientists,15-1211.00,Computer Systems Analysts,15-1244.00,Network and Computer Systems Administrators,0.958667,0.016347,2,0.0,0.0,-1,0.583436,69.23,0.514829,0,2
u168,15-2051.00,Data Scientists,15-1211.00,Computer Systems Analysts,15-1242.00,Database Administrators,0.964785,0.0,0,0.0,0.0,-1,0.515841,40.0,0.51153,0,3
u168,15-2051.00,Data Scientists,15-1211.00,Computer Systems Analysts,15-1243.00,Database Architects,0.96144,0.000823,0,0.0,0.0,-1,0.511523,40.26,0.509171,0,4
u168,15-2051.00,Data Scientists,15-1211.00,Computer Systems Analysts,15-1212.00,Information Security Analysts,0.955637,0.00032,0,0.0,0.0,-1,0.498044,40.1,0.504663,0,5
u169,15-1211.00,Computer Systems Analysts,15-2051.00,Data Scientists,15-2051.00,Data Scientists,0.92395,0.0,0,1.0,1.0,1,0.444497,40.0,0.632452,1,1
u169,15-1211.00,Computer Systems Analysts,15-2051.00,Data Scientists,15-1244.00,Network and Computer Systems Administrators,0.982733,0.002044,1,0.0,0.0,-1,0.527933,52.65,0.520909,0,2
u169,15-1211.00,Computer Systems Analysts,15-2051.00,Data Scientists,15-1242.00,Database Administrators,0.954382,0.0,0,0.0,0.0,-1,0.460339,40.0,0.498523,0,3
u169,15-1211.00,Computer Systems Analysts,15-2051.00,Data Scientists,15-1243.00,Database Architects,0.954306,0.0,0,0.0,0.0,-1,0.45602,40.0,0.497841,0,4
u169,15-1211.00,Computer Systems Analysts,15-2051.00,Data Scientists,15-1253.00,Software Quality Assurance Analysts and Testers,0.953432,0.0,0,0.0,0.0,-1,0.45346,40.0,0.497064,0,5
u170,15-1212.00,Information Security Analysts,15-1242.00,Database Administrators,15-1211.00,Computer Systems Analysts,0.973033,0.001504,0,0.0,0.0,-1,0.557459,40.48,0.521108,0,1
u170,15-1212.00,Information Security Analysts,15-1242.00,Database Administrators,15-1244.00,Network and Computer Systems Administrators,0.968621,0.0113,2,0.0,0.0,-1,0.585392,67.62,0.520863,0,2
u170,15-1212.00,Information Security Analysts,15-1242.00,Database Administrators,15-1242.00,Database Administrators,0.954899,0.000371,0,0.0,0.0,-1,0.517798,40.12,0.507281,1,3
u170,15-1212.00,Information Security Analysts,15-1242.00,Database Administrators,15-1253.00,Software Quality Assurance Analysts and Testers,0.949764,0.002915,0,0.0,0.0,-1,0.510919,40.93,0.503303,0,4
u170,15-1212.00,Information Security Analysts,15-1242.00,Database Administrators,15-1243.00,Database Architects,0.946512,0.001489,0,0.0,0.0,-1,0.513479,40.48,0.50258,0,5
u171,15-1242.00,Database Administrators,15-2051.00,Data Scientists,15-2051.00,Data Scientists,0.936608,0.0,0,1.0,1.0,1,0.484159,40.0,0.644097,1,1
u171,15-1242.00,Database Administrators,15-2051.00,Data Scientists,15-1244.00,Network and Computer Systems Administrators,0.970239,0.007285,2,0.0,0.0,-1,0.567594,66.33,0.519925,0,2
u171,15-1242.00,Database Administrators,15-2051.00,Data Scientists,15-1211.00,Computer Systems Analysts,0.975244,0.0,0,0.0,0.0,-1,0.539661,40.0,0.519809,0,3
u171,15-1242.00,Database Administrators,15-2051.00,Data Scientists,15-1243.00,Database Architects,0.958674,0.0,0,0.0,0.0,-1,0.495681,40.0,0.505755,0,4
u171,15-1242.00,Database Administrators,15-2051.00,Data Scientists,15-1254.00,Web Developers,0.960893,0.0,0,0.0,0.0,-1,0.48431,40.0,0.505048,0,5
u172,15-1243.00,Database Architects,15-1244.00,Network and Computer Systems Administrators,15-1211.00,Computer Systems Analysts,0.98376,3e-05,0,0.0,0.0,-1,0.54398,40.01,0.524281,0,1
u172,15-1243.00,Database Architects,15-1244.00,Network and Computer Systems Administrators,15-1244.00,Network and Computer Systems Administrators,0.96978,0.011878,2,0.0,0.0,-1,0.571913,67.8,0.519218,1,2
u172,15-1243.00,Database Architects,15-1244.00,Network and Computer Systems Administrators,15-1242.00,Database Administrators,0.972761,0.0,0,0.0,0.0,-1,0.504319,40.0,0.51339,0,3
u172,15-1243.00,Database Architects,15-1244.00,Network and Computer Systems Administrators,15-1254.00,Web Developers,0.968743,0.0,0,0.0,0.0,-1,0.488629,40.0,0.509229,0,4
u172,15-1243.00,Database Architects,15-1244.00,Network and Computer Systems Administrators,15-1255.00,Web and Digital Interface Designers,0.964006,0.0,0,0.0,0.0,-1,0.491159,40.0,0.507477,0,5
u173,15-1244.00,Network and Computer Systems Administrators,15-1212.00,Information Security Analysts,15-1212.00,Information Security Analysts,0.916264,0.0,0,1.0,1.0,1,0.414608,40.0,0.62451,1,1
u173,15-1244.00,Network and Computer Systems Administrators,15-1212.00,Information Security Analysts,15-1211.00,Computer Systems Analysts,0.959134,0.0,0,0.0,0.0,-1,0.472067,40.0,0.50242,0,2
u173,15-1244.00,Network and Computer Systems Administrators,15-1212.00,Information Security Analysts,15-1242.00,Database Administrators,0.917865,0.0,0,0.0,0.0,-1,0.432406,40.0,0.4779,0,3
u173,15-1244.00,Network and Computer Systems Administrators,15-1212.00,Information Security Analysts,15-1253.00,Software Quality Assurance Analysts and Testers,0.91524,0.0,0,0.0,0.0,-1,0.425527,40.0,0.475687,0,4
u173,15-1244.00,Network and Computer Systems Administrators,15-1212.00,Information Security Analysts,15-1243.00,Database Architects,0.911645,0.0,0,0.0,0.0,-1,0.428087,40.0,0.474453,0,5
u174,15-1251.00,Computer Programmers,15-1252.00,Software Developers,15-1252.00,Software Developers,0.85704,0.0,0,0.615385,0.615385,1,0.481869,40.0,0.550256,1,1
u174,15-1251.00,Computer Programmers,15-1252.00,Software Developers,15-1254.00,Web Developers,0.956022,0.0,0,0.25641,0.25641,1,0.500482,40.0,0.543744,0,2
u174,15-1251.00,Computer Programmers,15-1252.00,Software Developers,15-2051.00,Data Scientists,0.909395,0.0,0,0.0,0.341881,2,0.50033,40.0,0.535559,0,3
u174,15-1251.00,Computer Programmers,15-1252.00,Software Developers,15-1212.00,Information Security Analysts,0.926688,0.0,0,0.0,0.273504,2,0.498374,40.0,0.532791,0,4
u174,15-1251.00,Computer Programmers,15-1252.00,Software Developers,15-1244.00,Network and Computer Systems Administrators,0.965468,0.008084,1,0.0,0.0,-1,0.583766,54.59,0.520005,0,5
u175,15-1252.00,Software Developers,15-1253.00,Software Quality Assurance Analysts and Testers,15-2051.00,Data Scientists,0.936133,0.000967,0,0.555556,0.555556,1,0.518461,40.31,0.582121,0,1
u175,15-1252.00,Software Developers,15-1253.00,Software Quality Assurance Analysts and Testers,15-1212.00,Information Security Analysts,0.955709,0.002279,0,0.444444,0.444444,1,0.516505,40.73,0.573641,0,2
u175,15-1252.00,Software Developers,15-1253.00,Software Quality Assurance Analysts and Testers,15-1211.00,Computer Systems Analysts,0.967926,0.009655,2,0.0,0.0,-1,0.573963,67.09,0.519247,0,3
u175,15-1252.00,Software Developers,15-1253.00,Software Quality Assurance Analysts and Testers,15-1244.00,Network and Computer Systems Administrators,0.958032,0.016707,3,0.0,0.0,-1,0.601897,81.35,0.517222,0,4
u175,15-1252.00,Software Developers,15-1253.00,Software Quality Assurance Analysts and Testers,15-1243.00,Database Architects,0.952054,0.008762,1,0.0,0.0,-1,0.529983,54.8,0.505731,0,5
u176,15-1253.00,Software Quality Assurance Analysts and Testers,15-1252.00,Software Developers,15-1252.00,Software Developers,0.882701,0.0,0,1.0,1.0,1,0.472576,40.0,0.618102,1,1
u176,15-1253.00,Software Quality Assurance Analysts and Testers,15-1252.00,Software Developers,15-2051.00,Data Scientists,0.917989,0.0,0,0.0,0.555556,2,0.491037,40.0,0.570084,0,2
u176,15-1253.00,Software Quality Assurance Analysts and Testers,15-1252.00,Software Developers,15-1212.00,Information Security Analysts,0.946204,0.0,0,0.0,0.444444,2,0.489081,40.0,0.565821,0,3
u176,15-1253.00,Software Quality Assurance Analysts and Testers,15-1252.00,Software Developers,15-1244.00,Network and Computer Systems Administrators,0.971248,0.004597,1,0.0,0.0,-1,0.574473,53.47,0.522083,0,4
u176,15-1253.00,Software Quality Assurance Analysts and Testers,15-1252.00,Software Developers,15-1211.00,Computer Systems Analysts,0.975939,0.0,0,0.0,0.0,-1,0.54654,40.0,0.521153,0,5
u177,15-1254.00,Web Developers,15-1252.00,Software Developers,15-1255.00,Web and Digital Interface Designers,0.938412,0.0,0,0.4,0.4,1,0.50253,40.0,0.557665,0,1
u177,15-1254.00,Web Developers,15-1252.00,Software Developers,15-1252.00,Software Developers,0.876378,7.9e-05,0,0.6,0.6,1,0.481388,40.03,0.556558,1,2
u177,15-1254.00,Web Developers,15-1252.00,Software Developers,15-1212.00,Information Security Analysts,0.939516,0.0,0,0.0,0.266666,2,0.497892,40.0,0.537466,0,3
u177,15-1254.00,Web Developers,15-1252.00,Software Developers,15-2051.00,Data Scientists,0.913281,3e-05,0,0.0,0.333334,2,0.499848,40.01,0.535946,0,4
u177,15-1254.00,Web Developers,15-1252.00,Software Developers,15-1244.00,Network and Computer Systems Administrators,0.973533,0.003769,2,0.0,0.0,-1,0.583284,65.21,0.52464,0,5
u178,15-1255.00,Web and Digital Interface Designers,15-2031.00,Operations Research Analysts,15-1211.00,Computer Systems Analysts,0.969034,0.004081,1,0.0,0.0,-1,0.552821,53.31,0.517968,0,1
u178,15-1255.00,Web and Digital Interface Designers,15-2031.00,Operations Research Analysts,15-1244.00,Network and Computer Systems Administrators,0.961557,0.015891,3,0.0,0.0,-1,0.580755,81.09,0.515841,0,2
u178,15-1255.00,Web and Digital Interface Designers,15-2031.00,Operations Research Analysts,15-1243.00,Database Architects,0.964825,0.0,0,0.0,0.0,-1,0.508841,40.0,0.510497,0,3
u178,15-1255.00,Web and Digital Interface Designers,15-2031.00,Operations Research Analysts,15-1242.00,Database Administrators,0.959167,0.0,0,0.0,0.0,-1,0.51316,40.0,0.508599,0,4
u178,15-1255.00,Web and Digital Interface Designers,15-2031.00,Operations Research Analysts,15-1254.00,Web Developers,0.957454,0.0,0,0.0,0.0,-1,0.49747,40.0,0.505475,0,5
u179,15-2031.00,Operations Research Analysts,15-2051.00,Data Scientists,15-2051.00,Data Scientists,0.955564,0.0,0,1.0,1.0,1,0.472968,40.0,0.650949,1,1
u179,15-2031.00,Operations Research Analysts,15-2051.00,Data Scientists,15-1211.00,Computer Systems Analysts,0.964879,0.004223,2,0.0,0.0,-1,0.52847,65.35,0.51241,0,2
u179,15-2031.00,Operations Research Analysts,15-2051.00,Data Scientists,15-1242.00,Database Administrators,0.963689,0.0,0,0.0,0.0,-1,0.488809,40.0,0.506981,0,3
u179,15-2031.00,Operations Research Analysts,15-2051.00,Data Scientists,15-1243.00,Database Architects,0.962911,0.000281,0,0.0,0.0,-1,0.48449,40.09,0.505914,0,4
u179,15-2031.00,Operations Research Analysts,15-2051.00,Data Scientists,15-1244.00,Network and Computer Systems Administrators,0.947479,0.0168,5,0.0,0.0,-1,0.556403,105.38,0.505626,0,5
u180,15-2051.00,Data Scientists,15-1211.00,Computer Systems Analysts,15-1211.00,Computer Systems Analysts,0.969974,0.007703,1,0.0,0.0,-1,0.555503,54.46,0.517888,1,1
u180,15-2051.00,Data Scientists,15-1211.00,Computer Systems Analysts,15-1244.00,Network and Computer Systems Administrators,0.955327,0.016695,2,0.0,0.0,-1,0.583436,69.34,0.513239,0,2
u180,15-2051.00,Data Scientists,15-1211.00,Computer Systems Analysts,15-1242.00,Database Administrators,0.966724,0.000662,0,0.0,0.0,-1,0.515841,40.21,0.512237,0,3
u180,15-2051.00,Data Scientists,15-1211.00,Computer Systems Analysts,15-1243.00,Database Architects,0.966069,0.000194,0,0.0,0.0,-1,0.511523,40.06,0.511411,0,4
u180,15-2051.00,Data Scientists,15-1211.00,Computer Systems Analysts,15-1212.00,Information Security Analysts,0.964875,0.0,0,0.0,0.0,-1,0.498044,40.0,0.5089,0,5
u181,15-1211.00,Computer Systems Analysts,15-2051.00,Data Scientists,15-2051.00,Data Scientists,0.91481,0.0,0,1.0,1.0,1,0.444497,40.0,0.628339,1,1
u181,15-1211.00,Computer Systems Analysts,15-2051.00,Data Scientists,15-1244.00,Network and Computer Systems Administrators,0.980703,0.000644,0,0.0,0.0,-1,0.527933,40.21,0.520345,0,2
u181,15-1211.00,Computer Systems Analysts,15-2051.00,Data Scientists,15-1242.00,Database Administrators,0.952199,0.0,0,0.0,0.0,-1,0.460339,40.0,0.497541,0,3
u181,15-1211.00,Computer Systems Analysts,15-2051.00,Data Scientists,15-1253.00,Software Quality Assurance Analysts and Testers,0.953207,0.0,0,0.0,0.0,-1,0.45346,40.0,0.496962,0,4
u181,15-1211.00,Computer Systems Analysts,15-2051.00,Data Scientists,15-1243.00,Database Architects,0.949988,0.0,0,0.0,0.0,-1,0.45602,40.0,0.495898,0,5
u182,15-1212.00,Information Security Analysts,15-1242.00,Database Administrators,15-1244.00,Network and Computer Systems Administrators,0.975954,0.005852,2,0.0,0.0,-1,0.585392,65.87,0.525525,0,1
u182,15-1212.00,Information Security Analysts,15-1242.00,Database Administrators,15-1211.00,Computer Systems Analysts,0.973492,0.0,0,0.0,0.0,-1,0.557459,40.0,0.52169,0,2
u182,15-1212.00,Information Security Analysts,15-1242.00,Database Administrators,15-1242.00,Database Administrators,0.95377,0.0,0,0.0,0.0,-1,0.517798,40.0,0.506866,1,3
u182,15-1212.00,Information Security Analysts,15-1242.00,Database Administrators,15-1253.00,Software Quality Assurance Analysts and Testers,0.948121,0.0,0,0.0,0.0,-1,0.510919,40.0,0.503293,0,4
u182,15-1212.00,Information Security Analysts,15-1242.00,Database Administrators,15-1243.00,Database Architects,0.943497,0.0,0,0.0,0.0,-1,0.513479,40.0,0.501596,0,5
u183,15-1242.00,Database Administrators,15-2051.00,Data Scientists,15-2051.00,Data Scientists,0.94042,0.0,0,1.0,1.0,1,0.484159,40.0,0.645813,1,1
u183,15-1242.00,Database Administrators,15-2051.00,Data Scientists,15-1244.00,Network and Computer Systems Administrators,0.974471,0.006933,0,0.0,0.0,-1,0.567594,42.22,0.521918,0,2
u183,15-1242.00,Database Administrators,15-2051.00,Data Scientists,15-1211.00,Computer Systems Analysts,0.97823,0.000161,0,0.0,0.0,-1,0.539661,40.05,0.521112,0,3
u183,15-1242.00,Database Administrators,15-2051.00,Data Scientists,15-1243.00,Database Architects,0.969215,0.0,0,0.0,0.0,-1,0.495681,40.0,0.510499,0,4
u183,15-1242.00,Database Administrators,15-2051.00,Data Scientists,15-1254.00,Web Developers,0.960016,0.0,0,0.0,0.0,-1,0.48431,40.0,0.504654,0,5
u184,15-1243.00,Database Architects,15-1244.00,Network and Computer Systems Administrators,15-1211.00,Computer Systems Analysts,0.972114,0.001082,0,0.0,0.0,-1,0.54398,40.35,0.518778,0,1
u184,15-1243.00,Database Architects,15-1244.00,Network and Computer Systems Administrators,15-1244.00,Network and Computer Systems Administrators,0.967123,0.009128,1,0.0,0.0,-1,0.571913,54.92,0.51871,1,2
u184,15-1243.00,Database Architects,15-1244.00,Network and Computer Systems Administrators,15-1242.00,Database Administrators,0.956561,0.0,0,0.0,0.0,-1,0.504319,40.0,0.5061,0,3
u184,15-1243.00,Database Architects,15-1244.00,Network and Computer Systems Administrators,15-1254.00,Web Developers,0.960144,0.0,0,0.0,0.0,-1,0.488629,40.0,0.505359,0,4
u184,15-1243.00,Database Architects,15-1244.00,Network and Computer Systems Administrators,15-1253.00,Software Quality Assurance Analysts and Testers,0.950399,0.0,0,0.0,0.0,-1,0.49744,40.0,0.502296,0,5
u185,15-1244.00,Network and Computer Systems Administrators,15-1212.00,Information Security Analysts,15-1212.00,Information Security Analysts,0.910999,0.0,0,1.0,1.0,1,0.414608,40.0,0.622141,1,1
u185,15-1244.00,Network and Computer Systems Administrators,15-1212.00,Information Security Analysts,15-1211.00,Computer Systems Analysts,0.953363,0.0,0,0.0,0.0,-1,0.472067,40.0,0.499823,0,2
u185,15-1244.00,Network and Computer Systems Administrators,15-1212.00,Information Security Analysts,15-1242.00,Database Administrators,0.913468,0.0,0,0.0,0.0,-1,0.432406,40.0,0.475921,0,3
u185,15-1244.00,Network and Computer Systems Administrators,15-1212.00,Information Security Analysts,15-1253.00,Software Quality Assurance Analysts and Testers,0.912681,0.0,0,0.0,0.0,-1,0.425527,40.0,0.474535,0,4
u185,15-1244.00,Network and Computer Systems Administrators,15-1212.00,Information Security Analysts,15-1254.00,Web Developers,0.91321,0.0,0,0.0,0.0,-1,0.416716,40.0,0.473452,0,5
u186,15-1251.00,Computer Programmers,15-1252.00,Software Developers,15-1252.00,Software Developers,0.884786,0.0,0,0.615385,0.615385,1,0.481869,40.0,0.562742,1,1
u186,15-1251.00,Computer Programmers,15-1252.00,Software Developers,15-1254.00,Web Developers,0.966841,0.0,0,0.25641,0.25641,1,0.500482,40.0,0.548612,0,2
u186,15-1251.00,Computer Programmers,15-1252.00,Software Developers,15-2051.00,Data Scientists,0.932577,0.0,0,0.0,0.341881,2,0.50033,40.0,0.545991,0,3
u186,15-1251.00,Computer Programmers,15-1252.00,Software Developers,15-1212.00,Information Security Analysts,0.942226,0.0,0,0.0,0.273504,2,0.498374,40.0,0.539783,0,4
u186,15-1251.00,Computer Programmers,15-1252.00,Software Developers,15-1211.00,Computer Systems Analysts,0.974003,0.000804,0,0.0,0.0,-1,0.555833,40.26,0.521475,0,5
u187,15-1252.00,Software Developers,15-1253.00,Software Quality Assurance Analysts and Testers,15-2051.00,Data Scientists,0.923997,0.001004,0,0.555556,0.555556,1,0.518461,40.32,0.57665,0,1
u187,15-1252.00,Software Developers,15-1253.00,Software Quality Assurance Analysts and Testers,15-1212.00,Information Security Analysts,0.947736,0.0,0,0.444444,0.444444,1,0.516505,40.0,0.570623,0,2
u187,15-1252.00,Software Developers,15-1253.00,Software Quality Assurance Analysts and Testers,15-1244.00,Network and Computer Systems Administrators,0.96272,0.012322,3,0.0,0.0,-1,0.601897,79.94,0.520428,0,3
u187,15-1252.00,Software Developers,15-1253.00,Software Quality Assurance Analysts and Testers,15-1211.00,Computer Systems Analysts,0.968588,0.007561,2,0.0,0.0,-1,0.573963,66.42,0.520069,0,4
u187,15-1252.00,Software Developers,15-1253.00,Software Quality Assurance Analysts and Testers,15-1243.00,Database Architects,0.943664,0.009793,2,0.0,0.0,-1,0.529983,67.13,0.501698,0,5
u188,15-1253.00,Software Quality Assurance Analysts and Testers,15-1252.00,Software Developers,15-1252.00,Software Developers,0.884609,0.002075,0,1.0,1.0,1,0.472576,40.66,0.618442,1,1
u188,15-1253.00,Software Quality Assurance Analysts and Testers,15-1252.00,Software Developers,15-2051.00,Data Scientists,0.932919,0.0,0,0.0,0.555556,2,0.491037,40.0,0.576802,0,2
u188,15-1253.00,Software Quality Assurance Analysts and Testers,15-1252.00,Software Developers,15-1212.00,Information Security Analysts,0.955115,0.0,0,0.0,0.444444,2,0.489081,40.0,0.56983,0,3
u188,15-1253.00,Software Quality Assurance Analysts and Testers,15-1252.00,Software Developers,15-1211.00,Computer Systems Analysts,0.976621,0.0,0,0.0,0.0,-1,0.54654,40.0,0.52146,0,4
u188,15-1253.00,Software Quality Assurance Analysts and Testers,15-1252.00,Software Developers,15-1244.00,Network and Computer Systems Administrators,0.968848,0.006841,2,0.0,0.0,-1,0.574473,66.19,0.520442,0,5
u189,15-1254.00,Web Developers,15-1252.00,Software Developers,15-1255.00,Web and Digital Interface Designers,0.93529,0.0,0,0.4,0.4,1,0.50253,40.0,0.55626,0,1
u189,15-1254.00,Web Developers,15-1252.00,Software Developers,15-1252.00,Software Developers,0.87239,0.0,0,0.6,0.6,1,0.481388,40.0,0.554784,1,2
u189,15-1254.00,Web Developers,15-1252.00,Software Developers,15-2051.00,Data Scientists,0.917957,0.0,0,0.0,0.333334,2,0.499848,40.0,0.538058,0,3
u189,15-1254.00,Web Developers,15-1252.00,Software Developers,15-1212.00,Information Security Analysts,0.93806,0.0,0,0.0,0.266666,2,0.497892,40.0,0.536811,0,4
u189,15-1254.00,Web Developers,15-1252.00,Software Developers,15-1244.00,Network and Computer Systems Administrators,0.970165,0.006263,2,0.0,0.0,-1,0.583284,66.0,0.522501,0,5
u190,15-1255.00,Web and Digital Interface Designers,15-2031.00,Operations Research Analysts,15-1211.00,Computer Systems Analysts,0.968401,0.003376,1,0.0,0.0,-1,0.552821,53.08,0.517859,0,1
u190,15-1255.00,Web and Digital Interface Designers,15-2031.00,Operations Research Analysts,15-1244.00,Network and Computer Systems Administrators,0.961564,0.011302,2,0.0,0.0,-1,0.580755,67.62,0.516992,0,2
u190,15-1255.00,Web and Digital Interface Designers,15-2031.00,Operations Research Analysts,15-1243.00,Database Architects,0.964916,0.0,0,0.0,0.0,-1,0.508841,40.0,0.510538,0,3
u190,15-1255.00,Web and Digital Interface Designers,15-2031.00,Operations Research Analysts,15-1254.00,Web Developers,0.963068,0.0,0,0.0,0.0,-1,0.49747,40.0,0.508001,0,4
u190,15-1255.00,Web and Digital Interface Designers,15-2031.00,Operations Research Analysts,15-1242.00,Database Administrators,0.956859,0.0,0,0.0,0.0,-1,0.51316,40.0,0.507561,0,5
u191,15-2031.00,Operations Research Analysts,15-2051.00,Data Scientists,15-2051.00,Data Scientists,0.958075,0.0,0,1.0,1.0,1,0.472968,40.0,0.652079,1,1
u191,15-2031.00,Operations Research Analysts,15-2051.00,Data Scientists,15-1211.00,Computer Systems Analysts,0.964066,0.003794,2,0.0,0.0,-1,0.52847,65.21,0.512152,0,2
u191,15-2031.00,Operations Research Analysts,15-2051.00,Data Scientists,15-1242.00,Database Administrators,0.962366,0.0,0,0.0,0.0,-1,0.488809,40.0,0.506386,0,3
u191,15-2031.00,Operations Research Analysts,15-2051.00,Data Scientists,15-1243.00,Database Architects,0.96349,0.0,0,0.0,0.0,-1,0.48449,40.0,0.506244,0,4
u191,15-2031.00,Operations Research Analysts,15-2051.00,Data Scientists,15-1244.00,Network and Computer Systems Administrators,0.946016,0.01625,5,0.0,0.0,-1,0.556403,105.2,0.505105,0,5
u192,15-2051.00,Data Scientists,15-1211.00,Computer Systems Analysts,15-1211.00,Computer Systems Analysts,0.966158,0.006946,1,0.0,0.0,-1,0.555503,54.22,0.51636,1,1
u192,15-2051.00,Data Scientists,15-1211.00,Computer Systems Analysts,15-1244.00,Network and Computer Systems Administrators,0.951162,0.017947,2,0.0,0.0,-1,0.583436,69.74,0.511052,0,2
u192,15-2051.00,Data Scientists,15-1211.00,Computer Systems Analysts,15-1242.00,Database Administrators,0.959028,8.7e-05,0,0.0,0.0,-1,0.515841,40.03,0.508917,0,3
u192,15-2051.00,Data Scientists,15-1211.00,Computer Systems Analysts,15-1243.00,Database Architects,0.959531,0.000787,0,0.0,0.0,-1,0.511523,40.25,0.508321,0,4
u192,15-2051.00,Data Scientists,15-1211.00,Computer Systems Analysts,15-1212.00,Information Security Analysts,0.953573,0.0,0,0.0,0.0,-1,0.498044,40.0,0.503814,0,5
u193,15-1211.00,Computer Systems Analysts,15-2051.00,Data Scientists,15-2051.00,Data Scientists,0.92346,0.0,0,1.0,1.0,1,0.444497,40.0,0.632232,1,1
u193,15-1211.00,Computer Systems Analysts,15-2051.00,Data Scientists,15-1244.00,Network and Computer Systems Administrators,0.983326,0.000467,0,0.0,0.0,-1,0.527933,40.15,0.52157,0,2
u193,15-1211.00,Computer Systems Analysts,15-2051.00,Data Scientists,15-1242.00,Database Administrators,0.956571,0.0,0,0.0,0.0,-1,0.460339,40.0,0.499508,0,3
u193,15-1211.00,Computer Systems Analysts,15-2051.00,Data Scientists,15-1243.00,Database Architects,0.95386,0.0,0,0.0,0.0,-1,0.45602,40.0,0.49764,0,4
u193,15-1211.00,Computer Systems Analysts,15-2051.00,Data Scientists,15-1254.00,Web Developers,0.953286,0.0,0,0.0,0.0,-1,0.444649,40.0,0.495676,0,5
u194,15-1212.00,Information Security Analysts,15-1242.00,Database Administrators,15-1244.00,Network and Computer Systems Administrators,0.968328,0.013545,4,0.0,0.0,-1,0.585392,92.33,0.52017,0,1
u194,15-1212.00,Information Security Analysts,15-1242.00,Database Administrators,15-1211.00,Computer Systems Analysts,0.966341,0.004777,2,0.0,0.0,-1,0.557459,65.53,0.517278,0,2
u194,15-1212.00,Information Security Analysts,15-1242.00,Database Administrators,15-1242.00,Database Administrators,0.947475,0.002826,1,0.0,0.0,-1,0.517798,52.9,0.503327,1,3
u194,15-1212.00,Information Security Analysts,15-1242.00,Database Administrators,15-1253.00,Software Quality Assurance Analysts and Testers,0.947451,0.001493,0,0.0,0.0,-1,0.510919,40.48,0.502617,0,4
u194,15-1212.00,Information Security Analysts,15-1242.00,Database Administrators,15-1243.00,Database Architects,0.940347,0.002768,0,0.0,0.0,-1,0.513479,40.89,0.499486,0,5
u195,15-1242.00,Database Administrators,15-2051.00,Data Scientists,15-2051.00,Data Scientists,0.928974,0.0,0,1.0,1.0,1,0.484159,40.0,0.640662,1,1
u195,15-1242.00,Database Administrators,15-2051.00,Data Scientists,15-1244.00,Network and Computer Systems Administrators,0.976656,0.002128,0,0.0,0.0,-1,0.567594,40.68,0.524102,0,2
u195,15-1242.00,Database Administrators,15-2051.00,Data Scientists,15-1211.00,Computer Systems Analysts,0.97806,0.0,0,0.0,0.0,-1,0.539661,40.0,0.521076,0,3
u195,15-1242.00,Database Administrators,15-2051.00,Data Scientists,15-1243.00,Database Architects,0.959322,0.0,0,0.0,0.0,-1,0.495681,40.0,0.506047,0,4
u195,15-1242.00,Database Administrators,15-2051.00,Data Scientists,15-1254.00,Web Developers,0.961734,0.0,0,0.0,0.0,-1,0.48431,40.0,0.505427,0,5
u196,15-1243.00,Database Architects,15-1244.00,Network and Computer Systems Administrators,15-1211.00,Computer Systems Analysts,0.967538,0.005582,2,0.0,0.0,-1,0.54398,65.79,0.515593,0,1
u196,15-1243.00,Database Architects,15-1244.00,Network and Computer Systems Administrators,15-1244.00,Network and Computer Systems Administrators,0.959117,0.015174,3,0.0,0.0,-1,0.571913,80.86,0.513596,1,2
u196,15-1243.00,Database Architects,15-1244.00,Network and Computer Systems Administrators,15-1242.00,Database Administrators,0.961476,0.0,0,0.0,0.0,-1,0.504319,40.0,0.508312,0,3
u196,15-1243.00,Database Architects,15-1244.00,Network and Computer Systems Administrators,15-1255.00,Web and Digital Interface Designers,0.960614,0.0,0,0.0,0.0,-1,0.491159,40.0,0.50595,0,4
u196,15-1243.00,Database Architects,15-1244.00,Network and Computer Systems Administrators,15-1254.00,Web Developers,0.959785,0.0,0,0.0,0.0,-1,0.488629,40.0,0.505198,0,5
u197,15-1244.00,Network and Computer Systems Administrators,15-1212.00,Information Security Analysts,15-1212.00,Information Security Analysts,0.908893,0.0,0,1.0,1.0,1,0.414608,40.0,0.621193,1,1
u197,15-1244.00,Network and Computer Systems Administrators,15-1212.00,Information Security Analysts,15-1211.00,Computer Systems Analysts,0.954484,0.0,0,0.0,0.0,-1,0.472067,40.0,0.500328,0,2
u197,15-1244.00,Network and Computer Systems Administrators,15-1212.00,Information Security Analysts,15-1253.00,Software Quality Assurance Analysts and Testers,0.91837,0.0,0,0.0,0.0,-1,0.425527,40.0,0.477096,0,3
u197,15-1244.00,Network and Computer Systems Administrators,15-1212.00,Information Security Analysts,15-1242.00,Database Administrators,0.913357,0.0,0,0.0,0.0,-1,0.432406,40.0,0.475871,0,4
u197,15-1244.00,Network and Computer Systems Administrators,15-1212.00,Information Security Analysts,15-1254.00,Web Developers,0.912491,0.0,0,0.0,0.0,-1,0.416716,40.0,0.473129,0,5
u198,15-1251.00,Computer Programmers,15-1252.00,Software Developers,15-1252.00,Software Developers,0.857061,0.0,0,0.615385,0.615385,1,0.481869,40.0,0.550266,1,1
u198,15-1251.00,Computer Programmers,15-1252.00,Software Developers,15-1254.00,Web Developers,0.966084,0.0,0,0.25641,0.25641,1,0.500482,40.0,0.548271,0,2
u198,15-1251.00,Computer Programmers,15-1252.00,Software Developers,15-2051.00,Data Scientists,0.911617,0.0,0,0.0,0.341881,2,0.50033,40.0,0.536559,0,3
u198,15-1251.00,Computer Programmers,15-1252.00,Software Developers,15-1212.00,Information Security Analysts,0.927882,0.0,0,0.0,0.273504,2,0.498374,40.0,0.533328,0,4
u198,15-1251.00,Computer Programmers,15-1252.00,Software Developers,15-1244.00,Network and Computer Systems Administrators,0.962734,0.009645,2,0.0,0.0,-1,0.583766,67.09,0.518384,0,5
u199,15-1252.00,Software Developers,15-1253.00,Software Quality Assurance Analysts and Testers,15-2051.00,Data Scientists,0.927964,0.000708,0,0.555556,0.555556,1,0.518461,40.23,0.578509,0,1
u199,15-1252.00,Software Developers,15-1253.00,Software Quality Assurance Analysts and Testers,15-1212.00,Information Security Analysts,0.945718,0.000732,0,0.444444,0.444444,1,0.516505,40.23,0.569532,0,2
u199,15-1252.00,Software Developers,15-1253.00,Software Quality Assurance Analysts and Testers,15-1211.00,Computer Systems Analysts,0.958414,0.009747,3,0.0,0.0,-1,0.573963,79.12,0.514944,0,3
u199,15-1252.00,Software Developers,15-1253.00,Software Quality Assurance Analysts and Testers,15-1244.00,Network and Computer Systems Administrators,0.951164,0.016845,4,0.0,0.0,-1,0.601897,93.39,0.514097,0,4
u199,15-1252.00,Software Developers,15-1253.00,Software Quality Assurance Analysts and Testers,15-1243.00,Database Architects,0.947207,0.010351,2,0.0,0.0,-1,0.529983,67.31,0.503153,0,5
u200,15-1253.00,Software Quality Assurance Analysts and Testers,15-1252.00,Software Developers,15-1252.00,Software Developers,0.871241,0.0,0,1.0,1.0,1,0.472576,40.0,0.612945,1,1
u200,15-1253.00,Software Quality Assurance Analysts and Testers,15-1252.00,Software Developers,15-1212.00,Information Security Analysts,0.943566,0.0,0,0.0,0.444444,2,0.489081,40.0,0.564633,0,2
u200,15-1253.00,Software Quality Assurance Analysts and Testers,15-1252.00,Software Developers,15-2051.00,Data Scientists,0.90298,0.000827,0,0.0,0.555556,2,0.491037,40.26,0.563123,0,3
u200,15-1253.00,Software Quality Assurance Analysts and Testers,15-1252.00,Software Developers,15-1244.00,Network and Computer Systems Administrators,0.977024,0.001059,0,0.0,0.0,-1,0.574473,40.34,0.525567,0,4
u200,15-1253.00,Software Quality Assurance Analysts and Testers,15-1252.00,Software Developers,15-1211.00,Computer Systems Analysts,0.972657,0.0,0,0.0,0.0,-1,0.54654,40.0,0.519677,0,5
u201,15-1254.00,Web Developers,15-1252.00,Software Developers,15-1255.00,Web and Digital Interface Designers,0.941419,0.0,0,0.4,0.4,1,0.50253,40.0,0.559018,0,1
u201,15-1254.00,Web Developers,15-1252.00,Software Developers,15-1252.00,Software Developers,0.873258,0.0,0,0.6,0.6,1,0.481388,40.0,0.555174,1,2
u201,15-1254.00,Web Developers,15-1252.00,Software Developers,15-2051.00,Data Scientists,0.919934,0.0,0,0.0,0.333334,2,0.499848,40.0,0.538948,0,3
u201,15-1254.00,Web Developers,15-1252.00,Software Developers,15-1212.00,Information Security Analysts,0.941555,0.0,0,0.0,0.266666,2,0.497892,40.0,0.538384,0,4
u201,15-1254.00,Web Developers,15-1252.00,Software Developers,15-1211.00,Computer Systems Analysts,0.966997,0.003624,1,0.0,0.0,-1,0.555351,53.16,0.517546,0,5
u202,15-1255.00,Web and Digital Interface Designers,15-2031.00,Operations Research Analysts,15-1211.00,Computer Systems Analysts,0.970427,0.006135,1,0.0,0.0,-1,0.552821,53.96,0.518082,0,1
u202,15-1255.00,Web and Digital Interface Designers,15-2031.00,Operations Research Analysts,15-1244.00,Network and Computer Systems Administrators,0.955375,0.018802,3,0.0,0.0,-1,0.580755,82.02,0.512331,0,2
u202,15-1255.00,Web and Digital Interface Designers,15-2031.00,Operations Research Analysts,15-1243.00,Database Architects,0.968042,0.0,0,0.0,0.0,-1,0.508841,40.0,0.511945,0,3
u202,15-1255.00,Web and Digital Interface Designers,15-2031.00,Operations Research Analysts,15-1242.00,Database Administrators,0.962378,2.1e-05,0,0.0,0.0,-1,0.51316,40.01,0.510039,0,4
u202,15-1255.00,Web and Digital Interface Designers,15-2031.00,Operations Research Analysts,15-1254.00,Web Developers,0.963043,0.0,0,0.0,0.0,-1,0.49747,40.0,0.50799,0,5
u203,15-2031.00,Operations Research Analysts,15-2051.00,Data Scientists,15-2051.00,Data Scientists,0.954184,0.0,0,1.0,1.0,1,0.472968,40.0,0.650328,1,1
u203,15-2031.00,Operations Research Analysts,15-2051.00,Data Scientists,15-1211.00,Computer Systems Analysts,0.964996,0.002134,0,0.0,0.0,-1,0.52847,40.68,0.512985,0,2
u203,15-2031.00,Operations Research Analysts,15-2051.00,Data Scientists,15-1242.00,Database Administrators,0.963717,0.0,0,0.0,0.0,-1,0.488809,40.0,0.506994,0,3
u203,15-2031.00,Operations Research Analysts,15-2051.00,Data Scientists,15-1244.00,Network and Computer Systems Administrators,0.946533,0.012948,1,0.0,0.0,-1,0.556403,56.14,0.506163,0,4
u203,15-2031.00,Operations Research Analysts,15-2051.00,Data Scientists,15-1243.00,Database Architects,0.959059,0.00145,0,0.0,0.0,-1,0.48449,40.46,0.503887,0,5
u204,15-2051.00,Data Scientists,15-1211.00,Computer Systems Analysts,15-1244.00,Network and Computer Systems Administrators,0.968473,0.006344,1,0.0,0.0,-1,0.583436,54.03,0.521742,0,1
u204,15-2051.00,Data Scientists,15-1211.00,Computer Systems Analysts,15-1211.00,Computer Systems Analysts,0.96908,0.003406,1,0.0,0.0,-1,0.555503,53.09,0.51856,1,2
u204,15-2051.00,Data Scientists,15-1211.00,Computer Systems Analysts,15-1242.00,Database Administrators,0.955542,0.0,0,0.0,0.0,-1,0.515841,40.0,0.50737,0,3
u204,15-2051.00,Data Scientists,15-1211.00,Computer Systems Analysts,15-1243.00,Database Architects,0.951111,0.001123,0,0.0,0.0,-1,0.511523,40.36,0.504448,0,4
u204,15-2051.00,Data Scientists,15-1211.00,Computer Systems Analysts,15-1212.00,Information Security Analysts,0.95458,0.0,0,0.0,0.0,-1,0.498044,40.0,0.504268,0,5
u205,15-1211.00,Computer Systems Analysts,15-2051.00,Data Scientists,15-2051.00,Data Scientists,0.916712,0.0,0,1.0,1.0,1,0.444497,40.0,0.629195,1,1
u205,15-1211.00,Computer Systems Analysts,15-2051.00,Data Scientists,15-1244.00,Network and Computer Systems Administrators,0.987384,0.000602,1,0.0,0.0,-1,0.527933,52.19,0.523362,0,2
u205,15-1211.00,Computer Systems Analysts,15-2051.00,Data Scientists,15-1242.00,Database Administrators,0.955863,0.0,0,0.0,0.0,-1,0.460339,40.0,0.499189,0,3
u205,15-1211.00,Computer Systems Analysts,15-2051.00,Data Scientists,15-1253.00,Software Quality Assurance Analysts and Testers,0.9533,0.000854,0,0.0,0.0,-1,0.45346,40.27,0.496791,0,4
u205,15-1211.00,Computer Systems Analysts,15-2051.00,Data Scientists,15-1243.00,Database Architects,0.9489,0.0,0,0.0,0.0,-1,0.45602,40.0,0.495408,0,5
u206,15-1212.00,Information Security Analysts,15-1242.00,Database Administrators,15-1244.00,Network and Computer Systems Administrators,0.971851,0.00927,2,0.0,0.0,-1,0.585392,66.97,0.522824,0,1
u206,15-1212.00,Information Security Analysts,15-1242.00,Database Administrators,15-1211.00,Computer Systems Analysts,0.974235,0.002626,1,0.0,0.0,-1,0.557459,52.84,0.521368,0,2
u206,15-1212.00,Information Security Analysts,15-1242.00,Database Administrators,15-1253.00,Software Quality Assurance Analysts and Testers,0.95819,0.0,0,0.0,0.0,-1,0.510919,40.0,0.507823,0,3
u206,15-1212.00,Information Security Analysts,15-1242.00,Database Administrators,15-1242.00,Database Administrators,0.955434,0.0,0,0.0,0.0,-1,0.517798,40.0,0.507615,1,4
u206,15-1212.00,Information Security Analysts,15-1242.00,Database Administrators,15-1243.00,Database Architects,0.948312,0.000323,0,0.0,0.0,-1,0.513479,40.1,0.503681,0,5
u207,15-1242.00,Database Administrators,15-2051.00,Data Scientists,15-2051.00,Data Scientists,0.933342,0.0,0,1.0,1.0,1,0.484159,40.0,0.642628,1,1
u207,15-1242.00,Database Administrators,15-2051.00,Data Scientists,15-1244.00,Network and Computer Systems Administrators,0.969553,0.005306,1,0.0,0.0,-1,0.567594,53.7,0.520112,0,2
u207,15-1242.00,Database Administrators,15-2051.00,Data Scientists,15-1211.00,Computer Systems Analysts,0.975018,0.0,0,0.0,0.0,-1,0.539661,40.0,0.519707,0,3
u207,15-1242.00,Database Administrators,15-2051.00,Data Scientists,15-1243.00,Database Architects,0.959812,0.0,0,0.0,0.0,-1,0.495681,40.0,0.506267,0,4
u207,15-1242.00,Database Administrators,15-2051.00,Data Scientists,15-1254.00,Web Developers,0.958618,0.0,0,0.0,0.0,-1,0.48431,40.0,0.504024,0,5
u208,15-1243.00,Database Architects,15-1244.00,Network and Computer Systems Administrators,15-1244.00,Network and Computer Systems Administrators,0.973188,0.005652,1,0.0,0.0,-1,0.571913,53.81,0.522308,1,1
u208,15-1243.00,Database Architects,15-1244.00,Network and Computer Systems Administrators,15-1211.00,Computer Systems Analysts,0.977852,0.000571,0,0.0,0.0,-1,0.54398,40.18,0.521487,0,2
u208,15-1243.00,Database Architects,15-1244.00,Network and Computer Systems Administrators,15-1242.00,Database Administrators,0.964155,0.0,0,0.0,0.0,-1,0.504319,40.0,0.509518,0,3
u208,15-1243.00,Database Architects,15-1244.00,Network and Computer Systems Administrators,15-1254.00,Web Developers,0.964227,0.0,0,0.0,0.0,-1,0.488629,40.0,0.507196,0,4
u208,15-1243.00,Database Architects,15-1244.00,Network and Computer Systems Administrators,15-1255.00,Web and Digital Interface Designers,0.953854,0.0,0,0.0,0.0,-1,0.491159,40.0,0.502908,0,5
u209,15-1244.00,Network and Computer Systems Administrators,15-1212.00,Information Security Analysts,15-1212.00,Information Security Analysts,0.901452,0.0,0,1.0,1.0,1,0.414608,40.0,0.617845,1,1
u209,15-1244.00,Network and Computer Systems Administrators,15-1212.00,Information Security Analysts,15-1211.00,Computer Systems Analysts,0.949798,0.0,0,0.0,0.0,-1,0.472067,40.0,0.498219,0,2
u209,15-1244.00,Network and Computer Systems Administrators,15-1212.00,Information Security Analysts,15-1242.00,Database Administrators,0.903887,0.0,0,0.0,0.0,-1,0.432406,40.0,0.47161,0,3
u209,15-1244.00,Network and Computer Systems Administrators,15-1212.00,Information Security Analysts,15-1253.00,Software Quality Assurance Analysts and Testers,0.906048,0.0,0,0.0,0.0,-1,0.425527,40.0,0.471551,0,4
u209,15-1244.00,Network and Computer Systems Administrators,15-1212.00,Information Security Analysts,15-1254.00,Web Developers,0.90252,0.0,0,0.0,0.0,-1,0.416716,40.0,0.468641,0,5
u210,15-1251.00,Computer Programmers,15-1252.00,Software Developers,15-1252.00,Software Developers,0.856325,0.0,0,0.615385,0.615385,1,0.481869,40.0,0.549934,1,1
u210,15-1251.00,Computer Programmers,15-1252.00,Software Developers,15-1254.00,Web Developers,0.964544,0.0,0,0.25641,0.25641,1,0.500482,40.0,0.547578,0,2
u210,15-1251.00,Computer Programmers,15-1252.00,Software Developers,15-2051.00,Data Scientists,0.914628,0.0,0,0.0,0.341881,2,0.50033,40.0,0.537914,0,3
u210,15-1251.00,Computer Programmers,15-1252.00,Software Developers,15-1212.00,Information Security Analysts,0.932641,0.0,0,0.0,0.273504,2,0.498374,40.0,0.53547,0,4
u210,15-1251.00,Computer Programmers,15-1252.00,Software Developers,15-1244.00,Network and Computer Systems Administrators,0.972313,0.005859,1,0.0,0.0,-1,0.583766,53.87,0.523641,0,5
u211,15-1252.00,Software Developers,15-1253.00,Software Quality Assurance Analysts and Testers,15-2051.00,Data Scientists,0.923419,0.0,0,0.555556,0.555556,1,0.518461,40.0,0.576641,0,1
u211,15-1252.00,Software Developers,15-1253.00,Software Quality Assurance Analysts and Testers,15-1212.00,Information Security Analysts,0.945448,0.0,0,0.444444,0.444444,1,0.516505,40.0,0.569594,0,2
u211,15-1252.00,Software Developers,15-1253.00,Software Quality Assurance Analysts and Testers,15-1244.00,Network and Computer Systems Administrators,0.965147,0.010634,2,0.0,0.0,-1,0.601897,67.4,0.521942,0,3
u211,15-1252.00,Software Developers,15-1253.00,Software Quality Assurance Analysts and Testers,15-1211.00,Computer Systems Analysts,0.965795,0.008308,2,0.0,0.0,-1,0.573963,66.66,0.518625,0,4
u211,15-1252.00,Software Developers,15-1253.00,Software Quality Assurance Analysts and Testers,15-1243.00,Database Architects,0.943405,0.010136,2,0.0,0.0,-1,0.529983,67.24,0.501496,0,5
u212,15-1253.00,Software Quality Assurance Analysts and Testers,15-1252.00,Software Developers,15-1252.00,Software Developers,0.877175,0.0,0,1.0,1.0,1,0.472576,40.0,0.615615,1,1
u212,15-1253.00,Software Quality Assurance Analysts and Testers,15-1252.00,Software Developers,15-2051.00,Data Scientists,0.91908,0.0,0,0.0,0.555556,2,0.491037,40.0,0.570575,0,2
u212,15-1253.00,Software Quality Assurance Analysts and Testers,15-1252.00,Software Developers,15-1212.00,Information Security Analysts,0.946406,0.0,0,0.0,0.444444,2,0.489081,40.0,0.565911,0,3
u212,15-1253.00,Software Quality Assurance Analysts and Testers,15-1252.00,Software Developers,15-1244.00,Network and Computer Systems Administrators,0.976165,0.000805,0,0.0,0.0,-1,0.574473,40.26,0.525244,0,4
u212,15-1253.00,Software Quality Assurance Analysts and Testers,15-1252.00,Software Developers,15-1211.00,Computer Systems Analysts,0.973762,0.0,0,0.0,0.0,-1,0.54654,40.0,0.520174,0,5
u213,15-1254.00,Web Developers,15-1252.00,Software Developers,15-1255.00,Web and Digital Interface Designers,0.945852,0.0,0,0.4,0.4,1,0.50253,40.0,0.561013,0,1
u213,15-1254.00,Web Developers,15-1252.00,Software Developers,15-1252.00,Software Developers,0.875213,0.0,0,0.6,0.6,1,0.481388,40.0,0.556054,1,2
u213,15-1254.00,Web Developers,15-1252.00,Software Developers,15-2051.00,Data Scientists,0.926385,0.0,0,0.0,0.333334,2,0.499848,40.0,0.54185,0,3
u213,15-1254.00,Web Developers,15-1252.00,Software Developers,15-1212.00,Information Security Analysts,0.944864,0.0,0,0.0,0.266666,2,0.497892,40.0,0.539873,0,4
u213,15-1254.00,Web Developers,15-1252.00,Software Developers,15-1211.00,Computer Systems Analysts,0.976921,0.0,0,0.0,0.0,-1,0.555351,40.0,0.522917,0,5
u214,15-1255.00,Web and Digital Interface Designers,15-2031.00,Operations Research Analysts,15-1211.00,Computer Systems Analysts,0.969323,0.003106,1,0.0,0.0,-1,0.552821,52.99,0.518342,0,1
u214,15-1255.00,Web and Digital Interface Designers,15-2031.00,Operations Research Analysts,15-1244.00,Network and Computer Systems Administrators,0.958317,0.015601,3,0.0,0.0,-1,0.580755,80.99,0.514456,0,2
u214,15-1255.00,Web and Digital Interface Designers,15-2031.00,Operations Research Analysts,15-1243.00,Database Architects,0.96683,0.0,0,0.0,0.0,-1,0.508841,40.0,0.5114,0,3
u214,15-1255.00,Web and Digital Interface Designers,15-2031.00,Operations Research Analysts,15-1242.00,Database Administrators,0.961893,0.0,0,0.0,0.0,-1,0.51316,40.0,0.509826,0,4
u214,15-1255.00,Web and Digital Interface Designers,15-2031.00,Operations Research Analysts,15-1254.00,Web Developers,0.962745,0.0,0,0.0,0.0,-1,0.49747,40.0,0.507856,0,5
u215,15-2031.00,Operations Research Analysts,15-2051.00,Data Scientists,15-2051.00,Data Scientists,0.939279,0.0,0,1.0,1.0,1,0.472968,40.0,0.643621,1,1
u215,15-2031.00,Operations Research Analysts,15-2051.00,Data Scientists,15-1211.00,Computer Systems Analysts,0.957782,0.003174,0,0.0,0.0,-1,0.52847,41.02,0.509479,0,2
u215,15-2031.00,Operations Research Analysts,15-2051.00,Data Scientists,15-1244.00,Network and Computer Systems Administrators,0.943691,0.015447,1,0.0,0.0,-1,0.556403,56.94,0.50426,0,3
u215,15-2031.00,Operations Research Analysts,15-2051.00,Data Scientists,15-1242.00,Database Administrators,0.950011,0.000797,0,0.0,0.0,-1,0.488809,40.25,0.500627,0,4
u215,15-2031.00,Operations Research Analysts,15-2051.00,Data Scientists,15-1243.00,Database Architects,0.950219,0.001949,0,0.0,0.0,-1,0.48449,40.62,0.499785,0,5
u216,15-2051.00,Data Scientists,15-1211.00,Computer Systems Analysts,15-1211.00,Computer Systems Analysts,0.970189,0.004186,1,0.0,0.0,-1,0.555503,53.34,0.518864,1,1
u216,15-2051.00,Data Scientists,15-1211.00,Computer Systems Analysts,15-1244.00,Network and Computer Systems Administrators,0.960437,0.012181,1,0.0,0.0,-1,0.583436,55.9,0.516667,0,2
u216,15-2051.00,Data Scientists,15-1211.00,Computer Systems Analysts,15-1243.00,Database Architects,0.959245,0.0,0,0.0,0.0,-1,0.511523,40.0,0.508389,0,3
u216,15-2051.00,Data Scientists,15-1211.00,Computer Systems Analysts,15-1242.00,Database Administrators,0.957433,0.0,0,0.0,0.0,-1,0.515841,40.0,0.508221,0,4
u216,15-2051.00,Data Scientists,15-1211.00,Computer Systems Analysts,15-1212.00,Information Security Analysts,0.955547,0.0,0,0.0,0.0,-1,0.498044,40.0,0.504703,0,5
u217,15-1211.00,Computer Systems Analysts,15-2051.00,Data Scientists,15-2051.00,Data Scientists,0.92362,0.0,0,1.0,1.0,1,0.444497,40.0,0.632304,1,1
u217,15-1211.00,Computer Systems Analysts,15-2051.00,Data Scientists,15-1244.00,Network and Computer Systems Administrators,0.982721,0.000291,0,0.0,0.0,-1,0.527933,40.09,0.521342,0,2
u217,15-1211.00,Computer Systems Analysts,15-2051.00,Data Scientists,15-1242.00,Database Administrators,0.959541,0.0,0,0.0,0.0,-1,0.460339,40.0,0.500844,0,3
u217,15-1211.00,Computer Systems Analysts,15-2051.00,Data Scientists,15-1253.00,Software Quality Assurance Analysts and Testers,0.955814,0.0,0,0.0,0.0,-1,0.45346,40.0,0.498135,0,4
u217,15-1211.00,Computer Systems Analysts,15-2051.00,Data Scientists,15-1243.00,Database Architects,0.953566,0.0,0,0.0,0.0,-1,0.45602,40.0,0.497508,0,5
u218,15-1212.00,Information Security Analysts,15-1242.00,Database Administrators,15-1244.00,Network and Computer Systems Administrators,0.969131,0.009554,2,0.0,0.0,-1,0.585392,67.06,0.521529,0,1
u218,15-1212.00,Information Security Analysts,15-1242.00,Database Administrators,15-1211.00,Computer Systems Analysts,0.970293,0.00211,1,0.0,0.0,-1,0.557459,52.68,0.519723,0,2
u218,15-1212.00,Information Security Analysts,15-1242.00,Database Administrators,15-1242.00,Database Administrators,0.947888,0.001539,1,0.0,0.0,-1,0.517798,52.49,0.503835,1,3
u218,15-1212.00,Information Security Analysts,15-1242.00,Database Administrators,15-1253.00,Software Quality Assurance Analysts and Testers,0.947403,0.0,0,0.0,0.0,-1,0.510919,40.0,0.502969,0,4
u218,15-1212.00,Information Security Analysts,15-1242.00,Database Administrators,15-1243.00,Database Architects,0.94305,0.000582,0,0.0,0.0,-1,0.513479,40.19,0.501249,0,5
u219,15-1242.00,Database Administrators,15-2051.00,Data Scientists,15-2051.00,Data Scientists,0.938002,0.0,0,1.0,1.0,1,0.484159,40.0,0.644725,1,1
u219,15-1242.00,Database Administrators,15-2051.00,Data Scientists,15-1244.00,Network and Computer Systems Administrators,0.973837,0.004854,1,0.0,0.0,-1,0.567594,53.55,0.522152,0,2
u219,15-1242.00,Database Administrators,15-2051.00,Data Scientists,15-1211.00,Computer Systems Analysts,0.977562,0.0,0,0.0,0.0,-1,0.539661,40.0,0.520852,0,3
u219,15-1242.00,Database Administrators,15-2051.00,Data Scientists,15-1243.00,Database Architects,0.959139,0.0,0,0.0,0.0,-1,0.495681,40.0,0.505965,0,4
u219,15-1242.00,Database Administrators,15-2051.00,Data Scientists,15-1212.00,Information Security Analysts,0.953856,0.0,0,0.0,0.0,-1,0.482202,40.0,0.501566,0,5
u220,15-1243.00,Database Architects,15-1244.00,Network and Computer Systems Administrators,15-1211.00,Computer Systems Analysts,0.977832,0.001368,0,0.0,0.0,-1,0.54398,40.44,0.52128,0,1
u220,15-1243.00,Database Architects,15-1244.00,Network and Computer Systems Administrators,15-1244.00,Network and Computer Systems Administrators,0.968326,0.009957,1,0.0,0.0,-1,0.571913,55.19,0.519045,1,2
u220,15-1243.00,Database Architects,15-1244.00,Network and Computer Systems Administrators,15-1242.00,Database Administrators,0.958706,0.0,0,0.0,0.0,-1,0.504319,40.0,0.507065,0,3
u220,15-1243.00,Database Architects,15-1244.00,Network and Computer Systems Administrators,15-1254.00,Web Developers,0.96309,0.0,0,0.0,0.0,-1,0.488629,40.0,0.506685,0,4
u220,15-1243.00,Database Architects,15-1244.00,Network and Computer Systems Administrators,15-1255.00,Web and Digital Interface Designers,0.952003,0.0,0,0.0,0.0,-1,0.491159,40.0,0.502075,0,5
u221,15-1244.00,Network and Computer Systems Administrators,15-1212.00,Information Security Analysts,15-1212.00,Information Security Analysts,0.92069,0.0,0,1.0,1.0,1,0.414608,40.0,0.626502,1,1
u221,15-1244.00,Network and Computer Systems Administrators,15-1212.00,Information Security Analysts,15-1211.00,Computer Systems Analysts,0.960537,0.0,0,0.0,0.0,-1,0.472067,40.0,0.503052,0,2
u221,15-1244.00,Network and Computer Systems Administrators,15-1212.00,Information Security Analysts,15-1242.00,Database Administrators,0.923265,0.0,0,0.0,0.0,-1,0.432406,40.0,0.48033,0,3
u221,15-1244.00,Network and Computer Systems Administrators,15-1212.00,Information Security Analysts,15-1253.00,Software Quality Assurance Analysts and Testers,0.92193,0.0,0,0.0,0.0,-1,0.425527,40.0,0.478698,0,4
u221,15-1244.00,Network and Computer Systems Administrators,15-1212.00,Information Security Analysts,15-1243.00,Database Architects,0.915123,0.0,0,0.0,0.0,-1,0.428087,40.0,0.476018,0,5
u222,15-1251.00,Computer Programmers,15-1252.00,Software Developers,15-1252.00,Software Developers,0.854764,0.0,0,0.615385,0.615385,1,0.481869,40.0,0.549232,1,1
u222,15-1251.00,Computer Programmers,15-1252.00,Software Developers,15-1254.00,Web Developers,0.956131,0.0,0,0.25641,0.25641,1,0.500482,40.0,0.543793,0,2
u222,15-1251.00,Computer Programmers,15-1252.00,Software Developers,15-2051.00,Data Scientists,0.906344,0.0,0,0.0,0.341881,2,0.50033,40.0,0.534186,0,3
u222,15-1251.00,Computer Programmers,15-1252.00,Software Developers,15-1212.00,Information Security Analysts,0.917489,0.0,0,0.0,0.273504,2,0.498374,40.0,0.528652,0,4
u222,15-1251.00,Computer Programmers,15-1252.00,Software Developers,15-1244.00,Network and Computer Systems Administrators,0.963205,0.008703,1,0.0,0.0,-1,0.583766,54.78,0.518831,0,5
u223,15-1252.00,Software Developers,15-1253.00,Software Quality Assurance Analysts and Testers,15-2051.00,Data Scientists,0.935317,0.00155,0,0.555556,0.555556,1,0.518461,40.5,0.581608,0,1
u223,15-1252.00,Software Developers,15-1253.00,Software Quality Assurance Analysts and Testers,15-1212.00,Information Security Analysts,0.951587,0.000235,0,0.444444,0.444444,1,0.516505,40.08,0.572298,0,2
u223,15-1252.00,Software Developers,15-1253.00,Software Quality Assurance Analysts and Testers,15-1244.00,Network and Computer Systems Administrators,0.956479,0.019265,4,0.0,0.0,-1,0.601897,94.16,0.515884,0,3
u223,15-1252.00,Software Developers,15-1253.00,Software Quality Assurance Analysts and Testers,15-1211.00,Computer Systems Analysts,0.961333,0.012883,3,0.0,0.0,-1,0.573963,80.12,0.515474,0,4
u223,15-1252.00,Software Developers,15-1253.00,Software Quality Assurance Analysts and Testers,15-1243.00,Database Architects,0.946251,0.013081,2,0.0,0.0,-1,0.529983,68.19,0.50204,0,5
u224,15-1253.00,Software Quality Assurance Analysts and Testers,15-1252.00,Software Developers,15-1252.00,Software Developers,0.87738,0.0,0,1.0,1.0,1,0.472576,40.0,0.615708,1,1
u224,15-1253.00,Software Quality Assurance Analysts and Testers,15-1252.00,Software Developers,15-2051.00,Data Scientists,0.912193,0.0,0,0.0,0.555556,2,0.491037,40.0,0.567476,0,2
u224,15-1253.00,Software Quality Assurance Analysts and Testers,15-1252.00,Software Developers,15-1212.00,Information Security Analysts,0.945348,0.0,0,0.0,0.444444,2,0.489081,40.0,0.565435,0,3
u224,15-1253.00,Software Quality Assurance Analysts and Testers,15-1252.00,Software Developers,15-1244.00,Network and Computer Systems Administrators,0.981691,0.000979,1,0.0,0.0,-1,0.574473,52.31,0.527687,0,4
u224,15-1253.00,Software Quality Assurance Analysts and Testers,15-1252.00,Software Developers,15-1211.00,Computer Systems Analysts,0.980538,0.0,0,0.0,0.0,-1,0.54654,40.0,0.523223,0,5
u225,15-1254.00,Web Developers,15-1252.00,Software Developers,15-1255.00,Web and Digital Interface Designers,0.93462,0.0,0,0.4,0.4,1,0.50253,40.0,0.555958,0,1
u225,15-1254.00,Web Developers,15-1252.00,Software Developers,15-1252.00,Software Developers,0.863252,0.0,0,0.6,0.6,1,0.481388,40.0,0.550672,1,2
u225,15-1254.00,Web Developers,15-1252.00,Software Developers,15-2051.00,Data Scientists,0.911534,0.0,0,0.0,0.333334,2,0.499848,40.0,0.535167,0,3
u225,15-1254.00,Web Developers,15-1252.00,Software Developers,15-1212.00,Information Security Analysts,0.929669,0.0,0,0.0,0.266666,2,0.497892,40.0,0.533035,0,4
u225,15-1254.00,Web Developers,15-1252.00,Software Developers,15-1244.00,Network and Computer Systems Administrators,0.96552,0.003027,0,0.0,0.0,-1,0.583284,40.97,0.52122,0,5
u226,15-1255.00,Web and Digital Interface Designers,15-2031.00,Operations Research Analysts,15-1211.00,Computer Systems Analysts,0.965933,0.007698,1,0.0,0.0,-1,0.552821,54.46,0.515669,0,1
u226,15-1255.00,Web and Digital Interface Designers,15-2031.00,Operations Research Analysts,15-1243.00,Database Architects,0.970264,0.0,0,0.0,0.0,-1,0.508841,40.0,0.512945,0,2
u226,15-1255.00,Web and Digital Interface Designers,15-2031.00,Operations Research Analysts,15-1244.00,Network and Computer Systems Administrators,0.95305,0.019865,4,0.0,0.0,-1,0.580755,94.36,0.51102,0,3
u226,15-1255.00,Web and Digital Interface Designers,15-2031.00,Operations Research Analysts,15-1254.00,Web Developers,0.967163,0.000259,0,0.0,0.0,-1,0.49747,40.08,0.509779,0,4
u226,15-1255.00,Web and Digital Interface Designers,15-2031.00,Operations Research Analysts,15-1242.00,Database Administrators,0.95666,0.000684,0,0.0,0.0,-1,0.51316,40.22,0.5073,0,5
u227,15-2031.00,Operations Research Analysts,15-2051.00,Data Scientists,15-2051.00,Data Scientists,0.948725,0.0,0,1.0,1.0,1,0.472968,40.0,0.647871,1,1
u227,15-2031.00,Operations Research Analysts,15-2051.00,Data Scientists,15-1211.00,Computer Systems Analysts,0.955917,0.006025,2,0.0,0.0,-1,0.52847,65.93,0.507927,0,2
u227,15-2031.00,Operations Research Analysts,15-2051.00,Data Scientists,15-1242.00,Database Administrators,0.956716,0.0,0,0.0,0.0,-1,0.488809,40.0,0.503844,0,3
u227,15-2031.00,Operations Research Analysts,15-2051.00,Data Scientists,15-1243.00,Database Architects,0.956982,0.0,0,0.0,0.0,-1,0.48449,40.0,0.503315,0,4
u227,15-2031.00,Operations Research Analysts,15-2051.00,Data Scientists,15-1244.00,Network and Computer Systems Administrators,0.938218,0.020543,5,0.0,0.0,-1,0.556403,106.57,0.500523,0,5
u228,15-2051.00,Data Scientists,15-1211.00,Computer Systems Analysts,15-1211.00,Computer Systems Analysts,0.972424,0.004361,1,0.0,0.0,-1,0.555503,53.4,0.519826,1,1
u228,15-2051.00,Data Scientists,15-1211.00,Computer Systems Analysts,15-1244.00,Network and Computer Systems Administrators,0.960106,0.015186,3,0.0,0.0,-1,0.583436,80.86,0.515766,0,2
u228,15-2051.00,Data Scientists,15-1211.00,Computer Systems Analysts,15-1243.00,Database Architects,0.963801,0.0,0,0.0,0.0,-1,0.511523,40.0,0.510439,0,3
u228,15-2051.00,Data Scientists,15-1211.00,Computer Systems Analysts,15-1242.00,Database Administrators,0.962011,0.0,0,0.0,0.0,-1,0.515841,40.0,0.510281,0,4
u228,15-2051.00,Data Scientists,15-1211.00,Computer Systems Analysts,15-1212.00,Information Security Analysts,0.957925,0.000282,0,0.0,0.0,-1,0.498044,40.09,0.505702,0,5
u229,15-1211.00,Computer Systems Analysts,15-2051.00,Data Scientists,15-2051.00,Data Scientists,0.91281,0.0,0,1.0,1.0,1,0.444497,40.0,0.627439,1,1
u229,15-1211.00,Computer Systems Analysts,15-2051.00,Data Scientists,15-1244.00,Network and Computer Systems Administrators,0.982283,0.0004,0,0.0,0.0,-1,0.527933,40.13,0.521117,0,2
u229,15-1211.00,Computer Systems Analysts,15-2051.00,Data Scientists,15-1242.00,Database Administrators,0.946349,0.0,0,0.0,0.0,-1,0.460339,40.0,0.494908,0,3
u229,15-1211.00,Computer Systems Analysts,15-2051.00,Data Scientists,15-1253.00,Software Quality Assurance Analysts and Testers,0.942905,0.0,0,0.0,0.0,-1,0.45346,40.0,0.492326,0,4
u229,15-1211.00,Computer Systems Analysts,15-2051.00,Data Scientists,15-1243.00,Database Architects,0.938995,0.0,0,0.0,0.0,-1,0.45602,40.0,0.490951,0,5
u230,15-1212.00,Information Security Analysts,15-1242.00,Database Administrators,15-1244.00,Network and Computer Systems Administrators,0.974535,0.008805,2,0.0,0.0,-1,0.585392,66.82,0.524148,0,1
u230,15-1212.00,Information Security Analysts,15-1242.00,Database Administrators,15-1211.00,Computer Systems Analysts,0.966134,0.002052,0,0.0,0.0,-1,0.557459,40.66,0.517866,0,2
u230,15-1212.00,Information Security Analysts,15-1242.00,Database Administrators,15-1242.00,Database Administrators,0.944883,0.002099,0,0.0,0.0,-1,0.517798,40.67,0.502342,1,3
u230,15-1212.00,Information Security Analysts,15-1242.00,Database Administrators,15-1243.00,Database Architects,0.936938,0.003356,0,0.0,0.0,-1,0.513479,41.07,0.497805,0,4
u230,15-1212.00,Information Security Analysts,15-1242.00,Database Administrators,15-1253.00,Software Quality Assurance Analysts and Testers,0.936628,0.002843,0,0.0,0.0,-1,0.510919,40.91,0.49741,0,5
u231,15-1242.00,Database Administrators,15-2051.00,Data Scientists,15-2051.00,Data Scientists,0.931808,0.0,0,1.0,1.0,1,0.484159,40.0,0.641937,1,1
u231,15-1242.00,Database Administrators,15-2051.00,Data Scientists,15-1244.00,Network and Computer Systems Administrators,0.978759,0.003769,1,0.0,0.0,-1,0.567594,53.21,0.524638,0,2
u231,15-1242.00,Database Administrators,15-2051.00,Data Scientists,15-1211.00,Computer Systems Analysts,0.98093,0.0,0,0.0,0.0,-1,0.539661,40.0,0.522368,0,3
u231,15-1242.00,Database Administrators,15-2051.00,Data Scientists,15-1243.00,Database Architects,0.964947,0.0,0,0.0,0.0,-1,0.495681,40.0,0.508578,0,4
u231,15-1242.00,Database Administrators,15-2051.00,Data Scientists,15-1254.00,Web Developers,0.962365,0.0,0,0.0,0.0,-1,0.48431,40.0,0.505711,0,5
u232,15-1243.00,Database Architects,15-1244.00,Network and Computer Systems Administrators,15-1211.00,Computer Systems Analysts,0.977597,0.00123,0,0.0,0.0,-1,0.54398,40.39,0.521208,0,1
u232,15-1243.00,Database Architects,15-1244.00,Network and Computer Systems Administrators,15-1244.00,Network and Computer Systems Administrators,0.967597,0.00797,1,0.0,0.0,-1,0.571913,54.55,0.519213,1,2
u232,15-1243.00,Database Architects,15-1244.00,Network and Computer Systems Administrators,15-1242.00,Database Administrators,0.966683,0.0,0,0.0,0.0,-1,0.504319,40.0,0.510655,0,3
u232,15-1243.00,Database Architects,15-1244.00,Network and Computer Systems Administrators,15-1254.00,Web Developers,0.964944,0.0,0,0.0,0.0,-1,0.488629,40.0,0.507519,0,4
u232,15-1243.00,Database Architects,15-1244.00,Network and Computer Systems Administrators,15-1255.00,Web and Digital Interface Designers,0.954392,0.0,0,0.0,0.0,-1,0.491159,40.0,0.50315,0,5
u233,15-1244.00,Network and Computer Systems Administrators,15-1212.00,Information Security Analysts,15-1212.00,Information Security Analysts,0.913351,0.0,0,1.0,1.0,1,0.414608,40.0,0.623199,1,1
u233,15-1244.00,Network and Computer Systems Administrators,15-1212.00,Information Security Analysts,15-1211.00,Computer Systems Analysts,0.954058,0.0,0,0.0,0.0,-1,0.472067,40.0,0.500136,0,2
u233,15-1244.00,Network and Computer Systems Administrators,15-1212.00,Information Security Analysts,15-1253.00,Software Quality Assurance Analysts and Testers,0.916706,0.0,0,0.0,0.0,-1,0.425527,40.0,0.476347,0,3
u233,15-1244.00,Network and Computer Systems Administrators,15-1212.00,Information Security Analysts,15-1242.00,Database Administrators,0.913916,0.0,0,0.0,0.0,-1,0.432406,40.0,0.476123,0,4
u233,15-1244.00,Network and Computer Systems Administrators,15-1212.00,Information Security Analysts,15-1254.00,Web Developers,0.916451,0.0,0,0.0,0.0,-1,0.416716,40.0,0.47491,0,5
u234,15-1251.00,Computer Programmers,15-1252.00,Software Developers,15-1252.00,Software Developers,0.865503,0.000124,0,0.615385,0.615385,1,0.481869,40.04,0.554034,1,1
u234,15-1251.00,Computer Programmers,15-1252.00,Software Developers,15-1254.00,Web Developers,0.962305,0.0,0,0.25641,0.25641,1,0.500482,40.0,0.546571,0,2
u234,15-1251.00,Computer Programmers,15-1252.00,Software Developers,15-2051.00,Data Scientists,0.920504,0.0,0,0.0,0.341881,2,0.50033,40.0,0.540558,0,3
u234,15-1251.00,Computer Programmers,15-1252.00,Software Developers,15-1212.00,Information Security Analysts,0.932227,0.0,0,0.0,0.273504,2,0.498374,40.0,0.535284,0,4
u234,15-1251.00,Computer Programmers,15-1252.00,Software Developers,15-1244.00,Network and Computer Systems Administrators,0.962706,0.011422,2,0.0,0.0,-1,0.583766,67.66,0.517927,0,5
u235,15-1252.00,Software Developers,15-1253.00,Software Quality Assurance Analysts and Testers,15-2051.00,Data Scientists,0.928223,0.0,0,0.555556,0.555556,1,0.518461,40.0,0.578803,0,1
u235,15-1252.00,Software Developers,15-1253.00,Software Quality Assurance Analysts and Testers,15-1212.00,Information Security Analysts,0.947017,0.000299,0,0.444444,0.444444,1,0.516505,40.1,0.570225,0,2
u235,15-1252.00,Software Developers,15-1253.00,Software Quality Assurance Analysts and Testers,15-1244.00,Network and Computer Systems Administrators,0.959146,0.01422,5,0.0,0.0,-1,0.601897,104.55,0.518345,0,3
u235,15-1252.00,Software Developers,15-1253.00,Software Quality Assurance Analysts and Testers,15-1211.00,Computer Systems Analysts,0.964201,0.006801,3,0.0,0.0,-1,0.573963,78.18,0.518285,0,4
u235,15-1252.00,Software Developers,15-1253.00,Software Quality Assurance Analysts and Testers,15-1243.00,Database Architects,0.947941,0.007235,2,0.0,0.0,-1,0.529983,66.32,0.504262,0,5
u236,15-1253.00,Software Quality Assurance Analysts and Testers,15-1252.00,Software Developers,15-1252.00,Software Developers,0.881267,0.0,0,1.0,1.0,1,0.472576,40.0,0.617457,1,1
u236,15-1253.00,Software Quality Assurance Analysts and Testers,15-1252.00,Software Developers,15-2051.00,Data Scientists,0.913989,0.000976,0,0.0,0.555556,2,0.491037,40.31,0.56804,0,2
u236,15-1253.00,Software Quality Assurance Analysts and Testers,15-1252.00,Software Developers,15-1212.00,Information Security Analysts,0.94837,0.0,0,0.0,0.444444,2,0.489081,40.0,0.566795,0,3
u236,15-1253.00,Software Quality Assurance Analysts and Testers,15-1252.00,Software Developers,15-1244.00,Network and Computer Systems Administrators,0.980287,0.00119,0,0.0,0.0,-1,0.574473,40.38,0.527003,0,4
u236,15-1253.00,Software Quality Assurance Analysts and Testers,15-1252.00,Software Developers,15-1211.00,Computer Systems Analysts,0.976972,0.0,0,0.0,0.0,-1,0.54654,40.0,0.521618,0,5
u237,15-1254.00,Web Developers,15-1252.00,Software Developers,15-1252.00,Software Developers,0.896787,0.0,0,0.6,0.6,1,0.481388,40.0,0.565763,1,1
u237,15-1254.00,Web Developers,15-1252.00,Software Developers,15-1255.00,Web and Digital Interface Designers,0.945513,0.0,0,0.4,0.4,1,0.50253,40.0,0.56086,0,2
u237,15-1254.00,Web Developers,15-1252.00,Software Developers,15-1212.00,Information Security Analysts,0.947204,0.0,0,0.0,0.266666,2,0.497892,40.0,0.540925,0,3
u237,15-1254.00,Web Developers,15-1252.00,Software Developers,15-2051.00,Data Scientists,0.924496,0.000818,0,0.0,0.333334,2,0.499848,40.26,0.540796,0,4
u237,15-1254.00,Web Developers,15-1252.00,Software Developers,15-1244.00,Network and Computer Systems Administrators,0.973525,0.005396,1,0.0,0.0,-1,0.583284,53.73,0.52423,0,5
u238,15-1255.00,Web and Digital Interface Designers,15-2031.00,Operations Research Analysts,15-1211.00,Computer Systems Analysts,0.968996,0.005913,2,0.0,0.0,-1,0.552821,65.89,0.517493,0,1
u238,15-1255.00,Web and Digital Interface Designers,15-2031.00,Operations Research Analysts,15-1244.00,Network and Computer Systems Administrators,0.956571,0.018102,4,0.0,0.0,-1,0.580755,93.79,0.513045,0,2
u238,15-1255.00,Web and Digital Interface Designers,15-2031.00,Operations Research Analysts,15-1243.00,Database Architects,0.970213,0.0,0,0.0,0.0,-1,0.508841,40.0,0.512922,0,3
u238,15-1255.00,Web and Digital Interface Designers,15-2031.00,Operations Research Analysts,15-1242.00,Database Administrators,0.963912,0.0,0,0.0,0.0,-1,0.51316,40.0,0.510735,0,4
u238,15-1255.00,Web and Digital Interface Designers,15-2031.00,Operations Research Analysts,15-1254.00,Web Developers,0.963614,0.0,0,0.0,0.0,-1,0.49747,40.0,0.508247,0,5
u239,15-2031.00,Operations Research Analysts,15-2051.00,Data Scientists,15-2051.00,Data Scientists,0.948133,0.0,0,1.0,1.0,1,0.472968,40.0,0.647605,1,1
u239,15-2031.00,Operations Research Analysts,15-2051.00,Data Scientists,15-1211.00,Computer Systems Analysts,0.959788,0.003504,1,0.0,0.0,-1,0.52847,53.12,0.510299,0,2
u239,15-2031.00,Operations Research Analysts,15-2051.00,Data Scientists,15-1244.00,Network and Computer Systems Administrators,0.943447,0.01625,4,0.0,0.0,-1,0.556403,93.2,0.503949,0,3
u239,15-2031.00,Operations Research Analysts,15-2051.00,Data Scientists,15-1242.00,Database Administrators,0.95445,0.0,0,0.0,0.0,-1,0.488809,40.0,0.502824,0,4
u239,15-2031.00,Operations Research Analysts,15-2051.00,Data Scientists,15-1243.00,Database Architects,0.952672,0.0,0,0.0,0.0,-1,0.48449,40.0,0.501376,0,5
u240,15-2051.00,Data Scientists,15-1211.00,Computer Systems Analysts,15-1211.00,Computer Systems Analysts,0.974936,0.003649,1,0.0,0.0,-1,0.555503,53.17,0.521134,1,1
u240,15-2051.00,Data Scientists,15-1211.00,Computer Systems Analysts,15-1242.00,Database Administrators,0.971468,0.0,0,0.0,0.0,-1,0.515841,40.0,0.514537,0,2
u240,15-2051.00,Data Scientists,15-1211.00,Computer Systems Analysts,15-1244.00,Network and Computer Systems Administrators,0.955837,0.017016,3,0.0,0.0,-1,0.583436,81.45,0.513388,0,3
u240,15-2051.00,Data Scientists,15-1211.00,Computer Systems Analysts,15-1212.00,Information Security Analysts,0.969947,0.0,0,0.0,0.0,-1,0.498044,40.0,0.511183,0,4
u240,15-2051.00,Data Scientists,15-1211.00,Computer Systems Analysts,15-1243.00,Database Architects,0.963741,0.0,0,0.0,0.0,-1,0.511523,40.0,0.510412,0,5
u241,15-1211.00,Computer Systems Analysts,15-2051.00,Data Scientists,15-2051.00,Data Scientists,0.911797,0.0,0,1.0,1.0,1,0.444497,40.0,0.626983,1,1
u241,15-1211.00,Computer Systems Analysts,15-2051.00,Data Scientists,15-1244.00,Network and Computer Systems Administrators,0.984214,0.001233,1,0.0,0.0,-1,0.527933,52.39,0.521778,0,2
u241,15-1211.00,Computer Systems Analysts,15-2051.00,Data Scientists,15-1242.00,Database Administrators,0.949603,0.0,0,0.0,0.0,-1,0.460339,40.0,0.496372,0,3
u241,15-1211.00,Computer Systems Analysts,15-2051.00,Data Scientists,15-1253.00,Software Quality Assurance Analysts and Testers,0.947884,0.0,0,0.0,0.0,-1,0.45346,40.0,0.494567,0,4
u241,15-1211.00,Computer Systems Analysts,15-2051.00,Data Scientists,15-1243.00,Database Architects,0.946678,0.0,0,0.0,0.0,-1,0.45602,40.0,0.494408,0,5
u242,15-1212.00,Information Security Analysts,15-1242.00,Database Administrators,15-1244.00,Network and Computer Systems Administrators,0.971521,0.011385,2,0.0,0.0,-1,0.585392,67.64,0.522147,0,1
u242,15-1212.00,Information Security Analysts,15-1242.00,Database Administrators,15-1211.00,Computer Systems Analysts,0.973108,0.000121,0,0.0,0.0,-1,0.557459,40.04,0.521487,0,2
u242,15-1212.00,Information Security Analysts,15-1242.00,Database Administrators,15-1242.00,Database Administrators,0.954517,0.0,0,0.0,0.0,-1,0.517798,40.0,0.507202,1,3
u242,15-1212.00,Information Security Analysts,15-1242.00,Database Administrators,15-1253.00,Software Quality Assurance Analysts and Testers,0.956903,0.00053,0,0.0,0.0,-1,0.510919,40.17,0.507112,0,4
u242,15-1212.00,Information Security Analysts,15-1242.00,Database Administrators,15-1243.00,Database Architects,0.948659,0.001008,0,0.0,0.0,-1,0.513479,40.32,0.503666,0,5
u243,15-1242.00,Database Administrators,15-2051.00,Data Scientists,15-2051.00,Data Scientists,0.936165,0.0,0,1.0,1.0,1,0.484159,40.0,0.643898,1,1
u243,15-1242.00,Database Administrators,15-2051.00,Data Scientists,15-1244.00,Network and Computer Systems Administrators,0.974822,0.004518,2,0.0,0.0,-1,0.567594,65.45,0.52268,0,2
u243,15-1242.00,Database Administrators,15-2051.00,Data Scientists,15-1211.00,Computer Systems Analysts,0.981446,0.0,0,0.0,0.0,-1,0.539661,40.0,0.5226,0,3
u243,15-1242.00,Database Administrators,15-2051.00,Data Scientists,15-1243.00,Database Architects,0.957782,0.0,0,0.0,0.0,-1,0.495681,40.0,0.505354,0,4
u243,15-1242.00,Database Administrators,15-2051.00,Data Scientists,15-1253.00,Software Quality Assurance Analysts and Testers,0.955523,0.000971,0,0.0,0.0,-1,0.493122,40.31,0.503711,0,5
u244,15-1243.00,Database Architects,15-1244.00,Network and Computer Systems Administrators,15-1211.00,Computer Systems Analysts,0.980767,0.000696,0,0.0,0.0,-1,0.54398,40.22,0.522768,0,1
u244,15-1243.00,Database Architects,15-1244.00,Network and Computer Systems Administrators,15-1244.00,Network and Computer Systems Administrators,0.972636,0.008003,0,0.0,0.0,-1,0.571913,42.56,0.521473,1,2
u244,15-1243.00,Database Architects,15-1244.00,Network and Computer Systems Administrators,15-1242.00,Database Administrators,0.968364,0.0,0,0.0,0.0,-1,0.504319,40.0,0.511412,0,3
u244,15-1243.00,Database Architects,15-1244.00,Network and Computer Systems Administrators,15-1254.00,Web Developers,0.965373,0.0,0,0.0,0.0,-1,0.488629,40.0,0.507712,0,4
u244,15-1243.00,Database Architects,15-1244.00,Network and Computer Systems Administrators,15-1255.00,Web and Digital Interface Designers,0.961043,0.0,0,0.0,0.0,-1,0.491159,40.0,0.506143,0,5
u245,15-1244.00,Network and Computer Systems Administrators,15-1212.00,Information Security Analysts,15-1212.00,Information Security Analysts,0.9173,0.0,0,1.0,1.0,1,0.414608,40.0,0.624976,1,1
u245,15-1244.00,Network and Computer Systems Administrators,15-1212.00,Information Security Analysts,15-1211.00,Computer Systems Analysts,0.962794,0.0,0,0.0,0.0,-1,0.472067,40.0,0.504067,0,2
u245,15-1244.00,Network and Computer Systems Administrators,15-1212.00,Information Security Analysts,15-1242.00,Database Administrators,0.92387,0.0,0,0.0,0.0,-1,0.432406,40.0,0.480602,0,3
u245,15-1244.00,Network and Computer Systems Administrators,15-1212.00,Information Security Analysts,15-1253.00,Software Quality Assurance Analysts and Testers,0.923288,0.0,0,0.0,0.0,-1,0.425527,40.0,0.479309,0,4
u245,15-1244.00,Network and Computer Systems Administrators,15-1212.00,Information Security Analysts,15-1254.00,Web Developers,0.921304,0.0,0,0.0,0.0,-1,0.416716,40.0,0.477094,0,5
u246,15-1251.00,Computer Programmers,15-1252.00,Software Developers,15-1252.00,Software Developers,0.859311,0.0,0,0.615385,0.615385,1,0.481869,40.0,0.551278,1,1
u246,15-1251.00,Computer Programmers,15-1252.00,Software Developers,15-1254.00,Web Developers,0.966649,0.0,0,0.25641,0.25641,1,0.500482,40.0,0.548526,0,2
u246,15-1251.00,Computer Programmers,15-1252.00,Software Developers,15-2051.00,Data Scientists,0.918719,0.0,0,0.0,0.341881,2,0.50033,40.0,0.539755,0,3
u246,15-1251.00,Computer Programmers,15-1252.00,Software Developers,15-1212.00,Information Security Analysts,0.934198,0.0,0,0.0,0.273504,2,0.498374,40.0,0.536171,0,4
u246,15-1251.00,Computer Programmers,15-1252.00,Software Developers,15-1244.00,Network and Computer Systems Administrators,0.962929,0.012959,2,0.0,0.0,-1,0.583766,68.15,0.517643,0,5
u247,15-1252.00,Software Developers,15-1253.00,Software Quality Assurance Analysts and Testers,15-2051.00,Data Scientists,0.918416,0.002001,0,0.555556,0.555556,1,0.518461,40.64,0.57389,0,1
u247,15-1252.00,Software Developers,15-1253.00,Software Quality Assurance Analysts and Testers,15-1212.00,Information Security Analysts,0.94294,0.000659,0,0.444444,0.444444,1,0.516505,40.21,0.568301,0,2
u247,15-1252.00,Software Developers,15-1253.00,Software Quality Assurance Analysts and Testers,15-1211.00,Computer Systems Analysts,0.959673,0.010335,3,0.0,0.0,-1,0.573963,79.31,0.515364,0,3
u247,15-1252.00,Software Developers,15-1253.00,Software Quality Assurance Analysts and Testers,15-1244.00,Network and Computer Systems Administrators,0.952912,0.017348,5,0.0,0.0,-1,0.601897,105.55,0.514758,0,4
u247,15-1252.00,Software Developers,15-1253.00,Software Quality Assurance Analysts and Testers,15-1243.00,Database Architects,0.93818,0.011318,2,0.0,0.0,-1,0.529983,67.62,0.498849,0,5
u248,15-1253.00,Software Quality Assurance Analysts and Testers,15-1252.00,Software Developers,15-1252.00,Software Developers,0.876486,0.0,0,1.0,1.0,1,0.472576,40.0,0.615305,1,1
u248,15-1253.00,Software Quality Assurance Analysts and Testers,15-1252.00,Software Developers,15-2051.00,Data Scientists,0.91927,0.0,0,0.0,0.555556,2,0.491037,40.0,0.57066,0,2
u248,15-1253.00,Software Quality Assurance Analysts and Testers,15-1252.00,Software Developers,15-1212.00,Information Security Analysts,0.94952,0.0,0,0.0,0.444444,2,0.489081,40.0,0.567313,0,3
u248,15-1253.00,Software Quality Assurance Analysts and Testers,15-1252.00,Software Developers,15-1244.00,Network and Computer Systems Administrators,0.974899,0.0028,1,0.0,0.0,-1,0.574473,52.9,0.524175,0,4
u248,15-1253.00,Software Quality Assurance Analysts and Testers,15-1252.00,Software Developers,15-1211.00,Computer Systems Analysts,0.975356,0.0,0,0.0,0.0,-1,0.54654,40.0,0.520891,0,5
u249,15-1254.00,Web Developers,15-1252.00,Software Developers,15-1255.00,Web and Digital Interface Designers,0.948646,0.0,0,0.4,0.4,1,0.50253,40.0,0.56227,0,1
u249,15-1254.00,Web Developers,15-1252.00,Software Developers,15-1252.00,Software Developers,0.887593,0.0,0,0.6,0.6,1,0.481388,40.0,0.561625,1,2
u249,15-1254.00,Web Developers,15-1252.00,Software Developers,15-2051.00,Data Scientists,0.920559,0.001148,0,0.0,0.333334,2,0.499848,40.37,0.538942,0,3
u249,15-1254.00,Web Developers,15-1252.00,Software Developers,15-1212.00,Information Security Analysts,0.942412,0.0,0,0.0,0.266666,2,0.497892,40.0,0.538769,0,4
u249,15-1254.00,Web Developers,15-1252.00,Software Developers,15-1211.00,Computer Systems Analysts,0.970177,0.0,0,0.0,0.0,-1,0.555351,40.0,0.519882,0,5
u250,15-1255.00,Web and Digital Interface Designers,15-2031.00,Operations Research Analysts,15-1211.00,Computer Systems Analysts,0.975397,0.00196,0,0.0,0.0,-1,0.552821,40.63,0.521362,0,1
u250,15-1255.00,Web and Digital Interface Designers,15-2031.00,Operations Research Analysts,15-1244.00,Network and Computer Systems Administrators,0.964757,0.009762,1,0.0,0.0,-1,0.580755,55.12,0.518813,0,2
u250,15-1255.00,Web and Digital Interface Designers,15-2031.00,Operations Research Analysts,15-1243.00,Database Architects,0.96867,0.0,0,0.0,0.0,-1,0.508841,40.0,0.512228,0,3
u250,15-1255.00,Web and Digital Interface Designers,15-2031.00,Operations Research Analysts,15-1242.00,Database Administrators,0.959583,0.0,0,0.0,0.0,-1,0.51316,40.0,0.508786,0,4
u250,15-1255.00,Web and Digital Interface Designers,15-2031.00,Operations Research Analysts,15-1254.00,Web Developers,0.962856,0.0,0,0.0,0.0,-1,0.49747,40.0,0.507906,0,5
u251,15-2031.00,Operations Research Analysts,15-2051.00,Data Scientists,15-2051.00,Data Scientists,0.954594,0.0,0,1.0,1.0,1,0.472968,40.0,0.650512,1,1
u251,15-2031.00,Operations Research Analysts,15-2051.00,Data Scientists,15-1211.00,Computer Systems Analysts,0.967356,0.005808,1,0.0,0.0,-1,0.52847,53.86,0.513129,0,2
u251,15-2031.00,Operations Research Analysts,15-2051.00,Data Scientists,15-1242.00,Database Administrators,0.966336,0.0,0,0.0,0.0,-1,0.488809,40.0,0.508173,0,3
u251,15-2031.00,Operations Research Analysts,15-2051.00,Data Scientists,15-1244.00,Network and Computer Systems Administrators,0.951589,0.016086,3,0.0,0.0,-1,0.556403,81.15,0.507654,0,4
u251,15-2031.00,Operations Research Analysts,15-2051.00,Data Scientists,15-1243.00,Database Architects,0.963184,0.000236,0,0.0,0.0,-1,0.48449,40.08,0.506047,0,5
u252,15-2051.00,Data Scientists,15-1211.00,Computer Systems Analysts,15-1211.00,Computer Systems Analysts,0.972865,0.003213,1,0.0,0.0,-1,0.555503,53.03,0.520311,1,1
u252,15-2051.00,Data Scientists,15-1211.00,Computer Systems Analysts,15-1244.00,Network and Computer Systems Administrators,0.955006,0.014715,3,0.0,0.0,-1,0.583436,80.71,0.51359,0,2
u252,15-2051.00,Data Scientists,15-1211.00,Computer Systems Analysts,15-1243.00,Database Architects,0.965102,0.0,0,0.0,0.0,-1,0.511523,40.0,0.511024,0,3
u252,15-2051.00,Data Scientists,15-1211.00,Computer Systems Analysts,15-1242.00,Database Administrators,0.961581,0.0,0,0.0,0.0,-1,0.515841,40.0,0.510088,0,4
u252,15-2051.00,Data Scientists,15-1211.00,Computer Systems Analysts,15-1212.00,Information Security Analysts,0.959019,0.0,0,0.0,0.0,-1,0.498044,40.0,0.506265,0,5
u253,15-1211.00,Computer Systems Analysts,15-2051.00,Data Scientists,15-2051.00,Data Scientists,0.916849,0.0,0,1.0,1.0,1,0.444497,40.0,0.629257,1,1
u253,15-1211.00,Computer Systems Analysts,15-2051.00,Data Scientists,15-1244.00,Network and Computer Systems Administrators,0.983726,9.3e-05,0,0.0,0.0,-1,0.527933,40.03,0.521844,0,2
u253,15-1211.00,Computer Systems Analysts,15-2051.00,Data Scientists,15-1242.00,Database Administrators,0.950116,0.0,0,0.0,0.0,-1,0.460339,40.0,0.496603,0,3
u253,15-1211.00,Computer Systems Analysts,15-2051.00,Data Scientists,15-1253.00,Software Quality Assurance Analysts and Testers,0.948173,0.0,0,0.0,0.0,-1,0.45346,40.0,0.494697,0,4
u253,15-1211.00,Computer Systems Analysts,15-2051.00,Data Scientists,15-1243.00,Database Architects,0.943706,0.0,0,0.0,0.0,-1,0.45602,40.0,0.49307,0,5
u254,15-1212.00,Information Security Analysts,15-1242.00,Database Administrators,15-1244.00,Network and Computer Systems Administrators,0.972108,0.005908,0,0.0,0.0,-1,0.585392,41.89,0.52378,0,1
u254,15-1212.00,Information Security Analysts,15-1242.00,Database Administrators,15-1211.00,Computer Systems Analysts,0.972492,0.001091,0,0.0,0.0,-1,0.557459,40.35,0.520968,0,2
u254,15-1212.00,Information Security Analysts,15-1242.00,Database Administrators,15-1253.00,Software Quality Assurance Analysts and Testers,0.957809,0.0,0,0.0,0.0,-1,0.510919,40.0,0.507652,0,3
u254,15-1212.00,Information Security Analysts,15-1242.00,Database Administrators,15-1242.00,Database Administrators,0.949096,0.0,0,0.0,0.0,-1,0.517798,40.0,0.504763,1,4
u254,15-1212.00,Information Security Analysts,15-1242.00,Database Administrators,15-1243.00,Database Architects,0.948511,0.0,0,0.0,0.0,-1,0.513479,40.0,0.503852,0,5
u255,15-1242.00,Database Administrators,15-2051.00,Data Scientists,15-2051.00,Data Scientists,0.931332,0.0,0,1.0,1.0,1,0.484159,40.0,0.641723,1,1
u255,15-1242.00,Database Administrators,15-2051.00,Data Scientists,15-1211.00,Computer Systems Analysts,0.982428,0.0,0,0.0,0.0,-1,0.539661,40.0,0.523042,0,2
u255,15-1242.00,Database Administrators,15-2051.00,Data Scientists,15-1244.00,Network and Computer Systems Administrators,0.974903,0.005983,2,0.0,0.0,-1,0.567594,65.91,0.52235,0,3
u255,15-1242.00,Database Administrators,15-2051.00,Data Scientists,15-1243.00,Database Architects,0.963924,0.0,0,0.0,0.0,-1,0.495681,40.0,0.508118,0,4
u255,15-1242.00,Database Administrators,15-2051.00,Data Scientists,15-1254.00,Web Developers,0.967133,0.0,0,0.0,0.0,-1,0.48431,40.0,0.507857,0,5
u256,15-1243.00,Database Architects,15-1244.00,Network and Computer Systems Administrators,15-1211.00,Computer Systems Analysts,0.978217,0.0,0,0.0,0.0,-1,0.54398,40.0,0.521794,0,1
u256,15-1243.00,Database Architects,15-1244.00,Network and Computer Systems Administrators,15-1244.00,Network and Computer Systems Administrators,0.968184,0.009827,1,0.0,0.0,-1,0.571913,55.14,0.519013,1,2
u256,15-1243.00,Database Architects,15-1244.00,Network and Computer Systems Administrators,15-1242.00,Database Administrators,0.966161,0.0,0,0.0,0.0,-1,0.504319,40.0,0.51042,0,3
u256,15-1243.00,Database Architects,15-1244.00,Network and Computer Systems Administrators,15-1254.00,Web Developers,0.961373,0.0,0,0.0,0.0,-1,0.488629,40.0,0.505912,0,4
u256,15-1243.00,Database Architects,15-1244.00,Network and Computer Systems Administrators,15-1253.00,Software Quality Assurance Analysts and Testers,0.952817,0.0,0,0.0,0.0,-1,0.49744,40.0,0.503384,0,5
u257,15-1244.00,Network and Computer Systems Administrators,15-1212.00,Information Security Analysts,15-1212.00,Information Security Analysts,0.906792,0.0,0,1.0,1.0,1,0.414608,40.0,0.620248,1,1
u257,15-1244.00,Network and Computer Systems Administrators,15-1212.00,Information Security Analysts,15-1211.00,Computer Systems Analysts,0.953835,0.0,0,0.0,0.0,-1,0.472067,40.0,0.500036,0,2
u257,15-1244.00,Network and Computer Systems Administrators,15-1212.00,Information Security Analysts,15-1242.00,Database Administrators,0.915117,0.0,0,0.0,0.0,-1,0.432406,40.0,0.476664,0,3
u257,15-1244.00,Network and Computer Systems Administrators,15-1212.00,Information Security Analysts,15-1243.00,Database Architects,0.910916,0.0,0,0.0,0.0,-1,0.428087,40.0,0.474125,0,4
u257,15-1244.00,Network and Computer Systems Administrators,15-1212.00,Information Security Analysts,15-1254.00,Web Developers,0.914122,0.0,0,0.0,0.0,-1,0.416716,40.0,0.473862,0,5
u258,15-1251.00,Computer Programmers,15-1252.00,Software Developers,15-1252.00,Software Developers,0.86151,0.000933,0,0.615385,0.615385,1,0.481869,40.3,0.552034,1,1
u258,15-1251.00,Computer Programmers,15-1252.00,Software Developers,15-1254.00,Web Developers,0.960896,0.0,0,0.25641,0.25641,1,0.500482,40.0,0.545937,0,2
u258,15-1251.00,Computer Programmers,15-1252.00,Software Developers,15-2051.00,Data Scientists,0.912929,0.0,0,0.0,0.341881,2,0.50033,40.0,0.53715,0,3
u258,15-1251.00,Computer Programmers,15-1252.00,Software Developers,15-1212.00,Information Security Analysts,0.923486,0.0,0,0.0,0.273504,2,0.498374,40.0,0.531351,0,4
u258,15-1251.00,Computer Programmers,15-1252.00,Software Developers,15-1244.00,Network and Computer Systems Administrators,0.966357,0.006941,1,0.0,0.0,-1,0.583766,54.22,0.52069,0,5
u259,15-1252.00,Software Developers,15-1253.00,Software Quality Assurance Analysts and Testers,15-2051.00,Data Scientists,0.91599,0.000717,0,0.555556,0.555556,1,0.518461,40.23,0.573119,0,1
u259,15-1252.00,Software Developers,15-1253.00,Software Quality Assurance Analysts and Testers,15-1212.00,Information Security Analysts,0.940973,0.0,0,0.444444,0.444444,1,0.516505,40.0,0.56758,0,2
u259,15-1252.00,Software Developers,15-1253.00,Software Quality Assurance Analysts and Testers,15-1244.00,Network and Computer Systems Administrators,0.953461,0.017451,5,0.0,0.0,-1,0.601897,105.58,0.514979,0,3
u259,15-1252.00,Software Developers,15-1253.00,Software Quality Assurance Analysts and Testers,15-1211.00,Computer Systems Analysts,0.957829,0.008583,3,0.0,0.0,-1,0.573963,78.75,0.514972,0,4
u259,15-1252.00,Software Developers,15-1253.00,Software Quality Assurance Analysts and Testers,15-1243.00,Database Architects,0.943399,0.010158,2,0.0,0.0,-1,0.529983,67.25,0.501488,0,5
u260,15-1253.00,Software Quality Assurance Analysts and Testers,15-1252.00,Software Developers,15-1252.00,Software Developers,0.88331,0.0,0,1.0,1.0,1,0.472576,40.0,0.618376,1,1
u260,15-1253.00,Software Quality Assurance Analysts and Testers,15-1252.00,Software Developers,15-2051.00,Data Scientists,0.924533,0.0,0,0.0,0.555556,2,0.491037,40.0,0.573029,0,2
u260,15-1253.00,Software Quality Assurance Analysts and Testers,15-1252.00,Software Developers,15-1212.00,Information Security Analysts,0.952047,0.0,0,0.0,0.444444,2,0.489081,40.0,0.56845,0,3
u260,15-1253.00,Software Quality Assurance Analysts and Testers,15-1252.00,Software Developers,15-1244.00,Network and Computer Systems Administrators,0.975486,0.004823,1,0.0,0.0,-1,0.574473,53.54,0.523934,0,4
u260,15-1253.00,Software Quality Assurance Analysts and Testers,15-1252.00,Software Developers,15-1211.00,Computer Systems Analysts,0.980206,0.0,0,0.0,0.0,-1,0.54654,40.0,0.523074,0,5
u261,15-1254.00,Web Developers,15-1252.00,Software Developers,15-1255.00,Web and Digital Interface Designers,0.950559,0.0,0,0.4,0.4,1,0.50253,40.0,0.563131,0,1
u261,15-1254.00,Web Developers,15-1252.00,Software Developers,15-1252.00,Software Developers,0.878156,0.0,0,0.6,0.6,1,0.481388,40.0,0.557378,1,2
u261,15-1254.00,Web Developers,15-1252.00,Software Developers,15-2051.00,Data Scientists,0.925323,0.0,0,0.0,0.333334,2,0.499848,40.0,0.541372,0,3
u261,15-1254.00,Web Developers,15-1252.00,Software Developers,15-1212.00,Information Security Analysts,0.940926,0.0,0,0.0,0.266666,2,0.497892,40.0,0.538101,0,4
u261,15-1254.00,Web Developers,15-1252.00,Software Developers,15-1211.00,Computer Systems Analysts,0.975522,0.0,0,0.0,0.0,-1,0.555351,40.0,0.522288,0,5
u262,15-1255.00,Web and Digital Interface Designers,15-2031.00,Operations Research Analysts,15-1211.00,Computer Systems Analysts,0.96772,0.007607,1,0.0,0.0,-1,0.552821,54.43,0.516495,0,1
u262,15-1255.00,Web and Digital Interface Designers,15-2031.00,Operations Research Analysts,15-1244.00,Network and Computer Systems Administrators,0.959331,0.015041,3,0.0,0.0,-1,0.580755,80.81,0.515052,0,2
u262,15-1255.00,Web and Digital Interface Designers,15-2031.00,Operations Research Analysts,15-1243.00,Database Architects,0.966068,0.0,0,0.0,0.0,-1,0.508841,40.0,0.511057,0,3
u262,15-1255.00,Web and Digital Interface Designers,15-2031.00,Operations Research Analysts,15-1242.00,Database Administrators,0.958683,0.001097,0,0.0,0.0,-1,0.51316,40.35,0.508107,0,4
u262,15-1255.00,Web and Digital Interface Designers,15-2031.00,Operations Research Analysts,15-1254.00,Web Developers,0.95932,0.000651,0,0.0,0.0,-1,0.49747,40.21,0.506152,0,5
u263,15-2031.00,Operations Research Analysts,15-2051.00,Data Scientists,15-2051.00,Data Scientists,0.952069,0.0,0,1.0,1.0,1,0.472968,40.0,0.649376,1,1
u263,15-2031.00,Operations Research Analysts,15-2051.00,Data Scientists,15-1211.00,Computer Systems Analysts,0.962724,0.005639,1,0.0,0.0,-1,0.52847,53.8,0.511087,0,2
u263,15-2031.00,Operations Research Analysts,15-2051.00,Data Scientists,15-1242.00,Database Administrators,0.963404,0.0,0,0.0,0.0,-1,0.488809,40.0,0.506853,0,3
u263,15-2031.00,Operations Research Analysts,15-2051.00,Data Scientists,15-1243.00,Database Architects,0.961184,0.00182,0,0.0,0.0,-1,0.48449,40.58,0.504751,0,4
u263,15-2031.00,Operations Research Analysts,15-2051.00,Data Scientists,15-1244.00,Network and Computer Systems Administrators,0.945721,0.020417,4,0.0,0.0,-1,0.556403,94.53,0.503931,0,5
u264,15-2051.00,Data Scientists,15-1211.00,Computer Systems Analysts,15-1211.00,Computer Systems Analysts,0.970774,0.002817,1,0.0,0.0,-1,0.555503,52.9,0.519469,1,1
u264,15-2051.00,Data Scientists,15-1211.00,Computer Systems Analysts,15-1244.00,Network and Computer Systems Administrators,0.952889,0.016762,3,0.0,0.0,-1,0.583436,81.36,0.512125,0,2
u264,15-2051.00,Data Scientists,15-1211.00,Computer Systems Analysts,15-1242.00,Database Administrators,0.961554,0.0,0,0.0,0.0,-1,0.515841,40.0,0.510076,0,3
u264,15-2051.00,Data Scientists,15-1211.00,Computer Systems Analysts,15-1243.00,Database Architects,0.961758,0.000111,0,0.0,0.0,-1,0.511523,40.04,0.509492,0,4
u264,15-2051.00,Data Scientists,15-1211.00,Computer Systems Analysts,15-1212.00,Information Security Analysts,0.958899,0.000534,0,0.0,0.0,-1,0.498044,40.17,0.506078,0,5
u265,15-1211.00,Computer Systems Analysts,15-2051.00,Data Scientists,15-2051.00,Data Scientists,0.925032,0.0,0,1.0,1.0,1,0.444497,40.0,0.632939,1,1
u265,15-1211.00,Computer Systems Analysts,15-2051.00,Data Scientists,15-1244.00,Network and Computer Systems Administrators,0.979674,0.000683,0,0.0,0.0,-1,0.527933,40.22,0.519872,0,2
u265,15-1211.00,Computer Systems Analysts,15-2051.00,Data Scientists,15-1242.00,Database Administrators,0.956306,0.0,0,0.0,0.0,-1,0.460339,40.0,0.499389,0,3
u265,15-1211.00,Computer Systems Analysts,15-2051.00,Data Scientists,15-1243.00,Database Architects,0.955702,0.0,0,0.0,0.0,-1,0.45602,40.0,0.498469,0,4
u265,15-1211.00,Computer Systems Analysts,15-2051.00,Data Scientists,15-1212.00,Information Security Analysts,0.954207,0.0,0,0.0,0.0,-1,0.442541,40.0,0.495774,0,5
u266,15-1212.00,Information Security Analysts,15-1242.00,Database Administrators,15-1244.00,Network and Computer Systems Administrators,0.976498,0.00522,1,0.0,0.0,-1,0.585392,53.67,0.525928,0,1
u266,15-1212.00,Information Security Analysts,15-1242.00,Database Administrators,15-1211.00,Computer Systems Analysts,0.97296,0.000485,0,0.0,0.0,-1,0.557459,40.16,0.52133,0,2
u266,15-1212.00,Information Security Analysts,15-1242.00,Database Administrators,15-1242.00,Database Administrators,0.951787,0.00071,0,0.0,0.0,-1,0.517798,40.23,0.505796,1,3
u266,15-1212.00,Information Security Analysts,15-1242.00,Database Administrators,15-1243.00,Database Architects,0.943024,0.001855,0,0.0,0.0,-1,0.513479,40.59,0.500919,0,4
u266,15-1212.00,Information Security Analysts,15-1242.00,Database Administrators,15-1253.00,Software Quality Assurance Analysts and Testers,0.941331,0.001365,0,0.0,0.0,-1,0.510919,40.44,0.499895,0,5
u267,15-1242.00,Database Administrators,15-2051.00,Data Scientists,15-2051.00,Data Scientists,0.935169,0.0,0,1.0,1.0,1,0.484159,40.0,0.64345,1,1
u267,15-1242.00,Database Administrators,15-2051.00,Data Scientists,15-1244.00,Network and Computer Systems Administrators,0.978314,0.00521,2,0.0,0.0,-1,0.567594,65.67,0.524078,0,2
u267,15-1242.00,Database Administrators,15-2051.00,Data Scientists,15-1211.00,Computer Systems Analysts,0.980925,0.0,0,0.0,0.0,-1,0.539661,40.0,0.522365,0,3
u267,15-1242.00,Database Administrators,15-2051.00,Data Scientists,15-1243.00,Database Architects,0.958938,0.0,0,0.0,0.0,-1,0.495681,40.0,0.505874,0,4
u267,15-1242.00,Database Administrators,15-2051.00,Data Scientists,15-1254.00,Web Developers,0.958703,0.0,0,0.0,0.0,-1,0.48431,40.0,0.504063,0,5
u268,15-1243.00,Database Architects,15-1244.00,Network and Computer Systems Administrators,15-1211.00,Computer Systems Analysts,0.975505,0.001579,0,0.0,0.0,-1,0.54398,40.51,0.520179,0,1
u268,15-1243.00,Database Architects,15-1244.00,Network and Computer Systems Administrators,15-1244.00,Network and Computer Systems Administrators,0.964496,0.010712,1,0.0,0.0,-1,0.571913,55.43,0.517132,1,2
u268,15-1243.00,Database Architects,15-1244.00,Network and Computer Systems Administrators,15-1242.00,Database Administrators,0.96349,0.0,0,0.0,0.0,-1,0.504319,40.0,0.509218,0,3
u268,15-1243.00,Database Architects,15-1244.00,Network and Computer Systems Administrators,15-1254.00,Web Developers,0.958595,0.0,0,0.0,0.0,-1,0.488629,40.0,0.504662,0,4
u268,15-1243.00,Database Architects,15-1244.00,Network and Computer Systems Administrators,15-1255.00,Web and Digital Interface Designers,0.955325,0.0,0,0.0,0.0,-1,0.491159,40.0,0.50357,0,5
u269,15-1244.00,Network and Computer Systems Administrators,15-1212.00,Information Security Analysts,15-1212.00,Information Security Analysts,0.916201,0.0,0,1.0,1.0,1,0.414608,40.0,0.624482,1,1
u269,15-1244.00,Network and Computer Systems Administrators,15-1212.00,Information Security Analysts,15-1211.00,Computer Systems Analysts,0.957502,0.0,0,0.0,0.0,-1,0.472067,40.0,0.501686,0,2
u269,15-1244.00,Network and Computer Systems Administrators,15-1212.00,Information Security Analysts,15-1253.00,Software Quality Assurance Analysts and Testers,0.923516,0.0,0,0.0,0.0,-1,0.425527,40.0,0.479411,0,3
u269,15-1244.00,Network and Computer Systems Administrators,15-1212.00,Information Security Analysts,15-1242.00,Database Administrators,0.916595,0.0,0,0.0,0.0,-1,0.432406,40.0,0.477329,0,4
u269,15-1244.00,Network and Computer Systems Administrators,15-1212.00,Information Security Analysts,15-1254.00,Web Developers,0.914065,0.0,0,0.0,0.0,-1,0.416716,40.0,0.473837,0,5
u270,15-1251.00,Computer Programmers,15-1252.00,Software Developers,15-1252.00,Software Developers,0.858785,0.0,0,0.615385,0.615385,1,0.481869,40.0,0.551042,1,1
u270,15-1251.00,Computer Programmers,15-1252.00,Software Developers,15-1254.00,Web Developers,0.962442,0.0,0,0.25641,0.25641,1,0.500482,40.0,0.546633,0,2
u270,15-1251.00,Computer Programmers,15-1252.00,Software Developers,15-2051.00,Data Scientists,0.9074,0.0,0,0.0,0.341881,2,0.50033,40.0,0.534661,0,3
u270,15-1251.00,Computer Programmers,15-1252.00,Software Developers,15-1212.00,Information Security Analysts,0.928153,0.0,0,0.0,0.273504,2,0.498374,40.0,0.533451,0,4
u270,15-1251.00,Computer Programmers,15-1252.00,Software Developers,15-1244.00,Network and Computer Systems Administrators,0.969191,0.006166,2,0.0,0.0,-1,0.583766,65.97,0.52216,0,5
u271,15-1252.00,Software Developers,15-1253.00,Software Quality Assurance Analysts and Testers,15-2051.00,Data Scientists,0.923433,0.0,0,0.555556,0.555556,1,0.518461,40.0,0.576647,0,1
u271,15-1252.00,Software Developers,15-1253.00,Software Quality Assurance Analysts and Testers,15-1212.00,Information Security Analysts,0.941701,0.00201,0,0.444444,0.444444,1,0.516505,40.64,0.567405,0,2
u271,15-1252.00,Software Developers,15-1253.00,Software Quality Assurance Analysts and Testers,15-1244.00,Network and Computer Systems Administrators,0.956372,0.015197,4,0.0,0.0,-1,0.601897,92.86,0.516853,0,3
u271,15-1252.00,Software Developers,15-1253.00,Software Quality Assurance Analysts and Testers,15-1211.00,Computer Systems Analysts,0.961482,0.010716,3,0.0,0.0,-1,0.573963,79.43,0.516082,0,4
u271,15-1252.00,Software Developers,15-1253.00,Software Quality Assurance Analysts and Testers,15-1243.00,Database Architects,0.943661,0.01,2,0.0,0.0,-1,0.529983,67.2,0.501645,0,5
u272,15-1253.00,Software Quality Assurance Analysts and Testers,15-1252.00,Software Developers,15-1252.00,Software Developers,0.883954,0.0,0,1.0,1.0,1,0.472576,40.0,0.618666,1,1
u272,15-1253.00,Software Quality Assurance Analysts and Testers,15-1252.00,Software Developers,15-2051.00,Data Scientists,0.921644,0.0,0,0.0,0.555556,2,0.491037,40.0,0.571729,0,2
u272,15-1253.00,Software Quality Assurance Analysts and Testers,15-1252.00,Software Developers,15-1212.00,Information Security Analysts,0.954482,0.0,0,0.0,0.444444,2,0.489081,40.0,0.569546,0,3
u272,15-1253.00,Software Quality Assurance Analysts and Testers,15-1252.00,Software Developers,15-1244.00,Network and Computer Systems Administrators,0.973779,0.006055,1,0.0,0.0,-1,0.574473,53.94,0.522858,0,4
u272,15-1253.00,Software Quality Assurance Analysts and Testers,15-1252.00,Software Developers,15-1211.00,Computer Systems Analysts,0.976497,0.0,0,0.0,0.0,-1,0.54654,40.0,0.521404,0,5
u273,15-1254.00,Web Developers,15-1252.00,Software Developers,15-1255.00,Web and Digital Interface Designers,0.948315,0.0,0,0.4,0.4,1,0.50253,40.0,0.562121,0,1
u273,15-1254.00,Web Developers,15-1252.00,Software Developers,15-1252.00,Software Developers,0.887104,0.0,0,0.6,0.6,1,0.481388,40.0,0.561405,1,2
u273,15-1254.00,Web Developers,15-1252.00,Software Developers,15-2051.00,Data Scientists,0.929937,0.0,0,0.0,0.333334,2,0.499848,40.0,0.543449,0,3
u273,15-1254.00,Web Developers,15-1252.00,Software Developers,15-1212.00,Information Security Analysts,0.946304,0.0,0,0.0,0.266666,2,0.497892,40.0,0.540521,0,4
u273,15-1254.00,Web Developers,15-1252.00,Software Developers,15-1244.00,Network and Computer Systems Administrators,0.974138,0.006278,1,0.0,0.0,-1,0.583284,54.01,0.524285,0,5
u274,15-1255.00,Web and Digital Interface Designers,15-2031.00,Operations Research Analysts,15-1211.00,Computer Systems Analysts,0.971766,0.00442,2,0.0,0.0,-1,0.552821,65.41,0.519113,0,1
u274,15-1255.00,Web and Digital Interface Designers,15-2031.00,Operations Research Analysts,15-1244.00,Network and Computer Systems Administrators,0.958349,0.016576,4,0.0,0.0,-1,0.580755,93.3,0.514226,0,2
u274,15-1255.00,Web and Digital Interface Designers,15-2031.00,Operations Research Analysts,15-1243.00,Database Architects,0.970449,0.0,0,0.0,0.0,-1,0.508841,40.0,0.513028,0,3
u274,15-1255.00,Web and Digital Interface Designers,15-2031.00,Operations Research Analysts,15-1242.00,Database Administrators,0.962544,0.0,0,0.0,0.0,-1,0.51316,40.0,0.510119,0,4
u274,15-1255.00,Web and Digital Interface Designers,15-2031.00,Operations Research Analysts,15-1254.00,Web Developers,0.9665,0.0,0,0.0,0.0,-1,0.49747,40.0,0.509545,0,5
u275,15-2031.00,Operations Research Analysts,15-2051.00,Data Scientists,15-2051.00,Data Scientists,0.949792,0.0,0,1.0,1.0,1,0.472968,40.0,0.648352,1,1
u275,15-2031.00,Operations Research Analysts,15-2051.00,Data Scientists,15-1211.00,Computer Systems Analysts,0.965891,0.00436,1,0.0,0.0,-1,0.52847,53.4,0.512831,0,2
u275,15-2031.00,Operations Research Analysts,15-2051.00,Data Scientists,15-1244.00,Network and Computer Systems Administrators,0.949631,0.015311,2,0.0,0.0,-1,0.556403,68.9,0.506967,0,3
u275,15-2031.00,Operations Research Analysts,15-2051.00,Data Scientists,15-1242.00,Database Administrators,0.961293,0.0,0,0.0,0.0,-1,0.488809,40.0,0.505903,0,4
u275,15-2031.00,Operations Research Analysts,15-2051.00,Data Scientists,15-1243.00,Database Architects,0.959844,0.001256,0,0.0,0.0,-1,0.48449,40.4,0.504289,0,5
u276,15-2051.00,Data Scientists,15-1211.00,Computer Systems Analysts,15-1211.00,Computer Systems Analysts,0.972325,0.003859,1,0.0,0.0,-1,0.555503,53.23,0.519907,1,1
u276,15-2051.00,Data Scientists,15-1211.00,Computer Systems Analysts,15-1244.00,Network and Computer Systems Administrators,0.965804,0.011935,2,0.0,0.0,-1,0.583436,67.82,0.519143,0,2
u276,15-2051.00,Data Scientists,15-1211.00,Computer Systems Analysts,15-1242.00,Database Administrators,0.957647,0.0,0,0.0,0.0,-1,0.515841,40.0,0.508317,0,3
u276,15-2051.00,Data Scientists,15-1211.00,Computer Systems Analysts,15-1243.00,Database Architects,0.957808,0.0,0,0.0,0.0,-1,0.511523,40.0,0.507742,0,4
u276,15-2051.00,Data Scientists,15-1211.00,Computer Systems Analysts,15-1212.00,Information Security Analysts,0.954726,0.0,0,0.0,0.0,-1,0.498044,40.0,0.504333,0,5
u277,15-1211.00,Computer Systems Analysts,15-2051.00,Data Scientists,15-2051.00,Data Scientists,0.912164,0.0,0,1.0,1.0,1,0.444497,40.0,0.627148,1,1
u277,15-1211.00,Computer Systems Analysts,15-2051.00,Data Scientists,15-1244.00,Network and Computer Systems Administrators,0.978036,0.001926,1,0.0,0.0,-1,0.527933,52.62,0.518825,0,2
u277,15-1211.00,Computer Systems Analysts,15-2051.00,Data Scientists,15-1253.00,Software Quality Assurance Analysts and Testers,0.949049,0.0,0,0.0,0.0,-1,0.45346,40.0,0.495091,0,3
u277,15-1211.00,Computer Systems Analysts,15-2051.00,Data Scientists,15-1242.00,Database Administrators,0.944303,0.0,0,0.0,0.0,-1,0.460339,40.0,0.493987,0,4
u277,15-1211.00,Computer Systems Analysts,15-2051.00,Data Scientists,15-1243.00,Database Architects,0.945475,0.0,0,0.0,0.0,-1,0.45602,40.0,0.493867,0,5
u278,15-1212.00,Information Security Analysts,15-1242.00,Database Administrators,15-1244.00,Network and Computer Systems Administrators,0.974722,0.009173,0,0.0,0.0,-1,0.585392,42.94,0.524141,0,1
u278,15-1212.00,Information Security Analysts,15-1242.00,Database Administrators,15-1211.00,Computer Systems Analysts,0.970511,0.00397,0,0.0,0.0,-1,0.557459,41.27,0.519356,0,2
u278,15-1212.00,Information Security Analysts,15-1242.00,Database Administrators,15-1253.00,Software Quality Assurance Analysts and Testers,0.952164,0.004358,0,0.0,0.0,-1,0.510919,41.39,0.504022,0,3
u278,15-1212.00,Information Security Analysts,15-1242.00,Database Administrators,15-1242.00,Database Administrators,0.947188,0.003521,0,0.0,0.0,-1,0.517798,41.13,0.503024,1,4
u278,15-1212.00,Information Security Analysts,15-1242.00,Database Administrators,15-1243.00,Database Architects,0.938067,0.004893,0,0.0,0.0,-1,0.513479,41.57,0.497929,0,5
u279,15-1242.00,Database Administrators,15-2051.00,Data Scientists,15-2051.00,Data Scientists,0.930955,0.0,0,1.0,1.0,1,0.484159,40.0,0.641554,1,1
u279,15-1242.00,Database Administrators,15-2051.00,Data Scientists,15-1244.00,Network and Computer Systems Administrators,0.976505,0.006113,2,0.0,0.0,-1,0.567594,65.96,0.523038,0,2
u279,15-1242.00,Database Administrators,15-2051.00,Data Scientists,15-1211.00,Computer Systems Analysts,0.979015,0.0,0,0.0,0.0,-1,0.539661,40.0,0.521506,0,3
u279,15-1242.00,Database Administrators,15-2051.00,Data Scientists,15-1243.00,Database Architects,0.957451,0.0,0,0.0,0.0,-1,0.495681,40.0,0.505205,0,4
u279,15-1242.00,Database Administrators,15-2051.00,Data Scientists,15-1254.00,Web Developers,0.956987,0.0,0,0.0,0.0,-1,0.48431,40.0,0.503291,0,5
u280,15-1243.00,Database Architects,15-1244.00,Network and Computer Systems Administrators,15-1211.00,Computer Systems Analysts,0.975846,5.2e-05,0,0.0,0.0,-1,0.54398,40.02,0.520715,0,1
u280,15-1243.00,Database Architects,15-1244.00,Network and Computer Systems Administrators,15-1244.00,Network and Computer Systems Administrators,0.966221,0.005656,1,0.0,0.0,-1,0.571913,53.81,0.519173,1,2
u280,15-1243.00,Database Architects,15-1244.00,Network and Computer Systems Administrators,15-1242.00,Database Administrators,0.960334,0.0,0,0.0,0.0,-1,0.504319,40.0,0.507798,0,3
u280,15-1243.00,Database Architects,15-1244.00,Network and Computer Systems Administrators,15-1254.00,Web Developers,0.953531,0.0,0,0.0,0.0,-1,0.488629,40.0,0.502384,0,4
u280,15-1243.00,Database Architects,15-1244.00,Network and Computer Systems Administrators,15-1255.00,Web and Digital Interface Designers,0.950443,0.0,0,0.0,0.0,-1,0.491159,40.0,0.501373,0,5
u281,15-1244.00,Network and Computer Systems Administrators,15-1212.00,Information Security Analysts,15-1212.00,Information Security Analysts,0.910222,0.0,0,1.0,1.0,1,0.414608,40.0,0.621791,1,1
u281,15-1244.00,Network and Computer Systems Administrators,15-1212.00,Information Security Analysts,15-1211.00,Computer Systems Analysts,0.958026,0.0,0,0.0,0.0,-1,0.472067,40.0,0.501922,0,2
u281,15-1244.00,Network and Computer Systems Administrators,15-1212.00,Information Security Analysts,15-1242.00,Database Administrators,0.919438,0.0,0,0.0,0.0,-1,0.432406,40.0,0.478608,0,3
u281,15-1244.00,Network and Computer Systems Administrators,15-1212.00,Information Security Analysts,15-1243.00,Database Architects,0.914022,0.0,0,0.0,0.0,-1,0.428087,40.0,0.475523,0,4
u281,15-1244.00,Network and Computer Systems Administrators,15-1212.00,Information Security Analysts,15-1253.00,Software Quality Assurance Analysts and Testers,0.914409,0.0,0,0.0,0.0,-1,0.425527,40.0,0.475313,0,5
u282,15-1251.00,Computer Programmers,15-1252.00,Software Developers,15-1252.00,Software Developers,0.859085,0.0,0,0.615385,0.615385,1,0.481869,40.0,0.551177,1,1
u282,15-1251.00,Computer Programmers,15-1252.00,Software Developers,15-1254.00,Web Developers,0.959431,0.0,0,0.25641,0.25641,1,0.500482,40.0,0.545278,0,2
u282,15-1251.00,Computer Programmers,15-1252.00,Software Developers,15-2051.00,Data Scientists,0.911842,0.0,0,0.0,0.341881,2,0.50033,40.0,0.53666,0,3
u282,15-1251.00,Computer Programmers,15-1252.00,Software Developers,15-1212.00,Information Security Analysts,0.927643,0.0,0,0.0,0.273504,2,0.498374,40.0,0.533221,0,4
u282,15-1251.00,Computer Programmers,15-1252.00,Software Developers,15-1244.00,Network and Computer Systems Administrators,0.966923,0.009501,1,0.0,0.0,-1,0.583766,55.04,0.520305,0,5
u283,15-1252.00,Software Developers,15-1253.00,Software Quality Assurance Analysts and Testers,15-2051.00,Data Scientists,0.933158,0.0,0,0.555556,0.555556,1,0.518461,40.0,0.581023,0,1
u283,15-1252.00,Software Developers,15-1253.00,Software Quality Assurance Analysts and Testers,15-1212.00,Information Security Analysts,0.948368,0.00414,0,0.444444,0.444444,1,0.516505,41.32,0.569873,0,2
u283,15-1252.00,Software Developers,15-1253.00,Software Quality Assurance Analysts and Testers,15-1244.00,Network and Computer Systems Administrators,0.959729,0.01501,4,0.0,0.0,-1,0.601897,92.8,0.51841,0,3
u283,15-1252.00,Software Developers,15-1253.00,Software Quality Assurance Analysts and Testers,15-1211.00,Computer Systems Analysts,0.965808,0.009729,2,0.0,0.0,-1,0.573963,67.11,0.518276,0,4
u283,15-1252.00,Software Developers,15-1253.00,Software Quality Assurance Analysts and Testers,15-1243.00,Database Architects,0.949788,0.006613,1,0.0,0.0,-1,0.529983,54.12,0.505249,0,5
u284,15-1253.00,Software Quality Assurance Analysts and Testers,15-1252.00,Software Developers,15-1252.00,Software Developers,0.877996,1.1e-05,0,1.0,1.0,1,0.472576,40.0,0.615982,1,1
u284,15-1253.00,Software Quality Assurance Analysts and Testers,15-1252.00,Software Developers,15-2051.00,Data Scientists,0.920026,0.0,0,0.0,0.555556,2,0.491037,40.0,0.571,0,2
u284,15-1253.00,Software Quality Assurance Analysts and Testers,15-1252.00,Software Developers,15-1212.00,Information Security Analysts,0.949165,0.0,0,0.0,0.444444,2,0.489081,40.0,0.567153,0,3
u284,15-1253.00,Software Quality Assurance Analysts and Testers,15-1252.00,Software Developers,15-1244.00,Network and Computer Systems Administrators,0.974193,0.004049,2,0.0,0.0,-1,0.574473,65.3,0.523545,0,4
u284,15-1253.00,Software Quality Assurance Analysts and Testers,15-1252.00,Software Developers,15-1211.00,Computer Systems Analysts,0.974946,0.0,0,0.0,0.0,-1,0.54654,40.0,0.520707,0,5
u285,15-1254.00,Web Developers,15-1252.00,Software Developers,15-1255.00,Web and Digital Interface Designers,0.941383,0.0,0,0.4,0.4,1,0.50253,40.0,0.559002,0,1
u285,15-1254.00,Web Developers,15-1252.00,Software Developers,15-1252.00,Software Developers,0.875464,0.0,0,0.6,0.6,1,0.481388,40.0,0.556167,1,2
u285,15-1254.00,Web Developers,15-1252.00,Software Developers,15-2051.00,Data Scientists,0.916243,0.0,0,0.0,0.333334,2,0.499848,40.0,0.537287,0,3
u285,15-1254.00,Web Developers,15-1252.00,Software Developers,15-1212.00,Information Security Analysts,0.933419,0.0,0,0.0,0.266666,2,0.497892,40.0,0.534722,0,4
u285,15-1254.00,Web Developers,15-1252.00,Software Developers,15-1244.00,Network and Computer Systems Administrators,0.966923,0.006814,1,0.0,0.0,-1,0.583284,54.18,0.520905,0,5
u286,15-1255.00,Web and Digital Interface Designers,15-2031.00,Operations Research Analysts,15-1211.00,Computer Systems Analysts,0.966441,0.004541,2,0.0,0.0,-1,0.552821,65.45,0.516687,0,1
u286,15-1255.00,Web and Digital Interface Designers,15-2031.00,Operations Research Analysts,15-1244.00,Network and Computer Systems Administrators,0.9536,0.019562,4,0.0,0.0,-1,0.580755,94.26,0.511343,0,2
u286,15-1255.00,Web and Digital Interface Designers,15-2031.00,Operations Research Analysts,15-1243.00,Database Architects,0.966042,0.0,0,0.0,0.0,-1,0.508841,40.0,0.511045,0,3
u286,15-1255.00,Web and Digital Interface Designers,15-2031.00,Operations Research Analysts,15-1242.00,Database Administrators,0.954741,0.0,0,0.0,0.0,-1,0.51316,40.0,0.506607,0,4
u286,15-1255.00,Web and Digital Interface Designers,15-2031.00,Operations Research Analysts,15-1254.00,Web Developers,0.958383,0.0,0,0.0,0.0,-1,0.49747,40.0,0.505893,0,5
u287,15-2031.00,Operations Research Analysts,15-2051.00,Data Scientists,15-2051.00,Data Scientists,0.942951,0.0,0,1.0,1.0,1,0.472968,40.0,0.645273,1,1
u287,15-2031.00,Operations Research Analysts,15-2051.00,Data Scientists,15-1211.00,Computer Systems Analysts,0.959853,0.000997,0,0.0,0.0,-1,0.52847,40.32,0.510955,0,2
u287,15-2031.00,Operations Research Analysts,15-2051.00,Data Scientists,15-1244.00,Network and Computer Systems Administrators,0.945678,0.013182,3,0.0,0.0,-1,0.556403,80.22,0.50572,0,3
u287,15-2031.00,Operations Research Analysts,15-2051.00,Data Scientists,15-1242.00,Database Administrators,0.956118,0.0,0,0.0,0.0,-1,0.488809,40.0,0.503575,0,4
u287,15-2031.00,Operations Research Analysts,15-2051.00,Data Scientists,15-1243.00,Database Architects,0.952543,0.000438,0,0.0,0.0,-1,0.48449,40.14,0.501209,0,5
u288,15-2051.00,Data Scientists,15-1211.00,Computer Systems Analysts,15-1211.00,Computer Systems Analysts,0.979213,0.0,0,0.0,0.0,-1,0.555503,40.0,0.523971,1,1
u288,15-2051.00,Data Scientists,15-1211.00,Computer Systems Analysts,15-1244.00,Network and Computer Systems Administrators,0.966453,0.010777,2,0.0,0.0,-1,0.583436,67.45,0.519725,0,2
u288,15-2051.00,Data Scientists,15-1211.00,Computer Systems Analysts,15-1242.00,Database Administrators,0.969106,0.0,0,0.0,0.0,-1,0.515841,40.0,0.513474,0,3
u288,15-2051.00,Data Scientists,15-1211.00,Computer Systems Analysts,15-1243.00,Database Architects,0.964241,0.0,0,0.0,0.0,-1,0.511523,40.0,0.510637,0,4
u288,15-2051.00,Data Scientists,15-1211.00,Computer Systems Analysts,15-1212.00,Information Security Analysts,0.967936,0.0,0,0.0,0.0,-1,0.498044,40.0,0.510278,0,5
u289,15-1211.00,Computer Systems Analysts,15-2051.00,Data Scientists,15-2051.00,Data Scientists,0.90719,0.0,0,1.0,1.0,1,0.444497,40.0,0.62491,1,1
u289,15-1211.00,Computer Systems Analysts,15-2051.00,Data Scientists,15-1244.00,Network and Computer Systems Administrators,0.988155,0.0,0,0.0,0.0,-1,0.527933,40.0,0.52386,0,2
u289,15-1211.00,Computer Systems Analysts,15-2051.00,Data Scientists,15-1242.00,Database Administrators,0.947658,0.0,0,0.0,0.0,-1,0.460339,40.0,0.495497,0,3
u289,15-1211.00,Computer Systems Analysts,15-2051.00,Data Scientists,15-1253.00,Software Quality Assurance Analysts and Testers,0.946817,0.0,0,0.0,0.0,-1,0.45346,40.0,0.494087,0,4
u289,15-1211.00,Computer Systems Analysts,15-2051.00,Data Scientists,15-1243.00,Database Architects,0.941749,0.0,0,0.0,0.0,-1,0.45602,40.0,0.49219,0,5
u290,15-1212.00,Information Security Analysts,15-1242.00,Database Administrators,15-1244.00,Network and Computer Systems Administrators,0.976047,0.004597,1,0.0,0.0,-1,0.585392,53.47,0.525881,0,1
u290,15-1212.00,Information Security Analysts,15-1242.00,Database Administrators,15-1211.00,Computer Systems Analysts,0.971075,1.2e-05,0,0.0,0.0,-1,0.557459,40.0,0.5206,0,2
u290,15-1212.00,Information Security Analysts,15-1242.00,Database Administrators,15-1242.00,Database Administrators,0.949361,0.000155,0,0.0,0.0,-1,0.517798,40.05,0.504843,1,3
u290,15-1212.00,Information Security Analysts,15-1242.00,Database Administrators,15-1253.00,Software Quality Assurance Analysts and Testers,0.948652,0.000774,0,0.0,0.0,-1,0.510919,40.25,0.503338,0,4
u290,15-1212.00,Information Security Analysts,15-1242.00,Database Administrators,15-1243.00,Database Architects,0.944372,0.001256,0,0.0,0.0,-1,0.513479,40.4,0.501675,0,5
u291,15-1242.00,Database Administrators,15-2051.00,Data Scientists,15-2051.00,Data Scientists,0.927472,0.0,0,1.0,1.0,1,0.484159,40.0,0.639986,1,1
u291,15-1242.00,Database Administrators,15-2051.00,Data Scientists,15-1211.00,Computer Systems Analysts,0.976188,0.000438,0,0.0,0.0,-1,0.539661,40.14,0.520124,0,2
u291,15-1242.00,Database Administrators,15-2051.00,Data Scientists,15-1244.00,Network and Computer Systems Administrators,0.969101,0.009585,2,0.0,0.0,-1,0.567594,67.07,0.518838,0,3
u291,15-1242.00,Database Administrators,15-2051.00,Data Scientists,15-1243.00,Database Architects,0.956379,0.0,0,0.0,0.0,-1,0.495681,40.0,0.504723,0,4
u291,15-1242.00,Database Administrators,15-2051.00,Data Scientists,15-1253.00,Software Quality Assurance Analysts and Testers,0.953341,0.0,0,0.0,0.0,-1,0.493122,40.0,0.502972,0,5
u292,15-1243.00,Database Architects,15-1244.00,Network and Computer Systems Administrators,15-1211.00,Computer Systems Analysts,0.971848,0.00261,1,0.0,0.0,-1,0.54398,52.84,0.518276,0,1
u292,15-1243.00,Database Architects,15-1244.00,Network and Computer Systems Administrators,15-1244.00,Network and Computer Systems Administrators,0.966635,0.010114,1,0.0,0.0,-1,0.571913,55.24,0.518244,1,2
u292,15-1243.00,Database Architects,15-1244.00,Network and Computer Systems Administrators,15-1242.00,Database Administrators,0.964686,0.0,0,0.0,0.0,-1,0.504319,40.0,0.509757,0,3
u292,15-1243.00,Database Architects,15-1244.00,Network and Computer Systems Administrators,15-1254.00,Web Developers,0.954965,0.0,0,0.0,0.0,-1,0.488629,40.0,0.503029,0,4
u292,15-1243.00,Database Architects,15-1244.00,Network and Computer Systems Administrators,15-1255.00,Web and Digital Interface Designers,0.952244,0.0,0,0.0,0.0,-1,0.491159,40.0,0.502184,0,5
u293,15-1244.00,Network and Computer Systems Administrators,15-1212.00,Information Security Analysts,15-1212.00,Information Security Analysts,0.919977,0.0,0,1.0,1.0,1,0.414608,40.0,0.626181,1,1
u293,15-1244.00,Network and Computer Systems Administrators,15-1212.00,Information Security Analysts,15-1211.00,Computer Systems Analysts,0.95971,0.0,0,0.0,0.0,-1,0.472067,40.0,0.502679,0,2
u293,15-1244.00,Network and Computer Systems Administrators,15-1212.00,Information Security Analysts,15-1253.00,Software Quality Assurance Analysts and Testers,0.925825,0.0,0,0.0,0.0,-1,0.425527,40.0,0.48045,0,3
u293,15-1244.00,Network and Computer Systems Administrators,15-1212.00,Information Security Analysts,15-1242.00,Database Administrators,0.921761,0.0,0,0.0,0.0,-1,0.432406,40.0,0.479653,0,4
u293,15-1244.00,Network and Computer Systems Administrators,15-1212.00,Information Security Analysts,15-1243.00,Database Architects,0.917218,0.0,0,0.0,0.0,-1,0.428087,40.0,0.476961,0,5
u294,15-1251.00,Computer Programmers,15-1252.00,Software Developers,15-1252.00,Software Developers,0.849357,0.0,0,0.615385,0.615385,1,0.481869,40.0,0.546799,1,1
u294,15-1251.00,Computer Programmers,15-1252.00,Software Developers,15-1254.00,Web Developers,0.959735,0.0,0,0.25641,0.25641,1,0.500482,40.0,0.545414,0,2
u294,15-1251.00,Computer Programmers,15-1252.00,Software Developers,15-2051.00,Data Scientists,0.910529,0.0,0,0.0,0.341881,2,0.50033,40.0,0.53607,0,3
u294,15-1251.00,Computer Programmers,15-1252.00,Software Developers,15-1212.00,Information Security Analysts,0.920435,0.000212,0,0.0,0.273504,2,0.498374,40.07,0.529924,0,4
u294,15-1251.00,Computer Programmers,15-1252.00,Software Developers,15-1244.00,Network and Computer Systems Administrators,0.960866,0.011494,1,0.0,0.0,-1,0.583766,55.68,0.517081,0,5
u295,15-1252.00,Software Developers,15-1253.00,Software Quality Assurance Analysts and Testers,15-2051.00,Data Scientists,0.932798,0.0,0,0.555556,0.555556,1,0.518461,40.0,0.580862,0,1
u295,15-1252.00,Software Developers,15-1253.00,Software Quality Assurance Analysts and Testers,15-1212.00,Information Security Analysts,0.95477,0.0,0,0.444444,0.444444,1,0.516505,40.0,0.573789,0,2
u295,15-1252.00,Software Developers,15-1253.00,Software Quality Assurance Analysts and Testers,15-1211.00,Computer Systems Analysts,0.966495,0.007583,2,0.0,0.0,-1,0.573963,66.43,0.519121,0,3
u295,15-1252.00,Software Developers,15-1253.00,Software Quality Assurance Analysts and Testers,15-1244.00,Network and Computer Systems Administrators,0.95878,0.017329,3,0.0,0.0,-1,0.601897,81.55,0.517403,0,4
u295,15-1252.00,Software Developers,15-1253.00,Software Quality Assurance Analysts and Testers,15-1243.00,Database Architects,0.95137,0.008623,2,0.0,0.0,-1,0.529983,66.76,0.505458,0,5
u296,15-1253.00,Software Quality Assurance Analysts and Testers,15-1252.00,Software Developers,15-1252.00,Software Developers,0.889573,0.0,0,1.0,1.0,1,0.472576,40.0,0.621194,1,1
u296,15-1253.00,Software Quality Assurance Analysts and Testers,15-1252.00,Software Developers,15-2051.00,Data Scientists,0.930216,0.0,0,0.0,0.555556,2,0.491037,40.0,0.575586,0,2
u296,15-1253.00,Software Quality Assurance Analysts and Testers,15-1252.00,Software Developers,15-1212.00,Information Security Analysts,0.957733,0.0,0,0.0,0.444444,2,0.489081,40.0,0.571009,0,3
u296,15-1253.00,Software Quality Assurance Analysts and Testers,15-1252.00,Software Developers,15-1211.00,Computer Systems Analysts,0.976044,6e-06,0,0.0,0.0,-1,0.54654,40.0,0.521199,0,4
u296,15-1253.00,Software Quality Assurance Analysts and Testers,15-1252.00,Software Developers,15-1244.00,Network and Computer Systems Administrators,0.968443,0.006443,2,0.0,0.0,-1,0.574473,66.06,0.52036,0,5
u297,15-1254.00,Web Developers,15-1252.00,Software Developers,15-1255.00,Web and Digital Interface Designers,0.947526,0.0,0,0.4,0.4,1,0.50253,40.0,0.561766,0,1
u297,15-1254.00,Web Developers,15-1252.00,Software Developers,15-1252.00,Software Developers,0.876478,6.6e-05,0,0.6,0.6,1,0.481388,40.02,0.556607,1,2
u297,15-1254.00,Web Developers,15-1252.00,Software Developers,15-2051.00,Data Scientists,0.924166,0.0,0,0.0,0.333334,2,0.499848,40.0,0.540852,0,3
u297,15-1254.00,Web Developers,15-1252.00,Software Developers,15-1212.00,Information Security Analysts,0.934441,4e-06,0,0.0,0.266666,2,0.497892,40.0,0.535181,0,4
u297,15-1254.00,Web Developers,15-1252.00,Software Developers,15-1211.00,Computer Systems Analysts,0.964932,0.002711,1,0.0,0.0,-1,0.555351,52.87,0.516844,0,5
u298,15-1255.00,Web and Digital Interface Designers,15-2031.00,Operations Research Analysts,15-1211.00,Computer Systems Analysts,0.970357,0.00405,1,0.0,0.0,-1,0.552821,53.3,0.518572,0,1
u298,15-1255.00,Web and Digital Interface Designers,15-2031.00,Operations Research Analysts,15-1244.00,Network and Computer Systems Administrators,0.961231,0.013295,2,0.0,0.0,-1,0.580755,68.25,0.516343,0,2
u298,15-1255.00,Web and Digital Interface Designers,15-2031.00,Operations Research Analysts,15-1243.00,Database Architects,0.964432,0.0,0,0.0,0.0,-1,0.508841,40.0,0.510321,0,3
u298,15-1255.00,Web and Digital Interface Designers,15-2031.00,Operations Research Analysts,15-1254.00,Web Developers,0.965223,0.0,0,0.0,0.0,-1,0.49747,40.0,0.508971,0,4
u298,15-1255.00,Web and Digital Interface Designers,15-2031.00,Operations Research Analysts,15-1242.00,Database Administrators,0.958438,0.0,0,0.0,0.0,-1,0.51316,40.0,0.508271,0,5
u299,15-2031.00,Operations Research Analysts,15-2051.00,Data Scientists,15-2051.00,Data Scientists,0.952393,0.0,0,1.0,1.0,1,0.472968,40.0,0.649522,1,1
u299,15-2031.00,Operations Research Analysts,15-2051.00,Data Scientists,15-1211.00,Computer Systems Analysts,0.960261,0.003962,2,0.0,0.0,-1,0.52847,65.27,0.510397,0,2
u299,15-2031.00,Operations Research Analysts,15-2051.00,Data Scientists,15-1242.00,Database Administrators,0.958091,0.000328,0,0.0,0.0,-1,0.488809,40.11,0.50438,0,3
u299,15-2031.00,Operations Research Analysts,15-2051.00,Data Scientists,15-1243.00,Database Architects,0.955331,0.001443,0,0.0,0.0,-1,0.48449,40.46,0.502212,0,4
u299,15-2031.00,Operations Research Analysts,15-2051.00,Data Scientists,15-1244.00,Network and Computer Systems Administrators,0.940917,0.018968,4,0.0,0.0,-1,0.556403,94.07,0.502131,0,5
u300,15-2051.00,Data Scientists,15-1211.00,Computer Systems Analysts,15-1211.00,Computer Systems Analysts,0.972107,0.004875,1,0.0,0.0,-1,0.555503,53.56,0.519555,1,1
u300,15-2051.00,Data Scientists,15-1211.00,Computer Systems Analysts,15-1244.00,Network and Computer Systems Administrators,0.962224,0.013128,2,0.0,0.0,-1,0.583436,68.2,0.517234,0,2
u300,15-2051.00,Data Scientists,15-1211.00,Computer Systems Analysts,15-1242.00,Database Administrators,0.963368,0.0,0,0.0,0.0,-1,0.515841,40.0,0.510892,0,3
u300,15-2051.00,Data Scientists,15-1211.00,Computer Systems Analysts,15-1243.00,Database Architects,0.964566,0.000444,0,0.0,0.0,-1,0.511523,40.14,0.510672,0,4
u300,15-2051.00,Data Scientists,15-1211.00,Computer Systems Analysts,15-1212.00,Information Security Analysts,0.958657,0.0,0,0.0,0.0,-1,0.498044,40.0,0.506102,0,5
