resume_id,user_id,education,major,years_experience,city,current_job,current_job_name,target_job,target_job_name,skills,skill_levels,work_experience,project_experience,self_introduction,resume_text,source
CR0001,u001,本科,计算机科学与技术,0,北京,15-1251.00,计算机程序员,15-1252.00,软件开发工程师,阅读理解、积极倾听、书面表达、口头表达、数学、科学、批判性思维、主动学习、学习策略、监控、社会洞察、协调、说服、谈判、指导、服务导向、复杂问题解决、运营分析、技术设计、编程、运营监控、故障排查、质量控制分析、判断与决策、系统分析、系统评估、时间管理、人员资源管理,"{""2.A.1.a"": 0.459159, ""2.A.1.b"": 0.600989, ""2.A.1.c"": 0.40803, ""2.A.1.d"": 0.424424, ""2.A.1.e"": 0.405884, ""2.A.1.f"": 0.40054, ""2.A.2.a"": 0.548992, ""2.A.2.b"": 0.405491, ""2.A.2.c"": 0.380676, ""2.A.2.d"": 0.388196, ""2.B.1.a"": 0.465556, ""2.B.1.b"": 0.359894, ""2.B.1.c"": 0.333859, ""2.B.1.d"": 0.35858, ""2.B.1.e"": 0.290655, ""2.B.1.f"": 0.304924, ""2.B.2.i"": 0.551665, ""2.B.3.a"": 0.534968, ""2.B.3.b"": 0.356588, ""2.B.3.c"": 0.218342, ""2.B.3.d"": 0.219433, ""2.B.3.e"": 0.711821, ""2.B.3.g"": 0.350255, ""2.B.3.h"": 0.220117, ""2.B.3.j"": 0.225436, ""2.B.3.k"": 0.336476, ""2.B.3.l"": 0.253164, ""2.B.3.m"": 0.4872, ""2.B.4.e"": 0.417804, ""2.B.4.g"": 0.577144, ""2.B.4.h"": 0.461365, ""2.B.5.a"": 0.501267, ""2.B.5.b"": 0.258205, ""2.B.5.c"": 0.270273, ""2.B.5.d"": 0.393552}",在北京参与计算机程序员工作0年，持续提升阅读理解、积极倾听、书面表达、口头表达等技能。,负责计算机程序员相关项目，完成需求分析、代码实现、测试验证和上线复盘，使用计算机科学与技术知识解决实际业务问题。,我具备本科学历，专业为计算机科学与技术，目标方向是软件开发工程师。重视工程质量、团队协作和持续学习。,"求职方向：软件开发工程师
教育背景：本科｜计算机科学与技术
工作经历：在北京参与计算机程序员工作0年，持续提升阅读理解、积极倾听、书面表达、口头表达等技能。
项目经历：负责计算机程序员相关项目，完成需求分析、代码实现、测试验证和上线复盘，使用计算机科学与技术知识解决实际业务问题。
技能：阅读理解、积极倾听、书面表达、口头表达、数学、科学、批判性思维、主动学习、学习策略、监控、社会洞察、协调、说服、谈判、指导、服务导向、复杂问题解决、运营分析、技术设计、编程、运营监控、故障排查、质量控制分析、判断与决策、系统分析、系统评估、时间管理、人员资源管理
自我评价：我具备本科学历，专业为计算机科学与技术，目标方向是软件开发工程师。重视工程质量、团队协作和持续学习。",synthetic_chinese_resume
CR0002,u002,本科,软件工程,7,上海,15-1254.00,网页开发工程师,15-1252.00,软件开发工程师,阅读理解、积极倾听、书面表达、口头表达、数学、科学、批判性思维、主动学习、学习策略、监控、社会洞察、协调、说服、谈判、指导、服务导向、复杂问题解决、运营分析、技术设计、安装、编程、运营监控、故障排查、质量控制分析、判断与决策、系统分析、系统评估、时间管理、人员资源管理,"{""2.A.1.a"": 0.560903, ""2.A.1.b"": 0.548095, ""2.A.1.c"": 0.412268, ""2.A.1.d"": 0.48722, ""2.A.1.e"": 0.400542, ""2.A.1.f"": 0.31304, ""2.A.2.a"": 0.588935, ""2.A.2.b"": 0.498034, ""2.A.2.c"": 0.361135, ""2.A.2.d"": 0.424454, ""2.B.1.a"": 0.41484, ""2.B.1.b"": 0.453049, ""2.B.1.c"": 0.426134, ""2.B.1.d"": 0.465852, ""2.B.1.e"": 0.462597, ""2.B.1.f"": 0.359335, ""2.B.2.i"": 0.511973, ""2.B.3.a"": 0.630188, ""2.B.3.b"": 0.338356, ""2.B.3.c"": 0.261852, ""2.B.3.d"": 0.309624, ""2.B.3.e"": 0.616897, ""2.B.3.g"": 0.322234, ""2.B.3.h"": 0.264283, ""2.B.3.j"": 0.171153, ""2.B.3.k"": 0.364254, ""2.B.3.l"": 0.120369, ""2.B.3.m"": 0.446526, ""2.B.4.e"": 0.503682, ""2.B.4.g"": 0.520864, ""2.B.4.h"": 0.427296, ""2.B.5.a"": 0.356565, ""2.B.5.b"": 0.246583, ""2.B.5.c"": 0.234815, ""2.B.5.d"": 0.32952}",在上海参与网页开发工程师工作7年，持续提升阅读理解、积极倾听、书面表达、口头表达等技能。,负责网页开发工程师相关项目，完成需求分析、代码实现、测试验证和上线复盘，使用软件工程知识解决实际业务问题。,我具备本科学历，专业为软件工程，目标方向是软件开发工程师。重视工程质量、团队协作和持续学习。,"求职方向：软件开发工程师
教育背景：本科｜软件工程
工作经历：在上海参与网页开发工程师工作7年，持续提升阅读理解、积极倾听、书面表达、口头表达等技能。
项目经历：负责网页开发工程师相关项目，完成需求分析、代码实现、测试验证和上线复盘，使用软件工程知识解决实际业务问题。
技能：阅读理解、积极倾听、书面表达、口头表达、数学、科学、批判性思维、主动学习、学习策略、监控、社会洞察、协调、说服、谈判、指导、服务导向、复杂问题解决、运营分析、技术设计、安装、编程、运营监控、故障排查、质量控制分析、判断与决策、系统分析、系统评估、时间管理、人员资源管理
自我评价：我具备本科学历，专业为软件工程，目标方向是软件开发工程师。重视工程质量、团队协作和持续学习。",synthetic_chinese_resume
CR0003,u003,硕士,数据科学与大数据技术,3,广州,15-1242.00,数据库管理员,15-2051.00,数据科学家,阅读理解、积极倾听、书面表达、口头表达、数学、科学、批判性思维、主动学习、学习策略、监控、社会洞察、协调、说服、指导、服务导向、复杂问题解决、运营分析、技术设计、编程、运营监控、故障排查、质量控制分析、判断与决策、系统分析、系统评估、时间管理、财务资源管理、物资资源管理、人员资源管理,"{""2.A.1.a"": 0.680837, ""2.A.1.b"": 0.533496, ""2.A.1.c"": 0.512622, ""2.A.1.d"": 0.492007, ""2.A.1.e"": 0.583866, ""2.A.1.f"": 0.318784, ""2.A.2.a"": 0.552348, ""2.A.2.b"": 0.525937, ""2.A.2.c"": 0.429372, ""2.A.2.d"": 0.461972, ""2.B.1.a"": 0.465132, ""2.B.1.b"": 0.432676, ""2.B.1.c"": 0.369204, ""2.B.1.d"": 0.223435, ""2.B.1.e"": 0.429803, ""2.B.1.f"": 0.359764, ""2.B.2.i"": 0.52154, ""2.B.3.a"": 0.481095, ""2.B.3.b"": 0.389307, ""2.B.3.c"": 0.275466, ""2.B.3.d"": 0.165672, ""2.B.3.e"": 0.460978, ""2.B.3.g"": 0.414261, ""2.B.3.h"": 0.244031, ""2.B.3.j"": 0.178506, ""2.B.3.k"": 0.306523, ""2.B.3.l"": 0.154181, ""2.B.3.m"": 0.34791, ""2.B.4.e"": 0.52268, ""2.B.4.g"": 0.500791, ""2.B.4.h"": 0.445409, ""2.B.5.a"": 0.386886, ""2.B.5.b"": 0.366749, ""2.B.5.c"": 0.303301, ""2.B.5.d"": 0.476592}",在广州参与数据库管理员工作3年，持续提升阅读理解、积极倾听、书面表达、口头表达等技能。,负责数据库管理员相关项目，完成需求分析、代码实现、测试验证和上线复盘，使用数据科学与大数据技术知识解决实际业务问题。,我具备硕士学历，专业为数据科学与大数据技术，目标方向是数据科学家。重视工程质量、团队协作和持续学习。,"求职方向：数据科学家
教育背景：硕士｜数据科学与大数据技术
工作经历：在广州参与数据库管理员工作3年，持续提升阅读理解、积极倾听、书面表达、口头表达等技能。
项目经历：负责数据库管理员相关项目，完成需求分析、代码实现、测试验证和上线复盘，使用数据科学与大数据技术知识解决实际业务问题。
技能：阅读理解、积极倾听、书面表达、口头表达、数学、科学、批判性思维、主动学习、学习策略、监控、社会洞察、协调、说服、指导、服务导向、复杂问题解决、运营分析、技术设计、编程、运营监控、故障排查、质量控制分析、判断与决策、系统分析、系统评估、时间管理、财务资源管理、物资资源管理、人员资源管理
自我评价：我具备硕士学历，专业为数据科学与大数据技术，目标方向是数据科学家。重视工程质量、团队协作和持续学习。",synthetic_chinese_resume
CR0004,u004,大专,网络工程,10,深圳,15-1244.00,网络与计算机系统管理员,15-1212.00,信息安全分析师,阅读理解、积极倾听、书面表达、口头表达、数学、批判性思维、主动学习、学习策略、监控、社会洞察、协调、说服、谈判、指导、服务导向、复杂问题解决、运营分析、技术设计、设备选型、安装、编程、运营监控、操作与控制、设备维护、故障排查、修复、质量控制分析、判断与决策、系统分析、系统评估、时间管理、物资资源管理、人员资源管理,"{""2.A.1.a"": 0.631476, ""2.A.1.b"": 0.515175, ""2.A.1.c"": 0.494278, ""2.A.1.d"": 0.519066, ""2.A.1.e"": 0.467826, ""2.A.1.f"": 0.269871, ""2.A.2.a"": 0.520905, ""2.A.2.b"": 0.488564, ""2.A.2.c"": 0.405482, ""2.A.2.d"": 0.560317, ""2.B.1.a"": 0.380194, ""2.B.1.b"": 0.419261, ""2.B.1.c"": 0.311469, ""2.B.1.d"": 0.413011, ""2.B.1.e"": 0.397418, ""2.B.1.f"": 0.41525, ""2.B.2.i"": 0.603417, ""2.B.3.a"": 0.458195, ""2.B.3.b"": 0.309541, ""2.B.3.c"": 0.432959, ""2.B.3.d"": 0.338411, ""2.B.3.e"": 0.503821, ""2.B.3.g"": 0.477388, ""2.B.3.h"": 0.450344, ""2.B.3.j"": 0.421127, ""2.B.3.k"": 0.5407, ""2.B.3.l"": 0.435688, ""2.B.3.m"": 0.522551, ""2.B.4.e"": 0.550898, ""2.B.4.g"": 0.55706, ""2.B.4.h"": 0.57051, ""2.B.5.a"": 0.564919, ""2.B.5.b"": 0.265019, ""2.B.5.c"": 0.377568, ""2.B.5.d"": 0.463976}",在深圳参与网络与计算机系统管理员工作10年，持续提升阅读理解、积极倾听、书面表达、口头表达等技能。,负责网络与计算机系统管理员相关项目，完成需求分析、代码实现、测试验证和上线复盘，使用网络工程知识解决实际业务问题。,我具备大专学历，专业为网络工程，目标方向是信息安全分析师。重视工程质量、团队协作和持续学习。,"求职方向：信息安全分析师
教育背景：大专｜网络工程
工作经历：在深圳参与网络与计算机系统管理员工作10年，持续提升阅读理解、积极倾听、书面表达、口头表达等技能。
项目经历：负责网络与计算机系统管理员相关项目，完成需求分析、代码实现、测试验证和上线复盘，使用网络工程知识解决实际业务问题。
技能：阅读理解、积极倾听、书面表达、口头表达、数学、批判性思维、主动学习、学习策略、监控、社会洞察、协调、说服、谈判、指导、服务导向、复杂问题解决、运营分析、技术设计、设备选型、安装、编程、运营监控、操作与控制、设备维护、故障排查、修复、质量控制分析、判断与决策、系统分析、系统评估、时间管理、物资资源管理、人员资源管理
自我评价：我具备大专学历，专业为网络工程，目标方向是信息安全分析师。重视工程质量、团队协作和持续学习。",synthetic_chinese_resume
CR0005,u005,本科,信息安全,6,杭州,15-1253.00,软件质量保证分析师与测试工程师,15-1252.00,软件开发工程师,阅读理解、积极倾听、书面表达、口头表达、数学、科学、批判性思维、主动学习、学习策略、监控、社会洞察、协调、说服、谈判、指导、服务导向、复杂问题解决、运营分析、技术设计、设备选型、安装、编程、运营监控、故障排查、质量控制分析、判断与决策、系统分析、系统评估、时间管理、人员资源管理,"{""2.A.1.a"": 0.649993, ""2.A.1.b"": 0.658595, ""2.A.1.c"": 0.651369, ""2.A.1.d"": 0.616829, ""2.A.1.e"": 0.353555, ""2.A.1.f"": 0.452954, ""2.A.2.a"": 0.592549, ""2.A.2.b"": 0.419009, ""2.A.2.c"": 0.402701, ""2.A.2.d"": 0.527407, ""2.B.1.a"": 0.482697, ""2.B.1.b"": 0.410322, ""2.B.1.c"": 0.437418, ""2.B.1.d"": 0.347765, ""2.B.1.e"": 0.430525, ""2.B.1.f"": 0.296071, ""2.B.2.i"": 0.426213, ""2.B.3.a"": 0.4371, ""2.B.3.b"": 0.362192, ""2.B.3.c"": 0.282312, ""2.B.3.d"": 0.324703, ""2.B.3.e"": 0.503286, ""2.B.3.g"": 0.432695, ""2.B.3.h"": 0.259081, ""2.B.3.j"": 0.268653, ""2.B.3.k"": 0.396425, ""2.B.3.l"": 0.238473, ""2.B.3.m"": 0.444923, ""2.B.4.e"": 0.57225, ""2.B.4.g"": 0.363956, ""2.B.4.h"": 0.40597, ""2.B.5.a"": 0.415517, ""2.B.5.b"": 0.248881, ""2.B.5.c"": 0.152244, ""2.B.5.d"": 0.320848}",在杭州参与软件质量保证分析师与测试工程师工作6年，持续提升阅读理解、积极倾听、书面表达、口头表达等技能。,负责软件质量保证分析师与测试工程师相关项目，完成需求分析、代码实现、测试验证和上线复盘，使用信息安全知识解决实际业务问题。,我具备本科学历，专业为信息安全，目标方向是软件开发工程师。重视工程质量、团队协作和持续学习。,"求职方向：软件开发工程师
教育背景：本科｜信息安全
工作经历：在杭州参与软件质量保证分析师与测试工程师工作6年，持续提升阅读理解、积极倾听、书面表达、口头表达等技能。
项目经历：负责软件质量保证分析师与测试工程师相关项目，完成需求分析、代码实现、测试验证和上线复盘，使用信息安全知识解决实际业务问题。
技能：阅读理解、积极倾听、书面表达、口头表达、数学、科学、批判性思维、主动学习、学习策略、监控、社会洞察、协调、说服、谈判、指导、服务导向、复杂问题解决、运营分析、技术设计、设备选型、安装、编程、运营监控、故障排查、质量控制分析、判断与决策、系统分析、系统评估、时间管理、人员资源管理
自我评价：我具备本科学历，专业为信息安全，目标方向是软件开发工程师。重视工程质量、团队协作和持续学习。",synthetic_chinese_resume
CR0006,u006,本科,计算机科学与技术,2,成都,15-1211.00,计算机系统分析师,15-2051.00,数据科学家,阅读理解、积极倾听、书面表达、口头表达、数学、科学、批判性思维、主动学习、学习策略、监控、社会洞察、协调、说服、谈判、指导、服务导向、复杂问题解决、运营分析、技术设计、设备选型、编程、运营监控、操作与控制、设备维护、故障排查、修复、质量控制分析、判断与决策、系统分析、系统评估、时间管理、人员资源管理,"{""2.A.1.a"": 0.659814, ""2.A.1.b"": 0.569666, ""2.A.1.c"": 0.505647, ""2.A.1.d"": 0.546712, ""2.A.1.e"": 0.407214, ""2.A.1.f"": 0.312977, ""2.A.2.a"": 0.523268, ""2.A.2.b"": 0.58033, ""2.A.2.c"": 0.368661, ""2.A.2.d"": 0.494444, ""2.B.1.a"": 0.389342, ""2.B.1.b"": 0.475808, ""2.B.1.c"": 0.425012, ""2.B.1.d"": 0.329163, ""2.B.1.e"": 0.444728, ""2.B.1.f"": 0.352103, ""2.B.2.i"": 0.429069, ""2.B.3.a"": 0.454421, ""2.B.3.b"": 0.375143, ""2.B.3.c"": 0.38389, ""2.B.3.d"": 0.23258, ""2.B.3.e"": 0.503622, ""2.B.3.g"": 0.499701, ""2.B.3.h"": 0.355461, ""2.B.3.j"": 0.311115, ""2.B.3.k"": 0.461172, ""2.B.3.l"": 0.331064, ""2.B.3.m"": 0.456246, ""2.B.4.e"": 0.54023, ""2.B.4.g"": 0.609796, ""2.B.4.h"": 0.598379, ""2.B.5.a"": 0.435763, ""2.B.5.b"": 0.209764, ""2.B.5.c"": 0.215714, ""2.B.5.d"": 0.458099}",在成都参与计算机系统分析师工作2年，持续提升阅读理解、积极倾听、书面表达、口头表达等技能。,负责计算机系统分析师相关项目，完成需求分析、代码实现、测试验证和上线复盘，使用计算机科学与技术知识解决实际业务问题。,我具备本科学历，专业为计算机科学与技术，目标方向是数据科学家。重视工程质量、团队协作和持续学习。,"求职方向：数据科学家
教育背景：本科｜计算机科学与技术
工作经历：在成都参与计算机系统分析师工作2年，持续提升阅读理解、积极倾听、书面表达、口头表达等技能。
项目经历：负责计算机系统分析师相关项目，完成需求分析、代码实现、测试验证和上线复盘，使用计算机科学与技术知识解决实际业务问题。
技能：阅读理解、积极倾听、书面表达、口头表达、数学、科学、批判性思维、主动学习、学习策略、监控、社会洞察、协调、说服、谈判、指导、服务导向、复杂问题解决、运营分析、技术设计、设备选型、编程、运营监控、操作与控制、设备维护、故障排查、修复、质量控制分析、判断与决策、系统分析、系统评估、时间管理、人员资源管理
自我评价：我具备本科学历，专业为计算机科学与技术，目标方向是数据科学家。重视工程质量、团队协作和持续学习。",synthetic_chinese_resume
CR0007,u007,硕士,软件工程,9,武汉,15-1252.00,软件开发工程师,15-1253.00,软件质量保证分析师与测试工程师,阅读理解、积极倾听、书面表达、口头表达、数学、批判性思维、主动学习、学习策略、监控、社会洞察、协调、说服、谈判、指导、服务导向、复杂问题解决、技术设计、运营监控、故障排查、判断与决策、系统分析、系统评估、时间管理、财务资源管理、人员资源管理,"{""2.A.1.a"": 0.576348, ""2.A.1.b"": 0.537945, ""2.A.1.c"": 0.532188, ""2.A.1.d"": 0.466871, ""2.A.1.e"": 0.418403, ""2.A.1.f"": 0.195901, ""2.A.2.a"": 0.603068, ""2.A.2.b"": 0.466373, ""2.A.2.c"": 0.502614, ""2.A.2.d"": 0.489475, ""2.B.1.a"": 0.359692, ""2.B.1.b"": 0.412035, ""2.B.1.c"": 0.323672, ""2.B.1.d"": 0.390218, ""2.B.1.e"": 0.443661, ""2.B.1.f"": 0.400141, ""2.B.2.i"": 0.473717, ""2.B.3.a"": 0.264721, ""2.B.3.b"": 0.501891, ""2.B.3.c"": 0.20677, ""2.B.3.d"": 0.21868, ""2.B.3.e"": 0.217189, ""2.B.3.g"": 0.378195, ""2.B.3.h"": 0.158501, ""2.B.3.j"": 0.218223, ""2.B.3.k"": 0.340613, ""2.B.3.l"": 0.199717, ""2.B.3.m"": 0.189377, ""2.B.4.e"": 0.52756, ""2.B.4.g"": 0.577849, ""2.B.4.h"": 0.596244, ""2.B.5.a"": 0.417857, ""2.B.5.b"": 0.289923, ""2.B.5.c"": 0.263912, ""2.B.5.d"": 0.399599}",在武汉参与软件开发工程师工作9年，持续提升阅读理解、积极倾听、书面表达、口头表达等技能。,负责软件开发工程师相关项目，完成需求分析、代码实现、测试验证和上线复盘，使用软件工程知识解决实际业务问题。,我具备硕士学历，专业为软件工程，目标方向是软件质量保证分析师与测试工程师。重视工程质量、团队协作和持续学习。,"求职方向：软件质量保证分析师与测试工程师
教育背景：硕士｜软件工程
工作经历：在武汉参与软件开发工程师工作9年，持续提升阅读理解、积极倾听、书面表达、口头表达等技能。
项目经历：负责软件开发工程师相关项目，完成需求分析、代码实现、测试验证和上线复盘，使用软件工程知识解决实际业务问题。
技能：阅读理解、积极倾听、书面表达、口头表达、数学、批判性思维、主动学习、学习策略、监控、社会洞察、协调、说服、谈判、指导、服务导向、复杂问题解决、技术设计、运营监控、故障排查、判断与决策、系统分析、系统评估、时间管理、财务资源管理、人员资源管理
自我评价：我具备硕士学历，专业为软件工程，目标方向是软件质量保证分析师与测试工程师。重视工程质量、团队协作和持续学习。",synthetic_chinese_resume
CR0008,u008,大专,数据科学与大数据技术,5,西安,15-1253.00,软件质量保证分析师与测试工程师,15-1252.00,软件开发工程师,阅读理解、积极倾听、书面表达、口头表达、数学、科学、批判性思维、主动学习、学习策略、监控、社会洞察、协调、说服、谈判、指导、服务导向、复杂问题解决、运营分析、技术设计、编程、运营监控、操作与控制、故障排查、质量控制分析、判断与决策、系统分析、系统评估、时间管理,"{""2.A.1.a"": 0.556581, ""2.A.1.b"": 0.647124, ""2.A.1.c"": 0.54498, ""2.A.1.d"": 0.649436, ""2.A.1.e"": 0.43662, ""2.A.1.f"": 0.327589, ""2.A.2.a"": 0.486961, ""2.A.2.b"": 0.483565, ""2.A.2.c"": 0.479592, ""2.A.2.d"": 0.448485, ""2.B.1.a"": 0.353421, ""2.B.1.b"": 0.464337, ""2.B.1.c"": 0.368367, ""2.B.1.d"": 0.283612, ""2.B.1.e"": 0.379515, ""2.B.1.f"": 0.37944, ""2.B.2.i"": 0.447716, ""2.B.3.a"": 0.529503, ""2.B.3.b"": 0.376078, ""2.B.3.c"": 0.207619, ""2.B.3.d"": 0.278057, ""2.B.3.e"": 0.53342, ""2.B.3.g"": 0.404528, ""2.B.3.h"": 0.314756, ""2.B.3.j"": 0.214951, ""2.B.3.k"": 0.387908, ""2.B.3.l"": 0.232672, ""2.B.3.m"": 0.579957, ""2.B.4.e"": 0.523959, ""2.B.4.g"": 0.423303, ""2.B.4.h"": 0.469367, ""2.B.5.a"": 0.426206, ""2.B.5.b"": 0.250836, ""2.B.5.c"": 0.178695, ""2.B.5.d"": 0.242685}",在西安参与软件质量保证分析师与测试工程师工作5年，持续提升阅读理解、积极倾听、书面表达、口头表达等技能。,负责软件质量保证分析师与测试工程师相关项目，完成需求分析、代码实现、测试验证和上线复盘，使用数据科学与大数据技术知识解决实际业务问题。,我具备大专学历，专业为数据科学与大数据技术，目标方向是软件开发工程师。重视工程质量、团队协作和持续学习。,"求职方向：软件开发工程师
教育背景：大专｜数据科学与大数据技术
工作经历：在西安参与软件质量保证分析师与测试工程师工作5年，持续提升阅读理解、积极倾听、书面表达、口头表达等技能。
项目经历：负责软件质量保证分析师与测试工程师相关项目，完成需求分析、代码实现、测试验证和上线复盘，使用数据科学与大数据技术知识解决实际业务问题。
技能：阅读理解、积极倾听、书面表达、口头表达、数学、科学、批判性思维、主动学习、学习策略、监控、社会洞察、协调、说服、谈判、指导、服务导向、复杂问题解决、运营分析、技术设计、编程、运营监控、操作与控制、故障排查、质量控制分析、判断与决策、系统分析、系统评估、时间管理
自我评价：我具备大专学历，专业为数据科学与大数据技术，目标方向是软件开发工程师。重视工程质量、团队协作和持续学习。",synthetic_chinese_resume
CR0009,u009,本科,网络工程,1,北京,15-1254.00,网页开发工程师,15-1252.00,软件开发工程师,阅读理解、积极倾听、书面表达、口头表达、数学、批判性思维、主动学习、学习策略、监控、社会洞察、协调、说服、谈判、指导、服务导向、复杂问题解决、运营分析、设备选型、编程、运营监控、故障排查、质量控制分析、判断与决策、系统分析、系统评估、时间管理、财务资源管理,"{""2.A.1.a"": 0.643329, ""2.A.1.b"": 0.521607, ""2.A.1.c"": 0.491139, ""2.A.1.d"": 0.390354, ""2.A.1.e"": 0.296566, ""2.A.1.f"": 0.259878, ""2.A.2.a"": 0.51, ""2.A.2.b"": 0.45081, ""2.A.2.c"": 0.34163, ""2.A.2.d"": 0.491583, ""2.B.1.a"": 0.366856, ""2.B.1.b"": 0.38367, ""2.B.1.c"": 0.461589, ""2.B.1.d"": 0.438579, ""2.B.1.e"": 0.477132, ""2.B.1.f"": 0.449958, ""2.B.2.i"": 0.515475, ""2.B.3.a"": 0.522089, ""2.B.3.b"": 0.244781, ""2.B.3.c"": 0.291575, ""2.B.3.d"": 0.194137, ""2.B.3.e"": 0.612405, ""2.B.3.g"": 0.345661, ""2.B.3.h"": 0.15185, ""2.B.3.j"": 0.200646, ""2.B.3.k"": 0.37281, ""2.B.3.l"": 0.1522, ""2.B.3.m"": 0.408694, ""2.B.4.e"": 0.43795, ""2.B.4.g"": 0.554296, ""2.B.4.h"": 0.431129, ""2.B.5.a"": 0.375128, ""2.B.5.b"": 0.307982, ""2.B.5.c"": 0.274166, ""2.B.5.d"": 0.274578}",在北京参与网页开发工程师工作1年，持续提升阅读理解、积极倾听、书面表达、口头表达等技能。,负责网页开发工程师相关项目，完成需求分析、代码实现、测试验证和上线复盘，使用网络工程知识解决实际业务问题。,我具备本科学历，专业为网络工程，目标方向是软件开发工程师。重视工程质量、团队协作和持续学习。,"求职方向：软件开发工程师
教育背景：本科｜网络工程
工作经历：在北京参与网页开发工程师工作1年，持续提升阅读理解、积极倾听、书面表达、口头表达等技能。
项目经历：负责网页开发工程师相关项目，完成需求分析、代码实现、测试验证和上线复盘，使用网络工程知识解决实际业务问题。
技能：阅读理解、积极倾听、书面表达、口头表达、数学、批判性思维、主动学习、学习策略、监控、社会洞察、协调、说服、谈判、指导、服务导向、复杂问题解决、运营分析、设备选型、编程、运营监控、故障排查、质量控制分析、判断与决策、系统分析、系统评估、时间管理、财务资源管理
自我评价：我具备本科学历，专业为网络工程，目标方向是软件开发工程师。重视工程质量、团队协作和持续学习。",synthetic_chinese_resume
CR0010,u010,本科,信息安全,8,上海,15-1255.00,网页与数字界面设计师,15-2031.00,运筹分析师,阅读理解、积极倾听、书面表达、口头表达、数学、批判性思维、主动学习、学习策略、监控、社会洞察、协调、说服、谈判、指导、服务导向、复杂问题解决、运营分析、技术设计、编程、运营监控、判断与决策、系统分析、系统评估、时间管理、财务资源管理、人员资源管理,"{""2.A.1.a"": 0.518259, ""2.A.1.b"": 0.600362, ""2.A.1.c"": 0.451532, ""2.A.1.d"": 0.533077, ""2.A.1.e"": 0.495574, ""2.A.1.f"": 0.1997, ""2.A.2.a"": 0.583184, ""2.A.2.b"": 0.558327, ""2.A.2.c"": 0.429968, ""2.A.2.d"": 0.527774, ""2.B.1.a"": 0.377327, ""2.B.1.b"": 0.420086, ""2.B.1.c"": 0.431784, ""2.B.1.d"": 0.491997, ""2.B.1.e"": 0.453044, ""2.B.1.f"": 0.373377, ""2.B.2.i"": 0.583157, ""2.B.3.a"": 0.481433, ""2.B.3.b"": 0.405191, ""2.B.3.c"": 0.248044, ""2.B.3.d"": 0.209277, ""2.B.3.e"": 0.588139, ""2.B.3.g"": 0.313289, ""2.B.3.h"": 0.234475, ""2.B.3.j"": 0.165399, ""2.B.3.k"": 0.225715, ""2.B.3.l"": 0.224925, ""2.B.3.m"": 0.238605, ""2.B.4.e"": 0.49626, ""2.B.4.g"": 0.476365, ""2.B.4.h"": 0.483999, ""2.B.5.a"": 0.406692, ""2.B.5.b"": 0.307434, ""2.B.5.c"": 0.252659, ""2.B.5.d"": 0.324077}",在上海参与网页与数字界面设计师工作8年，持续提升阅读理解、积极倾听、书面表达、口头表达等技能。,负责网页与数字界面设计师相关项目，完成需求分析、代码实现、测试验证和上线复盘，使用信息安全知识解决实际业务问题。,我具备本科学历，专业为信息安全，目标方向是运筹分析师。重视工程质量、团队协作和持续学习。,"求职方向：运筹分析师
教育背景：本科｜信息安全
工作经历：在上海参与网页与数字界面设计师工作8年，持续提升阅读理解、积极倾听、书面表达、口头表达等技能。
项目经历：负责网页与数字界面设计师相关项目，完成需求分析、代码实现、测试验证和上线复盘，使用信息安全知识解决实际业务问题。
技能：阅读理解、积极倾听、书面表达、口头表达、数学、批判性思维、主动学习、学习策略、监控、社会洞察、协调、说服、谈判、指导、服务导向、复杂问题解决、运营分析、技术设计、编程、运营监控、判断与决策、系统分析、系统评估、时间管理、财务资源管理、人员资源管理
自我评价：我具备本科学历，专业为信息安全，目标方向是运筹分析师。重视工程质量、团队协作和持续学习。",synthetic_chinese_resume
CR0011,u011,硕士,计算机科学与技术,4,广州,15-2031.00,运筹分析师,15-2051.00,数据科学家,阅读理解、积极倾听、书面表达、口头表达、数学、科学、批判性思维、主动学习、学习策略、监控、社会洞察、协调、说服、谈判、指导、服务导向、复杂问题解决、运营分析、编程、判断与决策、系统分析、系统评估、时间管理、财务资源管理、物资资源管理,"{""2.A.1.a"": 0.608055, ""2.A.1.b"": 0.53905, ""2.A.1.c"": 0.61829, ""2.A.1.d"": 0.44934, ""2.A.1.e"": 0.834976, ""2.A.1.f"": 0.39115, ""2.A.2.a"": 0.564869, ""2.A.2.b"": 0.549019, ""2.A.2.c"": 0.459787, ""2.A.2.d"": 0.329837, ""2.B.1.a"": 0.449265, ""2.B.1.b"": 0.574639, ""2.B.1.c"": 0.385453, ""2.B.1.d"": 0.316243, ""2.B.1.e"": 0.477098, ""2.B.1.f"": 0.434884, ""2.B.2.i"": 0.69419, ""2.B.3.a"": 0.597784, ""2.B.3.b"": 0.267243, ""2.B.3.c"": 0.263359, ""2.B.3.d"": 0.194732, ""2.B.3.e"": 0.39719, ""2.B.3.g"": 0.190312, ""2.B.3.h"": 0.1684, ""2.B.3.j"": 0.232866, ""2.B.3.k"": 0.170435, ""2.B.3.l"": 0.161113, ""2.B.3.m"": 0.226066, ""2.B.4.e"": 0.502199, ""2.B.4.g"": 0.525275, ""2.B.4.h"": 0.625086, ""2.B.5.a"": 0.470537, ""2.B.5.b"": 0.298786, ""2.B.5.c"": 0.292806, ""2.B.5.d"": 0.250993}",在广州参与运筹分析师工作4年，持续提升阅读理解、积极倾听、书面表达、口头表达等技能。,负责运筹分析师相关项目，完成需求分析、代码实现、测试验证和上线复盘，使用计算机科学与技术知识解决实际业务问题。,我具备硕士学历，专业为计算机科学与技术，目标方向是数据科学家。重视工程质量、团队协作和持续学习。,"求职方向：数据科学家
教育背景：硕士｜计算机科学与技术
工作经历：在广州参与运筹分析师工作4年，持续提升阅读理解、积极倾听、书面表达、口头表达等技能。
项目经历：负责运筹分析师相关项目，完成需求分析、代码实现、测试验证和上线复盘，使用计算机科学与技术知识解决实际业务问题。
技能：阅读理解、积极倾听、书面表达、口头表达、数学、科学、批判性思维、主动学习、学习策略、监控、社会洞察、协调、说服、谈判、指导、服务导向、复杂问题解决、运营分析、编程、判断与决策、系统分析、系统评估、时间管理、财务资源管理、物资资源管理
自我评价：我具备硕士学历，专业为计算机科学与技术，目标方向是数据科学家。重视工程质量、团队协作和持续学习。",synthetic_chinese_resume
CR0012,u012,大专,软件工程,0,深圳,15-2051.00,数据科学家,15-1211.00,计算机系统分析师,阅读理解、积极倾听、书面表达、口头表达、数学、批判性思维、主动学习、学习策略、监控、社会洞察、协调、说服、谈判、指导、服务导向、复杂问题解决、运营分析、编程、运营监控、操作与控制、判断与决策、系统分析、系统评估、时间管理、人员资源管理,"{""2.A.1.a"": 0.68523, ""2.A.1.b"": 0.559274, ""2.A.1.c"": 0.528683, ""2.A.1.d"": 0.517233, ""2.A.1.e"": 0.525259, ""2.A.1.f"": 0.204827, ""2.A.2.a"": 0.532596, ""2.A.2.b"": 0.487081, ""2.A.2.c"": 0.380854, ""2.A.2.d"": 0.530268, ""2.B.1.a"": 0.442356, ""2.B.1.b"": 0.525207, ""2.B.1.c"": 0.451064, ""2.B.1.d"": 0.355287, ""2.B.1.e"": 0.457298, ""2.B.1.f"": 0.411306, ""2.B.2.i"": 0.517182, ""2.B.3.a"": 0.41032, ""2.B.3.b"": 0.260559, ""2.B.3.c"": 0.236635, ""2.B.3.d"": 0.183844, ""2.B.3.e"": 0.351073, ""2.B.3.g"": 0.344915, ""2.B.3.h"": 0.324201, ""2.B.3.j"": 0.263644, ""2.B.3.k"": 0.264723, ""2.B.3.l"": 0.258838, ""2.B.3.m"": 0.255561, ""2.B.4.e"": 0.562802, ""2.B.4.g"": 0.457612, ""2.B.4.h"": 0.53055, ""2.B.5.a"": 0.439198, ""2.B.5.b"": 0.224117, ""2.B.5.c"": 0.272788, ""2.B.5.d"": 0.419115}",在深圳参与数据科学家工作0年，持续提升阅读理解、积极倾听、书面表达、口头表达等技能。,负责数据科学家相关项目，完成需求分析、代码实现、测试验证和上线复盘，使用软件工程知识解决实际业务问题。,我具备大专学历，专业为软件工程，目标方向是计算机系统分析师。重视工程质量、团队协作和持续学习。,"求职方向：计算机系统分析师
教育背景：大专｜软件工程
工作经历：在深圳参与数据科学家工作0年，持续提升阅读理解、积极倾听、书面表达、口头表达等技能。
项目经历：负责数据科学家相关项目，完成需求分析、代码实现、测试验证和上线复盘，使用软件工程知识解决实际业务问题。
技能：阅读理解、积极倾听、书面表达、口头表达、数学、批判性思维、主动学习、学习策略、监控、社会洞察、协调、说服、谈判、指导、服务导向、复杂问题解决、运营分析、编程、运营监控、操作与控制、判断与决策、系统分析、系统评估、时间管理、人员资源管理
自我评价：我具备大专学历，专业为软件工程，目标方向是计算机系统分析师。重视工程质量、团队协作和持续学习。",synthetic_chinese_resume
CR0013,u013,本科,数据科学与大数据技术,7,杭州,15-1211.00,计算机系统分析师,15-2051.00,数据科学家,阅读理解、积极倾听、书面表达、口头表达、数学、科学、批判性思维、主动学习、学习策略、监控、社会洞察、协调、说服、谈判、指导、服务导向、复杂问题解决、运营分析、技术设计、设备选型、编程、运营监控、操作与控制、故障排查、修复、质量控制分析、判断与决策、系统分析、系统评估、时间管理、财务资源管理、人员资源管理,"{""2.A.1.a"": 0.606165, ""2.A.1.b"": 0.545819, ""2.A.1.c"": 0.513724, ""2.A.1.d"": 0.642788, ""2.A.1.e"": 0.45722, ""2.A.1.f"": 0.37975, ""2.A.2.a"": 0.53451, ""2.A.2.b"": 0.4977, ""2.A.2.c"": 0.426992, ""2.A.2.d"": 0.561112, ""2.B.1.a"": 0.429499, ""2.B.1.b"": 0.566049, ""2.B.1.c"": 0.418023, ""2.B.1.d"": 0.318888, ""2.B.1.e"": 0.445927, ""2.B.1.f"": 0.469911, ""2.B.2.i"": 0.466271, ""2.B.3.a"": 0.524233, ""2.B.3.b"": 0.396078, ""2.B.3.c"": 0.412748, ""2.B.3.d"": 0.238807, ""2.B.3.e"": 0.501011, ""2.B.3.g"": 0.429953, ""2.B.3.h"": 0.367049, ""2.B.3.j"": 0.161992, ""2.B.3.k"": 0.46207, ""2.B.3.l"": 0.281635, ""2.B.3.m"": 0.410866, ""2.B.4.e"": 0.602205, ""2.B.4.g"": 0.574965, ""2.B.4.h"": 0.528427, ""2.B.5.a"": 0.39758, ""2.B.5.b"": 0.291624, ""2.B.5.c"": 0.227918, ""2.B.5.d"": 0.3959}",在杭州参与计算机系统分析师工作7年，持续提升阅读理解、积极倾听、书面表达、口头表达等技能。,负责计算机系统分析师相关项目，完成需求分析、代码实现、测试验证和上线复盘，使用数据科学与大数据技术知识解决实际业务问题。,我具备本科学历，专业为数据科学与大数据技术，目标方向是数据科学家。重视工程质量、团队协作和持续学习。,"求职方向：数据科学家
教育背景：本科｜数据科学与大数据技术
工作经历：在杭州参与计算机系统分析师工作7年，持续提升阅读理解、积极倾听、书面表达、口头表达等技能。
项目经历：负责计算机系统分析师相关项目，完成需求分析、代码实现、测试验证和上线复盘，使用数据科学与大数据技术知识解决实际业务问题。
技能：阅读理解、积极倾听、书面表达、口头表达、数学、科学、批判性思维、主动学习、学习策略、监控、社会洞察、协调、说服、谈判、指导、服务导向、复杂问题解决、运营分析、技术设计、设备选型、编程、运营监控、操作与控制、故障排查、修复、质量控制分析、判断与决策、系统分析、系统评估、时间管理、财务资源管理、人员资源管理
自我评价：我具备本科学历，专业为数据科学与大数据技术，目标方向是数据科学家。重视工程质量、团队协作和持续学习。",synthetic_chinese_resume
CR0014,u014,本科,网络工程,3,成都,15-1212.00,信息安全分析师,15-1242.00,数据库管理员,阅读理解、积极倾听、书面表达、口头表达、批判性思维、主动学习、学习策略、监控、社会洞察、协调、说服、谈判、指导、服务导向、复杂问题解决、运营分析、技术设计、编程、运营监控、故障排查、质量控制分析、判断与决策、系统分析、系统评估、时间管理、财务资源管理、人员资源管理,"{""2.A.1.a"": 0.590951, ""2.A.1.b"": 0.531872, ""2.A.1.c"": 0.420382, ""2.A.1.d"": 0.53418, ""2.A.1.e"": 0.271749, ""2.A.1.f"": 0.265273, ""2.A.2.a"": 0.568174, ""2.A.2.b"": 0.522078, ""2.A.2.c"": 0.375044, ""2.A.2.d"": 0.498352, ""2.B.1.a"": 0.40683, ""2.B.1.b"": 0.499416, ""2.B.1.c"": 0.445199, ""2.B.1.d"": 0.45123, ""2.B.1.e"": 0.353005, ""2.B.1.f"": 0.344188, ""2.B.2.i"": 0.531874, ""2.B.3.a"": 0.37644, ""2.B.3.b"": 0.302209, ""2.B.3.c"": 0.179605, ""2.B.3.d"": 0.206792, ""2.B.3.e"": 0.321058, ""2.B.3.g"": 0.355401, ""2.B.3.h"": 0.217508, ""2.B.3.j"": 0.182154, ""2.B.3.k"": 0.287725, ""2.B.3.l"": 0.20133, ""2.B.3.m"": 0.343187, ""2.B.4.e"": 0.492489, ""2.B.4.g"": 0.519032, ""2.B.4.h"": 0.426197, ""2.B.5.a"": 0.481777, ""2.B.5.b"": 0.295239, ""2.B.5.c"": 0.204896, ""2.B.5.d"": 0.419637}",在成都参与信息安全分析师工作3年，持续提升阅读理解、积极倾听、书面表达、口头表达等技能。,负责信息安全分析师相关项目，完成需求分析、代码实现、测试验证和上线复盘，使用网络工程知识解决实际业务问题。,我具备本科学历，专业为网络工程，目标方向是数据库管理员。重视工程质量、团队协作和持续学习。,"求职方向：数据库管理员
教育背景：本科｜网络工程
工作经历：在成都参与信息安全分析师工作3年，持续提升阅读理解、积极倾听、书面表达、口头表达等技能。
项目经历：负责信息安全分析师相关项目，完成需求分析、代码实现、测试验证和上线复盘，使用网络工程知识解决实际业务问题。
技能：阅读理解、积极倾听、书面表达、口头表达、批判性思维、主动学习、学习策略、监控、社会洞察、协调、说服、谈判、指导、服务导向、复杂问题解决、运营分析、技术设计、编程、运营监控、故障排查、质量控制分析、判断与决策、系统分析、系统评估、时间管理、财务资源管理、人员资源管理
自我评价：我具备本科学历，专业为网络工程，目标方向是数据库管理员。重视工程质量、团队协作和持续学习。",synthetic_chinese_resume
CR0015,u015,硕士,信息安全,10,武汉,15-1242.00,数据库管理员,15-2051.00,数据科学家,阅读理解、积极倾听、书面表达、口头表达、数学、科学、批判性思维、主动学习、学习策略、监控、社会洞察、协调、说服、谈判、指导、服务导向、复杂问题解决、运营分析、技术设计、编程、运营监控、故障排查、质量控制分析、判断与决策、系统分析、系统评估、时间管理、财务资源管理、人员资源管理,"{""2.A.1.a"": 0.630901, ""2.A.1.b"": 0.549503, ""2.A.1.c"": 0.577382, ""2.A.1.d"": 0.504723, ""2.A.1.e"": 0.436539, ""2.A.1.f"": 0.311623, ""2.A.2.a"": 0.613262, ""2.A.2.b"": 0.606856, ""2.A.2.c"": 0.460435, ""2.A.2.d"": 0.512424, ""2.B.1.a"": 0.391991, ""2.B.1.b"": 0.386423, ""2.B.1.c"": 0.37554, ""2.B.1.d"": 0.297642, ""2.B.1.e"": 0.424971, ""2.B.1.f"": 0.391736, ""2.B.2.i"": 0.522987, ""2.B.3.a"": 0.386399, ""2.B.3.b"": 0.300378, ""2.B.3.c"": 0.17948, ""2.B.3.d"": 0.217934, ""2.B.3.e"": 0.396256, ""2.B.3.g"": 0.424327, ""2.B.3.h"": 0.160369, ""2.B.3.j"": 0.168213, ""2.B.3.k"": 0.41047, ""2.B.3.l"": 0.238687, ""2.B.3.m"": 0.353269, ""2.B.4.e"": 0.606164, ""2.B.4.g"": 0.561798, ""2.B.4.h"": 0.563558, ""2.B.5.a"": 0.471712, ""2.B.5.b"": 0.297583, ""2.B.5.c"": 0.250794, ""2.B.5.d"": 0.489993}",在武汉参与数据库管理员工作10年，持续提升阅读理解、积极倾听、书面表达、口头表达等技能。,负责数据库管理员相关项目，完成需求分析、代码实现、测试验证和上线复盘，使用信息安全知识解决实际业务问题。,我具备硕士学历，专业为信息安全，目标方向是数据科学家。重视工程质量、团队协作和持续学习。,"求职方向：数据科学家
教育背景：硕士｜信息安全
工作经历：在武汉参与数据库管理员工作10年，持续提升阅读理解、积极倾听、书面表达、口头表达等技能。
项目经历：负责数据库管理员相关项目，完成需求分析、代码实现、测试验证和上线复盘，使用信息安全知识解决实际业务问题。
技能：阅读理解、积极倾听、书面表达、口头表达、数学、科学、批判性思维、主动学习、学习策略、监控、社会洞察、协调、说服、谈判、指导、服务导向、复杂问题解决、运营分析、技术设计、编程、运营监控、故障排查、质量控制分析、判断与决策、系统分析、系统评估、时间管理、财务资源管理、人员资源管理
自我评价：我具备硕士学历，专业为信息安全，目标方向是数据科学家。重视工程质量、团队协作和持续学习。",synthetic_chinese_resume
CR0016,u016,大专,计算机科学与技术,6,西安,15-1243.00,数据库架构师,15-1244.00,网络与计算机系统管理员,阅读理解、积极倾听、书面表达、口头表达、数学、批判性思维、主动学习、学习策略、监控、社会洞察、协调、说服、谈判、指导、服务导向、复杂问题解决、运营分析、技术设计、编程、运营监控、质量控制分析、判断与决策、系统分析、系统评估、时间管理、人员资源管理,"{""2.A.1.a"": 0.503512, ""2.A.1.b"": 0.545831, ""2.A.1.c"": 0.416183, ""2.A.1.d"": 0.43088, ""2.A.1.e"": 0.491587, ""2.A.1.f"": 0.273272, ""2.A.2.a"": 0.563795, ""2.A.2.b"": 0.467917, ""2.A.2.c"": 0.473182, ""2.A.2.d"": 0.461698, ""2.B.1.a"": 0.395044, ""2.B.1.b"": 0.534891, ""2.B.1.c"": 0.457582, ""2.B.1.d"": 0.346516, ""2.B.1.e"": 0.50818, ""2.B.1.f"": 0.323799, ""2.B.2.i"": 0.637627, ""2.B.3.a"": 0.479701, ""2.B.3.b"": 0.505036, ""2.B.3.c"": 0.154789, ""2.B.3.d"": 0.216801, ""2.B.3.e"": 0.569371, ""2.B.3.g"": 0.32202, ""2.B.3.h"": 0.270321, ""2.B.3.j"": 0.260467, ""2.B.3.k"": 0.265335, ""2.B.3.l"": 0.178228, ""2.B.3.m"": 0.281838, ""2.B.4.e"": 0.508633, ""2.B.4.g"": 0.504154, ""2.B.4.h"": 0.511812, ""2.B.5.a"": 0.41213, ""2.B.5.b"": 0.26176, ""2.B.5.c"": 0.276198, ""2.B.5.d"": 0.348727}",在西安参与数据库架构师工作6年，持续提升阅读理解、积极倾听、书面表达、口头表达等技能。,负责数据库架构师相关项目，完成需求分析、代码实现、测试验证和上线复盘，使用计算机科学与技术知识解决实际业务问题。,我具备大专学历，专业为计算机科学与技术，目标方向是网络与计算机系统管理员。重视工程质量、团队协作和持续学习。,"求职方向：网络与计算机系统管理员
教育背景：大专｜计算机科学与技术
工作经历：在西安参与数据库架构师工作6年，持续提升阅读理解、积极倾听、书面表达、口头表达等技能。
项目经历：负责数据库架构师相关项目，完成需求分析、代码实现、测试验证和上线复盘，使用计算机科学与技术知识解决实际业务问题。
技能：阅读理解、积极倾听、书面表达、口头表达、数学、批判性思维、主动学习、学习策略、监控、社会洞察、协调、说服、谈判、指导、服务导向、复杂问题解决、运营分析、技术设计、编程、运营监控、质量控制分析、判断与决策、系统分析、系统评估、时间管理、人员资源管理
自我评价：我具备大专学历，专业为计算机科学与技术，目标方向是网络与计算机系统管理员。重视工程质量、团队协作和持续学习。",synthetic_chinese_resume
CR0017,u017,本科,软件工程,2,北京,15-1244.00,网络与计算机系统管理员,15-1212.00,信息安全分析师,阅读理解、积极倾听、书面表达、口头表达、数学、科学、批判性思维、主动学习、学习策略、监控、社会洞察、协调、说服、谈判、指导、服务导向、复杂问题解决、运营分析、技术设计、设备选型、编程、运营监控、操作与控制、设备维护、故障排查、修复、质量控制分析、判断与决策、系统分析、系统评估、时间管理、财务资源管理、物资资源管理、人员资源管理,"{""2.A.1.a"": 0.576979, ""2.A.1.b"": 0.522768, ""2.A.1.c"": 0.517659, ""2.A.1.d"": 0.476845, ""2.A.1.e"": 0.488295, ""2.A.1.f"": 0.306309, ""2.A.2.a"": 0.527981, ""2.A.2.b"": 0.507085, ""2.A.2.c"": 0.43734, ""2.A.2.d"": 0.531793, ""2.B.1.a"": 0.343431, ""2.B.1.b"": 0.444329, ""2.B.1.c"": 0.387305, ""2.B.1.d"": 0.454346, ""2.B.1.e"": 0.560656, ""2.B.1.f"": 0.35774, ""2.B.2.i"": 0.554245, ""2.B.3.a"": 0.482574, ""2.B.3.b"": 0.397988, ""2.B.3.c"": 0.397346, ""2.B.3.d"": 0.205293, ""2.B.3.e"": 0.465688, ""2.B.3.g"": 0.473748, ""2.B.3.h"": 0.421011, ""2.B.3.j"": 0.497954, ""2.B.3.k"": 0.621634, ""2.B.3.l"": 0.415825, ""2.B.3.m"": 0.533609, ""2.B.4.e"": 0.487434, ""2.B.4.g"": 0.613144, ""2.B.4.h"": 0.609891, ""2.B.5.a"": 0.518875, ""2.B.5.b"": 0.300034, ""2.B.5.c"": 0.326149, ""2.B.5.d"": 0.442396}",在北京参与网络与计算机系统管理员工作2年，持续提升阅读理解、积极倾听、书面表达、口头表达等技能。,负责网络与计算机系统管理员相关项目，完成需求分析、代码实现、测试验证和上线复盘，使用软件工程知识解决实际业务问题。,我具备本科学历，专业为软件工程，目标方向是信息安全分析师。重视工程质量、团队协作和持续学习。,"求职方向：信息安全分析师
教育背景：本科｜软件工程
工作经历：在北京参与网络与计算机系统管理员工作2年，持续提升阅读理解、积极倾听、书面表达、口头表达等技能。
项目经历：负责网络与计算机系统管理员相关项目，完成需求分析、代码实现、测试验证和上线复盘，使用软件工程知识解决实际业务问题。
技能：阅读理解、积极倾听、书面表达、口头表达、数学、科学、批判性思维、主动学习、学习策略、监控、社会洞察、协调、说服、谈判、指导、服务导向、复杂问题解决、运营分析、技术设计、设备选型、编程、运营监控、操作与控制、设备维护、故障排查、修复、质量控制分析、判断与决策、系统分析、系统评估、时间管理、财务资源管理、物资资源管理、人员资源管理
自我评价：我具备本科学历，专业为软件工程，目标方向是信息安全分析师。重视工程质量、团队协作和持续学习。",synthetic_chinese_resume
CR0018,u018,本科,数据科学与大数据技术,9,上海,15-1251.00,计算机程序员,15-1252.00,软件开发工程师,阅读理解、积极倾听、书面表达、口头表达、数学、科学、批判性思维、主动学习、学习策略、监控、社会洞察、协调、说服、指导、服务导向、复杂问题解决、运营分析、技术设计、编程、质量控制分析、判断与决策、系统分析、系统评估、时间管理、物资资源管理、人员资源管理,"{""2.A.1.a"": 0.473454, ""2.A.1.b"": 0.538742, ""2.A.1.c"": 0.421432, ""2.A.1.d"": 0.47577, ""2.A.1.e"": 0.386811, ""2.A.1.f"": 0.342987, ""2.A.2.a"": 0.600753, ""2.A.2.b"": 0.408954, ""2.A.2.c"": 0.329626, ""2.A.2.d"": 0.382991, ""2.B.1.a"": 0.489857, ""2.B.1.b"": 0.326233, ""2.B.1.c"": 0.332608, ""2.B.1.d"": 0.274338, ""2.B.1.e"": 0.333071, ""2.B.1.f"": 0.383287, ""2.B.2.i"": 0.546604, ""2.B.3.a"": 0.475339, ""2.B.3.b"": 0.414736, ""2.B.3.c"": 0.158934, ""2.B.3.d"": 0.247148, ""2.B.3.e"": 0.787112, ""2.B.3.g"": 0.27977, ""2.B.3.h"": 0.221176, ""2.B.3.j"": 0.155658, ""2.B.3.k"": 0.277475, ""2.B.3.l"": 0.166583, ""2.B.3.m"": 0.542265, ""2.B.4.e"": 0.476578, ""2.B.4.g"": 0.450378, ""2.B.4.h"": 0.502275, ""2.B.5.a"": 0.353101, ""2.B.5.b"": 0.232707, ""2.B.5.c"": 0.288781, ""2.B.5.d"": 0.400734}",在上海参与计算机程序员工作9年，持续提升阅读理解、积极倾听、书面表达、口头表达等技能。,负责计算机程序员相关项目，完成需求分析、代码实现、测试验证和上线复盘，使用数据科学与大数据技术知识解决实际业务问题。,我具备本科学历，专业为数据科学与大数据技术，目标方向是软件开发工程师。重视工程质量、团队协作和持续学习。,"求职方向：软件开发工程师
教育背景：本科｜数据科学与大数据技术
工作经历：在上海参与计算机程序员工作9年，持续提升阅读理解、积极倾听、书面表达、口头表达等技能。
项目经历：负责计算机程序员相关项目，完成需求分析、代码实现、测试验证和上线复盘，使用数据科学与大数据技术知识解决实际业务问题。
技能：阅读理解、积极倾听、书面表达、口头表达、数学、科学、批判性思维、主动学习、学习策略、监控、社会洞察、协调、说服、指导、服务导向、复杂问题解决、运营分析、技术设计、编程、质量控制分析、判断与决策、系统分析、系统评估、时间管理、物资资源管理、人员资源管理
自我评价：我具备本科学历，专业为数据科学与大数据技术，目标方向是软件开发工程师。重视工程质量、团队协作和持续学习。",synthetic_chinese_resume
CR0019,u019,硕士,网络工程,5,广州,15-1252.00,软件开发工程师,15-1253.00,软件质量保证分析师与测试工程师,阅读理解、积极倾听、书面表达、口头表达、数学、科学、批判性思维、主动学习、学习策略、监控、社会洞察、协调、说服、谈判、指导、服务导向、复杂问题解决、技术设计、运营监控、故障排查、判断与决策、系统分析、系统评估、时间管理、物资资源管理、人员资源管理,"{""2.A.1.a"": 0.561103, ""2.A.1.b"": 0.495181, ""2.A.1.c"": 0.459395, ""2.A.1.d"": 0.435984, ""2.A.1.e"": 0.460348, ""2.A.1.f"": 0.303829, ""2.A.2.a"": 0.613761, ""2.A.2.b"": 0.548063, ""2.A.2.c"": 0.353955, ""2.A.2.d"": 0.475049, ""2.B.1.a"": 0.384377, ""2.B.1.b"": 0.468043, ""2.B.1.c"": 0.376228, ""2.B.1.d"": 0.419998, ""2.B.1.e"": 0.397713, ""2.B.1.f"": 0.464236, ""2.B.2.i"": 0.544115, ""2.B.3.a"": 0.241486, ""2.B.3.b"": 0.508337, ""2.B.3.c"": 0.229172, ""2.B.3.d"": 0.233144, ""2.B.3.e"": 0.245899, ""2.B.3.g"": 0.363473, ""2.B.3.h"": 0.194934, ""2.B.3.j"": 0.27002, ""2.B.3.k"": 0.334127, ""2.B.3.l"": 0.243594, ""2.B.3.m"": 0.223764, ""2.B.4.e"": 0.533757, ""2.B.4.g"": 0.490346, ""2.B.4.h"": 0.635474, ""2.B.5.a"": 0.462713, ""2.B.5.b"": 0.213466, ""2.B.5.c"": 0.312881, ""2.B.5.d"": 0.33582}",在广州参与软件开发工程师工作5年，持续提升阅读理解、积极倾听、书面表达、口头表达等技能。,负责软件开发工程师相关项目，完成需求分析、代码实现、测试验证和上线复盘，使用网络工程知识解决实际业务问题。,我具备硕士学历，专业为网络工程，目标方向是软件质量保证分析师与测试工程师。重视工程质量、团队协作和持续学习。,"求职方向：软件质量保证分析师与测试工程师
教育背景：硕士｜网络工程
工作经历：在广州参与软件开发工程师工作5年，持续提升阅读理解、积极倾听、书面表达、口头表达等技能。
项目经历：负责软件开发工程师相关项目，完成需求分析、代码实现、测试验证和上线复盘，使用网络工程知识解决实际业务问题。
技能：阅读理解、积极倾听、书面表达、口头表达、数学、科学、批判性思维、主动学习、学习策略、监控、社会洞察、协调、说服、谈判、指导、服务导向、复杂问题解决、技术设计、运营监控、故障排查、判断与决策、系统分析、系统评估、时间管理、物资资源管理、人员资源管理
自我评价：我具备硕士学历，专业为网络工程，目标方向是软件质量保证分析师与测试工程师。重视工程质量、团队协作和持续学习。",synthetic_chinese_resume
CR0020,u020,大专,信息安全,1,深圳,15-1253.00,软件质量保证分析师与测试工程师,15-1252.00,软件开发工程师,阅读理解、积极倾听、书面表达、口头表达、数学、科学、批判性思维、主动学习、学习策略、监控、社会洞察、协调、说服、谈判、指导、服务导向、复杂问题解决、运营分析、技术设计、安装、编程、运营监控、操作与控制、故障排查、质量控制分析、判断与决策、系统分析、系统评估、时间管理、人员资源管理,"{""2.A.1.a"": 0.560331, ""2.A.1.b"": 0.4448, ""2.A.1.c"": 0.557036, ""2.A.1.d"": 0.55857, ""2.A.1.e"": 0.447097, ""2.A.1.f"": 0.426795, ""2.A.2.a"": 0.544568, ""2.A.2.b"": 0.345685, ""2.A.2.c"": 0.407891, ""2.A.2.d"": 0.554777, ""2.B.1.a"": 0.376783, ""2.B.1.b"": 0.330718, ""2.B.1.c"": 0.45655, ""2.B.1.d"": 0.360712, ""2.B.1.e"": 0.30878, ""2.B.1.f"": 0.405937, ""2.B.2.i"": 0.400745, ""2.B.3.a"": 0.515667, ""2.B.3.b"": 0.401187, ""2.B.3.c"": 0.203663, ""2.B.3.d"": 0.329666, ""2.B.3.e"": 0.565055, ""2.B.3.g"": 0.373752, ""2.B.3.h"": 0.347225, ""2.B.3.j"": 0.24156, ""2.B.3.k"": 0.446903, ""2.B.3.l"": 0.138903, ""2.B.3.m"": 0.526641, ""2.B.4.e"": 0.454969, ""2.B.4.g"": 0.438502, ""2.B.4.h"": 0.488479, ""2.B.5.a"": 0.491481, ""2.B.5.b"": 0.253603, ""2.B.5.c"": 0.195481, ""2.B.5.d"": 0.304128}",在深圳参与软件质量保证分析师与测试工程师工作1年，持续提升阅读理解、积极倾听、书面表达、口头表达等技能。,负责软件质量保证分析师与测试工程师相关项目，完成需求分析、代码实现、测试验证和上线复盘，使用信息安全知识解决实际业务问题。,我具备大专学历，专业为信息安全，目标方向是软件开发工程师。重视工程质量、团队协作和持续学习。,"求职方向：软件开发工程师
教育背景：大专｜信息安全
工作经历：在深圳参与软件质量保证分析师与测试工程师工作1年，持续提升阅读理解、积极倾听、书面表达、口头表达等技能。
项目经历：负责软件质量保证分析师与测试工程师相关项目，完成需求分析、代码实现、测试验证和上线复盘，使用信息安全知识解决实际业务问题。
技能：阅读理解、积极倾听、书面表达、口头表达、数学、科学、批判性思维、主动学习、学习策略、监控、社会洞察、协调、说服、谈判、指导、服务导向、复杂问题解决、运营分析、技术设计、安装、编程、运营监控、操作与控制、故障排查、质量控制分析、判断与决策、系统分析、系统评估、时间管理、人员资源管理
自我评价：我具备大专学历，专业为信息安全，目标方向是软件开发工程师。重视工程质量、团队协作和持续学习。",synthetic_chinese_resume
CR0021,u021,本科,计算机科学与技术,8,杭州,15-1254.00,网页开发工程师,15-1252.00,软件开发工程师,阅读理解、积极倾听、书面表达、口头表达、数学、科学、批判性思维、主动学习、学习策略、监控、社会洞察、协调、说服、谈判、指导、服务导向、复杂问题解决、运营分析、技术设计、设备选型、编程、运营监控、质量控制分析、判断与决策、系统分析、系统评估、时间管理、物资资源管理、人员资源管理,"{""2.A.1.a"": 0.462059, ""2.A.1.b"": 0.582483, ""2.A.1.c"": 0.432874, ""2.A.1.d"": 0.396892, ""2.A.1.e"": 0.464001, ""2.A.1.f"": 0.352785, ""2.A.2.a"": 0.534492, ""2.A.2.b"": 0.55119, ""2.A.2.c"": 0.46198, ""2.A.2.d"": 0.452213, ""2.B.1.a"": 0.384482, ""2.B.1.b"": 0.403871, ""2.B.1.c"": 0.393016, ""2.B.1.d"": 0.372155, ""2.B.1.e"": 0.374101, ""2.B.1.f"": 0.426995, ""2.B.2.i"": 0.510159, ""2.B.3.a"": 0.604119, ""2.B.3.b"": 0.377074, ""2.B.3.c"": 0.337068, ""2.B.3.d"": 0.238272, ""2.B.3.e"": 0.589347, ""2.B.3.g"": 0.407063, ""2.B.3.h"": 0.219147, ""2.B.3.j"": 0.268838, ""2.B.3.k"": 0.259646, ""2.B.3.l"": 0.186491, ""2.B.3.m"": 0.409003, ""2.B.4.e"": 0.598557, ""2.B.4.g"": 0.495175, ""2.B.4.h"": 0.418548, ""2.B.5.a"": 0.407477, ""2.B.5.b"": 0.241935, ""2.B.5.c"": 0.312958, ""2.B.5.d"": 0.309387}",在杭州参与网页开发工程师工作8年，持续提升阅读理解、积极倾听、书面表达、口头表达等技能。,负责网页开发工程师相关项目，完成需求分析、代码实现、测试验证和上线复盘，使用计算机科学与技术知识解决实际业务问题。,我具备本科学历，专业为计算机科学与技术，目标方向是软件开发工程师。重视工程质量、团队协作和持续学习。,"求职方向：软件开发工程师
教育背景：本科｜计算机科学与技术
工作经历：在杭州参与网页开发工程师工作8年，持续提升阅读理解、积极倾听、书面表达、口头表达等技能。
项目经历：负责网页开发工程师相关项目，完成需求分析、代码实现、测试验证和上线复盘，使用计算机科学与技术知识解决实际业务问题。
技能：阅读理解、积极倾听、书面表达、口头表达、数学、科学、批判性思维、主动学习、学习策略、监控、社会洞察、协调、说服、谈判、指导、服务导向、复杂问题解决、运营分析、技术设计、设备选型、编程、运营监控、质量控制分析、判断与决策、系统分析、系统评估、时间管理、物资资源管理、人员资源管理
自我评价：我具备本科学历，专业为计算机科学与技术，目标方向是软件开发工程师。重视工程质量、团队协作和持续学习。",synthetic_chinese_resume
CR0022,u022,本科,软件工程,4,成都,15-1255.00,网页与数字界面设计师,15-2031.00,运筹分析师,阅读理解、积极倾听、书面表达、口头表达、数学、批判性思维、主动学习、学习策略、监控、社会洞察、协调、说服、谈判、指导、服务导向、复杂问题解决、运营分析、技术设计、编程、运营监控、质量控制分析、判断与决策、系统分析、系统评估、时间管理、物资资源管理、人员资源管理,"{""2.A.1.a"": 0.518304, ""2.A.1.b"": 0.601204, ""2.A.1.c"": 0.467206, ""2.A.1.d"": 0.436139, ""2.A.1.e"": 0.41551, ""2.A.1.f"": 0.210673, ""2.A.2.a"": 0.487341, ""2.A.2.b"": 0.564132, ""2.A.2.c"": 0.452485, ""2.A.2.d"": 0.417126, ""2.B.1.a"": 0.441461, ""2.B.1.b"": 0.445082, ""2.B.1.c"": 0.401525, ""2.B.1.d"": 0.450568, ""2.B.1.e"": 0.375775, ""2.B.1.f"": 0.385279, ""2.B.2.i"": 0.523709, ""2.B.3.a"": 0.391052, ""2.B.3.b"": 0.430348, ""2.B.3.c"": 0.1773, ""2.B.3.d"": 0.192153, ""2.B.3.e"": 0.593025, ""2.B.3.g"": 0.322015, ""2.B.3.h"": 0.182369, ""2.B.3.j"": 0.269142, ""2.B.3.k"": 0.209372, ""2.B.3.l"": 0.224426, ""2.B.3.m"": 0.325641, ""2.B.4.e"": 0.506337, ""2.B.4.g"": 0.519053, ""2.B.4.h"": 0.527345, ""2.B.5.a"": 0.456301, ""2.B.5.b"": 0.228556, ""2.B.5.c"": 0.300455, ""2.B.5.d"": 0.308379}",在成都参与网页与数字界面设计师工作4年，持续提升阅读理解、积极倾听、书面表达、口头表达等技能。,负责网页与数字界面设计师相关项目，完成需求分析、代码实现、测试验证和上线复盘，使用软件工程知识解决实际业务问题。,我具备本科学历，专业为软件工程，目标方向是运筹分析师。重视工程质量、团队协作和持续学习。,"求职方向：运筹分析师
教育背景：本科｜软件工程
工作经历：在成都参与网页与数字界面设计师工作4年，持续提升阅读理解、积极倾听、书面表达、口头表达等技能。
项目经历：负责网页与数字界面设计师相关项目，完成需求分析、代码实现、测试验证和上线复盘，使用软件工程知识解决实际业务问题。
技能：阅读理解、积极倾听、书面表达、口头表达、数学、批判性思维、主动学习、学习策略、监控、社会洞察、协调、说服、谈判、指导、服务导向、复杂问题解决、运营分析、技术设计、编程、运营监控、质量控制分析、判断与决策、系统分析、系统评估、时间管理、物资资源管理、人员资源管理
自我评价：我具备本科学历，专业为软件工程，目标方向是运筹分析师。重视工程质量、团队协作和持续学习。",synthetic_chinese_resume
CR0023,u023,硕士,数据科学与大数据技术,0,武汉,15-2031.00,运筹分析师,15-2051.00,数据科学家,阅读理解、积极倾听、书面表达、口头表达、数学、科学、批判性思维、主动学习、学习策略、监控、社会洞察、协调、说服、谈判、指导、服务导向、复杂问题解决、运营分析、编程、判断与决策、系统分析、系统评估、时间管理、人员资源管理,"{""2.A.1.a"": 0.539611, ""2.A.1.b"": 0.587361, ""2.A.1.c"": 0.592088, ""2.A.1.d"": 0.601818, ""2.A.1.e"": 0.651107, ""2.A.1.f"": 0.422942, ""2.A.2.a"": 0.535969, ""2.A.2.b"": 0.555036, ""2.A.2.c"": 0.409871, ""2.A.2.d"": 0.322866, ""2.B.1.a"": 0.394261, ""2.B.1.b"": 0.464837, ""2.B.1.c"": 0.458523, ""2.B.1.d"": 0.359594, ""2.B.1.e"": 0.403376, ""2.B.1.f"": 0.358236, ""2.B.2.i"": 0.660213, ""2.B.3.a"": 0.56366, ""2.B.3.b"": 0.245318, ""2.B.3.c"": 0.173011, ""2.B.3.d"": 0.254091, ""2.B.3.e"": 0.326589, ""2.B.3.g"": 0.222519, ""2.B.3.h"": 0.243755, ""2.B.3.j"": 0.22337, ""2.B.3.k"": 0.194113, ""2.B.3.l"": 0.213546, ""2.B.3.m"": 0.255165, ""2.B.4.e"": 0.623566, ""2.B.4.g"": 0.536535, ""2.B.4.h"": 0.593568, ""2.B.5.a"": 0.39129, ""2.B.5.b"": 0.203941, ""2.B.5.c"": 0.241809, ""2.B.5.d"": 0.318245}",在武汉参与运筹分析师工作0年，持续提升阅读理解、积极倾听、书面表达、口头表达等技能。,负责运筹分析师相关项目，完成需求分析、代码实现、测试验证和上线复盘，使用数据科学与大数据技术知识解决实际业务问题。,我具备硕士学历，专业为数据科学与大数据技术，目标方向是数据科学家。重视工程质量、团队协作和持续学习。,"求职方向：数据科学家
教育背景：硕士｜数据科学与大数据技术
工作经历：在武汉参与运筹分析师工作0年，持续提升阅读理解、积极倾听、书面表达、口头表达等技能。
项目经历：负责运筹分析师相关项目，完成需求分析、代码实现、测试验证和上线复盘，使用数据科学与大数据技术知识解决实际业务问题。
技能：阅读理解、积极倾听、书面表达、口头表达、数学、科学、批判性思维、主动学习、学习策略、监控、社会洞察、协调、说服、谈判、指导、服务导向、复杂问题解决、运营分析、编程、判断与决策、系统分析、系统评估、时间管理、人员资源管理
自我评价：我具备硕士学历，专业为数据科学与大数据技术，目标方向是数据科学家。重视工程质量、团队协作和持续学习。",synthetic_chinese_resume
CR0024,u024,大专,网络工程,7,西安,15-2051.00,数据科学家,15-1211.00,计算机系统分析师,阅读理解、积极倾听、书面表达、口头表达、数学、科学、批判性思维、主动学习、学习策略、监控、社会洞察、协调、说服、谈判、指导、服务导向、复杂问题解决、运营分析、编程、判断与决策、系统分析、系统评估、时间管理、财务资源管理、人员资源管理,"{""2.A.1.a"": 0.608225, ""2.A.1.b"": 0.589385, ""2.A.1.c"": 0.574121, ""2.A.1.d"": 0.565531, ""2.A.1.e"": 0.502291, ""2.A.1.f"": 0.28937, ""2.A.2.a"": 0.641663, ""2.A.2.b"": 0.47185, ""2.A.2.c"": 0.504244, ""2.A.2.d"": 0.473255, ""2.B.1.a"": 0.371396, ""2.B.1.b"": 0.416187, ""2.B.1.c"": 0.376869, ""2.B.1.d"": 0.335432, ""2.B.1.e"": 0.325208, ""2.B.1.f"": 0.325229, ""2.B.2.i"": 0.550083, ""2.B.3.a"": 0.326322, ""2.B.3.b"": 0.240785, ""2.B.3.c"": 0.186346, ""2.B.3.d"": 0.170768, ""2.B.3.e"": 0.471469, ""2.B.3.g"": 0.247913, ""2.B.3.h"": 0.271581, ""2.B.3.j"": 0.243568, ""2.B.3.k"": 0.227513, ""2.B.3.l"": 0.211449, ""2.B.3.m"": 0.262038, ""2.B.4.e"": 0.519002, ""2.B.4.g"": 0.472247, ""2.B.4.h"": 0.512007, ""2.B.5.a"": 0.439712, ""2.B.5.b"": 0.284471, ""2.B.5.c"": 0.257008, ""2.B.5.d"": 0.348728}",在西安参与数据科学家工作7年，持续提升阅读理解、积极倾听、书面表达、口头表达等技能。,负责数据科学家相关项目，完成需求分析、代码实现、测试验证和上线复盘，使用网络工程知识解决实际业务问题。,我具备大专学历，专业为网络工程，目标方向是计算机系统分析师。重视工程质量、团队协作和持续学习。,"求职方向：计算机系统分析师
教育背景：大专｜网络工程
工作经历：在西安参与数据科学家工作7年，持续提升阅读理解、积极倾听、书面表达、口头表达等技能。
项目经历：负责数据科学家相关项目，完成需求分析、代码实现、测试验证和上线复盘，使用网络工程知识解决实际业务问题。
技能：阅读理解、积极倾听、书面表达、口头表达、数学、科学、批判性思维、主动学习、学习策略、监控、社会洞察、协调、说服、谈判、指导、服务导向、复杂问题解决、运营分析、编程、判断与决策、系统分析、系统评估、时间管理、财务资源管理、人员资源管理
自我评价：我具备大专学历，专业为网络工程，目标方向是计算机系统分析师。重视工程质量、团队协作和持续学习。",synthetic_chinese_resume
CR0025,u025,本科,信息安全,3,北京,15-1211.00,计算机系统分析师,15-2051.00,数据科学家,阅读理解、积极倾听、书面表达、口头表达、数学、科学、批判性思维、主动学习、学习策略、监控、社会洞察、协调、说服、谈判、指导、服务导向、复杂问题解决、运营分析、技术设计、设备选型、安装、编程、运营监控、操作与控制、故障排查、质量控制分析、判断与决策、系统分析、系统评估、时间管理、财务资源管理、物资资源管理、人员资源管理,"{""2.A.1.a"": 0.60773, ""2.A.1.b"": 0.508767, ""2.A.1.c"": 0.5007, ""2.A.1.d"": 0.549595, ""2.A.1.e"": 0.42877, ""2.A.1.f"": 0.315483, ""2.A.2.a"": 0.577009, ""2.A.2.b"": 0.534244, ""2.A.2.c"": 0.485672, ""2.A.2.d"": 0.539332, ""2.B.1.a"": 0.484582, ""2.B.1.b"": 0.511284, ""2.B.1.c"": 0.39218, ""2.B.1.d"": 0.330105, ""2.B.1.e"": 0.43062, ""2.B.1.f"": 0.429768, ""2.B.2.i"": 0.608283, ""2.B.3.a"": 0.463845, ""2.B.3.b"": 0.492295, ""2.B.3.c"": 0.307592, ""2.B.3.d"": 0.281641, ""2.B.3.e"": 0.558455, ""2.B.3.g"": 0.450163, ""2.B.3.h"": 0.301922, ""2.B.3.j"": 0.216055, ""2.B.3.k"": 0.562719, ""2.B.3.l"": 0.266347, ""2.B.3.m"": 0.437932, ""2.B.4.e"": 0.507975, ""2.B.4.g"": 0.598751, ""2.B.4.h"": 0.537322, ""2.B.5.a"": 0.461815, ""2.B.5.b"": 0.280028, ""2.B.5.c"": 0.295265, ""2.B.5.d"": 0.46769}",在北京参与计算机系统分析师工作3年，持续提升阅读理解、积极倾听、书面表达、口头表达等技能。,负责计算机系统分析师相关项目，完成需求分析、代码实现、测试验证和上线复盘，使用信息安全知识解决实际业务问题。,我具备本科学历，专业为信息安全，目标方向是数据科学家。重视工程质量、团队协作和持续学习。,"求职方向：数据科学家
教育背景：本科｜信息安全
工作经历：在北京参与计算机系统分析师工作3年，持续提升阅读理解、积极倾听、书面表达、口头表达等技能。
项目经历：负责计算机系统分析师相关项目，完成需求分析、代码实现、测试验证和上线复盘，使用信息安全知识解决实际业务问题。
技能：阅读理解、积极倾听、书面表达、口头表达、数学、科学、批判性思维、主动学习、学习策略、监控、社会洞察、协调、说服、谈判、指导、服务导向、复杂问题解决、运营分析、技术设计、设备选型、安装、编程、运营监控、操作与控制、故障排查、质量控制分析、判断与决策、系统分析、系统评估、时间管理、财务资源管理、物资资源管理、人员资源管理
自我评价：我具备本科学历，专业为信息安全，目标方向是数据科学家。重视工程质量、团队协作和持续学习。",synthetic_chinese_resume
CR0026,u026,本科,计算机科学与技术,10,上海,15-1212.00,信息安全分析师,15-1242.00,数据库管理员,阅读理解、积极倾听、书面表达、口头表达、数学、科学、批判性思维、主动学习、学习策略、监控、社会洞察、协调、说服、谈判、指导、服务导向、复杂问题解决、运营分析、技术设计、编程、运营监控、故障排查、质量控制分析、判断与决策、系统分析、系统评估、时间管理、人员资源管理,"{""2.A.1.a"": 0.564169, ""2.A.1.b"": 0.576689, ""2.A.1.c"": 0.525773, ""2.A.1.d"": 0.488598, ""2.A.1.e"": 0.371454, ""2.A.1.f"": 0.338582, ""2.A.2.a"": 0.640111, ""2.A.2.b"": 0.519075, ""2.A.2.c"": 0.439239, ""2.A.2.d"": 0.54676, ""2.B.1.a"": 0.432315, ""2.B.1.b"": 0.395131, ""2.B.1.c"": 0.442183, ""2.B.1.d"": 0.333643, ""2.B.1.e"": 0.430991, ""2.B.1.f"": 0.396852, ""2.B.2.i"": 0.527687, ""2.B.3.a"": 0.429155, ""2.B.3.b"": 0.300117, ""2.B.3.c"": 0.209012, ""2.B.3.d"": 0.141847, ""2.B.3.e"": 0.303599, ""2.B.3.g"": 0.447366, ""2.B.3.h"": 0.214188, ""2.B.3.j"": 0.185226, ""2.B.3.k"": 0.40936, ""2.B.3.l"": 0.193861, ""2.B.3.m"": 0.409079, ""2.B.4.e"": 0.500328, ""2.B.4.g"": 0.493204, ""2.B.4.h"": 0.41203, ""2.B.5.a"": 0.435819, ""2.B.5.b"": 0.24666, ""2.B.5.c"": 0.143518, ""2.B.5.d"": 0.492456}",在上海参与信息安全分析师工作10年，持续提升阅读理解、积极倾听、书面表达、口头表达等技能。,负责信息安全分析师相关项目，完成需求分析、代码实现、测试验证和上线复盘，使用计算机科学与技术知识解决实际业务问题。,我具备本科学历，专业为计算机科学与技术，目标方向是数据库管理员。重视工程质量、团队协作和持续学习。,"求职方向：数据库管理员
教育背景：本科｜计算机科学与技术
工作经历：在上海参与信息安全分析师工作10年，持续提升阅读理解、积极倾听、书面表达、口头表达等技能。
项目经历：负责信息安全分析师相关项目，完成需求分析、代码实现、测试验证和上线复盘，使用计算机科学与技术知识解决实际业务问题。
技能：阅读理解、积极倾听、书面表达、口头表达、数学、科学、批判性思维、主动学习、学习策略、监控、社会洞察、协调、说服、谈判、指导、服务导向、复杂问题解决、运营分析、技术设计、编程、运营监控、故障排查、质量控制分析、判断与决策、系统分析、系统评估、时间管理、人员资源管理
自我评价：我具备本科学历，专业为计算机科学与技术，目标方向是数据库管理员。重视工程质量、团队协作和持续学习。",synthetic_chinese_resume
CR0027,u027,硕士,软件工程,6,广州,15-1242.00,数据库管理员,15-2051.00,数据科学家,阅读理解、积极倾听、书面表达、口头表达、数学、批判性思维、主动学习、学习策略、监控、社会洞察、协调、说服、谈判、指导、服务导向、复杂问题解决、运营分析、技术设计、安装、编程、运营监控、故障排查、质量控制分析、判断与决策、系统分析、系统评估、时间管理、人员资源管理,"{""2.A.1.a"": 0.524049, ""2.A.1.b"": 0.5726, ""2.A.1.c"": 0.464823, ""2.A.1.d"": 0.533732, ""2.A.1.e"": 0.438367, ""2.A.1.f"": 0.235737, ""2.A.2.a"": 0.52352, ""2.A.2.b"": 0.584431, ""2.A.2.c"": 0.396932, ""2.A.2.d"": 0.505504, ""2.B.1.a"": 0.377096, ""2.B.1.b"": 0.421821, ""2.B.1.c"": 0.450253, ""2.B.1.d"": 0.375124, ""2.B.1.e"": 0.484533, ""2.B.1.f"": 0.410462, ""2.B.2.i"": 0.520798, ""2.B.3.a"": 0.474791, ""2.B.3.b"": 0.309217, ""2.B.3.c"": 0.279652, ""2.B.3.d"": 0.285628, ""2.B.3.e"": 0.558463, ""2.B.3.g"": 0.435144, ""2.B.3.h"": 0.226623, ""2.B.3.j"": 0.198302, ""2.B.3.k"": 0.291229, ""2.B.3.l"": 0.210728, ""2.B.3.m"": 0.360541, ""2.B.4.e"": 0.524066, ""2.B.4.g"": 0.402737, ""2.B.4.h"": 0.518227, ""2.B.5.a"": 0.38971, ""2.B.5.b"": 0.276949, ""2.B.5.c"": 0.240246, ""2.B.5.d"": 0.327078}",在广州参与数据库管理员工作6年，持续提升阅读理解、积极倾听、书面表达、口头表达等技能。,负责数据库管理员相关项目，完成需求分析、代码实现、测试验证和上线复盘，使用软件工程知识解决实际业务问题。,我具备硕士学历，专业为软件工程，目标方向是数据科学家。重视工程质量、团队协作和持续学习。,"求职方向：数据科学家
教育背景：硕士｜软件工程
工作经历：在广州参与数据库管理员工作6年，持续提升阅读理解、积极倾听、书面表达、口头表达等技能。
项目经历：负责数据库管理员相关项目，完成需求分析、代码实现、测试验证和上线复盘，使用软件工程知识解决实际业务问题。
技能：阅读理解、积极倾听、书面表达、口头表达、数学、批判性思维、主动学习、学习策略、监控、社会洞察、协调、说服、谈判、指导、服务导向、复杂问题解决、运营分析、技术设计、安装、编程、运营监控、故障排查、质量控制分析、判断与决策、系统分析、系统评估、时间管理、人员资源管理
自我评价：我具备硕士学历，专业为软件工程，目标方向是数据科学家。重视工程质量、团队协作和持续学习。",synthetic_chinese_resume
CR0028,u028,大专,数据科学与大数据技术,2,深圳,15-1243.00,数据库架构师,15-1244.00,网络与计算机系统管理员,阅读理解、积极倾听、书面表达、口头表达、数学、批判性思维、主动学习、学习策略、监控、社会洞察、协调、说服、谈判、指导、服务导向、复杂问题解决、运营分析、技术设计、编程、运营监控、修复、质量控制分析、判断与决策、系统分析、系统评估、时间管理、人员资源管理,"{""2.A.1.a"": 0.598577, ""2.A.1.b"": 0.531258, ""2.A.1.c"": 0.435533, ""2.A.1.d"": 0.480061, ""2.A.1.e"": 0.395619, ""2.A.1.f"": 0.261541, ""2.A.2.a"": 0.589301, ""2.A.2.b"": 0.526919, ""2.A.2.c"": 0.430767, ""2.A.2.d"": 0.546074, ""2.B.1.a"": 0.476125, ""2.B.1.b"": 0.451904, ""2.B.1.c"": 0.462701, ""2.B.1.d"": 0.312644, ""2.B.1.e"": 0.502444, ""2.B.1.f"": 0.449177, ""2.B.2.i"": 0.593379, ""2.B.3.a"": 0.459816, ""2.B.3.b"": 0.423543, ""2.B.3.c"": 0.244909, ""2.B.3.d"": 0.270198, ""2.B.3.e"": 0.501581, ""2.B.3.g"": 0.387938, ""2.B.3.h"": 0.231215, ""2.B.3.j"": 0.200228, ""2.B.3.k"": 0.18901, ""2.B.3.l"": 0.286335, ""2.B.3.m"": 0.3125, ""2.B.4.e"": 0.482227, ""2.B.4.g"": 0.573349, ""2.B.4.h"": 0.460808, ""2.B.5.a"": 0.431697, ""2.B.5.b"": 0.279294, ""2.B.5.c"": 0.217767, ""2.B.5.d"": 0.318905}",在深圳参与数据库架构师工作2年，持续提升阅读理解、积极倾听、书面表达、口头表达等技能。,负责数据库架构师相关项目，完成需求分析、代码实现、测试验证和上线复盘，使用数据科学与大数据技术知识解决实际业务问题。,我具备大专学历，专业为数据科学与大数据技术，目标方向是网络与计算机系统管理员。重视工程质量、团队协作和持续学习。,"求职方向：网络与计算机系统管理员
教育背景：大专｜数据科学与大数据技术
工作经历：在深圳参与数据库架构师工作2年，持续提升阅读理解、积极倾听、书面表达、口头表达等技能。
项目经历：负责数据库架构师相关项目，完成需求分析、代码实现、测试验证和上线复盘，使用数据科学与大数据技术知识解决实际业务问题。
技能：阅读理解、积极倾听、书面表达、口头表达、数学、批判性思维、主动学习、学习策略、监控、社会洞察、协调、说服、谈判、指导、服务导向、复杂问题解决、运营分析、技术设计、编程、运营监控、修复、质量控制分析、判断与决策、系统分析、系统评估、时间管理、人员资源管理
自我评价：我具备大专学历，专业为数据科学与大数据技术，目标方向是网络与计算机系统管理员。重视工程质量、团队协作和持续学习。",synthetic_chinese_resume
CR0029,u029,本科,网络工程,9,杭州,15-1244.00,网络与计算机系统管理员,15-1212.00,信息安全分析师,阅读理解、积极倾听、书面表达、口头表达、数学、批判性思维、主动学习、学习策略、监控、社会洞察、协调、说服、谈判、指导、服务导向、复杂问题解决、运营分析、技术设计、设备选型、安装、编程、运营监控、操作与控制、设备维护、故障排查、修复、质量控制分析、判断与决策、系统分析、系统评估、时间管理、物资资源管理、人员资源管理,"{""2.A.1.a"": 0.581838, ""2.A.1.b"": 0.614943, ""2.A.1.c"": 0.602403, ""2.A.1.d"": 0.582947, ""2.A.1.e"": 0.449641, ""2.A.1.f"": 0.258463, ""2.A.2.a"": 0.614978, ""2.A.2.b"": 0.48447, ""2.A.2.c"": 0.445633, ""2.A.2.d"": 0.554914, ""2.B.1.a"": 0.426641, ""2.B.1.b"": 0.428118, ""2.B.1.c"": 0.359147, ""2.B.1.d"": 0.340591, ""2.B.1.e"": 0.405917, ""2.B.1.f"": 0.443525, ""2.B.2.i"": 0.618565, ""2.B.3.a"": 0.34539, ""2.B.3.b"": 0.438798, ""2.B.3.c"": 0.447287, ""2.B.3.d"": 0.31152, ""2.B.3.e"": 0.655106, ""2.B.3.g"": 0.514789, ""2.B.3.h"": 0.456614, ""2.B.3.j"": 0.444129, ""2.B.3.k"": 0.560502, ""2.B.3.l"": 0.401522, ""2.B.3.m"": 0.476096, ""2.B.4.e"": 0.544424, ""2.B.4.g"": 0.589185, ""2.B.4.h"": 0.497007, ""2.B.5.a"": 0.451629, ""2.B.5.b"": 0.27768, ""2.B.5.c"": 0.434396, ""2.B.5.d"": 0.42533}",在杭州参与网络与计算机系统管理员工作9年，持续提升阅读理解、积极倾听、书面表达、口头表达等技能。,负责网络与计算机系统管理员相关项目，完成需求分析、代码实现、测试验证和上线复盘，使用网络工程知识解决实际业务问题。,我具备本科学历，专业为网络工程，目标方向是信息安全分析师。重视工程质量、团队协作和持续学习。,"求职方向：信息安全分析师
教育背景：本科｜网络工程
工作经历：在杭州参与网络与计算机系统管理员工作9年，持续提升阅读理解、积极倾听、书面表达、口头表达等技能。
项目经历：负责网络与计算机系统管理员相关项目，完成需求分析、代码实现、测试验证和上线复盘，使用网络工程知识解决实际业务问题。
技能：阅读理解、积极倾听、书面表达、口头表达、数学、批判性思维、主动学习、学习策略、监控、社会洞察、协调、说服、谈判、指导、服务导向、复杂问题解决、运营分析、技术设计、设备选型、安装、编程、运营监控、操作与控制、设备维护、故障排查、修复、质量控制分析、判断与决策、系统分析、系统评估、时间管理、物资资源管理、人员资源管理
自我评价：我具备本科学历，专业为网络工程，目标方向是信息安全分析师。重视工程质量、团队协作和持续学习。",synthetic_chinese_resume
CR0030,u030,本科,信息安全,5,成都,15-1251.00,计算机程序员,15-1252.00,软件开发工程师,阅读理解、积极倾听、书面表达、口头表达、数学、科学、批判性思维、主动学习、监控、社会洞察、协调、说服、谈判、指导、服务导向、复杂问题解决、运营分析、技术设计、编程、故障排查、质量控制分析、判断与决策、系统分析、系统评估、时间管理、财务资源管理、人员资源管理,"{""2.A.1.a"": 0.412116, ""2.A.1.b"": 0.589364, ""2.A.1.c"": 0.40854, ""2.A.1.d"": 0.470797, ""2.A.1.e"": 0.522859, ""2.A.1.f"": 0.414524, ""2.A.2.a"": 0.501507, ""2.A.2.b"": 0.456202, ""2.A.2.c"": 0.269005, ""2.A.2.d"": 0.471649, ""2.B.1.a"": 0.418242, ""2.B.1.b"": 0.427165, ""2.B.1.c"": 0.416044, ""2.B.1.d"": 0.289006, ""2.B.1.e"": 0.381753, ""2.B.1.f"": 0.385476, ""2.B.2.i"": 0.539795, ""2.B.3.a"": 0.468163, ""2.B.3.b"": 0.414383, ""2.B.3.c"": 0.23297, ""2.B.3.d"": 0.140359, ""2.B.3.e"": 0.866748, ""2.B.3.g"": 0.258674, ""2.B.3.h"": 0.138168, ""2.B.3.j"": 0.180852, ""2.B.3.k"": 0.299533, ""2.B.3.l"": 0.222546, ""2.B.3.m"": 0.464362, ""2.B.4.e"": 0.374461, ""2.B.4.g"": 0.461186, ""2.B.4.h"": 0.470558, ""2.B.5.a"": 0.385235, ""2.B.5.b"": 0.369659, ""2.B.5.c"": 0.214794, ""2.B.5.d"": 0.402254}",在成都参与计算机程序员工作5年，持续提升阅读理解、积极倾听、书面表达、口头表达等技能。,负责计算机程序员相关项目，完成需求分析、代码实现、测试验证和上线复盘，使用信息安全知识解决实际业务问题。,我具备本科学历，专业为信息安全，目标方向是软件开发工程师。重视工程质量、团队协作和持续学习。,"求职方向：软件开发工程师
教育背景：本科｜信息安全
工作经历：在成都参与计算机程序员工作5年，持续提升阅读理解、积极倾听、书面表达、口头表达等技能。
项目经历：负责计算机程序员相关项目，完成需求分析、代码实现、测试验证和上线复盘，使用信息安全知识解决实际业务问题。
技能：阅读理解、积极倾听、书面表达、口头表达、数学、科学、批判性思维、主动学习、监控、社会洞察、协调、说服、谈判、指导、服务导向、复杂问题解决、运营分析、技术设计、编程、故障排查、质量控制分析、判断与决策、系统分析、系统评估、时间管理、财务资源管理、人员资源管理
自我评价：我具备本科学历，专业为信息安全，目标方向是软件开发工程师。重视工程质量、团队协作和持续学习。",synthetic_chinese_resume
CR0031,u031,硕士,计算机科学与技术,1,武汉,15-1252.00,软件开发工程师,15-1253.00,软件质量保证分析师与测试工程师,阅读理解、积极倾听、书面表达、口头表达、数学、批判性思维、主动学习、学习策略、监控、社会洞察、协调、说服、谈判、指导、服务导向、复杂问题解决、技术设计、运营监控、故障排查、判断与决策、系统分析、系统评估、时间管理、财务资源管理、物资资源管理、人员资源管理,"{""2.A.1.a"": 0.590227, ""2.A.1.b"": 0.547784, ""2.A.1.c"": 0.441509, ""2.A.1.d"": 0.434113, ""2.A.1.e"": 0.391541, ""2.A.1.f"": 0.209717, ""2.A.2.a"": 0.592634, ""2.A.2.b"": 0.517908, ""2.A.2.c"": 0.340199, ""2.A.2.d"": 0.430233, ""2.B.1.a"": 0.316373, ""2.B.1.b"": 0.510505, ""2.B.1.c"": 0.366376, ""2.B.1.d"": 0.294354, ""2.B.1.e"": 0.523499, ""2.B.1.f"": 0.436176, ""2.B.2.i"": 0.49524, ""2.B.3.a"": 0.213128, ""2.B.3.b"": 0.519878, ""2.B.3.c"": 0.22969, ""2.B.3.d"": 0.17442, ""2.B.3.e"": 0.210102, ""2.B.3.g"": 0.341653, ""2.B.3.h"": 0.244177, ""2.B.3.j"": 0.207425, ""2.B.3.k"": 0.355806, ""2.B.3.l"": 0.253126, ""2.B.3.m"": 0.249452, ""2.B.4.e"": 0.426248, ""2.B.4.g"": 0.509886, ""2.B.4.h"": 0.528771, ""2.B.5.a"": 0.48543, ""2.B.5.b"": 0.286701, ""2.B.5.c"": 0.295121, ""2.B.5.d"": 0.301021}",在武汉参与软件开发工程师工作1年，持续提升阅读理解、积极倾听、书面表达、口头表达等技能。,负责软件开发工程师相关项目，完成需求分析、代码实现、测试验证和上线复盘，使用计算机科学与技术知识解决实际业务问题。,我具备硕士学历，专业为计算机科学与技术，目标方向是软件质量保证分析师与测试工程师。重视工程质量、团队协作和持续学习。,"求职方向：软件质量保证分析师与测试工程师
教育背景：硕士｜计算机科学与技术
工作经历：在武汉参与软件开发工程师工作1年，持续提升阅读理解、积极倾听、书面表达、口头表达等技能。
项目经历：负责软件开发工程师相关项目，完成需求分析、代码实现、测试验证和上线复盘，使用计算机科学与技术知识解决实际业务问题。
技能：阅读理解、积极倾听、书面表达、口头表达、数学、批判性思维、主动学习、学习策略、监控、社会洞察、协调、说服、谈判、指导、服务导向、复杂问题解决、技术设计、运营监控、故障排查、判断与决策、系统分析、系统评估、时间管理、财务资源管理、物资资源管理、人员资源管理
自我评价：我具备硕士学历，专业为计算机科学与技术，目标方向是软件质量保证分析师与测试工程师。重视工程质量、团队协作和持续学习。",synthetic_chinese_resume
CR0032,u032,大专,软件工程,8,西安,15-1253.00,软件质量保证分析师与测试工程师,15-1252.00,软件开发工程师,阅读理解、积极倾听、书面表达、口头表达、数学、科学、批判性思维、主动学习、学习策略、监控、社会洞察、协调、说服、谈判、指导、服务导向、复杂问题解决、运营分析、技术设计、安装、编程、运营监控、操作与控制、故障排查、质量控制分析、判断与决策、系统分析、系统评估、时间管理、人员资源管理,"{""2.A.1.a"": 0.59907, ""2.A.1.b"": 0.66336, ""2.A.1.c"": 0.57975, ""2.A.1.d"": 0.646217, ""2.A.1.e"": 0.356993, ""2.A.1.f"": 0.400211, ""2.A.2.a"": 0.512809, ""2.A.2.b"": 0.422802, ""2.A.2.c"": 0.420934, ""2.A.2.d"": 0.543457, ""2.B.1.a"": 0.41952, ""2.B.1.b"": 0.398376, ""2.B.1.c"": 0.358363, ""2.B.1.d"": 0.37741, ""2.B.1.e"": 0.422945, ""2.B.1.f"": 0.397189, ""2.B.2.i"": 0.440247, ""2.B.3.a"": 0.486768, ""2.B.3.b"": 0.325114, ""2.B.3.c"": 0.275047, ""2.B.3.d"": 0.3094, ""2.B.3.e"": 0.521372, ""2.B.3.g"": 0.404673, ""2.B.3.h"": 0.337409, ""2.B.3.j"": 0.186124, ""2.B.3.k"": 0.440442, ""2.B.3.l"": 0.199365, ""2.B.3.m"": 0.5053, ""2.B.4.e"": 0.410584, ""2.B.4.g"": 0.466236, ""2.B.4.h"": 0.478769, ""2.B.5.a"": 0.420371, ""2.B.5.b"": 0.255327, ""2.B.5.c"": 0.19749, ""2.B.5.d"": 0.343471}",在西安参与软件质量保证分析师与测试工程师工作8年，持续提升阅读理解、积极倾听、书面表达、口头表达等技能。,负责软件质量保证分析师与测试工程师相关项目，完成需求分析、代码实现、测试验证和上线复盘，使用软件工程知识解决实际业务问题。,我具备大专学历，专业为软件工程，目标方向是软件开发工程师。重视工程质量、团队协作和持续学习。,"求职方向：软件开发工程师
教育背景：大专｜软件工程
工作经历：在西安参与软件质量保证分析师与测试工程师工作8年，持续提升阅读理解、积极倾听、书面表达、口头表达等技能。
项目经历：负责软件质量保证分析师与测试工程师相关项目，完成需求分析、代码实现、测试验证和上线复盘，使用软件工程知识解决实际业务问题。
技能：阅读理解、积极倾听、书面表达、口头表达、数学、科学、批判性思维、主动学习、学习策略、监控、社会洞察、协调、说服、谈判、指导、服务导向、复杂问题解决、运营分析、技术设计、安装、编程、运营监控、操作与控制、故障排查、质量控制分析、判断与决策、系统分析、系统评估、时间管理、人员资源管理
自我评价：我具备大专学历，专业为软件工程，目标方向是软件开发工程师。重视工程质量、团队协作和持续学习。",synthetic_chinese_resume
CR0033,u033,本科,数据科学与大数据技术,4,北京,15-1254.00,网页开发工程师,15-1252.00,软件开发工程师,阅读理解、积极倾听、书面表达、口头表达、数学、科学、批判性思维、主动学习、学习策略、监控、社会洞察、协调、说服、谈判、指导、服务导向、复杂问题解决、运营分析、技术设计、设备选型、编程、运营监控、故障排查、质量控制分析、判断与决策、系统分析、系统评估、时间管理、人员资源管理,"{""2.A.1.a"": 0.543248, ""2.A.1.b"": 0.471216, ""2.A.1.c"": 0.408944, ""2.A.1.d"": 0.423967, ""2.A.1.e"": 0.374629, ""2.A.1.f"": 0.338913, ""2.A.2.a"": 0.574886, ""2.A.2.b"": 0.41038, ""2.A.2.c"": 0.379647, ""2.A.2.d"": 0.503569, ""2.B.1.a"": 0.43539, ""2.B.1.b"": 0.36395, ""2.B.1.c"": 0.41953, ""2.B.1.d"": 0.365005, ""2.B.1.e"": 0.372694, ""2.B.1.f"": 0.377824, ""2.B.2.i"": 0.495808, ""2.B.3.a"": 0.546935, ""2.B.3.b"": 0.370966, ""2.B.3.c"": 0.281456, ""2.B.3.d"": 0.268187, ""2.B.3.e"": 0.656636, ""2.B.3.g"": 0.310506, ""2.B.3.h"": 0.193041, ""2.B.3.j"": 0.171286, ""2.B.3.k"": 0.317573, ""2.B.3.l"": 0.27336, ""2.B.3.m"": 0.398402, ""2.B.4.e"": 0.473125, ""2.B.4.g"": 0.412233, ""2.B.4.h"": 0.372501, ""2.B.5.a"": 0.346178, ""2.B.5.b"": 0.187168, ""2.B.5.c"": 0.267539, ""2.B.5.d"": 0.328669}",在北京参与网页开发工程师工作4年，持续提升阅读理解、积极倾听、书面表达、口头表达等技能。,负责网页开发工程师相关项目，完成需求分析、代码实现、测试验证和上线复盘，使用数据科学与大数据技术知识解决实际业务问题。,我具备本科学历，专业为数据科学与大数据技术，目标方向是软件开发工程师。重视工程质量、团队协作和持续学习。,"求职方向：软件开发工程师
教育背景：本科｜数据科学与大数据技术
工作经历：在北京参与网页开发工程师工作4年，持续提升阅读理解、积极倾听、书面表达、口头表达等技能。
项目经历：负责网页开发工程师相关项目，完成需求分析、代码实现、测试验证和上线复盘，使用数据科学与大数据技术知识解决实际业务问题。
技能：阅读理解、积极倾听、书面表达、口头表达、数学、科学、批判性思维、主动学习、学习策略、监控、社会洞察、协调、说服、谈判、指导、服务导向、复杂问题解决、运营分析、技术设计、设备选型、编程、运营监控、故障排查、质量控制分析、判断与决策、系统分析、系统评估、时间管理、人员资源管理
自我评价：我具备本科学历，专业为数据科学与大数据技术，目标方向是软件开发工程师。重视工程质量、团队协作和持续学习。",synthetic_chinese_resume
CR0034,u034,本科,网络工程,0,上海,15-1255.00,网页与数字界面设计师,15-2031.00,运筹分析师,阅读理解、积极倾听、书面表达、口头表达、数学、批判性思维、主动学习、学习策略、监控、社会洞察、协调、说服、谈判、指导、服务导向、复杂问题解决、运营分析、技术设计、编程、运营监控、质量控制分析、判断与决策、系统分析、系统评估、时间管理、财务资源管理、物资资源管理、人员资源管理,"{""2.A.1.a"": 0.591799, ""2.A.1.b"": 0.60966, ""2.A.1.c"": 0.462214, ""2.A.1.d"": 0.43552, ""2.A.1.e"": 0.325477, ""2.A.1.f"": 0.176211, ""2.A.2.a"": 0.526311, ""2.A.2.b"": 0.543397, ""2.A.2.c"": 0.454446, ""2.A.2.d"": 0.522595, ""2.B.1.a"": 0.392948, ""2.B.1.b"": 0.394686, ""2.B.1.c"": 0.410563, ""2.B.1.d"": 0.438423, ""2.B.1.e"": 0.482134, ""2.B.1.f"": 0.399246, ""2.B.2.i"": 0.469189, ""2.B.3.a"": 0.4109, ""2.B.3.b"": 0.436206, ""2.B.3.c"": 0.19585, ""2.B.3.d"": 0.167439, ""2.B.3.e"": 0.52753, ""2.B.3.g"": 0.369781, ""2.B.3.h"": 0.265891, ""2.B.3.j"": 0.157723, ""2.B.3.k"": 0.262507, ""2.B.3.l"": 0.182822, ""2.B.3.m"": 0.320057, ""2.B.4.e"": 0.483338, ""2.B.4.g"": 0.443763, ""2.B.4.h"": 0.478261, ""2.B.5.a"": 0.450612, ""2.B.5.b"": 0.340229, ""2.B.5.c"": 0.312619, ""2.B.5.d"": 0.415949}",在上海参与网页与数字界面设计师工作0年，持续提升阅读理解、积极倾听、书面表达、口头表达等技能。,负责网页与数字界面设计师相关项目，完成需求分析、代码实现、测试验证和上线复盘，使用网络工程知识解决实际业务问题。,我具备本科学历，专业为网络工程，目标方向是运筹分析师。重视工程质量、团队协作和持续学习。,"求职方向：运筹分析师
教育背景：本科｜网络工程
工作经历：在上海参与网页与数字界面设计师工作0年，持续提升阅读理解、积极倾听、书面表达、口头表达等技能。
项目经历：负责网页与数字界面设计师相关项目，完成需求分析、代码实现、测试验证和上线复盘，使用网络工程知识解决实际业务问题。
技能：阅读理解、积极倾听、书面表达、口头表达、数学、批判性思维、主动学习、学习策略、监控、社会洞察、协调、说服、谈判、指导、服务导向、复杂问题解决、运营分析、技术设计、编程、运营监控、质量控制分析、判断与决策、系统分析、系统评估、时间管理、财务资源管理、物资资源管理、人员资源管理
自我评价：我具备本科学历，专业为网络工程，目标方向是运筹分析师。重视工程质量、团队协作和持续学习。",synthetic_chinese_resume
CR0035,u035,硕士,信息安全,7,广州,15-2031.00,运筹分析师,15-2051.00,数据科学家,阅读理解、积极倾听、书面表达、口头表达、数学、科学、批判性思维、主动学习、学习策略、监控、社会洞察、协调、说服、谈判、指导、服务导向、复杂问题解决、运营分析、技术设计、编程、质量控制分析、判断与决策、系统分析、系统评估、时间管理,"{""2.A.1.a"": 0.61687, ""2.A.1.b"": 0.512651, ""2.A.1.c"": 0.581789, ""2.A.1.d"": 0.558734, ""2.A.1.e"": 0.839096, ""2.A.1.f"": 0.432438, ""2.A.2.a"": 0.635296, ""2.A.2.b"": 0.592092, ""2.A.2.c"": 0.442855, ""2.A.2.d"": 0.392513, ""2.B.1.a"": 0.355028, ""2.B.1.b"": 0.476987, ""2.B.1.c"": 0.413347, ""2.B.1.d"": 0.316849, ""2.B.1.e"": 0.413686, ""2.B.1.f"": 0.341122, ""2.B.2.i"": 0.713903, ""2.B.3.a"": 0.612398, ""2.B.3.b"": 0.309855, ""2.B.3.c"": 0.1686, ""2.B.3.d"": 0.165884, ""2.B.3.e"": 0.293536, ""2.B.3.g"": 0.212678, ""2.B.3.h"": 0.207446, ""2.B.3.j"": 0.201078, ""2.B.3.k"": 0.243697, ""2.B.3.l"": 0.136672, ""2.B.3.m"": 0.34985, ""2.B.4.e"": 0.634662, ""2.B.4.g"": 0.564973, ""2.B.4.h"": 0.629904, ""2.B.5.a"": 0.394567, ""2.B.5.b"": 0.186411, ""2.B.5.c"": 0.241841, ""2.B.5.d"": 0.257995}",在广州参与运筹分析师工作7年，持续提升阅读理解、积极倾听、书面表达、口头表达等技能。,负责运筹分析师相关项目，完成需求分析、代码实现、测试验证和上线复盘，使用信息安全知识解决实际业务问题。,我具备硕士学历，专业为信息安全，目标方向是数据科学家。重视工程质量、团队协作和持续学习。,"求职方向：数据科学家
教育背景：硕士｜信息安全
工作经历：在广州参与运筹分析师工作7年，持续提升阅读理解、积极倾听、书面表达、口头表达等技能。
项目经历：负责运筹分析师相关项目，完成需求分析、代码实现、测试验证和上线复盘，使用信息安全知识解决实际业务问题。
技能：阅读理解、积极倾听、书面表达、口头表达、数学、科学、批判性思维、主动学习、学习策略、监控、社会洞察、协调、说服、谈判、指导、服务导向、复杂问题解决、运营分析、技术设计、编程、质量控制分析、判断与决策、系统分析、系统评估、时间管理
自我评价：我具备硕士学历，专业为信息安全，目标方向是数据科学家。重视工程质量、团队协作和持续学习。",synthetic_chinese_resume
CR0036,u036,大专,计算机科学与技术,3,深圳,15-2051.00,数据科学家,15-1211.00,计算机系统分析师,阅读理解、积极倾听、书面表达、口头表达、数学、批判性思维、主动学习、学习策略、监控、社会洞察、协调、说服、谈判、指导、服务导向、复杂问题解决、运营分析、编程、质量控制分析、判断与决策、系统分析、系统评估、时间管理、人员资源管理,"{""2.A.1.a"": 0.561007, ""2.A.1.b"": 0.582602, ""2.A.1.c"": 0.64216, ""2.A.1.d"": 0.547838, ""2.A.1.e"": 0.492435, ""2.A.1.f"": 0.249755, ""2.A.2.a"": 0.669396, ""2.A.2.b"": 0.59644, ""2.A.2.c"": 0.46857, ""2.A.2.d"": 0.472693, ""2.B.1.a"": 0.366083, ""2.B.1.b"": 0.465172, ""2.B.1.c"": 0.366841, ""2.B.1.d"": 0.293351, ""2.B.1.e"": 0.479838, ""2.B.1.f"": 0.432298, ""2.B.2.i"": 0.566505, ""2.B.3.a"": 0.379739, ""2.B.3.b"": 0.229122, ""2.B.3.c"": 0.217153, ""2.B.3.d"": 0.162937, ""2.B.3.e"": 0.338598, ""2.B.3.g"": 0.217524, ""2.B.3.h"": 0.255498, ""2.B.3.j"": 0.21085, ""2.B.3.k"": 0.181008, ""2.B.3.l"": 0.182351, ""2.B.3.m"": 0.33331, ""2.B.4.e"": 0.547664, ""2.B.4.g"": 0.531433, ""2.B.4.h"": 0.478662, ""2.B.5.a"": 0.364433, ""2.B.5.b"": 0.24461, ""2.B.5.c"": 0.256319, ""2.B.5.d"": 0.374818}",在深圳参与数据科学家工作3年，持续提升阅读理解、积极倾听、书面表达、口头表达等技能。,负责数据科学家相关项目，完成需求分析、代码实现、测试验证和上线复盘，使用计算机科学与技术知识解决实际业务问题。,我具备大专学历，专业为计算机科学与技术，目标方向是计算机系统分析师。重视工程质量、团队协作和持续学习。,"求职方向：计算机系统分析师
教育背景：大专｜计算机科学与技术
工作经历：在深圳参与数据科学家工作3年，持续提升阅读理解、积极倾听、书面表达、口头表达等技能。
项目经历：负责数据科学家相关项目，完成需求分析、代码实现、测试验证和上线复盘，使用计算机科学与技术知识解决实际业务问题。
技能：阅读理解、积极倾听、书面表达、口头表达、数学、批判性思维、主动学习、学习策略、监控、社会洞察、协调、说服、谈判、指导、服务导向、复杂问题解决、运营分析、编程、质量控制分析、判断与决策、系统分析、系统评估、时间管理、人员资源管理
自我评价：我具备大专学历，专业为计算机科学与技术，目标方向是计算机系统分析师。重视工程质量、团队协作和持续学习。",synthetic_chinese_resume
CR0037,u037,本科,软件工程,10,杭州,15-1211.00,计算机系统分析师,15-2051.00,数据科学家,阅读理解、积极倾听、书面表达、口头表达、数学、科学、批判性思维、主动学习、学习策略、监控、社会洞察、协调、说服、指导、服务导向、复杂问题解决、运营分析、技术设计、设备选型、编程、运营监控、操作与控制、设备维护、故障排查、质量控制分析、判断与决策、系统分析、系统评估、时间管理、财务资源管理、人员资源管理,"{""2.A.1.a"": 0.618353, ""2.A.1.b"": 0.592155, ""2.A.1.c"": 0.454727, ""2.A.1.d"": 0.575814, ""2.A.1.e"": 0.450275, ""2.A.1.f"": 0.335828, ""2.A.2.a"": 0.661135, ""2.A.2.b"": 0.556541, ""2.A.2.c"": 0.395603, ""2.A.2.d"": 0.582536, ""2.B.1.a"": 0.383416, ""2.B.1.b"": 0.473416, ""2.B.1.c"": 0.365187, ""2.B.1.d"": 0.251419, ""2.B.1.e"": 0.528545, ""2.B.1.f"": 0.403722, ""2.B.2.i"": 0.528992, ""2.B.3.a"": 0.422618, ""2.B.3.b"": 0.414945, ""2.B.3.c"": 0.331198, ""2.B.3.d"": 0.270165, ""2.B.3.e"": 0.578295, ""2.B.3.g"": 0.425945, ""2.B.3.h"": 0.342958, ""2.B.3.j"": 0.281129, ""2.B.3.k"": 0.429857, ""2.B.3.l"": 0.250914, ""2.B.3.m"": 0.420069, ""2.B.4.e"": 0.552731, ""2.B.4.g"": 0.645175, ""2.B.4.h"": 0.576732, ""2.B.5.a"": 0.344483, ""2.B.5.b"": 0.378609, ""2.B.5.c"": 0.268061, ""2.B.5.d"": 0.44981}",在杭州参与计算机系统分析师工作10年，持续提升阅读理解、积极倾听、书面表达、口头表达等技能。,负责计算机系统分析师相关项目，完成需求分析、代码实现、测试验证和上线复盘，使用软件工程知识解决实际业务问题。,我具备本科学历，专业为软件工程，目标方向是数据科学家。重视工程质量、团队协作和持续学习。,"求职方向：数据科学家
教育背景：本科｜软件工程
工作经历：在杭州参与计算机系统分析师工作10年，持续提升阅读理解、积极倾听、书面表达、口头表达等技能。
项目经历：负责计算机系统分析师相关项目，完成需求分析、代码实现、测试验证和上线复盘，使用软件工程知识解决实际业务问题。
技能：阅读理解、积极倾听、书面表达、口头表达、数学、科学、批判性思维、主动学习、学习策略、监控、社会洞察、协调、说服、指导、服务导向、复杂问题解决、运营分析、技术设计、设备选型、编程、运营监控、操作与控制、设备维护、故障排查、质量控制分析、判断与决策、系统分析、系统评估、时间管理、财务资源管理、人员资源管理
自我评价：我具备本科学历，专业为软件工程，目标方向是数据科学家。重视工程质量、团队协作和持续学习。",synthetic_chinese_resume
CR0038,u038,本科,数据科学与大数据技术,6,成都,15-1212.00,信息安全分析师,15-1242.00,数据库管理员,阅读理解、积极倾听、书面表达、口头表达、数学、科学、批判性思维、主动学习、学习策略、监控、社会洞察、协调、说服、谈判、指导、服务导向、复杂问题解决、运营分析、技术设计、编程、运营监控、故障排查、质量控制分析、判断与决策、系统分析、系统评估、时间管理、财务资源管理、人员资源管理,"{""2.A.1.a"": 0.672576, ""2.A.1.b"": 0.615345, ""2.A.1.c"": 0.495734, ""2.A.1.d"": 0.514447, ""2.A.1.e"": 0.332763, ""2.A.1.f"": 0.280973, ""2.A.2.a"": 0.570515, ""2.A.2.b"": 0.560262, ""2.A.2.c"": 0.415051, ""2.A.2.d"": 0.544504, ""2.B.1.a"": 0.359144, ""2.B.1.b"": 0.473898, ""2.B.1.c"": 0.333669, ""2.B.1.d"": 0.368657, ""2.B.1.e"": 0.368525, ""2.B.1.f"": 0.44919, ""2.B.2.i"": 0.560325, ""2.B.3.a"": 0.350607, ""2.B.3.b"": 0.378203, ""2.B.3.c"": 0.272469, ""2.B.3.d"": 0.260131, ""2.B.3.e"": 0.40367, ""2.B.3.g"": 0.515008, ""2.B.3.h"": 0.230393, ""2.B.3.j"": 0.218322, ""2.B.3.k"": 0.355188, ""2.B.3.l"": 0.258151, ""2.B.3.m"": 0.419845, ""2.B.4.e"": 0.50289, ""2.B.4.g"": 0.565171, ""2.B.4.h"": 0.574257, ""2.B.5.a"": 0.438967, ""2.B.5.b"": 0.356073, ""2.B.5.c"": 0.162628, ""2.B.5.d"": 0.380344}",在成都参与信息安全分析师工作6年，持续提升阅读理解、积极倾听、书面表达、口头表达等技能。,负责信息安全分析师相关项目，完成需求分析、代码实现、测试验证和上线复盘，使用数据科学与大数据技术知识解决实际业务问题。,我具备本科学历，专业为数据科学与大数据技术，目标方向是数据库管理员。重视工程质量、团队协作和持续学习。,"求职方向：数据库管理员
教育背景：本科｜数据科学与大数据技术
工作经历：在成都参与信息安全分析师工作6年，持续提升阅读理解、积极倾听、书面表达、口头表达等技能。
项目经历：负责信息安全分析师相关项目，完成需求分析、代码实现、测试验证和上线复盘，使用数据科学与大数据技术知识解决实际业务问题。
技能：阅读理解、积极倾听、书面表达、口头表达、数学、科学、批判性思维、主动学习、学习策略、监控、社会洞察、协调、说服、谈判、指导、服务导向、复杂问题解决、运营分析、技术设计、编程、运营监控、故障排查、质量控制分析、判断与决策、系统分析、系统评估、时间管理、财务资源管理、人员资源管理
自我评价：我具备本科学历，专业为数据科学与大数据技术，目标方向是数据库管理员。重视工程质量、团队协作和持续学习。",synthetic_chinese_resume
CR0039,u039,硕士,网络工程,2,武汉,15-1242.00,数据库管理员,15-2051.00,数据科学家,阅读理解、积极倾听、书面表达、口头表达、数学、批判性思维、主动学习、学习策略、监控、社会洞察、协调、说服、谈判、指导、服务导向、复杂问题解决、运营分析、技术设计、编程、运营监控、故障排查、质量控制分析、判断与决策、系统分析、系统评估、时间管理、人员资源管理,"{""2.A.1.a"": 0.645168, ""2.A.1.b"": 0.57504, ""2.A.1.c"": 0.541716, ""2.A.1.d"": 0.52551, ""2.A.1.e"": 0.441041, ""2.A.1.f"": 0.213426, ""2.A.2.a"": 0.626881, ""2.A.2.b"": 0.507295, ""2.A.2.c"": 0.393612, ""2.A.2.d"": 0.55559, ""2.B.1.a"": 0.423936, ""2.B.1.b"": 0.458518, ""2.B.1.c"": 0.393645, ""2.B.1.d"": 0.288502, ""2.B.1.e"": 0.524947, ""2.B.1.f"": 0.444807, ""2.B.2.i"": 0.625258, ""2.B.3.a"": 0.445342, ""2.B.3.b"": 0.345333, ""2.B.3.c"": 0.266929, ""2.B.3.d"": 0.211923, ""2.B.3.e"": 0.48001, ""2.B.3.g"": 0.348138, ""2.B.3.h"": 0.259334, ""2.B.3.j"": 0.238553, ""2.B.3.k"": 0.363787, ""2.B.3.l"": 0.155079, ""2.B.3.m"": 0.387274, ""2.B.4.e"": 0.64913, ""2.B.4.g"": 0.481763, ""2.B.4.h"": 0.535015, ""2.B.5.a"": 0.381117, ""2.B.5.b"": 0.255951, ""2.B.5.c"": 0.197637, ""2.B.5.d"": 0.395717}",在武汉参与数据库管理员工作2年，持续提升阅读理解、积极倾听、书面表达、口头表达等技能。,负责数据库管理员相关项目，完成需求分析、代码实现、测试验证和上线复盘，使用网络工程知识解决实际业务问题。,我具备硕士学历，专业为网络工程，目标方向是数据科学家。重视工程质量、团队协作和持续学习。,"求职方向：数据科学家
教育背景：硕士｜网络工程
工作经历：在武汉参与数据库管理员工作2年，持续提升阅读理解、积极倾听、书面表达、口头表达等技能。
项目经历：负责数据库管理员相关项目，完成需求分析、代码实现、测试验证和上线复盘，使用网络工程知识解决实际业务问题。
技能：阅读理解、积极倾听、书面表达、口头表达、数学、批判性思维、主动学习、学习策略、监控、社会洞察、协调、说服、谈判、指导、服务导向、复杂问题解决、运营分析、技术设计、编程、运营监控、故障排查、质量控制分析、判断与决策、系统分析、系统评估、时间管理、人员资源管理
自我评价：我具备硕士学历，专业为网络工程，目标方向是数据科学家。重视工程质量、团队协作和持续学习。",synthetic_chinese_resume
CR0040,u040,大专,信息安全,9,西安,15-1243.00,数据库架构师,15-1244.00,网络与计算机系统管理员,阅读理解、积极倾听、书面表达、口头表达、数学、科学、批判性思维、主动学习、学习策略、监控、社会洞察、协调、说服、谈判、指导、服务导向、复杂问题解决、运营分析、技术设计、编程、故障排查、判断与决策、系统分析、系统评估、时间管理、物资资源管理、人员资源管理,"{""2.A.1.a"": 0.540983, ""2.A.1.b"": 0.49029, ""2.A.1.c"": 0.492617, ""2.A.1.d"": 0.560977, ""2.A.1.e"": 0.429784, ""2.A.1.f"": 0.288955, ""2.A.2.a"": 0.565119, ""2.A.2.b"": 0.456341, ""2.A.2.c"": 0.392901, ""2.A.2.d"": 0.384636, ""2.B.1.a"": 0.380859, ""2.B.1.b"": 0.457486, ""2.B.1.c"": 0.382781, ""2.B.1.d"": 0.35955, ""2.B.1.e"": 0.533583, ""2.B.1.f"": 0.425242, ""2.B.2.i"": 0.624028, ""2.B.3.a"": 0.459617, ""2.B.3.b"": 0.452326, ""2.B.3.c"": 0.150621, ""2.B.3.d"": 0.25918, ""2.B.3.e"": 0.536473, ""2.B.3.g"": 0.241381, ""2.B.3.h"": 0.26102, ""2.B.3.j"": 0.224653, ""2.B.3.k"": 0.306879, ""2.B.3.l"": 0.171569, ""2.B.3.m"": 0.263093, ""2.B.4.e"": 0.539731, ""2.B.4.g"": 0.537732, ""2.B.4.h"": 0.509449, ""2.B.5.a"": 0.371301, ""2.B.5.b"": 0.269263, ""2.B.5.c"": 0.291255, ""2.B.5.d"": 0.310025}",在西安参与数据库架构师工作9年，持续提升阅读理解、积极倾听、书面表达、口头表达等技能。,负责数据库架构师相关项目，完成需求分析、代码实现、测试验证和上线复盘，使用信息安全知识解决实际业务问题。,我具备大专学历，专业为信息安全，目标方向是网络与计算机系统管理员。重视工程质量、团队协作和持续学习。,"求职方向：网络与计算机系统管理员
教育背景：大专｜信息安全
工作经历：在西安参与数据库架构师工作9年，持续提升阅读理解、积极倾听、书面表达、口头表达等技能。
项目经历：负责数据库架构师相关项目，完成需求分析、代码实现、测试验证和上线复盘，使用信息安全知识解决实际业务问题。
技能：阅读理解、积极倾听、书面表达、口头表达、数学、科学、批判性思维、主动学习、学习策略、监控、社会洞察、协调、说服、谈判、指导、服务导向、复杂问题解决、运营分析、技术设计、编程、故障排查、判断与决策、系统分析、系统评估、时间管理、物资资源管理、人员资源管理
自我评价：我具备大专学历，专业为信息安全，目标方向是网络与计算机系统管理员。重视工程质量、团队协作和持续学习。",synthetic_chinese_resume
CR0041,u041,本科,计算机科学与技术,5,北京,15-1244.00,网络与计算机系统管理员,15-1212.00,信息安全分析师,阅读理解、积极倾听、书面表达、口头表达、数学、科学、批判性思维、主动学习、学习策略、监控、社会洞察、协调、说服、谈判、指导、服务导向、复杂问题解决、运营分析、技术设计、设备选型、安装、编程、运营监控、操作与控制、设备维护、故障排查、修复、质量控制分析、判断与决策、系统分析、系统评估、时间管理、财务资源管理、物资资源管理、人员资源管理,"{""2.A.1.a"": 0.585345, ""2.A.1.b"": 0.667718, ""2.A.1.c"": 0.4845, ""2.A.1.d"": 0.50021, ""2.A.1.e"": 0.46166, ""2.A.1.f"": 0.305554, ""2.A.2.a"": 0.507539, ""2.A.2.b"": 0.523966, ""2.A.2.c"": 0.50348, ""2.A.2.d"": 0.558934, ""2.B.1.a"": 0.417319, ""2.B.1.b"": 0.481264, ""2.B.1.c"": 0.370436, ""2.B.1.d"": 0.343508, ""2.B.1.e"": 0.434527, ""2.B.1.f"": 0.287547, ""2.B.2.i"": 0.508436, ""2.B.3.a"": 0.48637, ""2.B.3.b"": 0.285978, ""2.B.3.c"": 0.389588, ""2.B.3.d"": 0.339354, ""2.B.3.e"": 0.502435, ""2.B.3.g"": 0.488552, ""2.B.3.h"": 0.499775, ""2.B.3.j"": 0.54404, ""2.B.3.k"": 0.592824, ""2.B.3.l"": 0.459613, ""2.B.3.m"": 0.569214, ""2.B.4.e"": 0.585303, ""2.B.4.g"": 0.600586, ""2.B.4.h"": 0.520121, ""2.B.5.a"": 0.49212, ""2.B.5.b"": 0.328403, ""2.B.5.c"": 0.462378, ""2.B.5.d"": 0.428622}",在北京参与网络与计算机系统管理员工作5年，持续提升阅读理解、积极倾听、书面表达、口头表达等技能。,负责网络与计算机系统管理员相关项目，完成需求分析、代码实现、测试验证和上线复盘，使用计算机科学与技术知识解决实际业务问题。,我具备本科学历，专业为计算机科学与技术，目标方向是信息安全分析师。重视工程质量、团队协作和持续学习。,"求职方向：信息安全分析师
教育背景：本科｜计算机科学与技术
工作经历：在北京参与网络与计算机系统管理员工作5年，持续提升阅读理解、积极倾听、书面表达、口头表达等技能。
项目经历：负责网络与计算机系统管理员相关项目，完成需求分析、代码实现、测试验证和上线复盘，使用计算机科学与技术知识解决实际业务问题。
技能：阅读理解、积极倾听、书面表达、口头表达、数学、科学、批判性思维、主动学习、学习策略、监控、社会洞察、协调、说服、谈判、指导、服务导向、复杂问题解决、运营分析、技术设计、设备选型、安装、编程、运营监控、操作与控制、设备维护、故障排查、修复、质量控制分析、判断与决策、系统分析、系统评估、时间管理、财务资源管理、物资资源管理、人员资源管理
自我评价：我具备本科学历，专业为计算机科学与技术，目标方向是信息安全分析师。重视工程质量、团队协作和持续学习。",synthetic_chinese_resume
CR0042,u042,本科,软件工程,1,上海,15-1251.00,计算机程序员,15-1252.00,软件开发工程师,阅读理解、积极倾听、书面表达、口头表达、数学、科学、批判性思维、主动学习、学习策略、监控、社会洞察、协调、说服、谈判、指导、服务导向、复杂问题解决、运营分析、技术设计、编程、运营监控、质量控制分析、判断与决策、系统分析、系统评估、时间管理、物资资源管理、人员资源管理,"{""2.A.1.a"": 0.429685, ""2.A.1.b"": 0.514286, ""2.A.1.c"": 0.491253, ""2.A.1.d"": 0.491125, ""2.A.1.e"": 0.431768, ""2.A.1.f"": 0.361208, ""2.A.2.a"": 0.467326, ""2.A.2.b"": 0.437541, ""2.A.2.c"": 0.325667, ""2.A.2.d"": 0.367776, ""2.B.1.a"": 0.390018, ""2.B.1.b"": 0.401384, ""2.B.1.c"": 0.430978, ""2.B.1.d"": 0.317135, ""2.B.1.e"": 0.403203, ""2.B.1.f"": 0.372985, ""2.B.2.i"": 0.558387, ""2.B.3.a"": 0.46722, ""2.B.3.b"": 0.440184, ""2.B.3.c"": 0.203506, ""2.B.3.d"": 0.141315, ""2.B.3.e"": 0.763027, ""2.B.3.g"": 0.34064, ""2.B.3.h"": 0.265455, ""2.B.3.j"": 0.221827, ""2.B.3.k"": 0.265251, ""2.B.3.l"": 0.272652, ""2.B.3.m"": 0.549563, ""2.B.4.e"": 0.45515, ""2.B.4.g"": 0.452344, ""2.B.4.h"": 0.488347, ""2.B.5.a"": 0.47651, ""2.B.5.b"": 0.172201, ""2.B.5.c"": 0.290477, ""2.B.5.d"": 0.380825}",在上海参与计算机程序员工作1年，持续提升阅读理解、积极倾听、书面表达、口头表达等技能。,负责计算机程序员相关项目，完成需求分析、代码实现、测试验证和上线复盘，使用软件工程知识解决实际业务问题。,我具备本科学历，专业为软件工程，目标方向是软件开发工程师。重视工程质量、团队协作和持续学习。,"求职方向：软件开发工程师
教育背景：本科｜软件工程
工作经历：在上海参与计算机程序员工作1年，持续提升阅读理解、积极倾听、书面表达、口头表达等技能。
项目经历：负责计算机程序员相关项目，完成需求分析、代码实现、测试验证和上线复盘，使用软件工程知识解决实际业务问题。
技能：阅读理解、积极倾听、书面表达、口头表达、数学、科学、批判性思维、主动学习、学习策略、监控、社会洞察、协调、说服、谈判、指导、服务导向、复杂问题解决、运营分析、技术设计、编程、运营监控、质量控制分析、判断与决策、系统分析、系统评估、时间管理、物资资源管理、人员资源管理
自我评价：我具备本科学历，专业为软件工程，目标方向是软件开发工程师。重视工程质量、团队协作和持续学习。",synthetic_chinese_resume
CR0043,u043,硕士,数据科学与大数据技术,8,广州,15-1252.00,软件开发工程师,15-1253.00,软件质量保证分析师与测试工程师,阅读理解、积极倾听、书面表达、口头表达、数学、批判性思维、主动学习、学习策略、监控、社会洞察、协调、说服、谈判、指导、服务导向、复杂问题解决、技术设计、运营监控、故障排查、判断与决策、系统分析、系统评估、时间管理,"{""2.A.1.a"": 0.563307, ""2.A.1.b"": 0.466364, ""2.A.1.c"": 0.49487, ""2.A.1.d"": 0.495443, ""2.A.1.e"": 0.447201, ""2.A.1.f"": 0.159841, ""2.A.2.a"": 0.568434, ""2.A.2.b"": 0.49437, ""2.A.2.c"": 0.357658, ""2.A.2.d"": 0.510151, ""2.B.1.a"": 0.448396, ""2.B.1.b"": 0.303084, ""2.B.1.c"": 0.364765, ""2.B.1.d"": 0.358401, ""2.B.1.e"": 0.372021, ""2.B.1.f"": 0.500255, ""2.B.2.i"": 0.381178, ""2.B.3.a"": 0.270446, ""2.B.3.b"": 0.516819, ""2.B.3.c"": 0.161097, ""2.B.3.d"": 0.147833, ""2.B.3.e"": 0.191121, ""2.B.3.g"": 0.37551, ""2.B.3.h"": 0.158778, ""2.B.3.j"": 0.236085, ""2.B.3.k"": 0.34451, ""2.B.3.l"": 0.238575, ""2.B.3.m"": 0.16379, ""2.B.4.e"": 0.544928, ""2.B.4.g"": 0.513216, ""2.B.4.h"": 0.520796, ""2.B.5.a"": 0.460676, ""2.B.5.b"": 0.195077, ""2.B.5.c"": 0.222922, ""2.B.5.d"": 0.267442}",在广州参与软件开发工程师工作8年，持续提升阅读理解、积极倾听、书面表达、口头表达等技能。,负责软件开发工程师相关项目，完成需求分析、代码实现、测试验证和上线复盘，使用数据科学与大数据技术知识解决实际业务问题。,我具备硕士学历，专业为数据科学与大数据技术，目标方向是软件质量保证分析师与测试工程师。重视工程质量、团队协作和持续学习。,"求职方向：软件质量保证分析师与测试工程师
教育背景：硕士｜数据科学与大数据技术
工作经历：在广州参与软件开发工程师工作8年，持续提升阅读理解、积极倾听、书面表达、口头表达等技能。
项目经历：负责软件开发工程师相关项目，完成需求分析、代码实现、测试验证和上线复盘，使用数据科学与大数据技术知识解决实际业务问题。
技能：阅读理解、积极倾听、书面表达、口头表达、数学、批判性思维、主动学习、学习策略、监控、社会洞察、协调、说服、谈判、指导、服务导向、复杂问题解决、技术设计、运营监控、故障排查、判断与决策、系统分析、系统评估、时间管理
自我评价：我具备硕士学历，专业为数据科学与大数据技术，目标方向是软件质量保证分析师与测试工程师。重视工程质量、团队协作和持续学习。",synthetic_chinese_resume
CR0044,u044,大专,网络工程,4,深圳,15-1253.00,软件质量保证分析师与测试工程师,15-1252.00,软件开发工程师,阅读理解、积极倾听、书面表达、口头表达、数学、科学、批判性思维、主动学习、学习策略、监控、社会洞察、协调、说服、谈判、指导、服务导向、复杂问题解决、运营分析、技术设计、设备选型、安装、编程、运营监控、故障排查、质量控制分析、判断与决策、系统分析、系统评估、时间管理、人员资源管理,"{""2.A.1.a"": 0.647901, ""2.A.1.b"": 0.57564, ""2.A.1.c"": 0.583291, ""2.A.1.d"": 0.524885, ""2.A.1.e"": 0.337329, ""2.A.1.f"": 0.40447, ""2.A.2.a"": 0.602474, ""2.A.2.b"": 0.41313, ""2.A.2.c"": 0.380773, ""2.A.2.d"": 0.608376, ""2.B.1.a"": 0.38198, ""2.B.1.b"": 0.411282, ""2.B.1.c"": 0.310551, ""2.B.1.d"": 0.340966, ""2.B.1.e"": 0.328846, ""2.B.1.f"": 0.424802, ""2.B.2.i"": 0.450693, ""2.B.3.a"": 0.511549, ""2.B.3.b"": 0.381001, ""2.B.3.c"": 0.291349, ""2.B.3.d"": 0.295767, ""2.B.3.e"": 0.56919, ""2.B.3.g"": 0.428748, ""2.B.3.h"": 0.163984, ""2.B.3.j"": 0.215888, ""2.B.3.k"": 0.414959, ""2.B.3.l"": 0.142462, ""2.B.3.m"": 0.468181, ""2.B.4.e"": 0.460808, ""2.B.4.g"": 0.44141, ""2.B.4.h"": 0.476857, ""2.B.5.a"": 0.431278, ""2.B.5.b"": 0.236915, ""2.B.5.c"": 0.272013, ""2.B.5.d"": 0.30652}",在深圳参与软件质量保证分析师与测试工程师工作4年，持续提升阅读理解、积极倾听、书面表达、口头表达等技能。,负责软件质量保证分析师与测试工程师相关项目，完成需求分析、代码实现、测试验证和上线复盘，使用网络工程知识解决实际业务问题。,我具备大专学历，专业为网络工程，目标方向是软件开发工程师。重视工程质量、团队协作和持续学习。,"求职方向：软件开发工程师
教育背景：大专｜网络工程
工作经历：在深圳参与软件质量保证分析师与测试工程师工作4年，持续提升阅读理解、积极倾听、书面表达、口头表达等技能。
项目经历：负责软件质量保证分析师与测试工程师相关项目，完成需求分析、代码实现、测试验证和上线复盘，使用网络工程知识解决实际业务问题。
技能：阅读理解、积极倾听、书面表达、口头表达、数学、科学、批判性思维、主动学习、学习策略、监控、社会洞察、协调、说服、谈判、指导、服务导向、复杂问题解决、运营分析、技术设计、设备选型、安装、编程、运营监控、故障排查、质量控制分析、判断与决策、系统分析、系统评估、时间管理、人员资源管理
自我评价：我具备大专学历，专业为网络工程，目标方向是软件开发工程师。重视工程质量、团队协作和持续学习。",synthetic_chinese_resume
CR0045,u045,本科,信息安全,0,杭州,15-1254.00,网页开发工程师,15-1252.00,软件开发工程师,阅读理解、积极倾听、书面表达、口头表达、数学、科学、批判性思维、主动学习、学习策略、监控、社会洞察、协调、说服、谈判、指导、服务导向、复杂问题解决、运营分析、技术设计、设备选型、编程、运营监控、故障排查、质量控制分析、判断与决策、系统分析、系统评估、时间管理、人员资源管理,"{""2.A.1.a"": 0.562617, ""2.A.1.b"": 0.483515, ""2.A.1.c"": 0.446913, ""2.A.1.d"": 0.465736, ""2.A.1.e"": 0.374733, ""2.A.1.f"": 0.3238, ""2.A.2.a"": 0.534671, ""2.A.2.b"": 0.507151, ""2.A.2.c"": 0.395695, ""2.A.2.d"": 0.555893, ""2.B.1.a"": 0.440519, ""2.B.1.b"": 0.398564, ""2.B.1.c"": 0.497209, ""2.B.1.d"": 0.482506, ""2.B.1.e"": 0.405055, ""2.B.1.f"": 0.353906, ""2.B.2.i"": 0.520191, ""2.B.3.a"": 0.605448, ""2.B.3.b"": 0.327212, ""2.B.3.c"": 0.394495, ""2.B.3.d"": 0.22365, ""2.B.3.e"": 0.567894, ""2.B.3.g"": 0.301394, ""2.B.3.h"": 0.242367, ""2.B.3.j"": 0.271207, ""2.B.3.k"": 0.367013, ""2.B.3.l"": 0.122875, ""2.B.3.m"": 0.362739, ""2.B.4.e"": 0.48759, ""2.B.4.g"": 0.446769, ""2.B.4.h"": 0.381628, ""2.B.5.a"": 0.370006, ""2.B.5.b"": 0.220231, ""2.B.5.c"": 0.273426, ""2.B.5.d"": 0.291131}",在杭州参与网页开发工程师工作0年，持续提升阅读理解、积极倾听、书面表达、口头表达等技能。,负责网页开发工程师相关项目，完成需求分析、代码实现、测试验证和上线复盘，使用信息安全知识解决实际业务问题。,我具备本科学历，专业为信息安全，目标方向是软件开发工程师。重视工程质量、团队协作和持续学习。,"求职方向：软件开发工程师
教育背景：本科｜信息安全
工作经历：在杭州参与网页开发工程师工作0年，持续提升阅读理解、积极倾听、书面表达、口头表达等技能。
项目经历：负责网页开发工程师相关项目，完成需求分析、代码实现、测试验证和上线复盘，使用信息安全知识解决实际业务问题。
技能：阅读理解、积极倾听、书面表达、口头表达、数学、科学、批判性思维、主动学习、学习策略、监控、社会洞察、协调、说服、谈判、指导、服务导向、复杂问题解决、运营分析、技术设计、设备选型、编程、运营监控、故障排查、质量控制分析、判断与决策、系统分析、系统评估、时间管理、人员资源管理
自我评价：我具备本科学历，专业为信息安全，目标方向是软件开发工程师。重视工程质量、团队协作和持续学习。",synthetic_chinese_resume
CR0046,u046,本科,计算机科学与技术,7,成都,15-1255.00,网页与数字界面设计师,15-2031.00,运筹分析师,阅读理解、积极倾听、书面表达、口头表达、数学、批判性思维、主动学习、学习策略、监控、社会洞察、协调、说服、谈判、指导、服务导向、复杂问题解决、运营分析、技术设计、编程、运营监控、质量控制分析、判断与决策、系统分析、系统评估、时间管理、财务资源管理、物资资源管理、人员资源管理,"{""2.A.1.a"": 0.564926, ""2.A.1.b"": 0.580989, ""2.A.1.c"": 0.53776, ""2.A.1.d"": 0.532764, ""2.A.1.e"": 0.487611, ""2.A.1.f"": 0.249931, ""2.A.2.a"": 0.612871, ""2.A.2.b"": 0.465521, ""2.A.2.c"": 0.437295, ""2.A.2.d"": 0.487063, ""2.B.1.a"": 0.464742, ""2.B.1.b"": 0.483357, ""2.B.1.c"": 0.356893, ""2.B.1.d"": 0.480342, ""2.B.1.e"": 0.441727, ""2.B.1.f"": 0.327773, ""2.B.2.i"": 0.504244, ""2.B.3.a"": 0.457333, ""2.B.3.b"": 0.484954, ""2.B.3.c"": 0.218158, ""2.B.3.d"": 0.13031, ""2.B.3.e"": 0.638608, ""2.B.3.g"": 0.36121, ""2.B.3.h"": 0.219061, ""2.B.3.j"": 0.27433, ""2.B.3.k"": 0.173233, ""2.B.3.l"": 0.161643, ""2.B.3.m"": 0.346324, ""2.B.4.e"": 0.511201, ""2.B.4.g"": 0.426261, ""2.B.4.h"": 0.502667, ""2.B.5.a"": 0.436381, ""2.B.5.b"": 0.314336, ""2.B.5.c"": 0.31392, ""2.B.5.d"": 0.429947}",在成都参与网页与数字界面设计师工作7年，持续提升阅读理解、积极倾听、书面表达、口头表达等技能。,负责网页与数字界面设计师相关项目，完成需求分析、代码实现、测试验证和上线复盘，使用计算机科学与技术知识解决实际业务问题。,我具备本科学历，专业为计算机科学与技术，目标方向是运筹分析师。重视工程质量、团队协作和持续学习。,"求职方向：运筹分析师
教育背景：本科｜计算机科学与技术
工作经历：在成都参与网页与数字界面设计师工作7年，持续提升阅读理解、积极倾听、书面表达、口头表达等技能。
项目经历：负责网页与数字界面设计师相关项目，完成需求分析、代码实现、测试验证和上线复盘，使用计算机科学与技术知识解决实际业务问题。
技能：阅读理解、积极倾听、书面表达、口头表达、数学、批判性思维、主动学习、学习策略、监控、社会洞察、协调、说服、谈判、指导、服务导向、复杂问题解决、运营分析、技术设计、编程、运营监控、质量控制分析、判断与决策、系统分析、系统评估、时间管理、财务资源管理、物资资源管理、人员资源管理
自我评价：我具备本科学历，专业为计算机科学与技术，目标方向是运筹分析师。重视工程质量、团队协作和持续学习。",synthetic_chinese_resume
CR0047,u047,硕士,软件工程,3,武汉,15-2031.00,运筹分析师,15-2051.00,数据科学家,阅读理解、积极倾听、书面表达、口头表达、数学、科学、批判性思维、主动学习、学习策略、监控、社会洞察、协调、说服、谈判、指导、服务导向、复杂问题解决、运营分析、编程、质量控制分析、判断与决策、系统分析、系统评估、时间管理、财务资源管理、人员资源管理,"{""2.A.1.a"": 0.61185, ""2.A.1.b"": 0.701195, ""2.A.1.c"": 0.641749, ""2.A.1.d"": 0.636013, ""2.A.1.e"": 0.748936, ""2.A.1.f"": 0.404888, ""2.A.2.a"": 0.632046, ""2.A.2.b"": 0.565046, ""2.A.2.c"": 0.470017, ""2.A.2.d"": 0.40449, ""2.B.1.a"": 0.370313, ""2.B.1.b"": 0.438599, ""2.B.1.c"": 0.400428, ""2.B.1.d"": 0.323703, ""2.B.1.e"": 0.454303, ""2.B.1.f"": 0.347833, ""2.B.2.i"": 0.606522, ""2.B.3.a"": 0.59453, ""2.B.3.b"": 0.257509, ""2.B.3.c"": 0.146153, ""2.B.3.d"": 0.19001, ""2.B.3.e"": 0.37286, ""2.B.3.g"": 0.240505, ""2.B.3.h"": 0.237439, ""2.B.3.j"": 0.178679, ""2.B.3.k"": 0.101495, ""2.B.3.l"": 0.267597, ""2.B.3.m"": 0.30718, ""2.B.4.e"": 0.584693, ""2.B.4.g"": 0.509972, ""2.B.4.h"": 0.549231, ""2.B.5.a"": 0.382351, ""2.B.5.b"": 0.296401, ""2.B.5.c"": 0.244003, ""2.B.5.d"": 0.318828}",在武汉参与运筹分析师工作3年，持续提升阅读理解、积极倾听、书面表达、口头表达等技能。,负责运筹分析师相关项目，完成需求分析、代码实现、测试验证和上线复盘，使用软件工程知识解决实际业务问题。,我具备硕士学历，专业为软件工程，目标方向是数据科学家。重视工程质量、团队协作和持续学习。,"求职方向：数据科学家
教育背景：硕士｜软件工程
工作经历：在武汉参与运筹分析师工作3年，持续提升阅读理解、积极倾听、书面表达、口头表达等技能。
项目经历：负责运筹分析师相关项目，完成需求分析、代码实现、测试验证和上线复盘，使用软件工程知识解决实际业务问题。
技能：阅读理解、积极倾听、书面表达、口头表达、数学、科学、批判性思维、主动学习、学习策略、监控、社会洞察、协调、说服、谈判、指导、服务导向、复杂问题解决、运营分析、编程、质量控制分析、判断与决策、系统分析、系统评估、时间管理、财务资源管理、人员资源管理
自我评价：我具备硕士学历，专业为软件工程，目标方向是数据科学家。重视工程质量、团队协作和持续学习。",synthetic_chinese_resume
CR0048,u048,大专,数据科学与大数据技术,10,西安,15-2051.00,数据科学家,15-1211.00,计算机系统分析师,阅读理解、积极倾听、书面表达、口头表达、数学、科学、批判性思维、主动学习、学习策略、监控、社会洞察、协调、说服、谈判、指导、服务导向、复杂问题解决、运营分析、编程、运营监控、操作与控制、故障排查、质量控制分析、判断与决策、系统分析、系统评估、时间管理、人员资源管理,"{""2.A.1.a"": 0.541733, ""2.A.1.b"": 0.589176, ""2.A.1.c"": 0.633161, ""2.A.1.d"": 0.526412, ""2.A.1.e"": 0.551522, ""2.A.1.f"": 0.286051, ""2.A.2.a"": 0.586931, ""2.A.2.b"": 0.525343, ""2.A.2.c"": 0.452458, ""2.A.2.d"": 0.542334, ""2.B.1.a"": 0.411644, ""2.B.1.b"": 0.455855, ""2.B.1.c"": 0.529368, ""2.B.1.d"": 0.371604, ""2.B.1.e"": 0.520056, ""2.B.1.f"": 0.420679, ""2.B.2.i"": 0.407336, ""2.B.3.a"": 0.392419, ""2.B.3.b"": 0.256859, ""2.B.3.c"": 0.245271, ""2.B.3.d"": 0.227258, ""2.B.3.e"": 0.379634, ""2.B.3.g"": 0.294966, ""2.B.3.h"": 0.301387, ""2.B.3.j"": 0.134682, ""2.B.3.k"": 0.289056, ""2.B.3.l"": 0.260025, ""2.B.3.m"": 0.308914, ""2.B.4.e"": 0.600462, ""2.B.4.g"": 0.471078, ""2.B.4.h"": 0.417141, ""2.B.5.a"": 0.454384, ""2.B.5.b"": 0.217589, ""2.B.5.c"": 0.19236, ""2.B.5.d"": 0.321191}",在西安参与数据科学家工作10年，持续提升阅读理解、积极倾听、书面表达、口头表达等技能。,负责数据科学家相关项目，完成需求分析、代码实现、测试验证和上线复盘，使用数据科学与大数据技术知识解决实际业务问题。,我具备大专学历，专业为数据科学与大数据技术，目标方向是计算机系统分析师。重视工程质量、团队协作和持续学习。,"求职方向：计算机系统分析师
教育背景：大专｜数据科学与大数据技术
工作经历：在西安参与数据科学家工作10年，持续提升阅读理解、积极倾听、书面表达、口头表达等技能。
项目经历：负责数据科学家相关项目，完成需求分析、代码实现、测试验证和上线复盘，使用数据科学与大数据技术知识解决实际业务问题。
技能：阅读理解、积极倾听、书面表达、口头表达、数学、科学、批判性思维、主动学习、学习策略、监控、社会洞察、协调、说服、谈判、指导、服务导向、复杂问题解决、运营分析、编程、运营监控、操作与控制、故障排查、质量控制分析、判断与决策、系统分析、系统评估、时间管理、人员资源管理
自我评价：我具备大专学历，专业为数据科学与大数据技术，目标方向是计算机系统分析师。重视工程质量、团队协作和持续学习。",synthetic_chinese_resume
CR0049,u049,本科,网络工程,6,北京,15-1211.00,计算机系统分析师,15-2051.00,数据科学家,阅读理解、积极倾听、书面表达、口头表达、数学、科学、批判性思维、主动学习、学习策略、监控、社会洞察、协调、说服、谈判、指导、服务导向、复杂问题解决、运营分析、技术设计、设备选型、编程、运营监控、操作与控制、故障排查、修复、质量控制分析、判断与决策、系统分析、系统评估、时间管理、财务资源管理、人员资源管理,"{""2.A.1.a"": 0.614907, ""2.A.1.b"": 0.560978, ""2.A.1.c"": 0.491925, ""2.A.1.d"": 0.545467, ""2.A.1.e"": 0.405234, ""2.A.1.f"": 0.317718, ""2.A.2.a"": 0.543642, ""2.A.2.b"": 0.521628, ""2.A.2.c"": 0.472663, ""2.A.2.d"": 0.514998, ""2.B.1.a"": 0.466698, ""2.B.1.b"": 0.461882, ""2.B.1.c"": 0.413631, ""2.B.1.d"": 0.373431, ""2.B.1.e"": 0.442429, ""2.B.1.f"": 0.430924, ""2.B.2.i"": 0.559172, ""2.B.3.a"": 0.478278, ""2.B.3.b"": 0.471685, ""2.B.3.c"": 0.384237, ""2.B.3.d"": 0.273904, ""2.B.3.e"": 0.480953, ""2.B.3.g"": 0.376509, ""2.B.3.h"": 0.334096, ""2.B.3.j"": 0.18503, ""2.B.3.k"": 0.421185, ""2.B.3.l"": 0.323149, ""2.B.3.m"": 0.463494, ""2.B.4.e"": 0.619462, ""2.B.4.g"": 0.541557, ""2.B.4.h"": 0.578774, ""2.B.5.a"": 0.435685, ""2.B.5.b"": 0.323674, ""2.B.5.c"": 0.260622, ""2.B.5.d"": 0.404143}",在北京参与计算机系统分析师工作6年，持续提升阅读理解、积极倾听、书面表达、口头表达等技能。,负责计算机系统分析师相关项目，完成需求分析、代码实现、测试验证和上线复盘，使用网络工程知识解决实际业务问题。,我具备本科学历，专业为网络工程，目标方向是数据科学家。重视工程质量、团队协作和持续学习。,"求职方向：数据科学家
教育背景：本科｜网络工程
工作经历：在北京参与计算机系统分析师工作6年，持续提升阅读理解、积极倾听、书面表达、口头表达等技能。
项目经历：负责计算机系统分析师相关项目，完成需求分析、代码实现、测试验证和上线复盘，使用网络工程知识解决实际业务问题。
技能：阅读理解、积极倾听、书面表达、口头表达、数学、科学、批判性思维、主动学习、学习策略、监控、社会洞察、协调、说服、谈判、指导、服务导向、复杂问题解决、运营分析、技术设计、设备选型、编程、运营监控、操作与控制、故障排查、修复、质量控制分析、判断与决策、系统分析、系统评估、时间管理、财务资源管理、人员资源管理
自我评价：我具备本科学历，专业为网络工程，目标方向是数据科学家。重视工程质量、团队协作和持续学习。",synthetic_chinese_resume
CR0050,u050,本科,信息安全,2,上海,15-1212.00,信息安全分析师,15-1242.00,数据库管理员,阅读理解、积极倾听、书面表达、口头表达、数学、科学、批判性思维、主动学习、学习策略、监控、社会洞察、协调、说服、谈判、指导、服务导向、复杂问题解决、运营分析、技术设计、编程、运营监控、故障排查、质量控制分析、判断与决策、系统分析、系统评估、时间管理、人员资源管理,"{""2.A.1.a"": 0.547992, ""2.A.1.b"": 0.575726, ""2.A.1.c"": 0.480215, ""2.A.1.d"": 0.460957, ""2.A.1.e"": 0.318669, ""2.A.1.f"": 0.348808, ""2.A.2.a"": 0.632267, ""2.A.2.b"": 0.52773, ""2.A.2.c"": 0.468436, ""2.A.2.d"": 0.401817, ""2.B.1.a"": 0.34159, ""2.B.1.b"": 0.399986, ""2.B.1.c"": 0.363353, ""2.B.1.d"": 0.36476, ""2.B.1.e"": 0.343812, ""2.B.1.f"": 0.347702, ""2.B.2.i"": 0.454163, ""2.B.3.a"": 0.34306, ""2.B.3.b"": 0.306725, ""2.B.3.c"": 0.172677, ""2.B.3.d"": 0.257611, ""2.B.3.e"": 0.337341, ""2.B.3.g"": 0.422914, ""2.B.3.h"": 0.184979, ""2.B.3.j"": 0.27618, ""2.B.3.k"": 0.359081, ""2.B.3.l"": 0.184605, ""2.B.3.m"": 0.425278, ""2.B.4.e"": 0.467301, ""2.B.4.g"": 0.449407, ""2.B.4.h"": 0.42226, ""2.B.5.a"": 0.405581, ""2.B.5.b"": 0.267479, ""2.B.5.c"": 0.261529, ""2.B.5.d"": 0.346497}",在上海参与信息安全分析师工作2年，持续提升阅读理解、积极倾听、书面表达、口头表达等技能。,负责信息安全分析师相关项目，完成需求分析、代码实现、测试验证和上线复盘，使用信息安全知识解决实际业务问题。,我具备本科学历，专业为信息安全，目标方向是数据库管理员。重视工程质量、团队协作和持续学习。,"求职方向：数据库管理员
教育背景：本科｜信息安全
工作经历：在上海参与信息安全分析师工作2年，持续提升阅读理解、积极倾听、书面表达、口头表达等技能。
项目经历：负责信息安全分析师相关项目，完成需求分析、代码实现、测试验证和上线复盘，使用信息安全知识解决实际业务问题。
技能：阅读理解、积极倾听、书面表达、口头表达、数学、科学、批判性思维、主动学习、学习策略、监控、社会洞察、协调、说服、谈判、指导、服务导向、复杂问题解决、运营分析、技术设计、编程、运营监控、故障排查、质量控制分析、判断与决策、系统分析、系统评估、时间管理、人员资源管理
自我评价：我具备本科学历，专业为信息安全，目标方向是数据库管理员。重视工程质量、团队协作和持续学习。",synthetic_chinese_resume
CR0051,u051,硕士,计算机科学与技术,9,广州,15-1242.00,数据库管理员,15-2051.00,数据科学家,阅读理解、积极倾听、书面表达、口头表达、数学、科学、批判性思维、主动学习、学习策略、监控、社会洞察、协调、说服、指导、服务导向、复杂问题解决、运营分析、编程、运营监控、故障排查、质量控制分析、判断与决策、系统分析、系统评估、时间管理、人员资源管理,"{""2.A.1.a"": 0.640469, ""2.A.1.b"": 0.604584, ""2.A.1.c"": 0.542811, ""2.A.1.d"": 0.447747, ""2.A.1.e"": 0.503626, ""2.A.1.f"": 0.371152, ""2.A.2.a"": 0.585537, ""2.A.2.b"": 0.5793, ""2.A.2.c"": 0.44395, ""2.A.2.d"": 0.498041, ""2.B.1.a"": 0.472021, ""2.B.1.b"": 0.424751, ""2.B.1.c"": 0.390968, ""2.B.1.d"": 0.261614, ""2.B.1.e"": 0.394297, ""2.B.1.f"": 0.452642, ""2.B.2.i"": 0.571526, ""2.B.3.a"": 0.4566, ""2.B.3.b"": 0.262888, ""2.B.3.c"": 0.188509, ""2.B.3.d"": 0.186209, ""2.B.3.e"": 0.47744, ""2.B.3.g"": 0.352523, ""2.B.3.h"": 0.257966, ""2.B.3.j"": 0.216243, ""2.B.3.k"": 0.296067, ""2.B.3.l"": 0.109547, ""2.B.3.m"": 0.318466, ""2.B.4.e"": 0.615236, ""2.B.4.g"": 0.554903, ""2.B.4.h"": 0.468349, ""2.B.5.a"": 0.452146, ""2.B.5.b"": 0.219119, ""2.B.5.c"": 0.212959, ""2.B.5.d"": 0.439118}",在广州参与数据库管理员工作9年，持续提升阅读理解、积极倾听、书面表达、口头表达等技能。,负责数据库管理员相关项目，完成需求分析、代码实现、测试验证和上线复盘，使用计算机科学与技术知识解决实际业务问题。,我具备硕士学历，专业为计算机科学与技术，目标方向是数据科学家。重视工程质量、团队协作和持续学习。,"求职方向：数据科学家
教育背景：硕士｜计算机科学与技术
工作经历：在广州参与数据库管理员工作9年，持续提升阅读理解、积极倾听、书面表达、口头表达等技能。
项目经历：负责数据库管理员相关项目，完成需求分析、代码实现、测试验证和上线复盘，使用计算机科学与技术知识解决实际业务问题。
技能：阅读理解、积极倾听、书面表达、口头表达、数学、科学、批判性思维、主动学习、学习策略、监控、社会洞察、协调、说服、指导、服务导向、复杂问题解决、运营分析、编程、运营监控、故障排查、质量控制分析、判断与决策、系统分析、系统评估、时间管理、人员资源管理
自我评价：我具备硕士学历，专业为计算机科学与技术，目标方向是数据科学家。重视工程质量、团队协作和持续学习。",synthetic_chinese_resume
CR0052,u052,大专,软件工程,5,深圳,15-1243.00,数据库架构师,15-1244.00,网络与计算机系统管理员,阅读理解、积极倾听、书面表达、口头表达、数学、批判性思维、主动学习、学习策略、监控、社会洞察、协调、说服、谈判、指导、服务导向、复杂问题解决、运营分析、技术设计、编程、运营监控、判断与决策、系统分析、系统评估、时间管理、物资资源管理、人员资源管理,"{""2.A.1.a"": 0.670128, ""2.A.1.b"": 0.547528, ""2.A.1.c"": 0.550697, ""2.A.1.d"": 0.48052, ""2.A.1.e"": 0.464174, ""2.A.1.f"": 0.228458, ""2.A.2.a"": 0.598528, ""2.A.2.b"": 0.534432, ""2.A.2.c"": 0.362632, ""2.A.2.d"": 0.463791, ""2.B.1.a"": 0.313907, ""2.B.1.b"": 0.459337, ""2.B.1.c"": 0.433856, ""2.B.1.d"": 0.410627, ""2.B.1.e"": 0.500092, ""2.B.1.f"": 0.397319, ""2.B.2.i"": 0.521339, ""2.B.3.a"": 0.411885, ""2.B.3.b"": 0.372581, ""2.B.3.c"": 0.273481, ""2.B.3.d"": 0.251869, ""2.B.3.e"": 0.482609, ""2.B.3.g"": 0.30519, ""2.B.3.h"": 0.267925, ""2.B.3.j"": 0.131015, ""2.B.3.k"": 0.239741, ""2.B.3.l"": 0.203749, ""2.B.3.m"": 0.265283, ""2.B.4.e"": 0.557303, ""2.B.4.g"": 0.577511, ""2.B.4.h"": 0.452913, ""2.B.5.a"": 0.487999, ""2.B.5.b"": 0.237833, ""2.B.5.c"": 0.295733, ""2.B.5.d"": 0.327722}",在深圳参与数据库架构师工作5年，持续提升阅读理解、积极倾听、书面表达、口头表达等技能。,负责数据库架构师相关项目，完成需求分析、代码实现、测试验证和上线复盘，使用软件工程知识解决实际业务问题。,我具备大专学历，专业为软件工程，目标方向是网络与计算机系统管理员。重视工程质量、团队协作和持续学习。,"求职方向：网络与计算机系统管理员
教育背景：大专｜软件工程
工作经历：在深圳参与数据库架构师工作5年，持续提升阅读理解、积极倾听、书面表达、口头表达等技能。
项目经历：负责数据库架构师相关项目，完成需求分析、代码实现、测试验证和上线复盘，使用软件工程知识解决实际业务问题。
技能：阅读理解、积极倾听、书面表达、口头表达、数学、批判性思维、主动学习、学习策略、监控、社会洞察、协调、说服、谈判、指导、服务导向、复杂问题解决、运营分析、技术设计、编程、运营监控、判断与决策、系统分析、系统评估、时间管理、物资资源管理、人员资源管理
自我评价：我具备大专学历，专业为软件工程，目标方向是网络与计算机系统管理员。重视工程质量、团队协作和持续学习。",synthetic_chinese_resume
CR0053,u053,本科,数据科学与大数据技术,1,杭州,15-1244.00,网络与计算机系统管理员,15-1212.00,信息安全分析师,阅读理解、积极倾听、书面表达、口头表达、数学、科学、批判性思维、主动学习、学习策略、监控、社会洞察、协调、说服、谈判、指导、服务导向、复杂问题解决、运营分析、技术设计、设备选型、安装、编程、运营监控、操作与控制、设备维护、故障排查、修复、质量控制分析、判断与决策、系统分析、系统评估、时间管理、财务资源管理、物资资源管理、人员资源管理,"{""2.A.1.a"": 0.52057, ""2.A.1.b"": 0.531997, ""2.A.1.c"": 0.485963, ""2.A.1.d"": 0.516091, ""2.A.1.e"": 0.374027, ""2.A.1.f"": 0.336489, ""2.A.2.a"": 0.600635, ""2.A.2.b"": 0.454191, ""2.A.2.c"": 0.439288, ""2.A.2.d"": 0.485405, ""2.B.1.a"": 0.502138, ""2.B.1.b"": 0.359629, ""2.B.1.c"": 0.402943, ""2.B.1.d"": 0.295332, ""2.B.1.e"": 0.4304, ""2.B.1.f"": 0.408665, ""2.B.2.i"": 0.550913, ""2.B.3.a"": 0.478293, ""2.B.3.b"": 0.38332, ""2.B.3.c"": 0.430861, ""2.B.3.d"": 0.345857, ""2.B.3.e"": 0.489244, ""2.B.3.g"": 0.489087, ""2.B.3.h"": 0.467423, ""2.B.3.j"": 0.530726, ""2.B.3.k"": 0.576978, ""2.B.3.l"": 0.355856, ""2.B.3.m"": 0.485457, ""2.B.4.e"": 0.522622, ""2.B.4.g"": 0.566165, ""2.B.4.h"": 0.492542, ""2.B.5.a"": 0.472028, ""2.B.5.b"": 0.31419, ""2.B.5.c"": 0.327218, ""2.B.5.d"": 0.416947}",在杭州参与网络与计算机系统管理员工作1年，持续提升阅读理解、积极倾听、书面表达、口头表达等技能。,负责网络与计算机系统管理员相关项目，完成需求分析、代码实现、测试验证和上线复盘，使用数据科学与大数据技术知识解决实际业务问题。,我具备本科学历，专业为数据科学与大数据技术，目标方向是信息安全分析师。重视工程质量、团队协作和持续学习。,"求职方向：信息安全分析师
教育背景：本科｜数据科学与大数据技术
工作经历：在杭州参与网络与计算机系统管理员工作1年，持续提升阅读理解、积极倾听、书面表达、口头表达等技能。
项目经历：负责网络与计算机系统管理员相关项目，完成需求分析、代码实现、测试验证和上线复盘，使用数据科学与大数据技术知识解决实际业务问题。
技能：阅读理解、积极倾听、书面表达、口头表达、数学、科学、批判性思维、主动学习、学习策略、监控、社会洞察、协调、说服、谈判、指导、服务导向、复杂问题解决、运营分析、技术设计、设备选型、安装、编程、运营监控、操作与控制、设备维护、故障排查、修复、质量控制分析、判断与决策、系统分析、系统评估、时间管理、财务资源管理、物资资源管理、人员资源管理
自我评价：我具备本科学历，专业为数据科学与大数据技术，目标方向是信息安全分析师。重视工程质量、团队协作和持续学习。",synthetic_chinese_resume
CR0054,u054,本科,网络工程,8,成都,15-1251.00,计算机程序员,15-1252.00,软件开发工程师,阅读理解、积极倾听、书面表达、口头表达、数学、科学、批判性思维、主动学习、学习策略、监控、社会洞察、协调、说服、谈判、指导、服务导向、复杂问题解决、运营分析、技术设计、编程、故障排查、质量控制分析、判断与决策、系统分析、系统评估、时间管理、财务资源管理、人员资源管理,"{""2.A.1.a"": 0.574146, ""2.A.1.b"": 0.554175, ""2.A.1.c"": 0.45135, ""2.A.1.d"": 0.384604, ""2.A.1.e"": 0.497322, ""2.A.1.f"": 0.379352, ""2.A.2.a"": 0.580083, ""2.A.2.b"": 0.429134, ""2.A.2.c"": 0.396918, ""2.A.2.d"": 0.45279, ""2.B.1.a"": 0.473619, ""2.B.1.b"": 0.435844, ""2.B.1.c"": 0.385543, ""2.B.1.d"": 0.368725, ""2.B.1.e"": 0.416887, ""2.B.1.f"": 0.324551, ""2.B.2.i"": 0.577865, ""2.B.3.a"": 0.560064, ""2.B.3.b"": 0.420456, ""2.B.3.c"": 0.259646, ""2.B.3.d"": 0.182443, ""2.B.3.e"": 0.738273, ""2.B.3.g"": 0.265156, ""2.B.3.h"": 0.1919, ""2.B.3.j"": 0.201294, ""2.B.3.k"": 0.342508, ""2.B.3.l"": 0.221907, ""2.B.3.m"": 0.485942, ""2.B.4.e"": 0.438146, ""2.B.4.g"": 0.503929, ""2.B.4.h"": 0.542955, ""2.B.5.a"": 0.438237, ""2.B.5.b"": 0.304613, ""2.B.5.c"": 0.189475, ""2.B.5.d"": 0.430031}",在成都参与计算机程序员工作8年，持续提升阅读理解、积极倾听、书面表达、口头表达等技能。,负责计算机程序员相关项目，完成需求分析、代码实现、测试验证和上线复盘，使用网络工程知识解决实际业务问题。,我具备本科学历，专业为网络工程，目标方向是软件开发工程师。重视工程质量、团队协作和持续学习。,"求职方向：软件开发工程师
教育背景：本科｜网络工程
工作经历：在成都参与计算机程序员工作8年，持续提升阅读理解、积极倾听、书面表达、口头表达等技能。
项目经历：负责计算机程序员相关项目，完成需求分析、代码实现、测试验证和上线复盘，使用网络工程知识解决实际业务问题。
技能：阅读理解、积极倾听、书面表达、口头表达、数学、科学、批判性思维、主动学习、学习策略、监控、社会洞察、协调、说服、谈判、指导、服务导向、复杂问题解决、运营分析、技术设计、编程、故障排查、质量控制分析、判断与决策、系统分析、系统评估、时间管理、财务资源管理、人员资源管理
自我评价：我具备本科学历，专业为网络工程，目标方向是软件开发工程师。重视工程质量、团队协作和持续学习。",synthetic_chinese_resume
CR0055,u055,硕士,信息安全,4,武汉,15-1252.00,软件开发工程师,15-1253.00,软件质量保证分析师与测试工程师,阅读理解、积极倾听、书面表达、口头表达、数学、批判性思维、主动学习、学习策略、监控、社会洞察、协调、说服、谈判、指导、服务导向、复杂问题解决、技术设计、运营监控、故障排查、判断与决策、系统分析、系统评估、时间管理、人员资源管理,"{""2.A.1.a"": 0.599471, ""2.A.1.b"": 0.503245, ""2.A.1.c"": 0.433642, ""2.A.1.d"": 0.498597, ""2.A.1.e"": 0.467359, ""2.A.1.f"": 0.254199, ""2.A.2.a"": 0.637055, ""2.A.2.b"": 0.444671, ""2.A.2.c"": 0.365787, ""2.A.2.d"": 0.426562, ""2.B.1.a"": 0.351144, ""2.B.1.b"": 0.469153, ""2.B.1.c"": 0.424573, ""2.B.1.d"": 0.440514, ""2.B.1.e"": 0.402836, ""2.B.1.f"": 0.400142, ""2.B.2.i"": 0.558473, ""2.B.3.a"": 0.20347, ""2.B.3.b"": 0.489215, ""2.B.3.c"": 0.180495, ""2.B.3.d"": 0.265092, ""2.B.3.e"": 0.154647, ""2.B.3.g"": 0.322968, ""2.B.3.h"": 0.235312, ""2.B.3.j"": 0.243036, ""2.B.3.k"": 0.363685, ""2.B.3.l"": 0.232267, ""2.B.3.m"": 0.243963, ""2.B.4.e"": 0.515489, ""2.B.4.g"": 0.47268, ""2.B.4.h"": 0.611107, ""2.B.5.a"": 0.510241, ""2.B.5.b"": 0.215544, ""2.B.5.c"": 0.267792, ""2.B.5.d"": 0.30875}",在武汉参与软件开发工程师工作4年，持续提升阅读理解、积极倾听、书面表达、口头表达等技能。,负责软件开发工程师相关项目，完成需求分析、代码实现、测试验证和上线复盘，使用信息安全知识解决实际业务问题。,我具备硕士学历，专业为信息安全，目标方向是软件质量保证分析师与测试工程师。重视工程质量、团队协作和持续学习。,"求职方向：软件质量保证分析师与测试工程师
教育背景：硕士｜信息安全
工作经历：在武汉参与软件开发工程师工作4年，持续提升阅读理解、积极倾听、书面表达、口头表达等技能。
项目经历：负责软件开发工程师相关项目，完成需求分析、代码实现、测试验证和上线复盘，使用信息安全知识解决实际业务问题。
技能：阅读理解、积极倾听、书面表达、口头表达、数学、批判性思维、主动学习、学习策略、监控、社会洞察、协调、说服、谈判、指导、服务导向、复杂问题解决、技术设计、运营监控、故障排查、判断与决策、系统分析、系统评估、时间管理、人员资源管理
自我评价：我具备硕士学历，专业为信息安全，目标方向是软件质量保证分析师与测试工程师。重视工程质量、团队协作和持续学习。",synthetic_chinese_resume
CR0056,u056,大专,计算机科学与技术,0,西安,15-1253.00,软件质量保证分析师与测试工程师,15-1252.00,软件开发工程师,阅读理解、积极倾听、书面表达、口头表达、数学、科学、批判性思维、主动学习、学习策略、监控、社会洞察、协调、说服、谈判、指导、服务导向、复杂问题解决、运营分析、技术设计、安装、编程、运营监控、故障排查、质量控制分析、判断与决策、系统分析、系统评估、时间管理、人员资源管理,"{""2.A.1.a"": 0.669483, ""2.A.1.b"": 0.63264, ""2.A.1.c"": 0.545293, ""2.A.1.d"": 0.630529, ""2.A.1.e"": 0.387719, ""2.A.1.f"": 0.40908, ""2.A.2.a"": 0.610205, ""2.A.2.b"": 0.428313, ""2.A.2.c"": 0.398562, ""2.A.2.d"": 0.495969, ""2.B.1.a"": 0.404032, ""2.B.1.b"": 0.368984, ""2.B.1.c"": 0.409829, ""2.B.1.d"": 0.385288, ""2.B.1.e"": 0.372048, ""2.B.1.f"": 0.362705, ""2.B.2.i"": 0.475261, ""2.B.3.a"": 0.450605, ""2.B.3.b"": 0.308326, ""2.B.3.c"": 0.265679, ""2.B.3.d"": 0.313513, ""2.B.3.e"": 0.579247, ""2.B.3.g"": 0.402181, ""2.B.3.h"": 0.251516, ""2.B.3.j"": 0.257228, ""2.B.3.k"": 0.387357, ""2.B.3.l"": 0.201941, ""2.B.3.m"": 0.420828, ""2.B.4.e"": 0.47425, ""2.B.4.g"": 0.344415, ""2.B.4.h"": 0.43198, ""2.B.5.a"": 0.457372, ""2.B.5.b"": 0.209015, ""2.B.5.c"": 0.233224, ""2.B.5.d"": 0.358696}",在西安参与软件质量保证分析师与测试工程师工作0年，持续提升阅读理解、积极倾听、书面表达、口头表达等技能。,负责软件质量保证分析师与测试工程师相关项目，完成需求分析、代码实现、测试验证和上线复盘，使用计算机科学与技术知识解决实际业务问题。,我具备大专学历，专业为计算机科学与技术，目标方向是软件开发工程师。重视工程质量、团队协作和持续学习。,"求职方向：软件开发工程师
教育背景：大专｜计算机科学与技术
工作经历：在西安参与软件质量保证分析师与测试工程师工作0年，持续提升阅读理解、积极倾听、书面表达、口头表达等技能。
项目经历：负责软件质量保证分析师与测试工程师相关项目，完成需求分析、代码实现、测试验证和上线复盘，使用计算机科学与技术知识解决实际业务问题。
技能：阅读理解、积极倾听、书面表达、口头表达、数学、科学、批判性思维、主动学习、学习策略、监控、社会洞察、协调、说服、谈判、指导、服务导向、复杂问题解决、运营分析、技术设计、安装、编程、运营监控、故障排查、质量控制分析、判断与决策、系统分析、系统评估、时间管理、人员资源管理
自我评价：我具备大专学历，专业为计算机科学与技术，目标方向是软件开发工程师。重视工程质量、团队协作和持续学习。",synthetic_chinese_resume
CR0057,u057,本科,软件工程,7,北京,15-1254.00,网页开发工程师,15-1252.00,软件开发工程师,阅读理解、积极倾听、书面表达、口头表达、数学、科学、批判性思维、主动学习、学习策略、监控、社会洞察、协调、说服、谈判、指导、服务导向、复杂问题解决、运营分析、技术设计、设备选型、编程、运营监控、故障排查、修复、质量控制分析、判断与决策、系统分析、系统评估、时间管理、人员资源管理,"{""2.A.1.a"": 0.488283, ""2.A.1.b"": 0.520604, ""2.A.1.c"": 0.455908, ""2.A.1.d"": 0.488328, ""2.A.1.e"": 0.401256, ""2.A.1.f"": 0.339932, ""2.A.2.a"": 0.601517, ""2.A.2.b"": 0.529502, ""2.A.2.c"": 0.438989, ""2.A.2.d"": 0.383099, ""2.B.1.a"": 0.359969, ""2.B.1.b"": 0.451621, ""2.B.1.c"": 0.443703, ""2.B.1.d"": 0.388168, ""2.B.1.e"": 0.394504, ""2.B.1.f"": 0.338083, ""2.B.2.i"": 0.534373, ""2.B.3.a"": 0.529455, ""2.B.3.b"": 0.351182, ""2.B.3.c"": 0.325997, ""2.B.3.d"": 0.170139, ""2.B.3.e"": 0.606758, ""2.B.3.g"": 0.362218, ""2.B.3.h"": 0.243088, ""2.B.3.j"": 0.277698, ""2.B.3.k"": 0.33226, ""2.B.3.l"": 0.287493, ""2.B.3.m"": 0.37707, ""2.B.4.e"": 0.488975, ""2.B.4.g"": 0.404543, ""2.B.4.h"": 0.531263, ""2.B.5.a"": 0.450555, ""2.B.5.b"": 0.18321, ""2.B.5.c"": 0.254013, ""2.B.5.d"": 0.38368}",在北京参与网页开发工程师工作7年，持续提升阅读理解、积极倾听、书面表达、口头表达等技能。,负责网页开发工程师相关项目，完成需求分析、代码实现、测试验证和上线复盘，使用软件工程知识解决实际业务问题。,我具备本科学历，专业为软件工程，目标方向是软件开发工程师。重视工程质量、团队协作和持续学习。,"求职方向：软件开发工程师
教育背景：本科｜软件工程
工作经历：在北京参与网页开发工程师工作7年，持续提升阅读理解、积极倾听、书面表达、口头表达等技能。
项目经历：负责网页开发工程师相关项目，完成需求分析、代码实现、测试验证和上线复盘，使用软件工程知识解决实际业务问题。
技能：阅读理解、积极倾听、书面表达、口头表达、数学、科学、批判性思维、主动学习、学习策略、监控、社会洞察、协调、说服、谈判、指导、服务导向、复杂问题解决、运营分析、技术设计、设备选型、编程、运营监控、故障排查、修复、质量控制分析、判断与决策、系统分析、系统评估、时间管理、人员资源管理
自我评价：我具备本科学历，专业为软件工程，目标方向是软件开发工程师。重视工程质量、团队协作和持续学习。",synthetic_chinese_resume
CR0058,u058,本科,数据科学与大数据技术,3,上海,15-1255.00,网页与数字界面设计师,15-2031.00,运筹分析师,阅读理解、积极倾听、书面表达、口头表达、数学、批判性思维、主动学习、学习策略、监控、社会洞察、协调、说服、谈判、指导、服务导向、复杂问题解决、运营分析、技术设计、编程、运营监控、判断与决策、系统分析、系统评估、时间管理、人员资源管理,"{""2.A.1.a"": 0.527353, ""2.A.1.b"": 0.440626, ""2.A.1.c"": 0.483605, ""2.A.1.d"": 0.514388, ""2.A.1.e"": 0.4525, ""2.A.1.f"": 0.277983, ""2.A.2.a"": 0.490881, ""2.A.2.b"": 0.442301, ""2.A.2.c"": 0.373137, ""2.A.2.d"": 0.504811, ""2.B.1.a"": 0.430933, ""2.B.1.b"": 0.466959, ""2.B.1.c"": 0.441109, ""2.B.1.d"": 0.381168, ""2.B.1.e"": 0.386984, ""2.B.1.f"": 0.415179, ""2.B.2.i"": 0.553852, ""2.B.3.a"": 0.416681, ""2.B.3.b"": 0.441634, ""2.B.3.c"": 0.241918, ""2.B.3.d"": 0.156385, ""2.B.3.e"": 0.611964, ""2.B.3.g"": 0.298353, ""2.B.3.h"": 0.185847, ""2.B.3.j"": 0.204579, ""2.B.3.k"": 0.181935, ""2.B.3.l"": 0.196488, ""2.B.3.m"": 0.261873, ""2.B.4.e"": 0.53451, ""2.B.4.g"": 0.48327, ""2.B.4.h"": 0.481611, ""2.B.5.a"": 0.51313, ""2.B.5.b"": 0.249203, ""2.B.5.c"": 0.208306, ""2.B.5.d"": 0.404703}",在上海参与网页与数字界面设计师工作3年，持续提升阅读理解、积极倾听、书面表达、口头表达等技能。,负责网页与数字界面设计师相关项目，完成需求分析、代码实现、测试验证和上线复盘，使用数据科学与大数据技术知识解决实际业务问题。,我具备本科学历，专业为数据科学与大数据技术，目标方向是运筹分析师。重视工程质量、团队协作和持续学习。,"求职方向：运筹分析师
教育背景：本科｜数据科学与大数据技术
工作经历：在上海参与网页与数字界面设计师工作3年，持续提升阅读理解、积极倾听、书面表达、口头表达等技能。
项目经历：负责网页与数字界面设计师相关项目，完成需求分析、代码实现、测试验证和上线复盘，使用数据科学与大数据技术知识解决实际业务问题。
技能：阅读理解、积极倾听、书面表达、口头表达、数学、批判性思维、主动学习、学习策略、监控、社会洞察、协调、说服、谈判、指导、服务导向、复杂问题解决、运营分析、技术设计、编程、运营监控、判断与决策、系统分析、系统评估、时间管理、人员资源管理
自我评价：我具备本科学历，专业为数据科学与大数据技术，目标方向是运筹分析师。重视工程质量、团队协作和持续学习。",synthetic_chinese_resume
CR0059,u059,硕士,网络工程,10,广州,15-2031.00,运筹分析师,15-2051.00,数据科学家,阅读理解、积极倾听、书面表达、口头表达、数学、科学、批判性思维、主动学习、学习策略、监控、社会洞察、协调、说服、指导、服务导向、复杂问题解决、运营分析、编程、质量控制分析、判断与决策、系统分析、系统评估、时间管理、人员资源管理,"{""2.A.1.a"": 0.689211, ""2.A.1.b"": 0.628673, ""2.A.1.c"": 0.551761, ""2.A.1.d"": 0.505759, ""2.A.1.e"": 0.647005, ""2.A.1.f"": 0.443009, ""2.A.2.a"": 0.601812, ""2.A.2.b"": 0.555262, ""2.A.2.c"": 0.372159, ""2.A.2.d"": 0.424776, ""2.B.1.a"": 0.389422, ""2.B.1.b"": 0.408456, ""2.B.1.c"": 0.412126, ""2.B.1.d"": 0.189658, ""2.B.1.e"": 0.511253, ""2.B.1.f"": 0.445063, ""2.B.2.i"": 0.688547, ""2.B.3.a"": 0.454256, ""2.B.3.b"": 0.255946, ""2.B.3.c"": 0.165513, ""2.B.3.d"": 0.132087, ""2.B.3.e"": 0.452491, ""2.B.3.g"": 0.271662, ""2.B.3.h"": 0.228181, ""2.B.3.j"": 0.189052, ""2.B.3.k"": 0.219274, ""2.B.3.l"": 0.187582, ""2.B.3.m"": 0.286489, ""2.B.4.e"": 0.626208, ""2.B.4.g"": 0.631916, ""2.B.4.h"": 0.609432, ""2.B.5.a"": 0.373326, ""2.B.5.b"": 0.187271, ""2.B.5.c"": 0.267357, ""2.B.5.d"": 0.516427}",在广州参与运筹分析师工作10年，持续提升阅读理解、积极倾听、书面表达、口头表达等技能。,负责运筹分析师相关项目，完成需求分析、代码实现、测试验证和上线复盘，使用网络工程知识解决实际业务问题。,我具备硕士学历，专业为网络工程，目标方向是数据科学家。重视工程质量、团队协作和持续学习。,"求职方向：数据科学家
教育背景：硕士｜网络工程
工作经历：在广州参与运筹分析师工作10年，持续提升阅读理解、积极倾听、书面表达、口头表达等技能。
项目经历：负责运筹分析师相关项目，完成需求分析、代码实现、测试验证和上线复盘，使用网络工程知识解决实际业务问题。
技能：阅读理解、积极倾听、书面表达、口头表达、数学、科学、批判性思维、主动学习、学习策略、监控、社会洞察、协调、说服、指导、服务导向、复杂问题解决、运营分析、编程、质量控制分析、判断与决策、系统分析、系统评估、时间管理、人员资源管理
自我评价：我具备硕士学历，专业为网络工程，目标方向是数据科学家。重视工程质量、团队协作和持续学习。",synthetic_chinese_resume
CR0060,u060,大专,信息安全,6,深圳,15-2051.00,数据科学家,15-1211.00,计算机系统分析师,阅读理解、积极倾听、书面表达、口头表达、数学、科学、批判性思维、主动学习、学习策略、监控、社会洞察、协调、说服、谈判、指导、服务导向、复杂问题解决、运营分析、设备选型、编程、运营监控、质量控制分析、判断与决策、系统分析、系统评估、时间管理、人员资源管理,"{""2.A.1.a"": 0.574726, ""2.A.1.b"": 0.559347, ""2.A.1.c"": 0.562335, ""2.A.1.d"": 0.642118, ""2.A.1.e"": 0.529634, ""2.A.1.f"": 0.290858, ""2.A.2.a"": 0.638643, ""2.A.2.b"": 0.664569, ""2.A.2.c"": 0.457043, ""2.A.2.d"": 0.493428, ""2.B.1.a"": 0.420009, ""2.B.1.b"": 0.366071, ""2.B.1.c"": 0.330976, ""2.B.1.d"": 0.42768, ""2.B.1.e"": 0.358751, ""2.B.1.f"": 0.367768, ""2.B.2.i"": 0.561482, ""2.B.3.a"": 0.368587, ""2.B.3.b"": 0.210899, ""2.B.3.c"": 0.300083, ""2.B.3.d"": 0.136008, ""2.B.3.e"": 0.401603, ""2.B.3.g"": 0.280395, ""2.B.3.h"": 0.227788, ""2.B.3.j"": 0.165737, ""2.B.3.k"": 0.231283, ""2.B.3.l"": 0.191629, ""2.B.3.m"": 0.308913, ""2.B.4.e"": 0.596246, ""2.B.4.g"": 0.491112, ""2.B.4.h"": 0.467518, ""2.B.5.a"": 0.511221, ""2.B.5.b"": 0.270013, ""2.B.5.c"": 0.224689, ""2.B.5.d"": 0.341464}",在深圳参与数据科学家工作6年，持续提升阅读理解、积极倾听、书面表达、口头表达等技能。,负责数据科学家相关项目，完成需求分析、代码实现、测试验证和上线复盘，使用信息安全知识解决实际业务问题。,我具备大专学历，专业为信息安全，目标方向是计算机系统分析师。重视工程质量、团队协作和持续学习。,"求职方向：计算机系统分析师
教育背景：大专｜信息安全
工作经历：在深圳参与数据科学家工作6年，持续提升阅读理解、积极倾听、书面表达、口头表达等技能。
项目经历：负责数据科学家相关项目，完成需求分析、代码实现、测试验证和上线复盘，使用信息安全知识解决实际业务问题。
技能：阅读理解、积极倾听、书面表达、口头表达、数学、科学、批判性思维、主动学习、学习策略、监控、社会洞察、协调、说服、谈判、指导、服务导向、复杂问题解决、运营分析、设备选型、编程、运营监控、质量控制分析、判断与决策、系统分析、系统评估、时间管理、人员资源管理
自我评价：我具备大专学历，专业为信息安全，目标方向是计算机系统分析师。重视工程质量、团队协作和持续学习。",synthetic_chinese_resume
CR0061,u061,本科,计算机科学与技术,2,杭州,15-1211.00,计算机系统分析师,15-2051.00,数据科学家,阅读理解、积极倾听、书面表达、口头表达、数学、科学、批判性思维、主动学习、学习策略、监控、社会洞察、协调、说服、谈判、指导、服务导向、复杂问题解决、运营分析、技术设计、设备选型、编程、运营监控、操作与控制、故障排查、质量控制分析、判断与决策、系统分析、系统评估、时间管理、财务资源管理、物资资源管理、人员资源管理,"{""2.A.1.a"": 0.606142, ""2.A.1.b"": 0.585335, ""2.A.1.c"": 0.525853, ""2.A.1.d"": 0.587751, ""2.A.1.e"": 0.452302, ""2.A.1.f"": 0.337528, ""2.A.2.a"": 0.567702, ""2.A.2.b"": 0.468739, ""2.A.2.c"": 0.428622, ""2.A.2.d"": 0.537108, ""2.B.1.a"": 0.419815, ""2.B.1.b"": 0.512665, ""2.B.1.c"": 0.317829, ""2.B.1.d"": 0.375138, ""2.B.1.e"": 0.526496, ""2.B.1.f"": 0.454006, ""2.B.2.i"": 0.522743, ""2.B.3.a"": 0.538284, ""2.B.3.b"": 0.403184, ""2.B.3.c"": 0.371709, ""2.B.3.d"": 0.227242, ""2.B.3.e"": 0.511469, ""2.B.3.g"": 0.401364, ""2.B.3.h"": 0.43213, ""2.B.3.j"": 0.279942, ""2.B.3.k"": 0.477332, ""2.B.3.l"": 0.277275, ""2.B.3.m"": 0.457738, ""2.B.4.e"": 0.590315, ""2.B.4.g"": 0.514815, ""2.B.4.h"": 0.539733, ""2.B.5.a"": 0.523021, ""2.B.5.b"": 0.355411, ""2.B.5.c"": 0.364753, ""2.B.5.d"": 0.465212}",在杭州参与计算机系统分析师工作2年，持续提升阅读理解、积极倾听、书面表达、口头表达等技能。,负责计算机系统分析师相关项目，完成需求分析、代码实现、测试验证和上线复盘，使用计算机科学与技术知识解决实际业务问题。,我具备本科学历，专业为计算机科学与技术，目标方向是数据科学家。重视工程质量、团队协作和持续学习。,"求职方向：数据科学家
教育背景：本科｜计算机科学与技术
工作经历：在杭州参与计算机系统分析师工作2年，持续提升阅读理解、积极倾听、书面表达、口头表达等技能。
项目经历：负责计算机系统分析师相关项目，完成需求分析、代码实现、测试验证和上线复盘，使用计算机科学与技术知识解决实际业务问题。
技能：阅读理解、积极倾听、书面表达、口头表达、数学、科学、批判性思维、主动学习、学习策略、监控、社会洞察、协调、说服、谈判、指导、服务导向、复杂问题解决、运营分析、技术设计、设备选型、编程、运营监控、操作与控制、故障排查、质量控制分析、判断与决策、系统分析、系统评估、时间管理、财务资源管理、物资资源管理、人员资源管理
自我评价：我具备本科学历，专业为计算机科学与技术，目标方向是数据科学家。重视工程质量、团队协作和持续学习。",synthetic_chinese_resume
CR0062,u062,本科,软件工程,9,成都,15-1212.00,信息安全分析师,15-1242.00,数据库管理员,阅读理解、积极倾听、书面表达、口头表达、批判性思维、主动学习、学习策略、监控、社会洞察、协调、说服、谈判、指导、服务导向、复杂问题解决、运营分析、技术设计、编程、运营监控、故障排查、质量控制分析、判断与决策、系统分析、系统评估、时间管理、人员资源管理,"{""2.A.1.a"": 0.581469, ""2.A.1.b"": 0.568067, ""2.A.1.c"": 0.579802, ""2.A.1.d"": 0.52029, ""2.A.1.e"": 0.267708, ""2.A.1.f"": 0.179619, ""2.A.2.a"": 0.569509, ""2.A.2.b"": 0.452834, ""2.A.2.c"": 0.446794, ""2.A.2.d"": 0.555556, ""2.B.1.a"": 0.427038, ""2.B.1.b"": 0.493651, ""2.B.1.c"": 0.419718, ""2.B.1.d"": 0.384314, ""2.B.1.e"": 0.414131, ""2.B.1.f"": 0.398276, ""2.B.2.i"": 0.556014, ""2.B.3.a"": 0.453103, ""2.B.3.b"": 0.291775, ""2.B.3.c"": 0.238393, ""2.B.3.d"": 0.174118, ""2.B.3.e"": 0.387541, ""2.B.3.g"": 0.418125, ""2.B.3.h"": 0.165922, ""2.B.3.j"": 0.18893, ""2.B.3.k"": 0.303601, ""2.B.3.l"": 0.222463, ""2.B.3.m"": 0.462595, ""2.B.4.e"": 0.520677, ""2.B.4.g"": 0.502805, ""2.B.4.h"": 0.473135, ""2.B.5.a"": 0.379485, ""2.B.5.b"": 0.214198, ""2.B.5.c"": 0.200279, ""2.B.5.d"": 0.386581}",在成都参与信息安全分析师工作9年，持续提升阅读理解、积极倾听、书面表达、口头表达等技能。,负责信息安全分析师相关项目，完成需求分析、代码实现、测试验证和上线复盘，使用软件工程知识解决实际业务问题。,我具备本科学历，专业为软件工程，目标方向是数据库管理员。重视工程质量、团队协作和持续学习。,"求职方向：数据库管理员
教育背景：本科｜软件工程
工作经历：在成都参与信息安全分析师工作9年，持续提升阅读理解、积极倾听、书面表达、口头表达等技能。
项目经历：负责信息安全分析师相关项目，完成需求分析、代码实现、测试验证和上线复盘，使用软件工程知识解决实际业务问题。
技能：阅读理解、积极倾听、书面表达、口头表达、批判性思维、主动学习、学习策略、监控、社会洞察、协调、说服、谈判、指导、服务导向、复杂问题解决、运营分析、技术设计、编程、运营监控、故障排查、质量控制分析、判断与决策、系统分析、系统评估、时间管理、人员资源管理
自我评价：我具备本科学历，专业为软件工程，目标方向是数据库管理员。重视工程质量、团队协作和持续学习。",synthetic_chinese_resume
CR0063,u063,硕士,数据科学与大数据技术,5,武汉,15-1242.00,数据库管理员,15-2051.00,数据科学家,阅读理解、积极倾听、书面表达、口头表达、数学、批判性思维、主动学习、学习策略、监控、社会洞察、协调、说服、谈判、指导、服务导向、复杂问题解决、运营分析、技术设计、编程、运营监控、故障排查、判断与决策、系统分析、系统评估、时间管理、人员资源管理,"{""2.A.1.a"": 0.619711, ""2.A.1.b"": 0.598755, ""2.A.1.c"": 0.510638, ""2.A.1.d"": 0.597656, ""2.A.1.e"": 0.409447, ""2.A.1.f"": 0.27818, ""2.A.2.a"": 0.632092, ""2.A.2.b"": 0.490479, ""2.A.2.c"": 0.467151, ""2.A.2.d"": 0.490629, ""2.B.1.a"": 0.365563, ""2.B.1.b"": 0.507869, ""2.B.1.c"": 0.371991, ""2.B.1.d"": 0.301731, ""2.B.1.e"": 0.46775, ""2.B.1.f"": 0.438186, ""2.B.2.i"": 0.524901, ""2.B.3.a"": 0.53487, ""2.B.3.b"": 0.379052, ""2.B.3.c"": 0.173667, ""2.B.3.d"": 0.16207, ""2.B.3.e"": 0.562911, ""2.B.3.g"": 0.483202, ""2.B.3.h"": 0.154077, ""2.B.3.j"": 0.195146, ""2.B.3.k"": 0.323807, ""2.B.3.l"": 0.146905, ""2.B.3.m"": 0.237466, ""2.B.4.e"": 0.640477, ""2.B.4.g"": 0.409424, ""2.B.4.h"": 0.478609, ""2.B.5.a"": 0.38158, ""2.B.5.b"": 0.207973, ""2.B.5.c"": 0.232886, ""2.B.5.d"": 0.419867}",在武汉参与数据库管理员工作5年，持续提升阅读理解、积极倾听、书面表达、口头表达等技能。,负责数据库管理员相关项目，完成需求分析、代码实现、测试验证和上线复盘，使用数据科学与大数据技术知识解决实际业务问题。,我具备硕士学历，专业为数据科学与大数据技术，目标方向是数据科学家。重视工程质量、团队协作和持续学习。,"求职方向：数据科学家
教育背景：硕士｜数据科学与大数据技术
工作经历：在武汉参与数据库管理员工作5年，持续提升阅读理解、积极倾听、书面表达、口头表达等技能。
项目经历：负责数据库管理员相关项目，完成需求分析、代码实现、测试验证和上线复盘，使用数据科学与大数据技术知识解决实际业务问题。
技能：阅读理解、积极倾听、书面表达、口头表达、数学、批判性思维、主动学习、学习策略、监控、社会洞察、协调、说服、谈判、指导、服务导向、复杂问题解决、运营分析、技术设计、编程、运营监控、故障排查、判断与决策、系统分析、系统评估、时间管理、人员资源管理
自我评价：我具备硕士学历，专业为数据科学与大数据技术，目标方向是数据科学家。重视工程质量、团队协作和持续学习。",synthetic_chinese_resume
CR0064,u064,大专,网络工程,1,西安,15-1243.00,数据库架构师,15-1244.00,网络与计算机系统管理员,阅读理解、积极倾听、书面表达、口头表达、数学、科学、批判性思维、主动学习、学习策略、监控、社会洞察、协调、说服、谈判、指导、服务导向、复杂问题解决、运营分析、技术设计、编程、运营监控、质量控制分析、判断与决策、系统分析、系统评估、时间管理、财务资源管理、人员资源管理,"{""2.A.1.a"": 0.568038, ""2.A.1.b"": 0.565127, ""2.A.1.c"": 0.540544, ""2.A.1.d"": 0.499172, ""2.A.1.e"": 0.470615, ""2.A.1.f"": 0.288184, ""2.A.2.a"": 0.528227, ""2.A.2.b"": 0.455066, ""2.A.2.c"": 0.500657, ""2.A.2.d"": 0.5133, ""2.B.1.a"": 0.440522, ""2.B.1.b"": 0.397502, ""2.B.1.c"": 0.416299, ""2.B.1.d"": 0.460862, ""2.B.1.e"": 0.468768, ""2.B.1.f"": 0.47066, ""2.B.2.i"": 0.571671, ""2.B.3.a"": 0.488707, ""2.B.3.b"": 0.440747, ""2.B.3.c"": 0.182754, ""2.B.3.d"": 0.137927, ""2.B.3.e"": 0.552717, ""2.B.3.g"": 0.369534, ""2.B.3.h"": 0.22092, ""2.B.3.j"": 0.217302, ""2.B.3.k"": 0.244498, ""2.B.3.l"": 0.207864, ""2.B.3.m"": 0.361509, ""2.B.4.e"": 0.51811, ""2.B.4.g"": 0.561882, ""2.B.4.h"": 0.489687, ""2.B.5.a"": 0.423847, ""2.B.5.b"": 0.308903, ""2.B.5.c"": 0.240736, ""2.B.5.d"": 0.356111}",在西安参与数据库架构师工作1年，持续提升阅读理解、积极倾听、书面表达、口头表达等技能。,负责数据库架构师相关项目，完成需求分析、代码实现、测试验证和上线复盘，使用网络工程知识解决实际业务问题。,我具备大专学历，专业为网络工程，目标方向是网络与计算机系统管理员。重视工程质量、团队协作和持续学习。,"求职方向：网络与计算机系统管理员
教育背景：大专｜网络工程
工作经历：在西安参与数据库架构师工作1年，持续提升阅读理解、积极倾听、书面表达、口头表达等技能。
项目经历：负责数据库架构师相关项目，完成需求分析、代码实现、测试验证和上线复盘，使用网络工程知识解决实际业务问题。
技能：阅读理解、积极倾听、书面表达、口头表达、数学、科学、批判性思维、主动学习、学习策略、监控、社会洞察、协调、说服、谈判、指导、服务导向、复杂问题解决、运营分析、技术设计、编程、运营监控、质量控制分析、判断与决策、系统分析、系统评估、时间管理、财务资源管理、人员资源管理
自我评价：我具备大专学历，专业为网络工程，目标方向是网络与计算机系统管理员。重视工程质量、团队协作和持续学习。",synthetic_chinese_resume
CR0065,u065,本科,信息安全,8,北京,15-1244.00,网络与计算机系统管理员,15-1212.00,信息安全分析师,阅读理解、积极倾听、书面表达、口头表达、数学、科学、批判性思维、主动学习、学习策略、监控、社会洞察、协调、说服、谈判、指导、服务导向、复杂问题解决、运营分析、技术设计、设备选型、安装、编程、运营监控、操作与控制、设备维护、故障排查、修复、质量控制分析、判断与决策、系统分析、系统评估、时间管理、物资资源管理、人员资源管理,"{""2.A.1.a"": 0.504226, ""2.A.1.b"": 0.594366, ""2.A.1.c"": 0.481789, ""2.A.1.d"": 0.447735, ""2.A.1.e"": 0.465581, ""2.A.1.f"": 0.336763, ""2.A.2.a"": 0.544115, ""2.A.2.b"": 0.434645, ""2.A.2.c"": 0.360948, ""2.A.2.d"": 0.485039, ""2.B.1.a"": 0.389231, ""2.B.1.b"": 0.465246, ""2.B.1.c"": 0.423381, ""2.B.1.d"": 0.339136, ""2.B.1.e"": 0.47704, ""2.B.1.f"": 0.423424, ""2.B.2.i"": 0.558592, ""2.B.3.a"": 0.454479, ""2.B.3.b"": 0.394474, ""2.B.3.c"": 0.488592, ""2.B.3.d"": 0.317399, ""2.B.3.e"": 0.585845, ""2.B.3.g"": 0.494659, ""2.B.3.h"": 0.486493, ""2.B.3.j"": 0.378291, ""2.B.3.k"": 0.638088, ""2.B.3.l"": 0.446766, ""2.B.3.m"": 0.485363, ""2.B.4.e"": 0.658632, ""2.B.4.g"": 0.59629, ""2.B.4.h"": 0.576551, ""2.B.5.a"": 0.556575, ""2.B.5.b"": 0.229467, ""2.B.5.c"": 0.412566, ""2.B.5.d"": 0.468109}",在北京参与网络与计算机系统管理员工作8年，持续提升阅读理解、积极倾听、书面表达、口头表达等技能。,负责网络与计算机系统管理员相关项目，完成需求分析、代码实现、测试验证和上线复盘，使用信息安全知识解决实际业务问题。,我具备本科学历，专业为信息安全，目标方向是信息安全分析师。重视工程质量、团队协作和持续学习。,"求职方向：信息安全分析师
教育背景：本科｜信息安全
工作经历：在北京参与网络与计算机系统管理员工作8年，持续提升阅读理解、积极倾听、书面表达、口头表达等技能。
项目经历：负责网络与计算机系统管理员相关项目，完成需求分析、代码实现、测试验证和上线复盘，使用信息安全知识解决实际业务问题。
技能：阅读理解、积极倾听、书面表达、口头表达、数学、科学、批判性思维、主动学习、学习策略、监控、社会洞察、协调、说服、谈判、指导、服务导向、复杂问题解决、运营分析、技术设计、设备选型、安装、编程、运营监控、操作与控制、设备维护、故障排查、修复、质量控制分析、判断与决策、系统分析、系统评估、时间管理、物资资源管理、人员资源管理
自我评价：我具备本科学历，专业为信息安全，目标方向是信息安全分析师。重视工程质量、团队协作和持续学习。",synthetic_chinese_resume
CR0066,u066,本科,计算机科学与技术,4,上海,15-1251.00,计算机程序员,15-1252.00,软件开发工程师,阅读理解、积极倾听、书面表达、口头表达、数学、科学、批判性思维、主动学习、学习策略、监控、社会洞察、协调、说服、谈判、指导、服务导向、复杂问题解决、运营分析、技术设计、安装、编程、运营监控、故障排查、质量控制分析、判断与决策、系统分析、系统评估、时间管理、人员资源管理,"{""2.A.1.a"": 0.471513, ""2.A.1.b"": 0.577048, ""2.A.1.c"": 0.464436, ""2.A.1.d"": 0.488247, ""2.A.1.e"": 0.421968, ""2.A.1.f"": 0.365915, ""2.A.2.a"": 0.595205, ""2.A.2.b"": 0.45303, ""2.A.2.c"": 0.343348, ""2.A.2.d"": 0.344566, ""2.B.1.a"": 0.340353, ""2.B.1.b"": 0.488595, ""2.B.1.c"": 0.413006, ""2.B.1.d"": 0.290757, ""2.B.1.e"": 0.485273, ""2.B.1.f"": 0.396, ""2.B.2.i"": 0.634736, ""2.B.3.a"": 0.419737, ""2.B.3.b"": 0.365223, ""2.B.3.c"": 0.232953, ""2.B.3.d"": 0.293064, ""2.B.3.e"": 0.753554, ""2.B.3.g"": 0.362746, ""2.B.3.h"": 0.227123, ""2.B.3.j"": 0.26162, ""2.B.3.k"": 0.313326, ""2.B.3.l"": 0.224023, ""2.B.3.m"": 0.481267, ""2.B.4.e"": 0.485039, ""2.B.4.g"": 0.50903, ""2.B.4.h"": 0.46293, ""2.B.5.a"": 0.431789, ""2.B.5.b"": 0.231932, ""2.B.5.c"": 0.177479, ""2.B.5.d"": 0.331009}",在上海参与计算机程序员工作4年，持续提升阅读理解、积极倾听、书面表达、口头表达等技能。,负责计算机程序员相关项目，完成需求分析、代码实现、测试验证和上线复盘，使用计算机科学与技术知识解决实际业务问题。,我具备本科学历，专业为计算机科学与技术，目标方向是软件开发工程师。重视工程质量、团队协作和持续学习。,"求职方向：软件开发工程师
教育背景：本科｜计算机科学与技术
工作经历：在上海参与计算机程序员工作4年，持续提升阅读理解、积极倾听、书面表达、口头表达等技能。
项目经历：负责计算机程序员相关项目，完成需求分析、代码实现、测试验证和上线复盘，使用计算机科学与技术知识解决实际业务问题。
技能：阅读理解、积极倾听、书面表达、口头表达、数学、科学、批判性思维、主动学习、学习策略、监控、社会洞察、协调、说服、谈判、指导、服务导向、复杂问题解决、运营分析、技术设计、安装、编程、运营监控、故障排查、质量控制分析、判断与决策、系统分析、系统评估、时间管理、人员资源管理
自我评价：我具备本科学历，专业为计算机科学与技术，目标方向是软件开发工程师。重视工程质量、团队协作和持续学习。",synthetic_chinese_resume
CR0067,u067,硕士,软件工程,0,广州,15-1252.00,软件开发工程师,15-1253.00,软件质量保证分析师与测试工程师,阅读理解、积极倾听、书面表达、口头表达、数学、批判性思维、主动学习、学习策略、监控、社会洞察、协调、说服、谈判、指导、服务导向、复杂问题解决、运营分析、技术设计、运营监控、判断与决策、系统分析、系统评估、时间管理、人员资源管理,"{""2.A.1.a"": 0.498989, ""2.A.1.b"": 0.517674, ""2.A.1.c"": 0.446207, ""2.A.1.d"": 0.476902, ""2.A.1.e"": 0.392229, ""2.A.1.f"": 0.137142, ""2.A.2.a"": 0.595251, ""2.A.2.b"": 0.648717, ""2.A.2.c"": 0.324718, ""2.A.2.d"": 0.415333, ""2.B.1.a"": 0.373456, ""2.B.1.b"": 0.33125, ""2.B.1.c"": 0.381538, ""2.B.1.d"": 0.369707, ""2.B.1.e"": 0.41975, ""2.B.1.f"": 0.431395, ""2.B.2.i"": 0.548342, ""2.B.3.a"": 0.288274, ""2.B.3.b"": 0.610724, ""2.B.3.c"": 0.191958, ""2.B.3.d"": 0.276887, ""2.B.3.e"": 0.175542, ""2.B.3.g"": 0.329465, ""2.B.3.h"": 0.187214, ""2.B.3.j"": 0.24684, ""2.B.3.k"": 0.277518, ""2.B.3.l"": 0.213647, ""2.B.3.m"": 0.160404, ""2.B.4.e"": 0.500957, ""2.B.4.g"": 0.448313, ""2.B.4.h"": 0.494732, ""2.B.5.a"": 0.442044, ""2.B.5.b"": 0.220909, ""2.B.5.c"": 0.225592, ""2.B.5.d"": 0.393113}",在广州参与软件开发工程师工作0年，持续提升阅读理解、积极倾听、书面表达、口头表达等技能。,负责软件开发工程师相关项目，完成需求分析、代码实现、测试验证和上线复盘，使用软件工程知识解决实际业务问题。,我具备硕士学历，专业为软件工程，目标方向是软件质量保证分析师与测试工程师。重视工程质量、团队协作和持续学习。,"求职方向：软件质量保证分析师与测试工程师
教育背景：硕士｜软件工程
工作经历：在广州参与软件开发工程师工作0年，持续提升阅读理解、积极倾听、书面表达、口头表达等技能。
项目经历：负责软件开发工程师相关项目，完成需求分析、代码实现、测试验证和上线复盘，使用软件工程知识解决实际业务问题。
技能：阅读理解、积极倾听、书面表达、口头表达、数学、批判性思维、主动学习、学习策略、监控、社会洞察、协调、说服、谈判、指导、服务导向、复杂问题解决、运营分析、技术设计、运营监控、判断与决策、系统分析、系统评估、时间管理、人员资源管理
自我评价：我具备硕士学历，专业为软件工程，目标方向是软件质量保证分析师与测试工程师。重视工程质量、团队协作和持续学习。",synthetic_chinese_resume
CR0068,u068,大专,数据科学与大数据技术,7,深圳,15-1253.00,软件质量保证分析师与测试工程师,15-1252.00,软件开发工程师,阅读理解、积极倾听、书面表达、口头表达、数学、科学、批判性思维、主动学习、学习策略、监控、社会洞察、协调、说服、谈判、指导、服务导向、复杂问题解决、运营分析、技术设计、设备选型、安装、编程、运营监控、故障排查、质量控制分析、判断与决策、系统分析、系统评估、时间管理、人员资源管理,"{""2.A.1.a"": 0.62956, ""2.A.1.b"": 0.558783, ""2.A.1.c"": 0.518188, ""2.A.1.d"": 0.567253, ""2.A.1.e"": 0.463856, ""2.A.1.f"": 0.386295, ""2.A.2.a"": 0.657269, ""2.A.2.b"": 0.376061, ""2.A.2.c"": 0.450889, ""2.A.2.d"": 0.486079, ""2.B.1.a"": 0.372717, ""2.B.1.b"": 0.391267, ""2.B.1.c"": 0.298348, ""2.B.1.d"": 0.332274, ""2.B.1.e"": 0.351152, ""2.B.1.f"": 0.308412, ""2.B.2.i"": 0.431496, ""2.B.3.a"": 0.420999, ""2.B.3.b"": 0.389248, ""2.B.3.c"": 0.285965, ""2.B.3.d"": 0.335081, ""2.B.3.e"": 0.425093, ""2.B.3.g"": 0.299016, ""2.B.3.h"": 0.18745, ""2.B.3.j"": 0.172909, ""2.B.3.k"": 0.417927, ""2.B.3.l"": 0.177428, ""2.B.3.m"": 0.44864, ""2.B.4.e"": 0.496877, ""2.B.4.g"": 0.492802, ""2.B.4.h"": 0.55996, ""2.B.5.a"": 0.444196, ""2.B.5.b"": 0.240725, ""2.B.5.c"": 0.205137, ""2.B.5.d"": 0.294649}",在深圳参与软件质量保证分析师与测试工程师工作7年，持续提升阅读理解、积极倾听、书面表达、口头表达等技能。,负责软件质量保证分析师与测试工程师相关项目，完成需求分析、代码实现、测试验证和上线复盘，使用数据科学与大数据技术知识解决实际业务问题。,我具备大专学历，专业为数据科学与大数据技术，目标方向是软件开发工程师。重视工程质量、团队协作和持续学习。,"求职方向：软件开发工程师
教育背景：大专｜数据科学与大数据技术
工作经历：在深圳参与软件质量保证分析师与测试工程师工作7年，持续提升阅读理解、积极倾听、书面表达、口头表达等技能。
项目经历：负责软件质量保证分析师与测试工程师相关项目，完成需求分析、代码实现、测试验证和上线复盘，使用数据科学与大数据技术知识解决实际业务问题。
技能：阅读理解、积极倾听、书面表达、口头表达、数学、科学、批判性思维、主动学习、学习策略、监控、社会洞察、协调、说服、谈判、指导、服务导向、复杂问题解决、运营分析、技术设计、设备选型、安装、编程、运营监控、故障排查、质量控制分析、判断与决策、系统分析、系统评估、时间管理、人员资源管理
自我评价：我具备大专学历，专业为数据科学与大数据技术，目标方向是软件开发工程师。重视工程质量、团队协作和持续学习。",synthetic_chinese_resume
CR0069,u069,本科,网络工程,3,杭州,15-1254.00,网页开发工程师,15-1252.00,软件开发工程师,阅读理解、积极倾听、书面表达、口头表达、数学、批判性思维、主动学习、学习策略、监控、社会洞察、协调、说服、谈判、指导、服务导向、复杂问题解决、运营分析、技术设计、编程、操作与控制、故障排查、修复、质量控制分析、判断与决策、系统分析、系统评估、时间管理、财务资源管理、人员资源管理,"{""2.A.1.a"": 0.477189, ""2.A.1.b"": 0.440313, ""2.A.1.c"": 0.426588, ""2.A.1.d"": 0.470971, ""2.A.1.e"": 0.485448, ""2.A.1.f"": 0.268603, ""2.A.2.a"": 0.568651, ""2.A.2.b"": 0.582485, ""2.A.2.c"": 0.371997, ""2.A.2.d"": 0.462395, ""2.B.1.a"": 0.35589, ""2.B.1.b"": 0.441108, ""2.B.1.c"": 0.437453, ""2.B.1.d"": 0.446368, ""2.B.1.e"": 0.357492, ""2.B.1.f"": 0.439206, ""2.B.2.i"": 0.528031, ""2.B.3.a"": 0.515388, ""2.B.3.b"": 0.36684, ""2.B.3.c"": 0.263624, ""2.B.3.d"": 0.171334, ""2.B.3.e"": 0.622676, ""2.B.3.g"": 0.23558, ""2.B.3.h"": 0.287394, ""2.B.3.j"": 0.219225, ""2.B.3.k"": 0.429048, ""2.B.3.l"": 0.291312, ""2.B.3.m"": 0.388534, ""2.B.4.e"": 0.48391, ""2.B.4.g"": 0.443347, ""2.B.4.h"": 0.508408, ""2.B.5.a"": 0.491705, ""2.B.5.b"": 0.307915, ""2.B.5.c"": 0.264816, ""2.B.5.d"": 0.329982}",在杭州参与网页开发工程师工作3年，持续提升阅读理解、积极倾听、书面表达、口头表达等技能。,负责网页开发工程师相关项目，完成需求分析、代码实现、测试验证和上线复盘，使用网络工程知识解决实际业务问题。,我具备本科学历，专业为网络工程，目标方向是软件开发工程师。重视工程质量、团队协作和持续学习。,"求职方向：软件开发工程师
教育背景：本科｜网络工程
工作经历：在杭州参与网页开发工程师工作3年，持续提升阅读理解、积极倾听、书面表达、口头表达等技能。
项目经历：负责网页开发工程师相关项目，完成需求分析、代码实现、测试验证和上线复盘，使用网络工程知识解决实际业务问题。
技能：阅读理解、积极倾听、书面表达、口头表达、数学、批判性思维、主动学习、学习策略、监控、社会洞察、协调、说服、谈判、指导、服务导向、复杂问题解决、运营分析、技术设计、编程、操作与控制、故障排查、修复、质量控制分析、判断与决策、系统分析、系统评估、时间管理、财务资源管理、人员资源管理
自我评价：我具备本科学历，专业为网络工程，目标方向是软件开发工程师。重视工程质量、团队协作和持续学习。",synthetic_chinese_resume
CR0070,u070,本科,信息安全,10,成都,15-1255.00,网页与数字界面设计师,15-2031.00,运筹分析师,阅读理解、积极倾听、书面表达、口头表达、数学、批判性思维、主动学习、学习策略、监控、社会洞察、协调、说服、谈判、指导、服务导向、复杂问题解决、运营分析、技术设计、编程、运营监控、判断与决策、系统分析、系统评估、时间管理、物资资源管理、人员资源管理,"{""2.A.1.a"": 0.602548, ""2.A.1.b"": 0.521809, ""2.A.1.c"": 0.493534, ""2.A.1.d"": 0.522941, ""2.A.1.e"": 0.454686, ""2.A.1.f"": 0.220631, ""2.A.2.a"": 0.591651, ""2.A.2.b"": 0.484329, ""2.A.2.c"": 0.357504, ""2.A.2.d"": 0.503704, ""2.B.1.a"": 0.432419, ""2.B.1.b"": 0.441774, ""2.B.1.c"": 0.406135, ""2.B.1.d"": 0.357636, ""2.B.1.e"": 0.396447, ""2.B.1.f"": 0.404052, ""2.B.2.i"": 0.519234, ""2.B.3.a"": 0.384667, ""2.B.3.b"": 0.430627, ""2.B.3.c"": 0.187284, ""2.B.3.d"": 0.171694, ""2.B.3.e"": 0.519718, ""2.B.3.g"": 0.33573, ""2.B.3.h"": 0.251464, ""2.B.3.j"": 0.20202, ""2.B.3.k"": 0.178422, ""2.B.3.l"": 0.242778, ""2.B.3.m"": 0.237576, ""2.B.4.e"": 0.469243, ""2.B.4.g"": 0.404357, ""2.B.4.h"": 0.600069, ""2.B.5.a"": 0.511729, ""2.B.5.b"": 0.236723, ""2.B.5.c"": 0.308403, ""2.B.5.d"": 0.420614}",在成都参与网页与数字界面设计师工作10年，持续提升阅读理解、积极倾听、书面表达、口头表达等技能。,负责网页与数字界面设计师相关项目，完成需求分析、代码实现、测试验证和上线复盘，使用信息安全知识解决实际业务问题。,我具备本科学历，专业为信息安全，目标方向是运筹分析师。重视工程质量、团队协作和持续学习。,"求职方向：运筹分析师
教育背景：本科｜信息安全
工作经历：在成都参与网页与数字界面设计师工作10年，持续提升阅读理解、积极倾听、书面表达、口头表达等技能。
项目经历：负责网页与数字界面设计师相关项目，完成需求分析、代码实现、测试验证和上线复盘，使用信息安全知识解决实际业务问题。
技能：阅读理解、积极倾听、书面表达、口头表达、数学、批判性思维、主动学习、学习策略、监控、社会洞察、协调、说服、谈判、指导、服务导向、复杂问题解决、运营分析、技术设计、编程、运营监控、判断与决策、系统分析、系统评估、时间管理、物资资源管理、人员资源管理
自我评价：我具备本科学历，专业为信息安全，目标方向是运筹分析师。重视工程质量、团队协作和持续学习。",synthetic_chinese_resume
CR0071,u071,硕士,计算机科学与技术,6,武汉,15-2031.00,运筹分析师,15-2051.00,数据科学家,阅读理解、积极倾听、书面表达、口头表达、数学、科学、批判性思维、主动学习、学习策略、监控、社会洞察、协调、说服、谈判、指导、服务导向、复杂问题解决、运营分析、技术设计、编程、故障排查、判断与决策、系统分析、系统评估、时间管理、财务资源管理、人员资源管理,"{""2.A.1.a"": 0.621087, ""2.A.1.b"": 0.531268, ""2.A.1.c"": 0.639281, ""2.A.1.d"": 0.546916, ""2.A.1.e"": 0.767291, ""2.A.1.f"": 0.443084, ""2.A.2.a"": 0.633045, ""2.A.2.b"": 0.520471, ""2.A.2.c"": 0.475483, ""2.A.2.d"": 0.439447, ""2.B.1.a"": 0.327195, ""2.B.1.b"": 0.448993, ""2.B.1.c"": 0.409184, ""2.B.1.d"": 0.378922, ""2.B.1.e"": 0.411405, ""2.B.1.f"": 0.337765, ""2.B.2.i"": 0.696504, ""2.B.3.a"": 0.588691, ""2.B.3.b"": 0.326402, ""2.B.3.c"": 0.207319, ""2.B.3.d"": 0.230562, ""2.B.3.e"": 0.353347, ""2.B.3.g"": 0.190388, ""2.B.3.h"": 0.187593, ""2.B.3.j"": 0.189757, ""2.B.3.k"": 0.283255, ""2.B.3.l"": 0.178983, ""2.B.3.m"": 0.266979, ""2.B.4.e"": 0.643069, ""2.B.4.g"": 0.473535, ""2.B.4.h"": 0.631984, ""2.B.5.a"": 0.4955, ""2.B.5.b"": 0.301193, ""2.B.5.c"": 0.22953, ""2.B.5.d"": 0.342618}",在武汉参与运筹分析师工作6年，持续提升阅读理解、积极倾听、书面表达、口头表达等技能。,负责运筹分析师相关项目，完成需求分析、代码实现、测试验证和上线复盘，使用计算机科学与技术知识解决实际业务问题。,我具备硕士学历，专业为计算机科学与技术，目标方向是数据科学家。重视工程质量、团队协作和持续学习。,"求职方向：数据科学家
教育背景：硕士｜计算机科学与技术
工作经历：在武汉参与运筹分析师工作6年，持续提升阅读理解、积极倾听、书面表达、口头表达等技能。
项目经历：负责运筹分析师相关项目，完成需求分析、代码实现、测试验证和上线复盘，使用计算机科学与技术知识解决实际业务问题。
技能：阅读理解、积极倾听、书面表达、口头表达、数学、科学、批判性思维、主动学习、学习策略、监控、社会洞察、协调、说服、谈判、指导、服务导向、复杂问题解决、运营分析、技术设计、编程、故障排查、判断与决策、系统分析、系统评估、时间管理、财务资源管理、人员资源管理
自我评价：我具备硕士学历，专业为计算机科学与技术，目标方向是数据科学家。重视工程质量、团队协作和持续学习。",synthetic_chinese_resume
CR0072,u072,大专,软件工程,2,西安,15-2051.00,数据科学家,15-1211.00,计算机系统分析师,阅读理解、积极倾听、书面表达、口头表达、数学、科学、批判性思维、主动学习、学习策略、监控、社会洞察、协调、说服、谈判、指导、服务导向、复杂问题解决、运营分析、技术设计、编程、运营监控、故障排查、质量控制分析、判断与决策、系统分析、系统评估、时间管理、财务资源管理、人员资源管理,"{""2.A.1.a"": 0.664079, ""2.A.1.b"": 0.560408, ""2.A.1.c"": 0.503345, ""2.A.1.d"": 0.494243, ""2.A.1.e"": 0.593396, ""2.A.1.f"": 0.318525, ""2.A.2.a"": 0.656605, ""2.A.2.b"": 0.583037, ""2.A.2.c"": 0.413554, ""2.A.2.d"": 0.527705, ""2.B.1.a"": 0.409902, ""2.B.1.b"": 0.455003, ""2.B.1.c"": 0.414958, ""2.B.1.d"": 0.381836, ""2.B.1.e"": 0.426829, ""2.B.1.f"": 0.372854, ""2.B.2.i"": 0.447528, ""2.B.3.a"": 0.306756, ""2.B.3.b"": 0.284158, ""2.B.3.c"": 0.243645, ""2.B.3.d"": 0.246833, ""2.B.3.e"": 0.427585, ""2.B.3.g"": 0.317753, ""2.B.3.h"": 0.222481, ""2.B.3.j"": 0.088839, ""2.B.3.k"": 0.281196, ""2.B.3.l"": 0.214523, ""2.B.3.m"": 0.371008, ""2.B.4.e"": 0.487742, ""2.B.4.g"": 0.445445, ""2.B.4.h"": 0.472629, ""2.B.5.a"": 0.427182, ""2.B.5.b"": 0.289706, ""2.B.5.c"": 0.239504, ""2.B.5.d"": 0.36428}",在西安参与数据科学家工作2年，持续提升阅读理解、积极倾听、书面表达、口头表达等技能。,负责数据科学家相关项目，完成需求分析、代码实现、测试验证和上线复盘，使用软件工程知识解决实际业务问题。,我具备大专学历，专业为软件工程，目标方向是计算机系统分析师。重视工程质量、团队协作和持续学习。,"求职方向：计算机系统分析师
教育背景：大专｜软件工程
工作经历：在西安参与数据科学家工作2年，持续提升阅读理解、积极倾听、书面表达、口头表达等技能。
项目经历：负责数据科学家相关项目，完成需求分析、代码实现、测试验证和上线复盘，使用软件工程知识解决实际业务问题。
技能：阅读理解、积极倾听、书面表达、口头表达、数学、科学、批判性思维、主动学习、学习策略、监控、社会洞察、协调、说服、谈判、指导、服务导向、复杂问题解决、运营分析、技术设计、编程、运营监控、故障排查、质量控制分析、判断与决策、系统分析、系统评估、时间管理、财务资源管理、人员资源管理
自我评价：我具备大专学历，专业为软件工程，目标方向是计算机系统分析师。重视工程质量、团队协作和持续学习。",synthetic_chinese_resume
CR0073,u073,本科,数据科学与大数据技术,9,北京,15-1211.00,计算机系统分析师,15-2051.00,数据科学家,阅读理解、积极倾听、书面表达、口头表达、数学、科学、批判性思维、主动学习、学习策略、监控、社会洞察、协调、说服、谈判、指导、服务导向、复杂问题解决、运营分析、技术设计、编程、运营监控、操作与控制、设备维护、故障排查、质量控制分析、判断与决策、系统分析、系统评估、时间管理、财务资源管理、物资资源管理、人员资源管理,"{""2.A.1.a"": 0.597794, ""2.A.1.b"": 0.569033, ""2.A.1.c"": 0.512548, ""2.A.1.d"": 0.552923, ""2.A.1.e"": 0.503743, ""2.A.1.f"": 0.326561, ""2.A.2.a"": 0.559622, ""2.A.2.b"": 0.586434, ""2.A.2.c"": 0.444907, ""2.A.2.d"": 0.548797, ""2.B.1.a"": 0.374031, ""2.B.1.b"": 0.534868, ""2.B.1.c"": 0.473621, ""2.B.1.d"": 0.354252, ""2.B.1.e"": 0.43103, ""2.B.1.f"": 0.382875, ""2.B.2.i"": 0.537535, ""2.B.3.a"": 0.48408, ""2.B.3.b"": 0.386147, ""2.B.3.c"": 0.270179, ""2.B.3.d"": 0.166545, ""2.B.3.e"": 0.526081, ""2.B.3.g"": 0.466206, ""2.B.3.h"": 0.374282, ""2.B.3.j"": 0.332357, ""2.B.3.k"": 0.531795, ""2.B.3.l"": 0.272476, ""2.B.3.m"": 0.515233, ""2.B.4.e"": 0.572546, ""2.B.4.g"": 0.561317, ""2.B.4.h"": 0.562833, ""2.B.5.a"": 0.421198, ""2.B.5.b"": 0.308916, ""2.B.5.c"": 0.28517, ""2.B.5.d"": 0.447766}",在北京参与计算机系统分析师工作9年，持续提升阅读理解、积极倾听、书面表达、口头表达等技能。,负责计算机系统分析师相关项目，完成需求分析、代码实现、测试验证和上线复盘，使用数据科学与大数据技术知识解决实际业务问题。,我具备本科学历，专业为数据科学与大数据技术，目标方向是数据科学家。重视工程质量、团队协作和持续学习。,"求职方向：数据科学家
教育背景：本科｜数据科学与大数据技术
工作经历：在北京参与计算机系统分析师工作9年，持续提升阅读理解、积极倾听、书面表达、口头表达等技能。
项目经历：负责计算机系统分析师相关项目，完成需求分析、代码实现、测试验证和上线复盘，使用数据科学与大数据技术知识解决实际业务问题。
技能：阅读理解、积极倾听、书面表达、口头表达、数学、科学、批判性思维、主动学习、学习策略、监控、社会洞察、协调、说服、谈判、指导、服务导向、复杂问题解决、运营分析、技术设计、编程、运营监控、操作与控制、设备维护、故障排查、质量控制分析、判断与决策、系统分析、系统评估、时间管理、财务资源管理、物资资源管理、人员资源管理
自我评价：我具备本科学历，专业为数据科学与大数据技术，目标方向是数据科学家。重视工程质量、团队协作和持续学习。",synthetic_chinese_resume
CR0074,u074,本科,网络工程,5,上海,15-1212.00,信息安全分析师,15-1242.00,数据库管理员,阅读理解、积极倾听、书面表达、口头表达、数学、批判性思维、主动学习、学习策略、监控、社会洞察、协调、说服、谈判、指导、服务导向、复杂问题解决、运营分析、技术设计、编程、运营监控、故障排查、质量控制分析、判断与决策、系统分析、系统评估、时间管理、财务资源管理、人员资源管理,"{""2.A.1.a"": 0.601788, ""2.A.1.b"": 0.659019, ""2.A.1.c"": 0.523189, ""2.A.1.d"": 0.502569, ""2.A.1.e"": 0.300571, ""2.A.1.f"": 0.271491, ""2.A.2.a"": 0.549149, ""2.A.2.b"": 0.58714, ""2.A.2.c"": 0.49366, ""2.A.2.d"": 0.507847, ""2.B.1.a"": 0.319369, ""2.B.1.b"": 0.400197, ""2.B.1.c"": 0.358089, ""2.B.1.d"": 0.386172, ""2.B.1.e"": 0.401226, ""2.B.1.f"": 0.422134, ""2.B.2.i"": 0.639066, ""2.B.3.a"": 0.399971, ""2.B.3.b"": 0.341933, ""2.B.3.c"": 0.208693, ""2.B.3.d"": 0.195471, ""2.B.3.e"": 0.374381, ""2.B.3.g"": 0.464023, ""2.B.3.h"": 0.154495, ""2.B.3.j"": 0.271607, ""2.B.3.k"": 0.313737, ""2.B.3.l"": 0.166075, ""2.B.3.m"": 0.39903, ""2.B.4.e"": 0.500235, ""2.B.4.g"": 0.479061, ""2.B.4.h"": 0.404704, ""2.B.5.a"": 0.421773, ""2.B.5.b"": 0.299182, ""2.B.5.c"": 0.26113, ""2.B.5.d"": 0.415392}",在上海参与信息安全分析师工作5年，持续提升阅读理解、积极倾听、书面表达、口头表达等技能。,负责信息安全分析师相关项目，完成需求分析、代码实现、测试验证和上线复盘，使用网络工程知识解决实际业务问题。,我具备本科学历，专业为网络工程，目标方向是数据库管理员。重视工程质量、团队协作和持续学习。,"求职方向：数据库管理员
教育背景：本科｜网络工程
工作经历：在上海参与信息安全分析师工作5年，持续提升阅读理解、积极倾听、书面表达、口头表达等技能。
项目经历：负责信息安全分析师相关项目，完成需求分析、代码实现、测试验证和上线复盘，使用网络工程知识解决实际业务问题。
技能：阅读理解、积极倾听、书面表达、口头表达、数学、批判性思维、主动学习、学习策略、监控、社会洞察、协调、说服、谈判、指导、服务导向、复杂问题解决、运营分析、技术设计、编程、运营监控、故障排查、质量控制分析、判断与决策、系统分析、系统评估、时间管理、财务资源管理、人员资源管理
自我评价：我具备本科学历，专业为网络工程，目标方向是数据库管理员。重视工程质量、团队协作和持续学习。",synthetic_chinese_resume
CR0075,u075,硕士,信息安全,1,广州,15-1242.00,数据库管理员,15-2051.00,数据科学家,阅读理解、积极倾听、书面表达、口头表达、数学、批判性思维、主动学习、学习策略、监控、社会洞察、协调、说服、指导、服务导向、复杂问题解决、运营分析、技术设计、编程、运营监控、故障排查、质量控制分析、判断与决策、系统分析、系统评估、时间管理、财务资源管理、人员资源管理,"{""2.A.1.a"": 0.624899, ""2.A.1.b"": 0.502812, ""2.A.1.c"": 0.480048, ""2.A.1.d"": 0.522993, ""2.A.1.e"": 0.49835, ""2.A.1.f"": 0.241659, ""2.A.2.a"": 0.639734, ""2.A.2.b"": 0.524799, ""2.A.2.c"": 0.475025, ""2.A.2.d"": 0.475855, ""2.B.1.a"": 0.426854, ""2.B.1.b"": 0.360688, ""2.B.1.c"": 0.44444, ""2.B.1.d"": 0.228275, ""2.B.1.e"": 0.415768, ""2.B.1.f"": 0.422552, ""2.B.2.i"": 0.616779, ""2.B.3.a"": 0.470357, ""2.B.3.b"": 0.364725, ""2.B.3.c"": 0.205818, ""2.B.3.d"": 0.229365, ""2.B.3.e"": 0.555402, ""2.B.3.g"": 0.398456, ""2.B.3.h"": 0.266991, ""2.B.3.j"": 0.174253, ""2.B.3.k"": 0.312778, ""2.B.3.l"": 0.22215, ""2.B.3.m"": 0.378802, ""2.B.4.e"": 0.569177, ""2.B.4.g"": 0.483989, ""2.B.4.h"": 0.495333, ""2.B.5.a"": 0.414452, ""2.B.5.b"": 0.326047, ""2.B.5.c"": 0.24706, ""2.B.5.d"": 0.435071}",在广州参与数据库管理员工作1年，持续提升阅读理解、积极倾听、书面表达、口头表达等技能。,负责数据库管理员相关项目，完成需求分析、代码实现、测试验证和上线复盘，使用信息安全知识解决实际业务问题。,我具备硕士学历，专业为信息安全，目标方向是数据科学家。重视工程质量、团队协作和持续学习。,"求职方向：数据科学家
教育背景：硕士｜信息安全
工作经历：在广州参与数据库管理员工作1年，持续提升阅读理解、积极倾听、书面表达、口头表达等技能。
项目经历：负责数据库管理员相关项目，完成需求分析、代码实现、测试验证和上线复盘，使用信息安全知识解决实际业务问题。
技能：阅读理解、积极倾听、书面表达、口头表达、数学、批判性思维、主动学习、学习策略、监控、社会洞察、协调、说服、指导、服务导向、复杂问题解决、运营分析、技术设计、编程、运营监控、故障排查、质量控制分析、判断与决策、系统分析、系统评估、时间管理、财务资源管理、人员资源管理
自我评价：我具备硕士学历，专业为信息安全，目标方向是数据科学家。重视工程质量、团队协作和持续学习。",synthetic_chinese_resume
CR0076,u076,大专,计算机科学与技术,8,深圳,15-1243.00,数据库架构师,15-1244.00,网络与计算机系统管理员,阅读理解、积极倾听、书面表达、口头表达、数学、科学、批判性思维、主动学习、学习策略、监控、社会洞察、协调、说服、谈判、指导、服务导向、复杂问题解决、运营分析、技术设计、编程、运营监控、故障排查、质量控制分析、判断与决策、系统分析、系统评估、时间管理、人员资源管理,"{""2.A.1.a"": 0.619155, ""2.A.1.b"": 0.52147, ""2.A.1.c"": 0.490139, ""2.A.1.d"": 0.540571, ""2.A.1.e"": 0.458779, ""2.A.1.f"": 0.318933, ""2.A.2.a"": 0.510283, ""2.A.2.b"": 0.57176, ""2.A.2.c"": 0.366213, ""2.A.2.d"": 0.428947, ""2.B.1.a"": 0.390729, ""2.B.1.b"": 0.493039, ""2.B.1.c"": 0.335632, ""2.B.1.d"": 0.415147, ""2.B.1.e"": 0.415529, ""2.B.1.f"": 0.394809, ""2.B.2.i"": 0.553904, ""2.B.3.a"": 0.463354, ""2.B.3.b"": 0.419068, ""2.B.3.c"": 0.232563, ""2.B.3.d"": 0.217154, ""2.B.3.e"": 0.584024, ""2.B.3.g"": 0.328714, ""2.B.3.h"": 0.269694, ""2.B.3.j"": 0.228458, ""2.B.3.k"": 0.304699, ""2.B.3.l"": 0.230595, ""2.B.3.m"": 0.329002, ""2.B.4.e"": 0.602782, ""2.B.4.g"": 0.619725, ""2.B.4.h"": 0.496628, ""2.B.5.a"": 0.47553, ""2.B.5.b"": 0.224622, ""2.B.5.c"": 0.250742, ""2.B.5.d"": 0.351369}",在深圳参与数据库架构师工作8年，持续提升阅读理解、积极倾听、书面表达、口头表达等技能。,负责数据库架构师相关项目，完成需求分析、代码实现、测试验证和上线复盘，使用计算机科学与技术知识解决实际业务问题。,我具备大专学历，专业为计算机科学与技术，目标方向是网络与计算机系统管理员。重视工程质量、团队协作和持续学习。,"求职方向：网络与计算机系统管理员
教育背景：大专｜计算机科学与技术
工作经历：在深圳参与数据库架构师工作8年，持续提升阅读理解、积极倾听、书面表达、口头表达等技能。
项目经历：负责数据库架构师相关项目，完成需求分析、代码实现、测试验证和上线复盘，使用计算机科学与技术知识解决实际业务问题。
技能：阅读理解、积极倾听、书面表达、口头表达、数学、科学、批判性思维、主动学习、学习策略、监控、社会洞察、协调、说服、谈判、指导、服务导向、复杂问题解决、运营分析、技术设计、编程、运营监控、故障排查、质量控制分析、判断与决策、系统分析、系统评估、时间管理、人员资源管理
自我评价：我具备大专学历，专业为计算机科学与技术，目标方向是网络与计算机系统管理员。重视工程质量、团队协作和持续学习。",synthetic_chinese_resume
CR0077,u077,本科,软件工程,4,杭州,15-1244.00,网络与计算机系统管理员,15-1212.00,信息安全分析师,阅读理解、积极倾听、书面表达、口头表达、数学、科学、批判性思维、主动学习、学习策略、监控、社会洞察、协调、说服、谈判、指导、服务导向、复杂问题解决、运营分析、技术设计、设备选型、安装、编程、运营监控、操作与控制、设备维护、故障排查、修复、质量控制分析、判断与决策、系统分析、系统评估、时间管理、财务资源管理、物资资源管理、人员资源管理,"{""2.A.1.a"": 0.578754, ""2.A.1.b"": 0.541444, ""2.A.1.c"": 0.481926, ""2.A.1.d"": 0.5181, ""2.A.1.e"": 0.416744, ""2.A.1.f"": 0.35152, ""2.A.2.a"": 0.613443, ""2.A.2.b"": 0.454099, ""2.A.2.c"": 0.35818, ""2.A.2.d"": 0.578012, ""2.B.1.a"": 0.366995, ""2.B.1.b"": 0.430155, ""2.B.1.c"": 0.33245, ""2.B.1.d"": 0.420491, ""2.B.1.e"": 0.489555, ""2.B.1.f"": 0.345432, ""2.B.2.i"": 0.514946, ""2.B.3.a"": 0.371038, ""2.B.3.b"": 0.418252, ""2.B.3.c"": 0.374241, ""2.B.3.d"": 0.289202, ""2.B.3.e"": 0.515891, ""2.B.3.g"": 0.582818, ""2.B.3.h"": 0.394073, ""2.B.3.j"": 0.450549, ""2.B.3.k"": 0.579443, ""2.B.3.l"": 0.465823, ""2.B.3.m"": 0.43759, ""2.B.4.e"": 0.547305, ""2.B.4.g"": 0.586469, ""2.B.4.h"": 0.55749, ""2.B.5.a"": 0.558827, ""2.B.5.b"": 0.312241, ""2.B.5.c"": 0.34788, ""2.B.5.d"": 0.472965}",在杭州参与网络与计算机系统管理员工作4年，持续提升阅读理解、积极倾听、书面表达、口头表达等技能。,负责网络与计算机系统管理员相关项目，完成需求分析、代码实现、测试验证和上线复盘，使用软件工程知识解决实际业务问题。,我具备本科学历，专业为软件工程，目标方向是信息安全分析师。重视工程质量、团队协作和持续学习。,"求职方向：信息安全分析师
教育背景：本科｜软件工程
工作经历：在杭州参与网络与计算机系统管理员工作4年，持续提升阅读理解、积极倾听、书面表达、口头表达等技能。
项目经历：负责网络与计算机系统管理员相关项目，完成需求分析、代码实现、测试验证和上线复盘，使用软件工程知识解决实际业务问题。
技能：阅读理解、积极倾听、书面表达、口头表达、数学、科学、批判性思维、主动学习、学习策略、监控、社会洞察、协调、说服、谈判、指导、服务导向、复杂问题解决、运营分析、技术设计、设备选型、安装、编程、运营监控、操作与控制、设备维护、故障排查、修复、质量控制分析、判断与决策、系统分析、系统评估、时间管理、财务资源管理、物资资源管理、人员资源管理
自我评价：我具备本科学历，专业为软件工程，目标方向是信息安全分析师。重视工程质量、团队协作和持续学习。",synthetic_chinese_resume
CR0078,u078,本科,数据科学与大数据技术,0,成都,15-1251.00,计算机程序员,15-1252.00,软件开发工程师,阅读理解、积极倾听、书面表达、口头表达、数学、科学、批判性思维、主动学习、学习策略、监控、社会洞察、协调、说服、谈判、指导、服务导向、复杂问题解决、运营分析、编程、故障排查、质量控制分析、判断与决策、系统分析、系统评估、时间管理、财务资源管理、物资资源管理、人员资源管理,"{""2.A.1.a"": 0.529783, ""2.A.1.b"": 0.540327, ""2.A.1.c"": 0.395191, ""2.A.1.d"": 0.387842, ""2.A.1.e"": 0.473357, ""2.A.1.f"": 0.404854, ""2.A.2.a"": 0.607374, ""2.A.2.b"": 0.45246, ""2.A.2.c"": 0.31049, ""2.A.2.d"": 0.365716, ""2.B.1.a"": 0.432785, ""2.B.1.b"": 0.4225, ""2.B.1.c"": 0.389879, ""2.B.1.d"": 0.395235, ""2.B.1.e"": 0.404533, ""2.B.1.f"": 0.417828, ""2.B.2.i"": 0.596554, ""2.B.3.a"": 0.493017, ""2.B.3.b"": 0.273702, ""2.B.3.c"": 0.20645, ""2.B.3.d"": 0.230095, ""2.B.3.e"": 0.712212, ""2.B.3.g"": 0.259699, ""2.B.3.h"": 0.191385, ""2.B.3.j"": 0.121995, ""2.B.3.k"": 0.308199, ""2.B.3.l"": 0.217782, ""2.B.3.m"": 0.609996, ""2.B.4.e"": 0.426549, ""2.B.4.g"": 0.539021, ""2.B.4.h"": 0.492694, ""2.B.5.a"": 0.370741, ""2.B.5.b"": 0.301194, ""2.B.5.c"": 0.312362, ""2.B.5.d"": 0.33623}",在成都参与计算机程序员工作0年，持续提升阅读理解、积极倾听、书面表达、口头表达等技能。,负责计算机程序员相关项目，完成需求分析、代码实现、测试验证和上线复盘，使用数据科学与大数据技术知识解决实际业务问题。,我具备本科学历，专业为数据科学与大数据技术，目标方向是软件开发工程师。重视工程质量、团队协作和持续学习。,"求职方向：软件开发工程师
教育背景：本科｜数据科学与大数据技术
工作经历：在成都参与计算机程序员工作0年，持续提升阅读理解、积极倾听、书面表达、口头表达等技能。
项目经历：负责计算机程序员相关项目，完成需求分析、代码实现、测试验证和上线复盘，使用数据科学与大数据技术知识解决实际业务问题。
技能：阅读理解、积极倾听、书面表达、口头表达、数学、科学、批判性思维、主动学习、学习策略、监控、社会洞察、协调、说服、谈判、指导、服务导向、复杂问题解决、运营分析、编程、故障排查、质量控制分析、判断与决策、系统分析、系统评估、时间管理、财务资源管理、物资资源管理、人员资源管理
自我评价：我具备本科学历，专业为数据科学与大数据技术，目标方向是软件开发工程师。重视工程质量、团队协作和持续学习。",synthetic_chinese_resume
CR0079,u079,硕士,网络工程,7,武汉,15-1252.00,软件开发工程师,15-1253.00,软件质量保证分析师与测试工程师,阅读理解、积极倾听、书面表达、口头表达、数学、批判性思维、主动学习、学习策略、监控、社会洞察、协调、说服、谈判、指导、服务导向、复杂问题解决、技术设计、运营监控、故障排查、判断与决策、系统分析、系统评估、时间管理、物资资源管理、人员资源管理,"{""2.A.1.a"": 0.569118, ""2.A.1.b"": 0.487526, ""2.A.1.c"": 0.49516, ""2.A.1.d"": 0.474757, ""2.A.1.e"": 0.359229, ""2.A.1.f"": 0.182135, ""2.A.2.a"": 0.573256, ""2.A.2.b"": 0.533133, ""2.A.2.c"": 0.429563, ""2.A.2.d"": 0.456745, ""2.B.1.a"": 0.36343, ""2.B.1.b"": 0.368981, ""2.B.1.c"": 0.379307, ""2.B.1.d"": 0.407095, ""2.B.1.e"": 0.417765, ""2.B.1.f"": 0.331386, ""2.B.2.i"": 0.44227, ""2.B.3.a"": 0.232175, ""2.B.3.b"": 0.464159, ""2.B.3.c"": 0.143608, ""2.B.3.d"": 0.237643, ""2.B.3.e"": 0.191594, ""2.B.3.g"": 0.357685, ""2.B.3.h"": 0.144142, ""2.B.3.j"": 0.165898, ""2.B.3.k"": 0.405021, ""2.B.3.l"": 0.217348, ""2.B.3.m"": 0.200192, ""2.B.4.e"": 0.535639, ""2.B.4.g"": 0.47699, ""2.B.4.h"": 0.592889, ""2.B.5.a"": 0.442107, ""2.B.5.b"": 0.221511, ""2.B.5.c"": 0.315435, ""2.B.5.d"": 0.353793}",在武汉参与软件开发工程师工作7年，持续提升阅读理解、积极倾听、书面表达、口头表达等技能。,负责软件开发工程师相关项目，完成需求分析、代码实现、测试验证和上线复盘，使用网络工程知识解决实际业务问题。,我具备硕士学历，专业为网络工程，目标方向是软件质量保证分析师与测试工程师。重视工程质量、团队协作和持续学习。,"求职方向：软件质量保证分析师与测试工程师
教育背景：硕士｜网络工程
工作经历：在武汉参与软件开发工程师工作7年，持续提升阅读理解、积极倾听、书面表达、口头表达等技能。
项目经历：负责软件开发工程师相关项目，完成需求分析、代码实现、测试验证和上线复盘，使用网络工程知识解决实际业务问题。
技能：阅读理解、积极倾听、书面表达、口头表达、数学、批判性思维、主动学习、学习策略、监控、社会洞察、协调、说服、谈判、指导、服务导向、复杂问题解决、技术设计、运营监控、故障排查、判断与决策、系统分析、系统评估、时间管理、物资资源管理、人员资源管理
自我评价：我具备硕士学历，专业为网络工程，目标方向是软件质量保证分析师与测试工程师。重视工程质量、团队协作和持续学习。",synthetic_chinese_resume
CR0080,u080,大专,信息安全,3,西安,15-1253.00,软件质量保证分析师与测试工程师,15-1252.00,软件开发工程师,阅读理解、积极倾听、书面表达、口头表达、数学、科学、批判性思维、主动学习、学习策略、监控、社会洞察、协调、说服、谈判、指导、服务导向、复杂问题解决、运营分析、技术设计、安装、编程、运营监控、故障排查、质量控制分析、判断与决策、系统分析、系统评估、时间管理、人员资源管理,"{""2.A.1.a"": 0.644936, ""2.A.1.b"": 0.613925, ""2.A.1.c"": 0.629363, ""2.A.1.d"": 0.597258, ""2.A.1.e"": 0.348371, ""2.A.1.f"": 0.455133, ""2.A.2.a"": 0.555419, ""2.A.2.b"": 0.395665, ""2.A.2.c"": 0.458745, ""2.A.2.d"": 0.489952, ""2.B.1.a"": 0.428433, ""2.B.1.b"": 0.442061, ""2.B.1.c"": 0.34859, ""2.B.1.d"": 0.371301, ""2.B.1.e"": 0.342713, ""2.B.1.f"": 0.401831, ""2.B.2.i"": 0.363065, ""2.B.3.a"": 0.486981, ""2.B.3.b"": 0.347262, ""2.B.3.c"": 0.270964, ""2.B.3.d"": 0.290963, ""2.B.3.e"": 0.460947, ""2.B.3.g"": 0.347773, ""2.B.3.h"": 0.24423, ""2.B.3.j"": 0.218588, ""2.B.3.k"": 0.483022, ""2.B.3.l"": 0.216701, ""2.B.3.m"": 0.480383, ""2.B.4.e"": 0.513171, ""2.B.4.g"": 0.425677, ""2.B.4.h"": 0.533378, ""2.B.5.a"": 0.291844, ""2.B.5.b"": 0.131733, ""2.B.5.c"": 0.230814, ""2.B.5.d"": 0.291978}",在西安参与软件质量保证分析师与测试工程师工作3年，持续提升阅读理解、积极倾听、书面表达、口头表达等技能。,负责软件质量保证分析师与测试工程师相关项目，完成需求分析、代码实现、测试验证和上线复盘，使用信息安全知识解决实际业务问题。,我具备大专学历，专业为信息安全，目标方向是软件开发工程师。重视工程质量、团队协作和持续学习。,"求职方向：软件开发工程师
教育背景：大专｜信息安全
工作经历：在西安参与软件质量保证分析师与测试工程师工作3年，持续提升阅读理解、积极倾听、书面表达、口头表达等技能。
项目经历：负责软件质量保证分析师与测试工程师相关项目，完成需求分析、代码实现、测试验证和上线复盘，使用信息安全知识解决实际业务问题。
技能：阅读理解、积极倾听、书面表达、口头表达、数学、科学、批判性思维、主动学习、学习策略、监控、社会洞察、协调、说服、谈判、指导、服务导向、复杂问题解决、运营分析、技术设计、安装、编程、运营监控、故障排查、质量控制分析、判断与决策、系统分析、系统评估、时间管理、人员资源管理
自我评价：我具备大专学历，专业为信息安全，目标方向是软件开发工程师。重视工程质量、团队协作和持续学习。",synthetic_chinese_resume
CR0081,u081,本科,计算机科学与技术,10,北京,15-1254.00,网页开发工程师,15-1252.00,软件开发工程师,阅读理解、积极倾听、书面表达、口头表达、数学、批判性思维、主动学习、学习策略、监控、社会洞察、协调、说服、谈判、指导、服务导向、复杂问题解决、运营分析、设备选型、编程、运营监控、故障排查、质量控制分析、判断与决策、系统分析、系统评估、时间管理、人员资源管理,"{""2.A.1.a"": 0.52971, ""2.A.1.b"": 0.573621, ""2.A.1.c"": 0.512238, ""2.A.1.d"": 0.547894, ""2.A.1.e"": 0.42955, ""2.A.1.f"": 0.24116, ""2.A.2.a"": 0.539603, ""2.A.2.b"": 0.485143, ""2.A.2.c"": 0.451517, ""2.A.2.d"": 0.411706, ""2.B.1.a"": 0.393755, ""2.B.1.b"": 0.340393, ""2.B.1.c"": 0.380464, ""2.B.1.d"": 0.348372, ""2.B.1.e"": 0.44276, ""2.B.1.f"": 0.353803, ""2.B.2.i"": 0.529279, ""2.B.3.a"": 0.523084, ""2.B.3.b"": 0.276558, ""2.B.3.c"": 0.335611, ""2.B.3.d"": 0.261294, ""2.B.3.e"": 0.634694, ""2.B.3.g"": 0.358195, ""2.B.3.h"": 0.258796, ""2.B.3.j"": 0.257088, ""2.B.3.k"": 0.303775, ""2.B.3.l"": 0.100494, ""2.B.3.m"": 0.411899, ""2.B.4.e"": 0.510559, ""2.B.4.g"": 0.436465, ""2.B.4.h"": 0.339139, ""2.B.5.a"": 0.384157, ""2.B.5.b"": 0.222302, ""2.B.5.c"": 0.270505, ""2.B.5.d"": 0.430217}",在北京参与网页开发工程师工作10年，持续提升阅读理解、积极倾听、书面表达、口头表达等技能。,负责网页开发工程师相关项目，完成需求分析、代码实现、测试验证和上线复盘，使用计算机科学与技术知识解决实际业务问题。,我具备本科学历，专业为计算机科学与技术，目标方向是软件开发工程师。重视工程质量、团队协作和持续学习。,"求职方向：软件开发工程师
教育背景：本科｜计算机科学与技术
工作经历：在北京参与网页开发工程师工作10年，持续提升阅读理解、积极倾听、书面表达、口头表达等技能。
项目经历：负责网页开发工程师相关项目，完成需求分析、代码实现、测试验证和上线复盘，使用计算机科学与技术知识解决实际业务问题。
技能：阅读理解、积极倾听、书面表达、口头表达、数学、批判性思维、主动学习、学习策略、监控、社会洞察、协调、说服、谈判、指导、服务导向、复杂问题解决、运营分析、设备选型、编程、运营监控、故障排查、质量控制分析、判断与决策、系统分析、系统评估、时间管理、人员资源管理
自我评价：我具备本科学历，专业为计算机科学与技术，目标方向是软件开发工程师。重视工程质量、团队协作和持续学习。",synthetic_chinese_resume
CR0082,u082,本科,软件工程,6,上海,15-1255.00,网页与数字界面设计师,15-2031.00,运筹分析师,阅读理解、积极倾听、书面表达、口头表达、数学、批判性思维、主动学习、学习策略、监控、社会洞察、协调、说服、谈判、指导、服务导向、复杂问题解决、运营分析、技术设计、编程、运营监控、故障排查、质量控制分析、判断与决策、系统分析、系统评估、时间管理、财务资源管理、物资资源管理、人员资源管理,"{""2.A.1.a"": 0.610487, ""2.A.1.b"": 0.577104, ""2.A.1.c"": 0.46925, ""2.A.1.d"": 0.410424, ""2.A.1.e"": 0.441459, ""2.A.1.f"": 0.189954, ""2.A.2.a"": 0.496631, ""2.A.2.b"": 0.427853, ""2.A.2.c"": 0.420614, ""2.A.2.d"": 0.518461, ""2.B.1.a"": 0.406773, ""2.B.1.b"": 0.512633, ""2.B.1.c"": 0.422464, ""2.B.1.d"": 0.392038, ""2.B.1.e"": 0.387589, ""2.B.1.f"": 0.450299, ""2.B.2.i"": 0.545313, ""2.B.3.a"": 0.380082, ""2.B.3.b"": 0.326649, ""2.B.3.c"": 0.182058, ""2.B.3.d"": 0.274914, ""2.B.3.e"": 0.574965, ""2.B.3.g"": 0.343196, ""2.B.3.h"": 0.165743, ""2.B.3.j"": 0.198944, ""2.B.3.k"": 0.300108, ""2.B.3.l"": 0.180258, ""2.B.3.m"": 0.354052, ""2.B.4.e"": 0.575256, ""2.B.4.g"": 0.464622, ""2.B.4.h"": 0.536624, ""2.B.5.a"": 0.470341, ""2.B.5.b"": 0.297331, ""2.B.5.c"": 0.312572, ""2.B.5.d"": 0.444227}",在上海参与网页与数字界面设计师工作6年，持续提升阅读理解、积极倾听、书面表达、口头表达等技能。,负责网页与数字界面设计师相关项目，完成需求分析、代码实现、测试验证和上线复盘，使用软件工程知识解决实际业务问题。,我具备本科学历，专业为软件工程，目标方向是运筹分析师。重视工程质量、团队协作和持续学习。,"求职方向：运筹分析师
教育背景：本科｜软件工程
工作经历：在上海参与网页与数字界面设计师工作6年，持续提升阅读理解、积极倾听、书面表达、口头表达等技能。
项目经历：负责网页与数字界面设计师相关项目，完成需求分析、代码实现、测试验证和上线复盘，使用软件工程知识解决实际业务问题。
技能：阅读理解、积极倾听、书面表达、口头表达、数学、批判性思维、主动学习、学习策略、监控、社会洞察、协调、说服、谈判、指导、服务导向、复杂问题解决、运营分析、技术设计、编程、运营监控、故障排查、质量控制分析、判断与决策、系统分析、系统评估、时间管理、财务资源管理、物资资源管理、人员资源管理
自我评价：我具备本科学历，专业为软件工程，目标方向是运筹分析师。重视工程质量、团队协作和持续学习。",synthetic_chinese_resume
CR0083,u083,硕士,数据科学与大数据技术,2,广州,15-2031.00,运筹分析师,15-2051.00,数据科学家,阅读理解、积极倾听、书面表达、口头表达、数学、科学、批判性思维、主动学习、学习策略、监控、社会洞察、协调、说服、谈判、指导、服务导向、复杂问题解决、运营分析、编程、运营监控、质量控制分析、判断与决策、系统分析、系统评估、时间管理、财务资源管理、人员资源管理,"{""2.A.1.a"": 0.537355, ""2.A.1.b"": 0.599754, ""2.A.1.c"": 0.516363, ""2.A.1.d"": 0.608449, ""2.A.1.e"": 0.739616, ""2.A.1.f"": 0.48281, ""2.A.2.a"": 0.604585, ""2.A.2.b"": 0.606792, ""2.A.2.c"": 0.414257, ""2.A.2.d"": 0.461398, ""2.B.1.a"": 0.474224, ""2.B.1.b"": 0.518702, ""2.B.1.c"": 0.443368, ""2.B.1.d"": 0.313169, ""2.B.1.e"": 0.455061, ""2.B.1.f"": 0.424414, ""2.B.2.i"": 0.654973, ""2.B.3.a"": 0.636691, ""2.B.3.b"": 0.248247, ""2.B.3.c"": 0.230018, ""2.B.3.d"": 0.160997, ""2.B.3.e"": 0.412338, ""2.B.3.g"": 0.349635, ""2.B.3.h"": 0.213494, ""2.B.3.j"": 0.237945, ""2.B.3.k"": 0.108076, ""2.B.3.l"": 0.212617, ""2.B.3.m"": 0.284347, ""2.B.4.e"": 0.533022, ""2.B.4.g"": 0.558738, ""2.B.4.h"": 0.606168, ""2.B.5.a"": 0.384954, ""2.B.5.b"": 0.304196, ""2.B.5.c"": 0.256876, ""2.B.5.d"": 0.412195}",在广州参与运筹分析师工作2年，持续提升阅读理解、积极倾听、书面表达、口头表达等技能。,负责运筹分析师相关项目，完成需求分析、代码实现、测试验证和上线复盘，使用数据科学与大数据技术知识解决实际业务问题。,我具备硕士学历，专业为数据科学与大数据技术，目标方向是数据科学家。重视工程质量、团队协作和持续学习。,"求职方向：数据科学家
教育背景：硕士｜数据科学与大数据技术
工作经历：在广州参与运筹分析师工作2年，持续提升阅读理解、积极倾听、书面表达、口头表达等技能。
项目经历：负责运筹分析师相关项目，完成需求分析、代码实现、测试验证和上线复盘，使用数据科学与大数据技术知识解决实际业务问题。
技能：阅读理解、积极倾听、书面表达、口头表达、数学、科学、批判性思维、主动学习、学习策略、监控、社会洞察、协调、说服、谈判、指导、服务导向、复杂问题解决、运营分析、编程、运营监控、质量控制分析、判断与决策、系统分析、系统评估、时间管理、财务资源管理、人员资源管理
自我评价：我具备硕士学历，专业为数据科学与大数据技术，目标方向是数据科学家。重视工程质量、团队协作和持续学习。",synthetic_chinese_resume
CR0084,u084,大专,网络工程,9,深圳,15-2051.00,数据科学家,15-1211.00,计算机系统分析师,阅读理解、积极倾听、书面表达、口头表达、数学、批判性思维、主动学习、学习策略、监控、社会洞察、协调、说服、谈判、指导、服务导向、复杂问题解决、运营分析、编程、质量控制分析、判断与决策、系统分析、系统评估、时间管理、财务资源管理、人员资源管理,"{""2.A.1.a"": 0.610419, ""2.A.1.b"": 0.578433, ""2.A.1.c"": 0.625127, ""2.A.1.d"": 0.553201, ""2.A.1.e"": 0.526379, ""2.A.1.f"": 0.184304, ""2.A.2.a"": 0.624699, ""2.A.2.b"": 0.595418, ""2.A.2.c"": 0.454133, ""2.A.2.d"": 0.492247, ""2.B.1.a"": 0.44175, ""2.B.1.b"": 0.366625, ""2.B.1.c"": 0.445003, ""2.B.1.d"": 0.387402, ""2.B.1.e"": 0.367622, ""2.B.1.f"": 0.348982, ""2.B.2.i"": 0.514648, ""2.B.3.a"": 0.367422, ""2.B.3.b"": 0.184843, ""2.B.3.c"": 0.261297, ""2.B.3.d"": 0.237825, ""2.B.3.e"": 0.435141, ""2.B.3.g"": 0.209398, ""2.B.3.h"": 0.226711, ""2.B.3.j"": 0.209487, ""2.B.3.k"": 0.159472, ""2.B.3.l"": 0.269172, ""2.B.3.m"": 0.37324, ""2.B.4.e"": 0.546918, ""2.B.4.g"": 0.560871, ""2.B.4.h"": 0.481746, ""2.B.5.a"": 0.515426, ""2.B.5.b"": 0.290239, ""2.B.5.c"": 0.256492, ""2.B.5.d"": 0.494065}",在深圳参与数据科学家工作9年，持续提升阅读理解、积极倾听、书面表达、口头表达等技能。,负责数据科学家相关项目，完成需求分析、代码实现、测试验证和上线复盘，使用网络工程知识解决实际业务问题。,我具备大专学历，专业为网络工程，目标方向是计算机系统分析师。重视工程质量、团队协作和持续学习。,"求职方向：计算机系统分析师
教育背景：大专｜网络工程
工作经历：在深圳参与数据科学家工作9年，持续提升阅读理解、积极倾听、书面表达、口头表达等技能。
项目经历：负责数据科学家相关项目，完成需求分析、代码实现、测试验证和上线复盘，使用网络工程知识解决实际业务问题。
技能：阅读理解、积极倾听、书面表达、口头表达、数学、批判性思维、主动学习、学习策略、监控、社会洞察、协调、说服、谈判、指导、服务导向、复杂问题解决、运营分析、编程、质量控制分析、判断与决策、系统分析、系统评估、时间管理、财务资源管理、人员资源管理
自我评价：我具备大专学历，专业为网络工程，目标方向是计算机系统分析师。重视工程质量、团队协作和持续学习。",synthetic_chinese_resume
CR0085,u085,本科,信息安全,5,杭州,15-1211.00,计算机系统分析师,15-2051.00,数据科学家,阅读理解、积极倾听、书面表达、口头表达、数学、科学、批判性思维、主动学习、学习策略、监控、社会洞察、协调、说服、谈判、指导、服务导向、复杂问题解决、运营分析、技术设计、设备选型、编程、运营监控、操作与控制、故障排查、修复、质量控制分析、判断与决策、系统分析、系统评估、时间管理、财务资源管理、物资资源管理、人员资源管理,"{""2.A.1.a"": 0.651899, ""2.A.1.b"": 0.579756, ""2.A.1.c"": 0.562522, ""2.A.1.d"": 0.613042, ""2.A.1.e"": 0.482324, ""2.A.1.f"": 0.35858, ""2.A.2.a"": 0.542377, ""2.A.2.b"": 0.487468, ""2.A.2.c"": 0.336404, ""2.A.2.d"": 0.422125, ""2.B.1.a"": 0.399733, ""2.B.1.b"": 0.399585, ""2.B.1.c"": 0.359522, ""2.B.1.d"": 0.391995, ""2.B.1.e"": 0.417435, ""2.B.1.f"": 0.409663, ""2.B.2.i"": 0.462107, ""2.B.3.a"": 0.463545, ""2.B.3.b"": 0.415033, ""2.B.3.c"": 0.297383, ""2.B.3.d"": 0.197149, ""2.B.3.e"": 0.517288, ""2.B.3.g"": 0.494686, ""2.B.3.h"": 0.308736, ""2.B.3.j"": 0.214585, ""2.B.3.k"": 0.578596, ""2.B.3.l"": 0.344419, ""2.B.3.m"": 0.460916, ""2.B.4.e"": 0.536474, ""2.B.4.g"": 0.624257, ""2.B.4.h"": 0.619573, ""2.B.5.a"": 0.477318, ""2.B.5.b"": 0.325544, ""2.B.5.c"": 0.324784, ""2.B.5.d"": 0.440556}",在杭州参与计算机系统分析师工作5年，持续提升阅读理解、积极倾听、书面表达、口头表达等技能。,负责计算机系统分析师相关项目，完成需求分析、代码实现、测试验证和上线复盘，使用信息安全知识解决实际业务问题。,我具备本科学历，专业为信息安全，目标方向是数据科学家。重视工程质量、团队协作和持续学习。,"求职方向：数据科学家
教育背景：本科｜信息安全
工作经历：在杭州参与计算机系统分析师工作5年，持续提升阅读理解、积极倾听、书面表达、口头表达等技能。
项目经历：负责计算机系统分析师相关项目，完成需求分析、代码实现、测试验证和上线复盘，使用信息安全知识解决实际业务问题。
技能：阅读理解、积极倾听、书面表达、口头表达、数学、科学、批判性思维、主动学习、学习策略、监控、社会洞察、协调、说服、谈判、指导、服务导向、复杂问题解决、运营分析、技术设计、设备选型、编程、运营监控、操作与控制、故障排查、修复、质量控制分析、判断与决策、系统分析、系统评估、时间管理、财务资源管理、物资资源管理、人员资源管理
自我评价：我具备本科学历，专业为信息安全，目标方向是数据科学家。重视工程质量、团队协作和持续学习。",synthetic_chinese_resume
CR0086,u086,本科,计算机科学与技术,1,成都,15-1212.00,信息安全分析师,15-1242.00,数据库管理员,阅读理解、积极倾听、书面表达、口头表达、数学、批判性思维、主动学习、学习策略、监控、社会洞察、协调、说服、谈判、指导、服务导向、复杂问题解决、运营分析、编程、运营监控、操作与控制、设备维护、质量控制分析、判断与决策、系统分析、系统评估、时间管理、财务资源管理、人员资源管理,"{""2.A.1.a"": 0.583409, ""2.A.1.b"": 0.568809, ""2.A.1.c"": 0.528554, ""2.A.1.d"": 0.464464, ""2.A.1.e"": 0.31553, ""2.A.1.f"": 0.259401, ""2.A.2.a"": 0.611487, ""2.A.2.b"": 0.56979, ""2.A.2.c"": 0.369178, ""2.A.2.d"": 0.457418, ""2.B.1.a"": 0.378235, ""2.B.1.b"": 0.360614, ""2.B.1.c"": 0.324117, ""2.B.1.d"": 0.357378, ""2.B.1.e"": 0.361042, ""2.B.1.f"": 0.378284, ""2.B.2.i"": 0.506351, ""2.B.3.a"": 0.337825, ""2.B.3.b"": 0.274713, ""2.B.3.c"": 0.24271, ""2.B.3.d"": 0.263378, ""2.B.3.e"": 0.297662, ""2.B.3.g"": 0.383962, ""2.B.3.h"": 0.288048, ""2.B.3.j"": 0.337847, ""2.B.3.k"": 0.242649, ""2.B.3.l"": 0.24314, ""2.B.3.m"": 0.433374, ""2.B.4.e"": 0.490705, ""2.B.4.g"": 0.470009, ""2.B.4.h"": 0.426195, ""2.B.5.a"": 0.441008, ""2.B.5.b"": 0.287189, ""2.B.5.c"": 0.237295, ""2.B.5.d"": 0.411843}",在成都参与信息安全分析师工作1年，持续提升阅读理解、积极倾听、书面表达、口头表达等技能。,负责信息安全分析师相关项目，完成需求分析、代码实现、测试验证和上线复盘，使用计算机科学与技术知识解决实际业务问题。,我具备本科学历，专业为计算机科学与技术，目标方向是数据库管理员。重视工程质量、团队协作和持续学习。,"求职方向：数据库管理员
教育背景：本科｜计算机科学与技术
工作经历：在成都参与信息安全分析师工作1年，持续提升阅读理解、积极倾听、书面表达、口头表达等技能。
项目经历：负责信息安全分析师相关项目，完成需求分析、代码实现、测试验证和上线复盘，使用计算机科学与技术知识解决实际业务问题。
技能：阅读理解、积极倾听、书面表达、口头表达、数学、批判性思维、主动学习、学习策略、监控、社会洞察、协调、说服、谈判、指导、服务导向、复杂问题解决、运营分析、编程、运营监控、操作与控制、设备维护、质量控制分析、判断与决策、系统分析、系统评估、时间管理、财务资源管理、人员资源管理
自我评价：我具备本科学历，专业为计算机科学与技术，目标方向是数据库管理员。重视工程质量、团队协作和持续学习。",synthetic_chinese_resume
CR0087,u087,硕士,软件工程,8,武汉,15-1242.00,数据库管理员,15-2051.00,数据科学家,阅读理解、积极倾听、书面表达、口头表达、数学、科学、批判性思维、主动学习、学习策略、监控、社会洞察、协调、说服、谈判、指导、服务导向、复杂问题解决、运营分析、技术设计、编程、运营监控、故障排查、质量控制分析、判断与决策、系统分析、系统评估、时间管理、财务资源管理、人员资源管理,"{""2.A.1.a"": 0.642257, ""2.A.1.b"": 0.599303, ""2.A.1.c"": 0.466452, ""2.A.1.d"": 0.581332, ""2.A.1.e"": 0.476801, ""2.A.1.f"": 0.33056, ""2.A.2.a"": 0.682027, ""2.A.2.b"": 0.601446, ""2.A.2.c"": 0.401008, ""2.A.2.d"": 0.477852, ""2.B.1.a"": 0.345563, ""2.B.1.b"": 0.463226, ""2.B.1.c"": 0.370669, ""2.B.1.d"": 0.342945, ""2.B.1.e"": 0.501626, ""2.B.1.f"": 0.403692, ""2.B.2.i"": 0.600356, ""2.B.3.a"": 0.438519, ""2.B.3.b"": 0.366536, ""2.B.3.c"": 0.136627, ""2.B.3.d"": 0.253038, ""2.B.3.e"": 0.539928, ""2.B.3.g"": 0.409647, ""2.B.3.h"": 0.17278, ""2.B.3.j"": 0.243084, ""2.B.3.k"": 0.332121, ""2.B.3.l"": 0.181759, ""2.B.3.m"": 0.411068, ""2.B.4.e"": 0.649064, ""2.B.4.g"": 0.521535, ""2.B.4.h"": 0.548601, ""2.B.5.a"": 0.407167, ""2.B.5.b"": 0.344924, ""2.B.5.c"": 0.253672, ""2.B.5.d"": 0.447799}",在武汉参与数据库管理员工作8年，持续提升阅读理解、积极倾听、书面表达、口头表达等技能。,负责数据库管理员相关项目，完成需求分析、代码实现、测试验证和上线复盘，使用软件工程知识解决实际业务问题。,我具备硕士学历，专业为软件工程，目标方向是数据科学家。重视工程质量、团队协作和持续学习。,"求职方向：数据科学家
教育背景：硕士｜软件工程
工作经历：在武汉参与数据库管理员工作8年，持续提升阅读理解、积极倾听、书面表达、口头表达等技能。
项目经历：负责数据库管理员相关项目，完成需求分析、代码实现、测试验证和上线复盘，使用软件工程知识解决实际业务问题。
技能：阅读理解、积极倾听、书面表达、口头表达、数学、科学、批判性思维、主动学习、学习策略、监控、社会洞察、协调、说服、谈判、指导、服务导向、复杂问题解决、运营分析、技术设计、编程、运营监控、故障排查、质量控制分析、判断与决策、系统分析、系统评估、时间管理、财务资源管理、人员资源管理
自我评价：我具备硕士学历，专业为软件工程，目标方向是数据科学家。重视工程质量、团队协作和持续学习。",synthetic_chinese_resume
CR0088,u088,大专,数据科学与大数据技术,4,西安,15-1243.00,数据库架构师,15-1244.00,网络与计算机系统管理员,阅读理解、积极倾听、书面表达、口头表达、数学、批判性思维、主动学习、学习策略、监控、社会洞察、协调、说服、谈判、指导、服务导向、复杂问题解决、运营分析、技术设计、编程、运营监控、操作与控制、故障排查、判断与决策、系统分析、系统评估、时间管理、财务资源管理、人员资源管理,"{""2.A.1.a"": 0.556051, ""2.A.1.b"": 0.435405, ""2.A.1.c"": 0.49981, ""2.A.1.d"": 0.514275, ""2.A.1.e"": 0.498632, ""2.A.1.f"": 0.277139, ""2.A.2.a"": 0.575641, ""2.A.2.b"": 0.499014, ""2.A.2.c"": 0.420172, ""2.A.2.d"": 0.453952, ""2.B.1.a"": 0.372866, ""2.B.1.b"": 0.415017, ""2.B.1.c"": 0.384564, ""2.B.1.d"": 0.373313, ""2.B.1.e"": 0.41029, ""2.B.1.f"": 0.471072, ""2.B.2.i"": 0.637404, ""2.B.3.a"": 0.44859, ""2.B.3.b"": 0.432921, ""2.B.3.c"": 0.268551, ""2.B.3.d"": 0.261361, ""2.B.3.e"": 0.497181, ""2.B.3.g"": 0.305581, ""2.B.3.h"": 0.293168, ""2.B.3.j"": 0.258643, ""2.B.3.k"": 0.380818, ""2.B.3.l"": 0.24686, ""2.B.3.m"": 0.264188, ""2.B.4.e"": 0.480624, ""2.B.4.g"": 0.471357, ""2.B.4.h"": 0.569122, ""2.B.5.a"": 0.365829, ""2.B.5.b"": 0.281801, ""2.B.5.c"": 0.200837, ""2.B.5.d"": 0.324184}",在西安参与数据库架构师工作4年，持续提升阅读理解、积极倾听、书面表达、口头表达等技能。,负责数据库架构师相关项目，完成需求分析、代码实现、测试验证和上线复盘，使用数据科学与大数据技术知识解决实际业务问题。,我具备大专学历，专业为数据科学与大数据技术，目标方向是网络与计算机系统管理员。重视工程质量、团队协作和持续学习。,"求职方向：网络与计算机系统管理员
教育背景：大专｜数据科学与大数据技术
工作经历：在西安参与数据库架构师工作4年，持续提升阅读理解、积极倾听、书面表达、口头表达等技能。
项目经历：负责数据库架构师相关项目，完成需求分析、代码实现、测试验证和上线复盘，使用数据科学与大数据技术知识解决实际业务问题。
技能：阅读理解、积极倾听、书面表达、口头表达、数学、批判性思维、主动学习、学习策略、监控、社会洞察、协调、说服、谈判、指导、服务导向、复杂问题解决、运营分析、技术设计、编程、运营监控、操作与控制、故障排查、判断与决策、系统分析、系统评估、时间管理、财务资源管理、人员资源管理
自我评价：我具备大专学历，专业为数据科学与大数据技术，目标方向是网络与计算机系统管理员。重视工程质量、团队协作和持续学习。",synthetic_chinese_resume
CR0089,u089,本科,网络工程,0,北京,15-1244.00,网络与计算机系统管理员,15-1212.00,信息安全分析师,阅读理解、积极倾听、书面表达、口头表达、数学、科学、批判性思维、主动学习、学习策略、监控、社会洞察、协调、说服、谈判、指导、服务导向、复杂问题解决、运营分析、技术设计、设备选型、编程、运营监控、操作与控制、设备维护、故障排查、修复、质量控制分析、判断与决策、系统分析、系统评估、时间管理、物资资源管理、人员资源管理,"{""2.A.1.a"": 0.56806, ""2.A.1.b"": 0.560764, ""2.A.1.c"": 0.414438, ""2.A.1.d"": 0.567209, ""2.A.1.e"": 0.465833, ""2.A.1.f"": 0.357305, ""2.A.2.a"": 0.589675, ""2.A.2.b"": 0.43937, ""2.A.2.c"": 0.494929, ""2.A.2.d"": 0.581959, ""2.B.1.a"": 0.353707, ""2.B.1.b"": 0.43208, ""2.B.1.c"": 0.410927, ""2.B.1.d"": 0.376569, ""2.B.1.e"": 0.396003, ""2.B.1.f"": 0.399039, ""2.B.2.i"": 0.602375, ""2.B.3.a"": 0.441371, ""2.B.3.b"": 0.335116, ""2.B.3.c"": 0.448302, ""2.B.3.d"": 0.251671, ""2.B.3.e"": 0.527124, ""2.B.3.g"": 0.42241, ""2.B.3.h"": 0.471363, ""2.B.3.j"": 0.458394, ""2.B.3.k"": 0.543, ""2.B.3.l"": 0.360699, ""2.B.3.m"": 0.467288, ""2.B.4.e"": 0.535263, ""2.B.4.g"": 0.469412, ""2.B.4.h"": 0.57211, ""2.B.5.a"": 0.466763, ""2.B.5.b"": 0.273418, ""2.B.5.c"": 0.428368, ""2.B.5.d"": 0.416193}",在北京参与网络与计算机系统管理员工作0年，持续提升阅读理解、积极倾听、书面表达、口头表达等技能。,负责网络与计算机系统管理员相关项目，完成需求分析、代码实现、测试验证和上线复盘，使用网络工程知识解决实际业务问题。,我具备本科学历，专业为网络工程，目标方向是信息安全分析师。重视工程质量、团队协作和持续学习。,"求职方向：信息安全分析师
教育背景：本科｜网络工程
工作经历：在北京参与网络与计算机系统管理员工作0年，持续提升阅读理解、积极倾听、书面表达、口头表达等技能。
项目经历：负责网络与计算机系统管理员相关项目，完成需求分析、代码实现、测试验证和上线复盘，使用网络工程知识解决实际业务问题。
技能：阅读理解、积极倾听、书面表达、口头表达、数学、科学、批判性思维、主动学习、学习策略、监控、社会洞察、协调、说服、谈判、指导、服务导向、复杂问题解决、运营分析、技术设计、设备选型、编程、运营监控、操作与控制、设备维护、故障排查、修复、质量控制分析、判断与决策、系统分析、系统评估、时间管理、物资资源管理、人员资源管理
自我评价：我具备本科学历，专业为网络工程，目标方向是信息安全分析师。重视工程质量、团队协作和持续学习。",synthetic_chinese_resume
CR0090,u090,本科,信息安全,7,上海,15-1251.00,计算机程序员,15-1252.00,软件开发工程师,阅读理解、积极倾听、书面表达、口头表达、数学、科学、批判性思维、主动学习、学习策略、监控、社会洞察、协调、说服、指导、服务导向、复杂问题解决、运营分析、技术设计、编程、运营监控、操作与控制、故障排查、质量控制分析、判断与决策、系统分析、系统评估、时间管理、物资资源管理、人员资源管理,"{""2.A.1.a"": 0.479293, ""2.A.1.b"": 0.587485, ""2.A.1.c"": 0.421705, ""2.A.1.d"": 0.532164, ""2.A.1.e"": 0.502211, ""2.A.1.f"": 0.352131, ""2.A.2.a"": 0.52167, ""2.A.2.b"": 0.476827, ""2.A.2.c"": 0.329383, ""2.A.2.d"": 0.504243, ""2.B.1.a"": 0.482349, ""2.B.1.b"": 0.447197, ""2.B.1.c"": 0.438791, ""2.B.1.d"": 0.257693, ""2.B.1.e"": 0.382149, ""2.B.1.f"": 0.41428, ""2.B.2.i"": 0.513884, ""2.B.3.a"": 0.522193, ""2.B.3.b"": 0.371423, ""2.B.3.c"": 0.262244, ""2.B.3.d"": 0.2358, ""2.B.3.e"": 0.774039, ""2.B.3.g"": 0.354998, ""2.B.3.h"": 0.283714, ""2.B.3.j"": 0.20982, ""2.B.3.k"": 0.329977, ""2.B.3.l"": 0.253034, ""2.B.3.m"": 0.516334, ""2.B.4.e"": 0.485431, ""2.B.4.g"": 0.411955, ""2.B.4.h"": 0.442227, ""2.B.5.a"": 0.457923, ""2.B.5.b"": 0.169076, ""2.B.5.c"": 0.350675, ""2.B.5.d"": 0.361847}",在上海参与计算机程序员工作7年，持续提升阅读理解、积极倾听、书面表达、口头表达等技能。,负责计算机程序员相关项目，完成需求分析、代码实现、测试验证和上线复盘，使用信息安全知识解决实际业务问题。,我具备本科学历，专业为信息安全，目标方向是软件开发工程师。重视工程质量、团队协作和持续学习。,"求职方向：软件开发工程师
教育背景：本科｜信息安全
工作经历：在上海参与计算机程序员工作7年，持续提升阅读理解、积极倾听、书面表达、口头表达等技能。
项目经历：负责计算机程序员相关项目，完成需求分析、代码实现、测试验证和上线复盘，使用信息安全知识解决实际业务问题。
技能：阅读理解、积极倾听、书面表达、口头表达、数学、科学、批判性思维、主动学习、学习策略、监控、社会洞察、协调、说服、指导、服务导向、复杂问题解决、运营分析、技术设计、编程、运营监控、操作与控制、故障排查、质量控制分析、判断与决策、系统分析、系统评估、时间管理、物资资源管理、人员资源管理
自我评价：我具备本科学历，专业为信息安全，目标方向是软件开发工程师。重视工程质量、团队协作和持续学习。",synthetic_chinese_resume
CR0091,u091,硕士,计算机科学与技术,3,广州,15-1252.00,软件开发工程师,15-1253.00,软件质量保证分析师与测试工程师,阅读理解、积极倾听、书面表达、口头表达、数学、批判性思维、主动学习、学习策略、监控、社会洞察、协调、说服、谈判、指导、服务导向、复杂问题解决、技术设计、运营监控、故障排查、判断与决策、系统分析、系统评估、时间管理、人员资源管理,"{""2.A.1.a"": 0.646728, ""2.A.1.b"": 0.49405, ""2.A.1.c"": 0.437835, ""2.A.1.d"": 0.44909, ""2.A.1.e"": 0.366887, ""2.A.1.f"": 0.247601, ""2.A.2.a"": 0.492096, ""2.A.2.b"": 0.519118, ""2.A.2.c"": 0.387204, ""2.A.2.d"": 0.465091, ""2.B.1.a"": 0.395922, ""2.B.1.b"": 0.427172, ""2.B.1.c"": 0.451122, ""2.B.1.d"": 0.46343, ""2.B.1.e"": 0.386978, ""2.B.1.f"": 0.429672, ""2.B.2.i"": 0.484019, ""2.B.3.a"": 0.176269, ""2.B.3.b"": 0.463792, ""2.B.3.c"": 0.229171, ""2.B.3.d"": 0.170545, ""2.B.3.e"": 0.168393, ""2.B.3.g"": 0.341242, ""2.B.3.h"": 0.11335, ""2.B.3.j"": 0.154879, ""2.B.3.k"": 0.416533, ""2.B.3.l"": 0.221136, ""2.B.3.m"": 0.163708, ""2.B.4.e"": 0.563495, ""2.B.4.g"": 0.566906, ""2.B.4.h"": 0.546995, ""2.B.5.a"": 0.440418, ""2.B.5.b"": 0.248482, ""2.B.5.c"": 0.272364, ""2.B.5.d"": 0.383726}",在广州参与软件开发工程师工作3年，持续提升阅读理解、积极倾听、书面表达、口头表达等技能。,负责软件开发工程师相关项目，完成需求分析、代码实现、测试验证和上线复盘，使用计算机科学与技术知识解决实际业务问题。,我具备硕士学历，专业为计算机科学与技术，目标方向是软件质量保证分析师与测试工程师。重视工程质量、团队协作和持续学习。,"求职方向：软件质量保证分析师与测试工程师
教育背景：硕士｜计算机科学与技术
工作经历：在广州参与软件开发工程师工作3年，持续提升阅读理解、积极倾听、书面表达、口头表达等技能。
项目经历：负责软件开发工程师相关项目，完成需求分析、代码实现、测试验证和上线复盘，使用计算机科学与技术知识解决实际业务问题。
技能：阅读理解、积极倾听、书面表达、口头表达、数学、批判性思维、主动学习、学习策略、监控、社会洞察、协调、说服、谈判、指导、服务导向、复杂问题解决、技术设计、运营监控、故障排查、判断与决策、系统分析、系统评估、时间管理、人员资源管理
自我评价：我具备硕士学历，专业为计算机科学与技术，目标方向是软件质量保证分析师与测试工程师。重视工程质量、团队协作和持续学习。",synthetic_chinese_resume
CR0092,u092,大专,软件工程,10,深圳,15-1253.00,软件质量保证分析师与测试工程师,15-1252.00,软件开发工程师,阅读理解、积极倾听、书面表达、口头表达、数学、科学、批判性思维、主动学习、学习策略、监控、社会洞察、协调、说服、指导、服务导向、复杂问题解决、运营分析、技术设计、编程、运营监控、故障排查、质量控制分析、判断与决策、系统分析、系统评估、时间管理、物资资源管理、人员资源管理,"{""2.A.1.a"": 0.644663, ""2.A.1.b"": 0.64497, ""2.A.1.c"": 0.546131, ""2.A.1.d"": 0.582271, ""2.A.1.e"": 0.318263, ""2.A.1.f"": 0.39254, ""2.A.2.a"": 0.574099, ""2.A.2.b"": 0.369182, ""2.A.2.c"": 0.369627, ""2.A.2.d"": 0.542213, ""2.B.1.a"": 0.447569, ""2.B.1.b"": 0.457094, ""2.B.1.c"": 0.409419, ""2.B.1.d"": 0.26784, ""2.B.1.e"": 0.363928, ""2.B.1.f"": 0.286107, ""2.B.2.i"": 0.469833, ""2.B.3.a"": 0.491335, ""2.B.3.b"": 0.319465, ""2.B.3.c"": 0.20614, ""2.B.3.d"": 0.261081, ""2.B.3.e"": 0.509981, ""2.B.3.g"": 0.378352, ""2.B.3.h"": 0.261295, ""2.B.3.j"": 0.186675, ""2.B.3.k"": 0.342308, ""2.B.3.l"": 0.22931, ""2.B.3.m"": 0.552987, ""2.B.4.e"": 0.446419, ""2.B.4.g"": 0.453229, ""2.B.4.h"": 0.492141, ""2.B.5.a"": 0.412088, ""2.B.5.b"": 0.184444, ""2.B.5.c"": 0.283553, ""2.B.5.d"": 0.362698}",在深圳参与软件质量保证分析师与测试工程师工作10年，持续提升阅读理解、积极倾听、书面表达、口头表达等技能。,负责软件质量保证分析师与测试工程师相关项目，完成需求分析、代码实现、测试验证和上线复盘，使用软件工程知识解决实际业务问题。,我具备大专学历，专业为软件工程，目标方向是软件开发工程师。重视工程质量、团队协作和持续学习。,"求职方向：软件开发工程师
教育背景：大专｜软件工程
工作经历：在深圳参与软件质量保证分析师与测试工程师工作10年，持续提升阅读理解、积极倾听、书面表达、口头表达等技能。
项目经历：负责软件质量保证分析师与测试工程师相关项目，完成需求分析、代码实现、测试验证和上线复盘，使用软件工程知识解决实际业务问题。
技能：阅读理解、积极倾听、书面表达、口头表达、数学、科学、批判性思维、主动学习、学习策略、监控、社会洞察、协调、说服、指导、服务导向、复杂问题解决、运营分析、技术设计、编程、运营监控、故障排查、质量控制分析、判断与决策、系统分析、系统评估、时间管理、物资资源管理、人员资源管理
自我评价：我具备大专学历，专业为软件工程，目标方向是软件开发工程师。重视工程质量、团队协作和持续学习。",synthetic_chinese_resume
CR0093,u093,本科,数据科学与大数据技术,6,杭州,15-1254.00,网页开发工程师,15-1252.00,软件开发工程师,阅读理解、积极倾听、书面表达、口头表达、数学、科学、批判性思维、主动学习、学习策略、监控、社会洞察、协调、说服、谈判、指导、服务导向、复杂问题解决、运营分析、技术设计、编程、故障排查、质量控制分析、判断与决策、系统分析、系统评估、时间管理、物资资源管理、人员资源管理,"{""2.A.1.a"": 0.560222, ""2.A.1.b"": 0.557622, ""2.A.1.c"": 0.472129, ""2.A.1.d"": 0.497377, ""2.A.1.e"": 0.442818, ""2.A.1.f"": 0.342422, ""2.A.2.a"": 0.543638, ""2.A.2.b"": 0.518695, ""2.A.2.c"": 0.371372, ""2.A.2.d"": 0.478269, ""2.B.1.a"": 0.4194, ""2.B.1.b"": 0.440171, ""2.B.1.c"": 0.317921, ""2.B.1.d"": 0.422263, ""2.B.1.e"": 0.394344, ""2.B.1.f"": 0.441609, ""2.B.2.i"": 0.551603, ""2.B.3.a"": 0.525667, ""2.B.3.b"": 0.419313, ""2.B.3.c"": 0.239488, ""2.B.3.d"": 0.184333, ""2.B.3.e"": 0.579181, ""2.B.3.g"": 0.239347, ""2.B.3.h"": 0.256108, ""2.B.3.j"": 0.278526, ""2.B.3.k"": 0.359137, ""2.B.3.l"": 0.25985, ""2.B.3.m"": 0.345332, ""2.B.4.e"": 0.50021, ""2.B.4.g"": 0.379898, ""2.B.4.h"": 0.519573, ""2.B.5.a"": 0.425995, ""2.B.5.b"": 0.251476, ""2.B.5.c"": 0.332646, ""2.B.5.d"": 0.339397}",在杭州参与网页开发工程师工作6年，持续提升阅读理解、积极倾听、书面表达、口头表达等技能。,负责网页开发工程师相关项目，完成需求分析、代码实现、测试验证和上线复盘，使用数据科学与大数据技术知识解决实际业务问题。,我具备本科学历，专业为数据科学与大数据技术，目标方向是软件开发工程师。重视工程质量、团队协作和持续学习。,"求职方向：软件开发工程师
教育背景：本科｜数据科学与大数据技术
工作经历：在杭州参与网页开发工程师工作6年，持续提升阅读理解、积极倾听、书面表达、口头表达等技能。
项目经历：负责网页开发工程师相关项目，完成需求分析、代码实现、测试验证和上线复盘，使用数据科学与大数据技术知识解决实际业务问题。
技能：阅读理解、积极倾听、书面表达、口头表达、数学、科学、批判性思维、主动学习、学习策略、监控、社会洞察、协调、说服、谈判、指导、服务导向、复杂问题解决、运营分析、技术设计、编程、故障排查、质量控制分析、判断与决策、系统分析、系统评估、时间管理、物资资源管理、人员资源管理
自我评价：我具备本科学历，专业为数据科学与大数据技术，目标方向是软件开发工程师。重视工程质量、团队协作和持续学习。",synthetic_chinese_resume
CR0094,u094,本科,网络工程,2,成都,15-1255.00,网页与数字界面设计师,15-2031.00,运筹分析师,阅读理解、积极倾听、书面表达、口头表达、数学、批判性思维、主动学习、学习策略、监控、社会洞察、协调、说服、谈判、指导、复杂问题解决、运营分析、技术设计、编程、运营监控、判断与决策、系统分析、系统评估、时间管理、物资资源管理、人员资源管理,"{""2.A.1.a"": 0.504922, ""2.A.1.b"": 0.569698, ""2.A.1.c"": 0.496719, ""2.A.1.d"": 0.531949, ""2.A.1.e"": 0.497339, ""2.A.1.f"": 0.198349, ""2.A.2.a"": 0.568295, ""2.A.2.b"": 0.451261, ""2.A.2.c"": 0.347791, ""2.A.2.d"": 0.574768, ""2.B.1.a"": 0.433235, ""2.B.1.b"": 0.469036, ""2.B.1.c"": 0.458437, ""2.B.1.d"": 0.393984, ""2.B.1.e"": 0.42918, ""2.B.1.f"": 0.22818, ""2.B.2.i"": 0.483438, ""2.B.3.a"": 0.449212, ""2.B.3.b"": 0.434004, ""2.B.3.c"": 0.271685, ""2.B.3.d"": 0.208708, ""2.B.3.e"": 0.61165, ""2.B.3.g"": 0.334438, ""2.B.3.h"": 0.237287, ""2.B.3.j"": 0.171277, ""2.B.3.k"": 0.208892, ""2.B.3.l"": 0.173378, ""2.B.3.m"": 0.27721, ""2.B.4.e"": 0.537736, ""2.B.4.g"": 0.436285, ""2.B.4.h"": 0.49599, ""2.B.5.a"": 0.515919, ""2.B.5.b"": 0.267872, ""2.B.5.c"": 0.299798, ""2.B.5.d"": 0.412659}",在成都参与网页与数字界面设计师工作2年，持续提升阅读理解、积极倾听、书面表达、口头表达等技能。,负责网页与数字界面设计师相关项目，完成需求分析、代码实现、测试验证和上线复盘，使用网络工程知识解决实际业务问题。,我具备本科学历，专业为网络工程，目标方向是运筹分析师。重视工程质量、团队协作和持续学习。,"求职方向：运筹分析师
教育背景：本科｜网络工程
工作经历：在成都参与网页与数字界面设计师工作2年，持续提升阅读理解、积极倾听、书面表达、口头表达等技能。
项目经历：负责网页与数字界面设计师相关项目，完成需求分析、代码实现、测试验证和上线复盘，使用网络工程知识解决实际业务问题。
技能：阅读理解、积极倾听、书面表达、口头表达、数学、批判性思维、主动学习、学习策略、监控、社会洞察、协调、说服、谈判、指导、复杂问题解决、运营分析、技术设计、编程、运营监控、判断与决策、系统分析、系统评估、时间管理、物资资源管理、人员资源管理
自我评价：我具备本科学历，专业为网络工程，目标方向是运筹分析师。重视工程质量、团队协作和持续学习。",synthetic_chinese_resume
CR0095,u095,硕士,信息安全,9,武汉,15-2031.00,运筹分析师,15-2051.00,数据科学家,阅读理解、积极倾听、书面表达、口头表达、数学、科学、批判性思维、主动学习、学习策略、监控、社会洞察、协调、说服、谈判、指导、服务导向、复杂问题解决、运营分析、编程、质量控制分析、判断与决策、系统分析、系统评估、时间管理、物资资源管理、人员资源管理,"{""2.A.1.a"": 0.634346, ""2.A.1.b"": 0.590485, ""2.A.1.c"": 0.541146, ""2.A.1.d"": 0.580834, ""2.A.1.e"": 0.715725, ""2.A.1.f"": 0.464053, ""2.A.2.a"": 0.598372, ""2.A.2.b"": 0.537071, ""2.A.2.c"": 0.444199, ""2.A.2.d"": 0.413797, ""2.B.1.a"": 0.3968, ""2.B.1.b"": 0.412003, ""2.B.1.c"": 0.464471, ""2.B.1.d"": 0.385496, ""2.B.1.e"": 0.446931, ""2.B.1.f"": 0.455954, ""2.B.2.i"": 0.640286, ""2.B.3.a"": 0.564726, ""2.B.3.b"": 0.254443, ""2.B.3.c"": 0.173223, ""2.B.3.d"": 0.190068, ""2.B.3.e"": 0.358458, ""2.B.3.g"": 0.249619, ""2.B.3.h"": 0.156785, ""2.B.3.j"": 0.178162, ""2.B.3.k"": 0.156579, ""2.B.3.l"": 0.220707, ""2.B.3.m"": 0.313509, ""2.B.4.e"": 0.626302, ""2.B.4.g"": 0.511243, ""2.B.4.h"": 0.590297, ""2.B.5.a"": 0.389405, ""2.B.5.b"": 0.213032, ""2.B.5.c"": 0.288527, ""2.B.5.d"": 0.350669}",在武汉参与运筹分析师工作9年，持续提升阅读理解、积极倾听、书面表达、口头表达等技能。,负责运筹分析师相关项目，完成需求分析、代码实现、测试验证和上线复盘，使用信息安全知识解决实际业务问题。,我具备硕士学历，专业为信息安全，目标方向是数据科学家。重视工程质量、团队协作和持续学习。,"求职方向：数据科学家
教育背景：硕士｜信息安全
工作经历：在武汉参与运筹分析师工作9年，持续提升阅读理解、积极倾听、书面表达、口头表达等技能。
项目经历：负责运筹分析师相关项目，完成需求分析、代码实现、测试验证和上线复盘，使用信息安全知识解决实际业务问题。
技能：阅读理解、积极倾听、书面表达、口头表达、数学、科学、批判性思维、主动学习、学习策略、监控、社会洞察、协调、说服、谈判、指导、服务导向、复杂问题解决、运营分析、编程、质量控制分析、判断与决策、系统分析、系统评估、时间管理、物资资源管理、人员资源管理
自我评价：我具备硕士学历，专业为信息安全，目标方向是数据科学家。重视工程质量、团队协作和持续学习。",synthetic_chinese_resume
CR0096,u096,大专,计算机科学与技术,5,西安,15-2051.00,数据科学家,15-1211.00,计算机系统分析师,阅读理解、积极倾听、书面表达、口头表达、数学、科学、批判性思维、主动学习、学习策略、监控、社会洞察、协调、说服、谈判、指导、服务导向、复杂问题解决、运营分析、技术设计、编程、运营监控、判断与决策、系统分析、系统评估、时间管理、物资资源管理、人员资源管理,"{""2.A.1.a"": 0.577946, ""2.A.1.b"": 0.669005, ""2.A.1.c"": 0.538809, ""2.A.1.d"": 0.612417, ""2.A.1.e"": 0.528775, ""2.A.1.f"": 0.293756, ""2.A.2.a"": 0.65398, ""2.A.2.b"": 0.554971, ""2.A.2.c"": 0.371643, ""2.A.2.d"": 0.454394, ""2.B.1.a"": 0.442597, ""2.B.1.b"": 0.458747, ""2.B.1.c"": 0.452424, ""2.B.1.d"": 0.367429, ""2.B.1.e"": 0.486528, ""2.B.1.f"": 0.360001, ""2.B.2.i"": 0.500415, ""2.B.3.a"": 0.324793, ""2.B.3.b"": 0.304022, ""2.B.3.c"": 0.158812, ""2.B.3.d"": 0.141325, ""2.B.3.e"": 0.443392, ""2.B.3.g"": 0.322033, ""2.B.3.h"": 0.216229, ""2.B.3.j"": 0.116183, ""2.B.3.k"": 0.214713, ""2.B.3.l"": 0.22804, ""2.B.3.m"": 0.227644, ""2.B.4.e"": 0.493284, ""2.B.4.g"": 0.488585, ""2.B.4.h"": 0.46429, ""2.B.5.a"": 0.354292, ""2.B.5.b"": 0.230605, ""2.B.5.c"": 0.280086, ""2.B.5.d"": 0.357478}",在西安参与数据科学家工作5年，持续提升阅读理解、积极倾听、书面表达、口头表达等技能。,负责数据科学家相关项目，完成需求分析、代码实现、测试验证和上线复盘，使用计算机科学与技术知识解决实际业务问题。,我具备大专学历，专业为计算机科学与技术，目标方向是计算机系统分析师。重视工程质量、团队协作和持续学习。,"求职方向：计算机系统分析师
教育背景：大专｜计算机科学与技术
工作经历：在西安参与数据科学家工作5年，持续提升阅读理解、积极倾听、书面表达、口头表达等技能。
项目经历：负责数据科学家相关项目，完成需求分析、代码实现、测试验证和上线复盘，使用计算机科学与技术知识解决实际业务问题。
技能：阅读理解、积极倾听、书面表达、口头表达、数学、科学、批判性思维、主动学习、学习策略、监控、社会洞察、协调、说服、谈判、指导、服务导向、复杂问题解决、运营分析、技术设计、编程、运营监控、判断与决策、系统分析、系统评估、时间管理、物资资源管理、人员资源管理
自我评价：我具备大专学历，专业为计算机科学与技术，目标方向是计算机系统分析师。重视工程质量、团队协作和持续学习。",synthetic_chinese_resume
CR0097,u097,本科,软件工程,1,北京,15-1211.00,计算机系统分析师,15-2051.00,数据科学家,阅读理解、积极倾听、书面表达、口头表达、数学、批判性思维、主动学习、学习策略、监控、社会洞察、协调、说服、谈判、指导、服务导向、复杂问题解决、运营分析、技术设计、设备选型、编程、运营监控、操作与控制、故障排查、质量控制分析、判断与决策、系统分析、系统评估、时间管理、物资资源管理、人员资源管理,"{""2.A.1.a"": 0.691991, ""2.A.1.b"": 0.54023, ""2.A.1.c"": 0.551427, ""2.A.1.d"": 0.603989, ""2.A.1.e"": 0.400734, ""2.A.1.f"": 0.251968, ""2.A.2.a"": 0.569026, ""2.A.2.b"": 0.525157, ""2.A.2.c"": 0.474363, ""2.A.2.d"": 0.560907, ""2.B.1.a"": 0.450998, ""2.B.1.b"": 0.444174, ""2.B.1.c"": 0.336241, ""2.B.1.d"": 0.361449, ""2.B.1.e"": 0.402882, ""2.B.1.f"": 0.414649, ""2.B.2.i"": 0.551534, ""2.B.3.a"": 0.499212, ""2.B.3.b"": 0.464797, ""2.B.3.c"": 0.363319, ""2.B.3.d"": 0.232594, ""2.B.3.e"": 0.468878, ""2.B.3.g"": 0.462759, ""2.B.3.h"": 0.439098, ""2.B.3.j"": 0.235224, ""2.B.3.k"": 0.444519, ""2.B.3.l"": 0.23193, ""2.B.3.m"": 0.430839, ""2.B.4.e"": 0.573593, ""2.B.4.g"": 0.563754, ""2.B.4.h"": 0.587939, ""2.B.5.a"": 0.471723, ""2.B.5.b"": 0.265779, ""2.B.5.c"": 0.286169, ""2.B.5.d"": 0.41438}",在北京参与计算机系统分析师工作1年，持续提升阅读理解、积极倾听、书面表达、口头表达等技能。,负责计算机系统分析师相关项目，完成需求分析、代码实现、测试验证和上线复盘，使用软件工程知识解决实际业务问题。,我具备本科学历，专业为软件工程，目标方向是数据科学家。重视工程质量、团队协作和持续学习。,"求职方向：数据科学家
教育背景：本科｜软件工程
工作经历：在北京参与计算机系统分析师工作1年，持续提升阅读理解、积极倾听、书面表达、口头表达等技能。
项目经历：负责计算机系统分析师相关项目，完成需求分析、代码实现、测试验证和上线复盘，使用软件工程知识解决实际业务问题。
技能：阅读理解、积极倾听、书面表达、口头表达、数学、批判性思维、主动学习、学习策略、监控、社会洞察、协调、说服、谈判、指导、服务导向、复杂问题解决、运营分析、技术设计、设备选型、编程、运营监控、操作与控制、故障排查、质量控制分析、判断与决策、系统分析、系统评估、时间管理、物资资源管理、人员资源管理
自我评价：我具备本科学历，专业为软件工程，目标方向是数据科学家。重视工程质量、团队协作和持续学习。",synthetic_chinese_resume
CR0098,u098,本科,数据科学与大数据技术,8,上海,15-1212.00,信息安全分析师,15-1242.00,数据库管理员,阅读理解、积极倾听、书面表达、口头表达、科学、批判性思维、主动学习、学习策略、监控、社会洞察、协调、说服、谈判、指导、服务导向、复杂问题解决、运营分析、技术设计、编程、运营监控、操作与控制、故障排查、质量控制分析、判断与决策、系统分析、系统评估、时间管理、人员资源管理,"{""2.A.1.a"": 0.577333, ""2.A.1.b"": 0.562706, ""2.A.1.c"": 0.491078, ""2.A.1.d"": 0.579997, ""2.A.1.e"": 0.257852, ""2.A.1.f"": 0.304711, ""2.A.2.a"": 0.601025, ""2.A.2.b"": 0.550563, ""2.A.2.c"": 0.345697, ""2.A.2.d"": 0.521138, ""2.B.1.a"": 0.395972, ""2.B.1.b"": 0.382809, ""2.B.1.c"": 0.39861, ""2.B.1.d"": 0.407644, ""2.B.1.e"": 0.372257, ""2.B.1.f"": 0.333047, ""2.B.2.i"": 0.522437, ""2.B.3.a"": 0.285342, ""2.B.3.b"": 0.427989, ""2.B.3.c"": 0.254574, ""2.B.3.d"": 0.23429, ""2.B.3.e"": 0.352849, ""2.B.3.g"": 0.434451, ""2.B.3.h"": 0.294717, ""2.B.3.j"": 0.217801, ""2.B.3.k"": 0.331053, ""2.B.3.l"": 0.224176, ""2.B.3.m"": 0.437674, ""2.B.4.e"": 0.442726, ""2.B.4.g"": 0.488485, ""2.B.4.h"": 0.499847, ""2.B.5.a"": 0.427518, ""2.B.5.b"": 0.216308, ""2.B.5.c"": 0.20203, ""2.B.5.d"": 0.413442}",在上海参与信息安全分析师工作8年，持续提升阅读理解、积极倾听、书面表达、口头表达等技能。,负责信息安全分析师相关项目，完成需求分析、代码实现、测试验证和上线复盘，使用数据科学与大数据技术知识解决实际业务问题。,我具备本科学历，专业为数据科学与大数据技术，目标方向是数据库管理员。重视工程质量、团队协作和持续学习。,"求职方向：数据库管理员
教育背景：本科｜数据科学与大数据技术
工作经历：在上海参与信息安全分析师工作8年，持续提升阅读理解、积极倾听、书面表达、口头表达等技能。
项目经历：负责信息安全分析师相关项目，完成需求分析、代码实现、测试验证和上线复盘，使用数据科学与大数据技术知识解决实际业务问题。
技能：阅读理解、积极倾听、书面表达、口头表达、科学、批判性思维、主动学习、学习策略、监控、社会洞察、协调、说服、谈判、指导、服务导向、复杂问题解决、运营分析、技术设计、编程、运营监控、操作与控制、故障排查、质量控制分析、判断与决策、系统分析、系统评估、时间管理、人员资源管理
自我评价：我具备本科学历，专业为数据科学与大数据技术，目标方向是数据库管理员。重视工程质量、团队协作和持续学习。",synthetic_chinese_resume
CR0099,u099,硕士,网络工程,4,广州,15-1242.00,数据库管理员,15-2051.00,数据科学家,阅读理解、积极倾听、书面表达、口头表达、数学、批判性思维、主动学习、学习策略、监控、社会洞察、协调、说服、谈判、指导、服务导向、复杂问题解决、运营分析、技术设计、编程、运营监控、故障排查、质量控制分析、判断与决策、系统分析、系统评估、时间管理、财务资源管理、物资资源管理、人员资源管理,"{""2.A.1.a"": 0.538489, ""2.A.1.b"": 0.599954, ""2.A.1.c"": 0.478397, ""2.A.1.d"": 0.542756, ""2.A.1.e"": 0.464781, ""2.A.1.f"": 0.271946, ""2.A.2.a"": 0.568781, ""2.A.2.b"": 0.501515, ""2.A.2.c"": 0.493156, ""2.A.2.d"": 0.493197, ""2.B.1.a"": 0.415062, ""2.B.1.b"": 0.440673, ""2.B.1.c"": 0.370025, ""2.B.1.d"": 0.288766, ""2.B.1.e"": 0.478151, ""2.B.1.f"": 0.474288, ""2.B.2.i"": 0.57349, ""2.B.3.a"": 0.478714, ""2.B.3.b"": 0.317434, ""2.B.3.c"": 0.247632, ""2.B.3.d"": 0.239564, ""2.B.3.e"": 0.516222, ""2.B.3.g"": 0.336198, ""2.B.3.h"": 0.258914, ""2.B.3.j"": 0.13865, ""2.B.3.k"": 0.374879, ""2.B.3.l"": 0.239019, ""2.B.3.m"": 0.421641, ""2.B.4.e"": 0.571952, ""2.B.4.g"": 0.462809, ""2.B.4.h"": 0.510654, ""2.B.5.a"": 0.316399, ""2.B.5.b"": 0.296819, ""2.B.5.c"": 0.362124, ""2.B.5.d"": 0.396221}",在广州参与数据库管理员工作4年，持续提升阅读理解、积极倾听、书面表达、口头表达等技能。,负责数据库管理员相关项目，完成需求分析、代码实现、测试验证和上线复盘，使用网络工程知识解决实际业务问题。,我具备硕士学历，专业为网络工程，目标方向是数据科学家。重视工程质量、团队协作和持续学习。,"求职方向：数据科学家
教育背景：硕士｜网络工程
工作经历：在广州参与数据库管理员工作4年，持续提升阅读理解、积极倾听、书面表达、口头表达等技能。
项目经历：负责数据库管理员相关项目，完成需求分析、代码实现、测试验证和上线复盘，使用网络工程知识解决实际业务问题。
技能：阅读理解、积极倾听、书面表达、口头表达、数学、批判性思维、主动学习、学习策略、监控、社会洞察、协调、说服、谈判、指导、服务导向、复杂问题解决、运营分析、技术设计、编程、运营监控、故障排查、质量控制分析、判断与决策、系统分析、系统评估、时间管理、财务资源管理、物资资源管理、人员资源管理
自我评价：我具备硕士学历，专业为网络工程，目标方向是数据科学家。重视工程质量、团队协作和持续学习。",synthetic_chinese_resume
CR0100,u100,大专,信息安全,0,深圳,15-1243.00,数据库架构师,15-1244.00,网络与计算机系统管理员,阅读理解、积极倾听、书面表达、口头表达、数学、批判性思维、主动学习、学习策略、监控、社会洞察、协调、说服、谈判、指导、服务导向、复杂问题解决、运营分析、技术设计、编程、运营监控、判断与决策、系统分析、系统评估、时间管理、物资资源管理、人员资源管理,"{""2.A.1.a"": 0.618109, ""2.A.1.b"": 0.489213, ""2.A.1.c"": 0.44282, ""2.A.1.d"": 0.527191, ""2.A.1.e"": 0.378279, ""2.A.1.f"": 0.211872, ""2.A.2.a"": 0.568133, ""2.A.2.b"": 0.45433, ""2.A.2.c"": 0.359203, ""2.A.2.d"": 0.352178, ""2.B.1.a"": 0.409714, ""2.B.1.b"": 0.510128, ""2.B.1.c"": 0.406254, ""2.B.1.d"": 0.411012, ""2.B.1.e"": 0.482802, ""2.B.1.f"": 0.449794, ""2.B.2.i"": 0.657752, ""2.B.3.a"": 0.505121, ""2.B.3.b"": 0.458019, ""2.B.3.c"": 0.1974, ""2.B.3.d"": 0.186459, ""2.B.3.e"": 0.536276, ""2.B.3.g"": 0.375889, ""2.B.3.h"": 0.272147, ""2.B.3.j"": 0.24349, ""2.B.3.k"": 0.25451, ""2.B.3.l"": 0.247162, ""2.B.3.m"": 0.270313, ""2.B.4.e"": 0.558099, ""2.B.4.g"": 0.580458, ""2.B.4.h"": 0.559037, ""2.B.5.a"": 0.385948, ""2.B.5.b"": 0.276611, ""2.B.5.c"": 0.301235, ""2.B.5.d"": 0.349218}",在深圳参与数据库架构师工作0年，持续提升阅读理解、积极倾听、书面表达、口头表达等技能。,负责数据库架构师相关项目，完成需求分析、代码实现、测试验证和上线复盘，使用信息安全知识解决实际业务问题。,我具备大专学历，专业为信息安全，目标方向是网络与计算机系统管理员。重视工程质量、团队协作和持续学习。,"求职方向：网络与计算机系统管理员
教育背景：大专｜信息安全
工作经历：在深圳参与数据库架构师工作0年，持续提升阅读理解、积极倾听、书面表达、口头表达等技能。
项目经历：负责数据库架构师相关项目，完成需求分析、代码实现、测试验证和上线复盘，使用信息安全知识解决实际业务问题。
技能：阅读理解、积极倾听、书面表达、口头表达、数学、批判性思维、主动学习、学习策略、监控、社会洞察、协调、说服、谈判、指导、服务导向、复杂问题解决、运营分析、技术设计、编程、运营监控、判断与决策、系统分析、系统评估、时间管理、物资资源管理、人员资源管理
自我评价：我具备大专学历，专业为信息安全，目标方向是网络与计算机系统管理员。重视工程质量、团队协作和持续学习。",synthetic_chinese_resume
CR0101,u101,本科,计算机科学与技术,7,杭州,15-1244.00,网络与计算机系统管理员,15-1212.00,信息安全分析师,阅读理解、积极倾听、书面表达、口头表达、数学、科学、批判性思维、主动学习、学习策略、监控、社会洞察、协调、说服、谈判、指导、服务导向、复杂问题解决、运营分析、技术设计、设备选型、安装、编程、运营监控、操作与控制、设备维护、故障排查、修复、质量控制分析、判断与决策、系统分析、系统评估、时间管理、财务资源管理、物资资源管理、人员资源管理,"{""2.A.1.a"": 0.575534, ""2.A.1.b"": 0.545948, ""2.A.1.c"": 0.531537, ""2.A.1.d"": 0.515252, ""2.A.1.e"": 0.539196, ""2.A.1.f"": 0.39015, ""2.A.2.a"": 0.474591, ""2.A.2.b"": 0.501946, ""2.A.2.c"": 0.435865, ""2.A.2.d"": 0.519435, ""2.B.1.a"": 0.367952, ""2.B.1.b"": 0.422271, ""2.B.1.c"": 0.344582, ""2.B.1.d"": 0.37092, ""2.B.1.e"": 0.461274, ""2.B.1.f"": 0.464991, ""2.B.2.i"": 0.534184, ""2.B.3.a"": 0.368259, ""2.B.3.b"": 0.393076, ""2.B.3.c"": 0.335951, ""2.B.3.d"": 0.329108, ""2.B.3.e"": 0.513204, ""2.B.3.g"": 0.531355, ""2.B.3.h"": 0.458228, ""2.B.3.j"": 0.440334, ""2.B.3.k"": 0.560206, ""2.B.3.l"": 0.444305, ""2.B.3.m"": 0.516088, ""2.B.4.e"": 0.579069, ""2.B.4.g"": 0.670364, ""2.B.4.h"": 0.515363, ""2.B.5.a"": 0.499429, ""2.B.5.b"": 0.326757, ""2.B.5.c"": 0.403589, ""2.B.5.d"": 0.39292}",在杭州参与网络与计算机系统管理员工作7年，持续提升阅读理解、积极倾听、书面表达、口头表达等技能。,负责网络与计算机系统管理员相关项目，完成需求分析、代码实现、测试验证和上线复盘，使用计算机科学与技术知识解决实际业务问题。,我具备本科学历，专业为计算机科学与技术，目标方向是信息安全分析师。重视工程质量、团队协作和持续学习。,"求职方向：信息安全分析师
教育背景：本科｜计算机科学与技术
工作经历：在杭州参与网络与计算机系统管理员工作7年，持续提升阅读理解、积极倾听、书面表达、口头表达等技能。
项目经历：负责网络与计算机系统管理员相关项目，完成需求分析、代码实现、测试验证和上线复盘，使用计算机科学与技术知识解决实际业务问题。
技能：阅读理解、积极倾听、书面表达、口头表达、数学、科学、批判性思维、主动学习、学习策略、监控、社会洞察、协调、说服、谈判、指导、服务导向、复杂问题解决、运营分析、技术设计、设备选型、安装、编程、运营监控、操作与控制、设备维护、故障排查、修复、质量控制分析、判断与决策、系统分析、系统评估、时间管理、财务资源管理、物资资源管理、人员资源管理
自我评价：我具备本科学历，专业为计算机科学与技术，目标方向是信息安全分析师。重视工程质量、团队协作和持续学习。",synthetic_chinese_resume
CR0102,u102,本科,软件工程,3,成都,15-1251.00,计算机程序员,15-1252.00,软件开发工程师,阅读理解、积极倾听、书面表达、口头表达、数学、科学、批判性思维、主动学习、学习策略、监控、社会洞察、协调、说服、谈判、指导、服务导向、复杂问题解决、运营分析、技术设计、编程、运营监控、故障排查、质量控制分析、判断与决策、系统分析、系统评估、时间管理、财务资源管理、人员资源管理,"{""2.A.1.a"": 0.457955, ""2.A.1.b"": 0.541294, ""2.A.1.c"": 0.461743, ""2.A.1.d"": 0.437235, ""2.A.1.e"": 0.421759, ""2.A.1.f"": 0.524985, ""2.A.2.a"": 0.573889, ""2.A.2.b"": 0.506774, ""2.A.2.c"": 0.325027, ""2.A.2.d"": 0.40227, ""2.B.1.a"": 0.386104, ""2.B.1.b"": 0.41506, ""2.B.1.c"": 0.397944, ""2.B.1.d"": 0.348565, ""2.B.1.e"": 0.335299, ""2.B.1.f"": 0.385142, ""2.B.2.i"": 0.591047, ""2.B.3.a"": 0.428294, ""2.B.3.b"": 0.331206, ""2.B.3.c"": 0.163295, ""2.B.3.d"": 0.25578, ""2.B.3.e"": 0.781428, ""2.B.3.g"": 0.376366, ""2.B.3.h"": 0.219497, ""2.B.3.j"": 0.23021, ""2.B.3.k"": 0.325004, ""2.B.3.l"": 0.20606, ""2.B.3.m"": 0.477223, ""2.B.4.e"": 0.472963, ""2.B.4.g"": 0.506157, ""2.B.4.h"": 0.465861, ""2.B.5.a"": 0.388372, ""2.B.5.b"": 0.303372, ""2.B.5.c"": 0.174558, ""2.B.5.d"": 0.409033}",在成都参与计算机程序员工作3年，持续提升阅读理解、积极倾听、书面表达、口头表达等技能。,负责计算机程序员相关项目，完成需求分析、代码实现、测试验证和上线复盘，使用软件工程知识解决实际业务问题。,我具备本科学历，专业为软件工程，目标方向是软件开发工程师。重视工程质量、团队协作和持续学习。,"求职方向：软件开发工程师
教育背景：本科｜软件工程
工作经历：在成都参与计算机程序员工作3年，持续提升阅读理解、积极倾听、书面表达、口头表达等技能。
项目经历：负责计算机程序员相关项目，完成需求分析、代码实现、测试验证和上线复盘，使用软件工程知识解决实际业务问题。
技能：阅读理解、积极倾听、书面表达、口头表达、数学、科学、批判性思维、主动学习、学习策略、监控、社会洞察、协调、说服、谈判、指导、服务导向、复杂问题解决、运营分析、技术设计、编程、运营监控、故障排查、质量控制分析、判断与决策、系统分析、系统评估、时间管理、财务资源管理、人员资源管理
自我评价：我具备本科学历，专业为软件工程，目标方向是软件开发工程师。重视工程质量、团队协作和持续学习。",synthetic_chinese_resume
CR0103,u103,硕士,数据科学与大数据技术,10,武汉,15-1252.00,软件开发工程师,15-1253.00,软件质量保证分析师与测试工程师,阅读理解、积极倾听、书面表达、口头表达、数学、批判性思维、主动学习、学习策略、监控、社会洞察、协调、说服、谈判、指导、服务导向、复杂问题解决、技术设计、运营监控、操作与控制、故障排查、质量控制分析、判断与决策、系统分析、系统评估、时间管理、物资资源管理、人员资源管理,"{""2.A.1.a"": 0.557315, ""2.A.1.b"": 0.567946, ""2.A.1.c"": 0.51212, ""2.A.1.d"": 0.440846, ""2.A.1.e"": 0.447967, ""2.A.1.f"": 0.190411, ""2.A.2.a"": 0.591803, ""2.A.2.b"": 0.581866, ""2.A.2.c"": 0.443024, ""2.A.2.d"": 0.455343, ""2.B.1.a"": 0.40494, ""2.B.1.b"": 0.423279, ""2.B.1.c"": 0.344676, ""2.B.1.d"": 0.36991, ""2.B.1.e"": 0.467817, ""2.B.1.f"": 0.42456, ""2.B.2.i"": 0.499718, ""2.B.3.a"": 0.153092, ""2.B.3.b"": 0.527086, ""2.B.3.c"": 0.249291, ""2.B.3.d"": 0.253757, ""2.B.3.e"": 0.230166, ""2.B.3.g"": 0.381163, ""2.B.3.h"": 0.363339, ""2.B.3.j"": 0.093303, ""2.B.3.k"": 0.323043, ""2.B.3.l"": 0.16683, ""2.B.3.m"": 0.297991, ""2.B.4.e"": 0.515603, ""2.B.4.g"": 0.486097, ""2.B.4.h"": 0.568851, ""2.B.5.a"": 0.46651, ""2.B.5.b"": 0.267911, ""2.B.5.c"": 0.300271, ""2.B.5.d"": 0.346308}",在武汉参与软件开发工程师工作10年，持续提升阅读理解、积极倾听、书面表达、口头表达等技能。,负责软件开发工程师相关项目，完成需求分析、代码实现、测试验证和上线复盘，使用数据科学与大数据技术知识解决实际业务问题。,我具备硕士学历，专业为数据科学与大数据技术，目标方向是软件质量保证分析师与测试工程师。重视工程质量、团队协作和持续学习。,"求职方向：软件质量保证分析师与测试工程师
教育背景：硕士｜数据科学与大数据技术
工作经历：在武汉参与软件开发工程师工作10年，持续提升阅读理解、积极倾听、书面表达、口头表达等技能。
项目经历：负责软件开发工程师相关项目，完成需求分析、代码实现、测试验证和上线复盘，使用数据科学与大数据技术知识解决实际业务问题。
技能：阅读理解、积极倾听、书面表达、口头表达、数学、批判性思维、主动学习、学习策略、监控、社会洞察、协调、说服、谈判、指导、服务导向、复杂问题解决、技术设计、运营监控、操作与控制、故障排查、质量控制分析、判断与决策、系统分析、系统评估、时间管理、物资资源管理、人员资源管理
自我评价：我具备硕士学历，专业为数据科学与大数据技术，目标方向是软件质量保证分析师与测试工程师。重视工程质量、团队协作和持续学习。",synthetic_chinese_resume
CR0104,u104,大专,网络工程,6,西安,15-1253.00,软件质量保证分析师与测试工程师,15-1252.00,软件开发工程师,阅读理解、积极倾听、书面表达、口头表达、数学、科学、批判性思维、主动学习、学习策略、监控、社会洞察、协调、说服、谈判、指导、服务导向、复杂问题解决、运营分析、技术设计、编程、运营监控、故障排查、质量控制分析、判断与决策、系统分析、系统评估、时间管理、人员资源管理,"{""2.A.1.a"": 0.681946, ""2.A.1.b"": 0.629707, ""2.A.1.c"": 0.576475, ""2.A.1.d"": 0.60941, ""2.A.1.e"": 0.486376, ""2.A.1.f"": 0.380766, ""2.A.2.a"": 0.583364, ""2.A.2.b"": 0.460715, ""2.A.2.c"": 0.427981, ""2.A.2.d"": 0.551707, ""2.B.1.a"": 0.41256, ""2.B.1.b"": 0.406864, ""2.B.1.c"": 0.404567, ""2.B.1.d"": 0.306587, ""2.B.1.e"": 0.372717, ""2.B.1.f"": 0.317288, ""2.B.2.i"": 0.375725, ""2.B.3.a"": 0.40049, ""2.B.3.b"": 0.406824, ""2.B.3.c"": 0.278648, ""2.B.3.d"": 0.252776, ""2.B.3.e"": 0.488378, ""2.B.3.g"": 0.500924, ""2.B.3.h"": 0.258844, ""2.B.3.j"": 0.130571, ""2.B.3.k"": 0.387798, ""2.B.3.l"": 0.245198, ""2.B.3.m"": 0.50437, ""2.B.4.e"": 0.498699, ""2.B.4.g"": 0.503524, ""2.B.4.h"": 0.497988, ""2.B.5.a"": 0.415533, ""2.B.5.b"": 0.243895, ""2.B.5.c"": 0.18863, ""2.B.5.d"": 0.285835}",在西安参与软件质量保证分析师与测试工程师工作6年，持续提升阅读理解、积极倾听、书面表达、口头表达等技能。,负责软件质量保证分析师与测试工程师相关项目，完成需求分析、代码实现、测试验证和上线复盘，使用网络工程知识解决实际业务问题。,我具备大专学历，专业为网络工程，目标方向是软件开发工程师。重视工程质量、团队协作和持续学习。,"求职方向：软件开发工程师
教育背景：大专｜网络工程
工作经历：在西安参与软件质量保证分析师与测试工程师工作6年，持续提升阅读理解、积极倾听、书面表达、口头表达等技能。
项目经历：负责软件质量保证分析师与测试工程师相关项目，完成需求分析、代码实现、测试验证和上线复盘，使用网络工程知识解决实际业务问题。
技能：阅读理解、积极倾听、书面表达、口头表达、数学、科学、批判性思维、主动学习、学习策略、监控、社会洞察、协调、说服、谈判、指导、服务导向、复杂问题解决、运营分析、技术设计、编程、运营监控、故障排查、质量控制分析、判断与决策、系统分析、系统评估、时间管理、人员资源管理
自我评价：我具备大专学历，专业为网络工程，目标方向是软件开发工程师。重视工程质量、团队协作和持续学习。",synthetic_chinese_resume
CR0105,u105,本科,信息安全,2,北京,15-1254.00,网页开发工程师,15-1252.00,软件开发工程师,阅读理解、积极倾听、书面表达、口头表达、数学、科学、批判性思维、主动学习、学习策略、监控、社会洞察、协调、说服、谈判、指导、服务导向、复杂问题解决、运营分析、技术设计、设备选型、编程、运营监控、故障排查、质量控制分析、判断与决策、系统分析、系统评估、时间管理、人员资源管理,"{""2.A.1.a"": 0.572314, ""2.A.1.b"": 0.470857, ""2.A.1.c"": 0.460681, ""2.A.1.d"": 0.457001, ""2.A.1.e"": 0.395218, ""2.A.1.f"": 0.283876, ""2.A.2.a"": 0.56343, ""2.A.2.b"": 0.537147, ""2.A.2.c"": 0.444763, ""2.A.2.d"": 0.43178, ""2.B.1.a"": 0.408164, ""2.B.1.b"": 0.401131, ""2.B.1.c"": 0.488865, ""2.B.1.d"": 0.405858, ""2.B.1.e"": 0.447909, ""2.B.1.f"": 0.391646, ""2.B.2.i"": 0.497931, ""2.B.3.a"": 0.586153, ""2.B.3.b"": 0.339562, ""2.B.3.c"": 0.325373, ""2.B.3.d"": 0.214565, ""2.B.3.e"": 0.633177, ""2.B.3.g"": 0.338309, ""2.B.3.h"": 0.235036, ""2.B.3.j"": 0.230722, ""2.B.3.k"": 0.375668, ""2.B.3.l"": 0.112643, ""2.B.3.m"": 0.407648, ""2.B.4.e"": 0.516631, ""2.B.4.g"": 0.443066, ""2.B.4.h"": 0.472316, ""2.B.5.a"": 0.372811, ""2.B.5.b"": 0.193741, ""2.B.5.c"": 0.228799, ""2.B.5.d"": 0.380509}",在北京参与网页开发工程师工作2年，持续提升阅读理解、积极倾听、书面表达、口头表达等技能。,负责网页开发工程师相关项目，完成需求分析、代码实现、测试验证和上线复盘，使用信息安全知识解决实际业务问题。,我具备本科学历，专业为信息安全，目标方向是软件开发工程师。重视工程质量、团队协作和持续学习。,"求职方向：软件开发工程师
教育背景：本科｜信息安全
工作经历：在北京参与网页开发工程师工作2年，持续提升阅读理解、积极倾听、书面表达、口头表达等技能。
项目经历：负责网页开发工程师相关项目，完成需求分析、代码实现、测试验证和上线复盘，使用信息安全知识解决实际业务问题。
技能：阅读理解、积极倾听、书面表达、口头表达、数学、科学、批判性思维、主动学习、学习策略、监控、社会洞察、协调、说服、谈判、指导、服务导向、复杂问题解决、运营分析、技术设计、设备选型、编程、运营监控、故障排查、质量控制分析、判断与决策、系统分析、系统评估、时间管理、人员资源管理
自我评价：我具备本科学历，专业为信息安全，目标方向是软件开发工程师。重视工程质量、团队协作和持续学习。",synthetic_chinese_resume
CR0106,u106,本科,计算机科学与技术,9,上海,15-1255.00,网页与数字界面设计师,15-2031.00,运筹分析师,阅读理解、积极倾听、书面表达、口头表达、数学、批判性思维、主动学习、学习策略、监控、社会洞察、协调、说服、谈判、指导、服务导向、复杂问题解决、运营分析、技术设计、编程、运营监控、判断与决策、系统分析、系统评估、时间管理、物资资源管理、人员资源管理,"{""2.A.1.a"": 0.547447, ""2.A.1.b"": 0.5668, ""2.A.1.c"": 0.544318, ""2.A.1.d"": 0.475573, ""2.A.1.e"": 0.526857, ""2.A.1.f"": 0.221886, ""2.A.2.a"": 0.621393, ""2.A.2.b"": 0.503361, ""2.A.2.c"": 0.36095, ""2.A.2.d"": 0.466838, ""2.B.1.a"": 0.34066, ""2.B.1.b"": 0.455046, ""2.B.1.c"": 0.421416, ""2.B.1.d"": 0.335139, ""2.B.1.e"": 0.436256, ""2.B.1.f"": 0.467969, ""2.B.2.i"": 0.426055, ""2.B.3.a"": 0.431278, ""2.B.3.b"": 0.394409, ""2.B.3.c"": 0.242239, ""2.B.3.d"": 0.174483, ""2.B.3.e"": 0.519006, ""2.B.3.g"": 0.309941, ""2.B.3.h"": 0.099744, ""2.B.3.j"": 0.202144, ""2.B.3.k"": 0.248332, ""2.B.3.l"": 0.174097, ""2.B.3.m"": 0.275567, ""2.B.4.e"": 0.483346, ""2.B.4.g"": 0.384996, ""2.B.4.h"": 0.432926, ""2.B.5.a"": 0.568153, ""2.B.5.b"": 0.207832, ""2.B.5.c"": 0.310221, ""2.B.5.d"": 0.427085}",在上海参与网页与数字界面设计师工作9年，持续提升阅读理解、积极倾听、书面表达、口头表达等技能。,负责网页与数字界面设计师相关项目，完成需求分析、代码实现、测试验证和上线复盘，使用计算机科学与技术知识解决实际业务问题。,我具备本科学历，专业为计算机科学与技术，目标方向是运筹分析师。重视工程质量、团队协作和持续学习。,"求职方向：运筹分析师
教育背景：本科｜计算机科学与技术
工作经历：在上海参与网页与数字界面设计师工作9年，持续提升阅读理解、积极倾听、书面表达、口头表达等技能。
项目经历：负责网页与数字界面设计师相关项目，完成需求分析、代码实现、测试验证和上线复盘，使用计算机科学与技术知识解决实际业务问题。
技能：阅读理解、积极倾听、书面表达、口头表达、数学、批判性思维、主动学习、学习策略、监控、社会洞察、协调、说服、谈判、指导、服务导向、复杂问题解决、运营分析、技术设计、编程、运营监控、判断与决策、系统分析、系统评估、时间管理、物资资源管理、人员资源管理
自我评价：我具备本科学历，专业为计算机科学与技术，目标方向是运筹分析师。重视工程质量、团队协作和持续学习。",synthetic_chinese_resume
CR0107,u107,硕士,软件工程,5,广州,15-2031.00,运筹分析师,15-2051.00,数据科学家,阅读理解、积极倾听、书面表达、口头表达、数学、科学、批判性思维、主动学习、学习策略、监控、社会洞察、协调、说服、谈判、指导、服务导向、复杂问题解决、运营分析、编程、判断与决策、系统分析、系统评估、时间管理、物资资源管理、人员资源管理,"{""2.A.1.a"": 0.687863, ""2.A.1.b"": 0.629139, ""2.A.1.c"": 0.633164, ""2.A.1.d"": 0.625615, ""2.A.1.e"": 0.700568, ""2.A.1.f"": 0.495824, ""2.A.2.a"": 0.640149, ""2.A.2.b"": 0.582385, ""2.A.2.c"": 0.360179, ""2.A.2.d"": 0.393623, ""2.B.1.a"": 0.371001, ""2.B.1.b"": 0.379525, ""2.B.1.c"": 0.514172, ""2.B.1.d"": 0.359167, ""2.B.1.e"": 0.38431, ""2.B.1.f"": 0.450841, ""2.B.2.i"": 0.771392, ""2.B.3.a"": 0.567068, ""2.B.3.b"": 0.216676, ""2.B.3.c"": 0.158591, ""2.B.3.d"": 0.177567, ""2.B.3.e"": 0.431095, ""2.B.3.g"": 0.170108, ""2.B.3.h"": 0.125675, ""2.B.3.j"": 0.207311, ""2.B.3.k"": 0.128766, ""2.B.3.l"": 0.137812, ""2.B.3.m"": 0.248696, ""2.B.4.e"": 0.706599, ""2.B.4.g"": 0.559164, ""2.B.4.h"": 0.607693, ""2.B.5.a"": 0.335209, ""2.B.5.b"": 0.248806, ""2.B.5.c"": 0.294691, ""2.B.5.d"": 0.367409}",在广州参与运筹分析师工作5年，持续提升阅读理解、积极倾听、书面表达、口头表达等技能。,负责运筹分析师相关项目，完成需求分析、代码实现、测试验证和上线复盘，使用软件工程知识解决实际业务问题。,我具备硕士学历，专业为软件工程，目标方向是数据科学家。重视工程质量、团队协作和持续学习。,"求职方向：数据科学家
教育背景：硕士｜软件工程
工作经历：在广州参与运筹分析师工作5年，持续提升阅读理解、积极倾听、书面表达、口头表达等技能。
项目经历：负责运筹分析师相关项目，完成需求分析、代码实现、测试验证和上线复盘，使用软件工程知识解决实际业务问题。
技能：阅读理解、积极倾听、书面表达、口头表达、数学、科学、批判性思维、主动学习、学习策略、监控、社会洞察、协调、说服、谈判、指导、服务导向、复杂问题解决、运营分析、编程、判断与决策、系统分析、系统评估、时间管理、物资资源管理、人员资源管理
自我评价：我具备硕士学历，专业为软件工程，目标方向是数据科学家。重视工程质量、团队协作和持续学习。",synthetic_chinese_resume
CR0108,u108,大专,数据科学与大数据技术,1,深圳,15-2051.00,数据科学家,15-1211.00,计算机系统分析师,阅读理解、积极倾听、书面表达、口头表达、数学、批判性思维、主动学习、学习策略、监控、社会洞察、协调、说服、谈判、指导、服务导向、复杂问题解决、编程、质量控制分析、判断与决策、系统分析、系统评估、时间管理、人员资源管理,"{""2.A.1.a"": 0.56813, ""2.A.1.b"": 0.61747, ""2.A.1.c"": 0.596338, ""2.A.1.d"": 0.604424, ""2.A.1.e"": 0.546288, ""2.A.1.f"": 0.21289, ""2.A.2.a"": 0.610735, ""2.A.2.b"": 0.568153, ""2.A.2.c"": 0.319207, ""2.A.2.d"": 0.534873, ""2.B.1.a"": 0.436013, ""2.B.1.b"": 0.440559, ""2.B.1.c"": 0.317441, ""2.B.1.d"": 0.313309, ""2.B.1.e"": 0.443027, ""2.B.1.f"": 0.392521, ""2.B.2.i"": 0.479648, ""2.B.3.a"": 0.253188, ""2.B.3.b"": 0.23558, ""2.B.3.c"": 0.245616, ""2.B.3.d"": 0.196993, ""2.B.3.e"": 0.423987, ""2.B.3.g"": 0.185247, ""2.B.3.h"": 0.269217, ""2.B.3.j"": 0.158025, ""2.B.3.k"": 0.164996, ""2.B.3.l"": 0.214125, ""2.B.3.m"": 0.409769, ""2.B.4.e"": 0.514397, ""2.B.4.g"": 0.36496, ""2.B.4.h"": 0.434669, ""2.B.5.a"": 0.441876, ""2.B.5.b"": 0.251401, ""2.B.5.c"": 0.251058, ""2.B.5.d"": 0.403873}",在深圳参与数据科学家工作1年，持续提升阅读理解、积极倾听、书面表达、口头表达等技能。,负责数据科学家相关项目，完成需求分析、代码实现、测试验证和上线复盘，使用数据科学与大数据技术知识解决实际业务问题。,我具备大专学历，专业为数据科学与大数据技术，目标方向是计算机系统分析师。重视工程质量、团队协作和持续学习。,"求职方向：计算机系统分析师
教育背景：大专｜数据科学与大数据技术
工作经历：在深圳参与数据科学家工作1年，持续提升阅读理解、积极倾听、书面表达、口头表达等技能。
项目经历：负责数据科学家相关项目，完成需求分析、代码实现、测试验证和上线复盘，使用数据科学与大数据技术知识解决实际业务问题。
技能：阅读理解、积极倾听、书面表达、口头表达、数学、批判性思维、主动学习、学习策略、监控、社会洞察、协调、说服、谈判、指导、服务导向、复杂问题解决、编程、质量控制分析、判断与决策、系统分析、系统评估、时间管理、人员资源管理
自我评价：我具备大专学历，专业为数据科学与大数据技术，目标方向是计算机系统分析师。重视工程质量、团队协作和持续学习。",synthetic_chinese_resume
CR0109,u109,本科,网络工程,8,杭州,15-1211.00,计算机系统分析师,15-2051.00,数据科学家,阅读理解、积极倾听、书面表达、口头表达、数学、批判性思维、主动学习、学习策略、监控、社会洞察、协调、说服、谈判、指导、服务导向、复杂问题解决、运营分析、技术设计、设备选型、编程、运营监控、操作与控制、故障排查、质量控制分析、判断与决策、系统分析、系统评估、时间管理、人员资源管理,"{""2.A.1.a"": 0.578879, ""2.A.1.b"": 0.486329, ""2.A.1.c"": 0.54125, ""2.A.1.d"": 0.592255, ""2.A.1.e"": 0.493101, ""2.A.1.f"": 0.279894, ""2.A.2.a"": 0.566144, ""2.A.2.b"": 0.611705, ""2.A.2.c"": 0.386286, ""2.A.2.d"": 0.533718, ""2.B.1.a"": 0.357124, ""2.B.1.b"": 0.406731, ""2.B.1.c"": 0.383436, ""2.B.1.d"": 0.349421, ""2.B.1.e"": 0.417036, ""2.B.1.f"": 0.394426, ""2.B.2.i"": 0.560203, ""2.B.3.a"": 0.435889, ""2.B.3.b"": 0.491138, ""2.B.3.c"": 0.312015, ""2.B.3.d"": 0.203068, ""2.B.3.e"": 0.512719, ""2.B.3.g"": 0.426143, ""2.B.3.h"": 0.394963, ""2.B.3.j"": 0.230376, ""2.B.3.k"": 0.551629, ""2.B.3.l"": 0.199835, ""2.B.3.m"": 0.502577, ""2.B.4.e"": 0.586853, ""2.B.4.g"": 0.586391, ""2.B.4.h"": 0.557051, ""2.B.5.a"": 0.458417, ""2.B.5.b"": 0.2453, ""2.B.5.c"": 0.216878, ""2.B.5.d"": 0.334121}",在杭州参与计算机系统分析师工作8年，持续提升阅读理解、积极倾听、书面表达、口头表达等技能。,负责计算机系统分析师相关项目，完成需求分析、代码实现、测试验证和上线复盘，使用网络工程知识解决实际业务问题。,我具备本科学历，专业为网络工程，目标方向是数据科学家。重视工程质量、团队协作和持续学习。,"求职方向：数据科学家
教育背景：本科｜网络工程
工作经历：在杭州参与计算机系统分析师工作8年，持续提升阅读理解、积极倾听、书面表达、口头表达等技能。
项目经历：负责计算机系统分析师相关项目，完成需求分析、代码实现、测试验证和上线复盘，使用网络工程知识解决实际业务问题。
技能：阅读理解、积极倾听、书面表达、口头表达、数学、批判性思维、主动学习、学习策略、监控、社会洞察、协调、说服、谈判、指导、服务导向、复杂问题解决、运营分析、技术设计、设备选型、编程、运营监控、操作与控制、故障排查、质量控制分析、判断与决策、系统分析、系统评估、时间管理、人员资源管理
自我评价：我具备本科学历，专业为网络工程，目标方向是数据科学家。重视工程质量、团队协作和持续学习。",synthetic_chinese_resume
CR0110,u110,本科,信息安全,4,成都,15-1212.00,信息安全分析师,15-1242.00,数据库管理员,阅读理解、积极倾听、书面表达、口头表达、数学、科学、批判性思维、主动学习、学习策略、监控、社会洞察、协调、说服、谈判、指导、服务导向、复杂问题解决、运营分析、技术设计、编程、运营监控、质量控制分析、判断与决策、系统分析、系统评估、时间管理、人员资源管理,"{""2.A.1.a"": 0.59662, ""2.A.1.b"": 0.580992, ""2.A.1.c"": 0.550252, ""2.A.1.d"": 0.528675, ""2.A.1.e"": 0.382892, ""2.A.1.f"": 0.288201, ""2.A.2.a"": 0.610633, ""2.A.2.b"": 0.557432, ""2.A.2.c"": 0.369302, ""2.A.2.d"": 0.588965, ""2.B.1.a"": 0.417392, ""2.B.1.b"": 0.398373, ""2.B.1.c"": 0.420983, ""2.B.1.d"": 0.423983, ""2.B.1.e"": 0.412204, ""2.B.1.f"": 0.391102, ""2.B.2.i"": 0.558686, ""2.B.3.a"": 0.387508, ""2.B.3.b"": 0.344408, ""2.B.3.c"": 0.199729, ""2.B.3.d"": 0.204701, ""2.B.3.e"": 0.328235, ""2.B.3.g"": 0.462674, ""2.B.3.h"": 0.164595, ""2.B.3.j"": 0.275415, ""2.B.3.k"": 0.263749, ""2.B.3.l"": 0.239289, ""2.B.3.m"": 0.429028, ""2.B.4.e"": 0.540934, ""2.B.4.g"": 0.516885, ""2.B.4.h"": 0.413338, ""2.B.5.a"": 0.428109, ""2.B.5.b"": 0.247165, ""2.B.5.c"": 0.216215, ""2.B.5.d"": 0.382618}",在成都参与信息安全分析师工作4年，持续提升阅读理解、积极倾听、书面表达、口头表达等技能。,负责信息安全分析师相关项目，完成需求分析、代码实现、测试验证和上线复盘，使用信息安全知识解决实际业务问题。,我具备本科学历，专业为信息安全，目标方向是数据库管理员。重视工程质量、团队协作和持续学习。,"求职方向：数据库管理员
教育背景：本科｜信息安全
工作经历：在成都参与信息安全分析师工作4年，持续提升阅读理解、积极倾听、书面表达、口头表达等技能。
项目经历：负责信息安全分析师相关项目，完成需求分析、代码实现、测试验证和上线复盘，使用信息安全知识解决实际业务问题。
技能：阅读理解、积极倾听、书面表达、口头表达、数学、科学、批判性思维、主动学习、学习策略、监控、社会洞察、协调、说服、谈判、指导、服务导向、复杂问题解决、运营分析、技术设计、编程、运营监控、质量控制分析、判断与决策、系统分析、系统评估、时间管理、人员资源管理
自我评价：我具备本科学历，专业为信息安全，目标方向是数据库管理员。重视工程质量、团队协作和持续学习。",synthetic_chinese_resume
CR0111,u111,硕士,计算机科学与技术,0,武汉,15-1242.00,数据库管理员,15-2051.00,数据科学家,阅读理解、积极倾听、书面表达、口头表达、数学、批判性思维、主动学习、学习策略、监控、社会洞察、协调、说服、谈判、指导、服务导向、复杂问题解决、运营分析、技术设计、编程、运营监控、故障排查、质量控制分析、判断与决策、系统分析、系统评估、时间管理、物资资源管理、人员资源管理,"{""2.A.1.a"": 0.578547, ""2.A.1.b"": 0.563965, ""2.A.1.c"": 0.469455, ""2.A.1.d"": 0.564111, ""2.A.1.e"": 0.456577, ""2.A.1.f"": 0.237836, ""2.A.2.a"": 0.501722, ""2.A.2.b"": 0.559415, ""2.A.2.c"": 0.427899, ""2.A.2.d"": 0.436508, ""2.B.1.a"": 0.415685, ""2.B.1.b"": 0.417409, ""2.B.1.c"": 0.318512, ""2.B.1.d"": 0.320944, ""2.B.1.e"": 0.453804, ""2.B.1.f"": 0.444656, ""2.B.2.i"": 0.638329, ""2.B.3.a"": 0.420588, ""2.B.3.b"": 0.392913, ""2.B.3.c"": 0.2356, ""2.B.3.d"": 0.259088, ""2.B.3.e"": 0.521851, ""2.B.3.g"": 0.497474, ""2.B.3.h"": 0.206045, ""2.B.3.j"": 0.178461, ""2.B.3.k"": 0.367186, ""2.B.3.l"": 0.176125, ""2.B.3.m"": 0.393865, ""2.B.4.e"": 0.577627, ""2.B.4.g"": 0.544004, ""2.B.4.h"": 0.52776, ""2.B.5.a"": 0.391182, ""2.B.5.b"": 0.270075, ""2.B.5.c"": 0.334106, ""2.B.5.d"": 0.439589}",在武汉参与数据库管理员工作0年，持续提升阅读理解、积极倾听、书面表达、口头表达等技能。,负责数据库管理员相关项目，完成需求分析、代码实现、测试验证和上线复盘，使用计算机科学与技术知识解决实际业务问题。,我具备硕士学历，专业为计算机科学与技术，目标方向是数据科学家。重视工程质量、团队协作和持续学习。,"求职方向：数据科学家
教育背景：硕士｜计算机科学与技术
工作经历：在武汉参与数据库管理员工作0年，持续提升阅读理解、积极倾听、书面表达、口头表达等技能。
项目经历：负责数据库管理员相关项目，完成需求分析、代码实现、测试验证和上线复盘，使用计算机科学与技术知识解决实际业务问题。
技能：阅读理解、积极倾听、书面表达、口头表达、数学、批判性思维、主动学习、学习策略、监控、社会洞察、协调、说服、谈判、指导、服务导向、复杂问题解决、运营分析、技术设计、编程、运营监控、故障排查、质量控制分析、判断与决策、系统分析、系统评估、时间管理、物资资源管理、人员资源管理
自我评价：我具备硕士学历，专业为计算机科学与技术，目标方向是数据科学家。重视工程质量、团队协作和持续学习。",synthetic_chinese_resume
CR0112,u112,大专,软件工程,7,西安,15-1243.00,数据库架构师,15-1244.00,网络与计算机系统管理员,阅读理解、积极倾听、书面表达、口头表达、数学、批判性思维、主动学习、学习策略、监控、社会洞察、协调、说服、谈判、指导、服务导向、复杂问题解决、运营分析、技术设计、编程、运营监控、操作与控制、故障排查、质量控制分析、判断与决策、系统分析、系统评估、时间管理、人员资源管理,"{""2.A.1.a"": 0.623768, ""2.A.1.b"": 0.559079, ""2.A.1.c"": 0.522827, ""2.A.1.d"": 0.483395, ""2.A.1.e"": 0.438374, ""2.A.1.f"": 0.245699, ""2.A.2.a"": 0.618745, ""2.A.2.b"": 0.520359, ""2.A.2.c"": 0.345235, ""2.A.2.d"": 0.434694, ""2.B.1.a"": 0.406982, ""2.B.1.b"": 0.49043, ""2.B.1.c"": 0.466447, ""2.B.1.d"": 0.419639, ""2.B.1.e"": 0.444746, ""2.B.1.f"": 0.46864, ""2.B.2.i"": 0.551511, ""2.B.3.a"": 0.444724, ""2.B.3.b"": 0.389481, ""2.B.3.c"": 0.211911, ""2.B.3.d"": 0.168113, ""2.B.3.e"": 0.587731, ""2.B.3.g"": 0.326915, ""2.B.3.h"": 0.372191, ""2.B.3.j"": 0.187567, ""2.B.3.k"": 0.286639, ""2.B.3.l"": 0.192743, ""2.B.3.m"": 0.341216, ""2.B.4.e"": 0.605986, ""2.B.4.g"": 0.557376, ""2.B.4.h"": 0.517688, ""2.B.5.a"": 0.370907, ""2.B.5.b"": 0.210213, ""2.B.5.c"": 0.243299, ""2.B.5.d"": 0.359904}",在西安参与数据库架构师工作7年，持续提升阅读理解、积极倾听、书面表达、口头表达等技能。,负责数据库架构师相关项目，完成需求分析、代码实现、测试验证和上线复盘，使用软件工程知识解决实际业务问题。,我具备大专学历，专业为软件工程，目标方向是网络与计算机系统管理员。重视工程质量、团队协作和持续学习。,"求职方向：网络与计算机系统管理员
教育背景：大专｜软件工程
工作经历：在西安参与数据库架构师工作7年，持续提升阅读理解、积极倾听、书面表达、口头表达等技能。
项目经历：负责数据库架构师相关项目，完成需求分析、代码实现、测试验证和上线复盘，使用软件工程知识解决实际业务问题。
技能：阅读理解、积极倾听、书面表达、口头表达、数学、批判性思维、主动学习、学习策略、监控、社会洞察、协调、说服、谈判、指导、服务导向、复杂问题解决、运营分析、技术设计、编程、运营监控、操作与控制、故障排查、质量控制分析、判断与决策、系统分析、系统评估、时间管理、人员资源管理
自我评价：我具备大专学历，专业为软件工程，目标方向是网络与计算机系统管理员。重视工程质量、团队协作和持续学习。",synthetic_chinese_resume
CR0113,u113,本科,数据科学与大数据技术,3,北京,15-1244.00,网络与计算机系统管理员,15-1212.00,信息安全分析师,阅读理解、积极倾听、书面表达、口头表达、数学、科学、批判性思维、主动学习、学习策略、监控、社会洞察、协调、说服、谈判、指导、服务导向、复杂问题解决、运营分析、技术设计、设备选型、安装、编程、运营监控、操作与控制、设备维护、故障排查、修复、质量控制分析、判断与决策、系统分析、系统评估、时间管理、财务资源管理、物资资源管理、人员资源管理,"{""2.A.1.a"": 0.636965, ""2.A.1.b"": 0.61833, ""2.A.1.c"": 0.530278, ""2.A.1.d"": 0.499318, ""2.A.1.e"": 0.465626, ""2.A.1.f"": 0.283941, ""2.A.2.a"": 0.537066, ""2.A.2.b"": 0.510903, ""2.A.2.c"": 0.466841, ""2.A.2.d"": 0.563126, ""2.B.1.a"": 0.413052, ""2.B.1.b"": 0.476387, ""2.B.1.c"": 0.397569, ""2.B.1.d"": 0.443305, ""2.B.1.e"": 0.416646, ""2.B.1.f"": 0.353209, ""2.B.2.i"": 0.617847, ""2.B.3.a"": 0.453335, ""2.B.3.b"": 0.366183, ""2.B.3.c"": 0.401567, ""2.B.3.d"": 0.386755, ""2.B.3.e"": 0.50041, ""2.B.3.g"": 0.52944, ""2.B.3.h"": 0.475049, ""2.B.3.j"": 0.506274, ""2.B.3.k"": 0.563975, ""2.B.3.l"": 0.410179, ""2.B.3.m"": 0.488206, ""2.B.4.e"": 0.591788, ""2.B.4.g"": 0.541389, ""2.B.4.h"": 0.643146, ""2.B.5.a"": 0.426841, ""2.B.5.b"": 0.295473, ""2.B.5.c"": 0.4445, ""2.B.5.d"": 0.420558}",在北京参与网络与计算机系统管理员工作3年，持续提升阅读理解、积极倾听、书面表达、口头表达等技能。,负责网络与计算机系统管理员相关项目，完成需求分析、代码实现、测试验证和上线复盘，使用数据科学与大数据技术知识解决实际业务问题。,我具备本科学历，专业为数据科学与大数据技术，目标方向是信息安全分析师。重视工程质量、团队协作和持续学习。,"求职方向：信息安全分析师
教育背景：本科｜数据科学与大数据技术
工作经历：在北京参与网络与计算机系统管理员工作3年，持续提升阅读理解、积极倾听、书面表达、口头表达等技能。
项目经历：负责网络与计算机系统管理员相关项目，完成需求分析、代码实现、测试验证和上线复盘，使用数据科学与大数据技术知识解决实际业务问题。
技能：阅读理解、积极倾听、书面表达、口头表达、数学、科学、批判性思维、主动学习、学习策略、监控、社会洞察、协调、说服、谈判、指导、服务导向、复杂问题解决、运营分析、技术设计、设备选型、安装、编程、运营监控、操作与控制、设备维护、故障排查、修复、质量控制分析、判断与决策、系统分析、系统评估、时间管理、财务资源管理、物资资源管理、人员资源管理
自我评价：我具备本科学历，专业为数据科学与大数据技术，目标方向是信息安全分析师。重视工程质量、团队协作和持续学习。",synthetic_chinese_resume
CR0114,u114,本科,网络工程,10,上海,15-1251.00,计算机程序员,15-1252.00,软件开发工程师,阅读理解、积极倾听、书面表达、口头表达、数学、科学、批判性思维、主动学习、学习策略、监控、社会洞察、协调、说服、谈判、指导、服务导向、复杂问题解决、运营分析、技术设计、编程、运营监控、故障排查、质量控制分析、判断与决策、系统分析、系统评估、时间管理、财务资源管理、人员资源管理,"{""2.A.1.a"": 0.440227, ""2.A.1.b"": 0.554277, ""2.A.1.c"": 0.401843, ""2.A.1.d"": 0.469537, ""2.A.1.e"": 0.490952, ""2.A.1.f"": 0.397291, ""2.A.2.a"": 0.61915, ""2.A.2.b"": 0.398652, ""2.A.2.c"": 0.334153, ""2.A.2.d"": 0.441473, ""2.B.1.a"": 0.341626, ""2.B.1.b"": 0.42861, ""2.B.1.c"": 0.414457, ""2.B.1.d"": 0.280254, ""2.B.1.e"": 0.376134, ""2.B.1.f"": 0.343609, ""2.B.2.i"": 0.520187, ""2.B.3.a"": 0.441525, ""2.B.3.b"": 0.39808, ""2.B.3.c"": 0.175278, ""2.B.3.d"": 0.197656, ""2.B.3.e"": 0.754904, ""2.B.3.g"": 0.355223, ""2.B.3.h"": 0.19543, ""2.B.3.j"": 0.180155, ""2.B.3.k"": 0.352238, ""2.B.3.l"": 0.226512, ""2.B.3.m"": 0.611072, ""2.B.4.e"": 0.460805, ""2.B.4.g"": 0.477503, ""2.B.4.h"": 0.493166, ""2.B.5.a"": 0.396294, ""2.B.5.b"": 0.297711, ""2.B.5.c"": 0.231509, ""2.B.5.d"": 0.448851}",在上海参与计算机程序员工作10年，持续提升阅读理解、积极倾听、书面表达、口头表达等技能。,负责计算机程序员相关项目，完成需求分析、代码实现、测试验证和上线复盘，使用网络工程知识解决实际业务问题。,我具备本科学历，专业为网络工程，目标方向是软件开发工程师。重视工程质量、团队协作和持续学习。,"求职方向：软件开发工程师
教育背景：本科｜网络工程
工作经历：在上海参与计算机程序员工作10年，持续提升阅读理解、积极倾听、书面表达、口头表达等技能。
项目经历：负责计算机程序员相关项目，完成需求分析、代码实现、测试验证和上线复盘，使用网络工程知识解决实际业务问题。
技能：阅读理解、积极倾听、书面表达、口头表达、数学、科学、批判性思维、主动学习、学习策略、监控、社会洞察、协调、说服、谈判、指导、服务导向、复杂问题解决、运营分析、技术设计、编程、运营监控、故障排查、质量控制分析、判断与决策、系统分析、系统评估、时间管理、财务资源管理、人员资源管理
自我评价：我具备本科学历，专业为网络工程，目标方向是软件开发工程师。重视工程质量、团队协作和持续学习。",synthetic_chinese_resume
CR0115,u115,硕士,信息安全,6,广州,15-1252.00,软件开发工程师,15-1253.00,软件质量保证分析师与测试工程师,阅读理解、积极倾听、书面表达、口头表达、数学、批判性思维、主动学习、学习策略、监控、社会洞察、协调、说服、谈判、指导、服务导向、复杂问题解决、技术设计、运营监控、故障排查、判断与决策、系统分析、系统评估、时间管理、人员资源管理,"{""2.A.1.a"": 0.515351, ""2.A.1.b"": 0.487584, ""2.A.1.c"": 0.445647, ""2.A.1.d"": 0.453299, ""2.A.1.e"": 0.385419, ""2.A.1.f"": 0.20949, ""2.A.2.a"": 0.577097, ""2.A.2.b"": 0.531637, ""2.A.2.c"": 0.430889, ""2.A.2.d"": 0.46854, ""2.B.1.a"": 0.449847, ""2.B.1.b"": 0.422872, ""2.B.1.c"": 0.440726, ""2.B.1.d"": 0.305188, ""2.B.1.e"": 0.460875, ""2.B.1.f"": 0.44254, ""2.B.2.i"": 0.502712, ""2.B.3.a"": 0.231071, ""2.B.3.b"": 0.545158, ""2.B.3.c"": 0.225124, ""2.B.3.d"": 0.205753, ""2.B.3.e"": 0.177965, ""2.B.3.g"": 0.397185, ""2.B.3.h"": 0.163889, ""2.B.3.j"": 0.144658, ""2.B.3.k"": 0.373063, ""2.B.3.l"": 0.22872, ""2.B.3.m"": 0.189419, ""2.B.4.e"": 0.532815, ""2.B.4.g"": 0.522814, ""2.B.4.h"": 0.523286, ""2.B.5.a"": 0.359081, ""2.B.5.b"": 0.228472, ""2.B.5.c"": 0.228735, ""2.B.5.d"": 0.333467}",在广州参与软件开发工程师工作6年，持续提升阅读理解、积极倾听、书面表达、口头表达等技能。,负责软件开发工程师相关项目，完成需求分析、代码实现、测试验证和上线复盘，使用信息安全知识解决实际业务问题。,我具备硕士学历，专业为信息安全，目标方向是软件质量保证分析师与测试工程师。重视工程质量、团队协作和持续学习。,"求职方向：软件质量保证分析师与测试工程师
教育背景：硕士｜信息安全
工作经历：在广州参与软件开发工程师工作6年，持续提升阅读理解、积极倾听、书面表达、口头表达等技能。
项目经历：负责软件开发工程师相关项目，完成需求分析、代码实现、测试验证和上线复盘，使用信息安全知识解决实际业务问题。
技能：阅读理解、积极倾听、书面表达、口头表达、数学、批判性思维、主动学习、学习策略、监控、社会洞察、协调、说服、谈判、指导、服务导向、复杂问题解决、技术设计、运营监控、故障排查、判断与决策、系统分析、系统评估、时间管理、人员资源管理
自我评价：我具备硕士学历，专业为信息安全，目标方向是软件质量保证分析师与测试工程师。重视工程质量、团队协作和持续学习。",synthetic_chinese_resume
CR0116,u116,大专,计算机科学与技术,2,深圳,15-1253.00,软件质量保证分析师与测试工程师,15-1252.00,软件开发工程师,阅读理解、积极倾听、书面表达、口头表达、数学、科学、批判性思维、主动学习、学习策略、监控、社会洞察、协调、说服、谈判、指导、服务导向、复杂问题解决、运营分析、技术设计、安装、编程、运营监控、故障排查、质量控制分析、判断与决策、系统分析、系统评估、时间管理,"{""2.A.1.a"": 0.639663, ""2.A.1.b"": 0.527721, ""2.A.1.c"": 0.49562, ""2.A.1.d"": 0.568605, ""2.A.1.e"": 0.371032, ""2.A.1.f"": 0.367581, ""2.A.2.a"": 0.564296, ""2.A.2.b"": 0.449313, ""2.A.2.c"": 0.404307, ""2.A.2.d"": 0.537021, ""2.B.1.a"": 0.390859, ""2.B.1.b"": 0.345363, ""2.B.1.c"": 0.38843, ""2.B.1.d"": 0.325163, ""2.B.1.e"": 0.3641, ""2.B.1.f"": 0.382207, ""2.B.2.i"": 0.46768, ""2.B.3.a"": 0.502416, ""2.B.3.b"": 0.326234, ""2.B.3.c"": 0.275139, ""2.B.3.d"": 0.302954, ""2.B.3.e"": 0.592873, ""2.B.3.g"": 0.361192, ""2.B.3.h"": 0.218515, ""2.B.3.j"": 0.230128, ""2.B.3.k"": 0.372275, ""2.B.3.l"": 0.225814, ""2.B.3.m"": 0.479151, ""2.B.4.e"": 0.502716, ""2.B.4.g"": 0.465086, ""2.B.4.h"": 0.431391, ""2.B.5.a"": 0.420763, ""2.B.5.b"": 0.181459, ""2.B.5.c"": 0.201028, ""2.B.5.d"": 0.251794}",在深圳参与软件质量保证分析师与测试工程师工作2年，持续提升阅读理解、积极倾听、书面表达、口头表达等技能。,负责软件质量保证分析师与测试工程师相关项目，完成需求分析、代码实现、测试验证和上线复盘，使用计算机科学与技术知识解决实际业务问题。,我具备大专学历，专业为计算机科学与技术，目标方向是软件开发工程师。重视工程质量、团队协作和持续学习。,"求职方向：软件开发工程师
教育背景：大专｜计算机科学与技术
工作经历：在深圳参与软件质量保证分析师与测试工程师工作2年，持续提升阅读理解、积极倾听、书面表达、口头表达等技能。
项目经历：负责软件质量保证分析师与测试工程师相关项目，完成需求分析、代码实现、测试验证和上线复盘，使用计算机科学与技术知识解决实际业务问题。
技能：阅读理解、积极倾听、书面表达、口头表达、数学、科学、批判性思维、主动学习、学习策略、监控、社会洞察、协调、说服、谈判、指导、服务导向、复杂问题解决、运营分析、技术设计、安装、编程、运营监控、故障排查、质量控制分析、判断与决策、系统分析、系统评估、时间管理
自我评价：我具备大专学历，专业为计算机科学与技术，目标方向是软件开发工程师。重视工程质量、团队协作和持续学习。",synthetic_chinese_resume
CR0117,u117,本科,软件工程,9,杭州,15-1254.00,网页开发工程师,15-1252.00,软件开发工程师,阅读理解、积极倾听、书面表达、口头表达、数学、科学、批判性思维、主动学习、学习策略、监控、社会洞察、协调、说服、谈判、指导、服务导向、复杂问题解决、运营分析、技术设计、设备选型、编程、故障排查、质量控制分析、判断与决策、系统分析、系统评估、时间管理、人员资源管理,"{""2.A.1.a"": 0.579646, ""2.A.1.b"": 0.524954, ""2.A.1.c"": 0.386997, ""2.A.1.d"": 0.534095, ""2.A.1.e"": 0.455911, ""2.A.1.f"": 0.334124, ""2.A.2.a"": 0.569444, ""2.A.2.b"": 0.539562, ""2.A.2.c"": 0.403131, ""2.A.2.d"": 0.499499, ""2.B.1.a"": 0.37123, ""2.B.1.b"": 0.414503, ""2.B.1.c"": 0.377111, ""2.B.1.d"": 0.338704, ""2.B.1.e"": 0.392217, ""2.B.1.f"": 0.491679, ""2.B.2.i"": 0.419065, ""2.B.3.a"": 0.500313, ""2.B.3.b"": 0.333999, ""2.B.3.c"": 0.399021, ""2.B.3.d"": 0.224481, ""2.B.3.e"": 0.624974, ""2.B.3.g"": 0.274114, ""2.B.3.h"": 0.248979, ""2.B.3.j"": 0.151542, ""2.B.3.k"": 0.385135, ""2.B.3.l"": 0.179772, ""2.B.3.m"": 0.407262, ""2.B.4.e"": 0.346421, ""2.B.4.g"": 0.469836, ""2.B.4.h"": 0.526404, ""2.B.5.a"": 0.407602, ""2.B.5.b"": 0.252094, ""2.B.5.c"": 0.195141, ""2.B.5.d"": 0.415747}",在杭州参与网页开发工程师工作9年，持续提升阅读理解、积极倾听、书面表达、口头表达等技能。,负责网页开发工程师相关项目，完成需求分析、代码实现、测试验证和上线复盘，使用软件工程知识解决实际业务问题。,我具备本科学历，专业为软件工程，目标方向是软件开发工程师。重视工程质量、团队协作和持续学习。,"求职方向：软件开发工程师
教育背景：本科｜软件工程
工作经历：在杭州参与网页开发工程师工作9年，持续提升阅读理解、积极倾听、书面表达、口头表达等技能。
项目经历：负责网页开发工程师相关项目，完成需求分析、代码实现、测试验证和上线复盘，使用软件工程知识解决实际业务问题。
技能：阅读理解、积极倾听、书面表达、口头表达、数学、科学、批判性思维、主动学习、学习策略、监控、社会洞察、协调、说服、谈判、指导、服务导向、复杂问题解决、运营分析、技术设计、设备选型、编程、故障排查、质量控制分析、判断与决策、系统分析、系统评估、时间管理、人员资源管理
自我评价：我具备本科学历，专业为软件工程，目标方向是软件开发工程师。重视工程质量、团队协作和持续学习。",synthetic_chinese_resume
CR0118,u118,本科,数据科学与大数据技术,5,成都,15-1255.00,网页与数字界面设计师,15-2031.00,运筹分析师,阅读理解、积极倾听、书面表达、口头表达、数学、批判性思维、主动学习、学习策略、监控、社会洞察、协调、说服、谈判、指导、服务导向、复杂问题解决、运营分析、技术设计、编程、运营监控、质量控制分析、判断与决策、系统分析、系统评估、时间管理、人员资源管理,"{""2.A.1.a"": 0.576639, ""2.A.1.b"": 0.585527, ""2.A.1.c"": 0.493808, ""2.A.1.d"": 0.493395, ""2.A.1.e"": 0.429418, ""2.A.1.f"": 0.203977, ""2.A.2.a"": 0.574941, ""2.A.2.b"": 0.520233, ""2.A.2.c"": 0.405798, ""2.A.2.d"": 0.509536, ""2.B.1.a"": 0.426709, ""2.B.1.b"": 0.465476, ""2.B.1.c"": 0.407816, ""2.B.1.d"": 0.443481, ""2.B.1.e"": 0.301386, ""2.B.1.f"": 0.416626, ""2.B.2.i"": 0.590895, ""2.B.3.a"": 0.399729, ""2.B.3.b"": 0.392729, ""2.B.3.c"": 0.159709, ""2.B.3.d"": 0.269919, ""2.B.3.e"": 0.614266, ""2.B.3.g"": 0.351312, ""2.B.3.h"": 0.23342, ""2.B.3.j"": 0.198864, ""2.B.3.k"": 0.137309, ""2.B.3.l"": 0.245719, ""2.B.3.m"": 0.369773, ""2.B.4.e"": 0.500465, ""2.B.4.g"": 0.428262, ""2.B.4.h"": 0.460758, ""2.B.5.a"": 0.486486, ""2.B.5.b"": 0.263918, ""2.B.5.c"": 0.233425, ""2.B.5.d"": 0.394149}",在成都参与网页与数字界面设计师工作5年，持续提升阅读理解、积极倾听、书面表达、口头表达等技能。,负责网页与数字界面设计师相关项目，完成需求分析、代码实现、测试验证和上线复盘，使用数据科学与大数据技术知识解决实际业务问题。,我具备本科学历，专业为数据科学与大数据技术，目标方向是运筹分析师。重视工程质量、团队协作和持续学习。,"求职方向：运筹分析师
教育背景：本科｜数据科学与大数据技术
工作经历：在成都参与网页与数字界面设计师工作5年，持续提升阅读理解、积极倾听、书面表达、口头表达等技能。
项目经历：负责网页与数字界面设计师相关项目，完成需求分析、代码实现、测试验证和上线复盘，使用数据科学与大数据技术知识解决实际业务问题。
技能：阅读理解、积极倾听、书面表达、口头表达、数学、批判性思维、主动学习、学习策略、监控、社会洞察、协调、说服、谈判、指导、服务导向、复杂问题解决、运营分析、技术设计、编程、运营监控、质量控制分析、判断与决策、系统分析、系统评估、时间管理、人员资源管理
自我评价：我具备本科学历，专业为数据科学与大数据技术，目标方向是运筹分析师。重视工程质量、团队协作和持续学习。",synthetic_chinese_resume
CR0119,u119,硕士,网络工程,1,武汉,15-2031.00,运筹分析师,15-2051.00,数据科学家,阅读理解、积极倾听、书面表达、口头表达、数学、科学、批判性思维、主动学习、学习策略、监控、社会洞察、协调、说服、谈判、指导、服务导向、复杂问题解决、运营分析、编程、判断与决策、系统分析、系统评估、时间管理、财务资源管理、人员资源管理,"{""2.A.1.a"": 0.573272, ""2.A.1.b"": 0.586584, ""2.A.1.c"": 0.560634, ""2.A.1.d"": 0.62189, ""2.A.1.e"": 0.663936, ""2.A.1.f"": 0.576034, ""2.A.2.a"": 0.64553, ""2.A.2.b"": 0.634274, ""2.A.2.c"": 0.40757, ""2.A.2.d"": 0.463883, ""2.B.1.a"": 0.389174, ""2.B.1.b"": 0.435451, ""2.B.1.c"": 0.372331, ""2.B.1.d"": 0.347317, ""2.B.1.e"": 0.333599, ""2.B.1.f"": 0.418055, ""2.B.2.i"": 0.65415, ""2.B.3.a"": 0.515468, ""2.B.3.b"": 0.252508, ""2.B.3.c"": 0.091563, ""2.B.3.d"": 0.209882, ""2.B.3.e"": 0.479965, ""2.B.3.g"": 0.176381, ""2.B.3.h"": 0.241748, ""2.B.3.j"": 0.150838, ""2.B.3.k"": 0.194076, ""2.B.3.l"": 0.140057, ""2.B.3.m"": 0.253283, ""2.B.4.e"": 0.628482, ""2.B.4.g"": 0.482959, ""2.B.4.h"": 0.654535, ""2.B.5.a"": 0.392562, ""2.B.5.b"": 0.289031, ""2.B.5.c"": 0.226536, ""2.B.5.d"": 0.346365}",在武汉参与运筹分析师工作1年，持续提升阅读理解、积极倾听、书面表达、口头表达等技能。,负责运筹分析师相关项目，完成需求分析、代码实现、测试验证和上线复盘，使用网络工程知识解决实际业务问题。,我具备硕士学历，专业为网络工程，目标方向是数据科学家。重视工程质量、团队协作和持续学习。,"求职方向：数据科学家
教育背景：硕士｜网络工程
工作经历：在武汉参与运筹分析师工作1年，持续提升阅读理解、积极倾听、书面表达、口头表达等技能。
项目经历：负责运筹分析师相关项目，完成需求分析、代码实现、测试验证和上线复盘，使用网络工程知识解决实际业务问题。
技能：阅读理解、积极倾听、书面表达、口头表达、数学、科学、批判性思维、主动学习、学习策略、监控、社会洞察、协调、说服、谈判、指导、服务导向、复杂问题解决、运营分析、编程、判断与决策、系统分析、系统评估、时间管理、财务资源管理、人员资源管理
自我评价：我具备硕士学历，专业为网络工程，目标方向是数据科学家。重视工程质量、团队协作和持续学习。",synthetic_chinese_resume
CR0120,u120,大专,信息安全,8,西安,15-2051.00,数据科学家,15-1211.00,计算机系统分析师,阅读理解、积极倾听、书面表达、口头表达、数学、科学、批判性思维、主动学习、学习策略、监控、社会洞察、协调、说服、谈判、指导、服务导向、复杂问题解决、运营分析、技术设计、编程、运营监控、质量控制分析、判断与决策、系统分析、系统评估、时间管理、人员资源管理,"{""2.A.1.a"": 0.653739, ""2.A.1.b"": 0.566128, ""2.A.1.c"": 0.563286, ""2.A.1.d"": 0.650579, ""2.A.1.e"": 0.58233, ""2.A.1.f"": 0.305103, ""2.A.2.a"": 0.651479, ""2.A.2.b"": 0.571957, ""2.A.2.c"": 0.401942, ""2.A.2.d"": 0.53036, ""2.B.1.a"": 0.393818, ""2.B.1.b"": 0.493408, ""2.B.1.c"": 0.365145, ""2.B.1.d"": 0.318609, ""2.B.1.e"": 0.444043, ""2.B.1.f"": 0.444188, ""2.B.2.i"": 0.459279, ""2.B.3.a"": 0.375216, ""2.B.3.b"": 0.290991, ""2.B.3.c"": 0.268027, ""2.B.3.d"": 0.188995, ""2.B.3.e"": 0.458836, ""2.B.3.g"": 0.344081, ""2.B.3.h"": 0.245514, ""2.B.3.j"": 0.157364, ""2.B.3.k"": 0.254556, ""2.B.3.l"": 0.186402, ""2.B.3.m"": 0.306155, ""2.B.4.e"": 0.452762, ""2.B.4.g"": 0.517824, ""2.B.4.h"": 0.480392, ""2.B.5.a"": 0.484491, ""2.B.5.b"": 0.271364, ""2.B.5.c"": 0.21503, ""2.B.5.d"": 0.368347}",在西安参与数据科学家工作8年，持续提升阅读理解、积极倾听、书面表达、口头表达等技能。,负责数据科学家相关项目，完成需求分析、代码实现、测试验证和上线复盘，使用信息安全知识解决实际业务问题。,我具备大专学历，专业为信息安全，目标方向是计算机系统分析师。重视工程质量、团队协作和持续学习。,"求职方向：计算机系统分析师
教育背景：大专｜信息安全
工作经历：在西安参与数据科学家工作8年，持续提升阅读理解、积极倾听、书面表达、口头表达等技能。
项目经历：负责数据科学家相关项目，完成需求分析、代码实现、测试验证和上线复盘，使用信息安全知识解决实际业务问题。
技能：阅读理解、积极倾听、书面表达、口头表达、数学、科学、批判性思维、主动学习、学习策略、监控、社会洞察、协调、说服、谈判、指导、服务导向、复杂问题解决、运营分析、技术设计、编程、运营监控、质量控制分析、判断与决策、系统分析、系统评估、时间管理、人员资源管理
自我评价：我具备大专学历，专业为信息安全，目标方向是计算机系统分析师。重视工程质量、团队协作和持续学习。",synthetic_chinese_resume
CR0121,u121,本科,计算机科学与技术,4,北京,15-1211.00,计算机系统分析师,15-2051.00,数据科学家,阅读理解、积极倾听、书面表达、口头表达、数学、科学、批判性思维、主动学习、学习策略、监控、社会洞察、协调、说服、谈判、指导、服务导向、复杂问题解决、运营分析、技术设计、设备选型、安装、编程、运营监控、故障排查、修复、质量控制分析、判断与决策、系统分析、系统评估、时间管理、财务资源管理、人员资源管理,"{""2.A.1.a"": 0.69542, ""2.A.1.b"": 0.552033, ""2.A.1.c"": 0.484113, ""2.A.1.d"": 0.553011, ""2.A.1.e"": 0.483901, ""2.A.1.f"": 0.326693, ""2.A.2.a"": 0.540129, ""2.A.2.b"": 0.636792, ""2.A.2.c"": 0.370238, ""2.A.2.d"": 0.56862, ""2.B.1.a"": 0.436966, ""2.B.1.b"": 0.491622, ""2.B.1.c"": 0.369546, ""2.B.1.d"": 0.389396, ""2.B.1.e"": 0.469017, ""2.B.1.f"": 0.417704, ""2.B.2.i"": 0.385958, ""2.B.3.a"": 0.420548, ""2.B.3.b"": 0.372808, ""2.B.3.c"": 0.286826, ""2.B.3.d"": 0.321676, ""2.B.3.e"": 0.574259, ""2.B.3.g"": 0.466845, ""2.B.3.h"": 0.275701, ""2.B.3.j"": 0.271427, ""2.B.3.k"": 0.457042, ""2.B.3.l"": 0.319906, ""2.B.3.m"": 0.507004, ""2.B.4.e"": 0.52737, ""2.B.4.g"": 0.506133, ""2.B.4.h"": 0.552893, ""2.B.5.a"": 0.446003, ""2.B.5.b"": 0.307434, ""2.B.5.c"": 0.242686, ""2.B.5.d"": 0.384037}",在北京参与计算机系统分析师工作4年，持续提升阅读理解、积极倾听、书面表达、口头表达等技能。,负责计算机系统分析师相关项目，完成需求分析、代码实现、测试验证和上线复盘，使用计算机科学与技术知识解决实际业务问题。,我具备本科学历，专业为计算机科学与技术，目标方向是数据科学家。重视工程质量、团队协作和持续学习。,"求职方向：数据科学家
教育背景：本科｜计算机科学与技术
工作经历：在北京参与计算机系统分析师工作4年，持续提升阅读理解、积极倾听、书面表达、口头表达等技能。
项目经历：负责计算机系统分析师相关项目，完成需求分析、代码实现、测试验证和上线复盘，使用计算机科学与技术知识解决实际业务问题。
技能：阅读理解、积极倾听、书面表达、口头表达、数学、科学、批判性思维、主动学习、学习策略、监控、社会洞察、协调、说服、谈判、指导、服务导向、复杂问题解决、运营分析、技术设计、设备选型、安装、编程、运营监控、故障排查、修复、质量控制分析、判断与决策、系统分析、系统评估、时间管理、财务资源管理、人员资源管理
自我评价：我具备本科学历，专业为计算机科学与技术，目标方向是数据科学家。重视工程质量、团队协作和持续学习。",synthetic_chinese_resume
CR0122,u122,本科,软件工程,0,上海,15-1212.00,信息安全分析师,15-1242.00,数据库管理员,阅读理解、积极倾听、书面表达、口头表达、数学、科学、批判性思维、主动学习、学习策略、监控、社会洞察、协调、说服、谈判、指导、服务导向、复杂问题解决、技术设计、设备选型、编程、运营监控、故障排查、质量控制分析、判断与决策、系统分析、系统评估、时间管理、人员资源管理,"{""2.A.1.a"": 0.56182, ""2.A.1.b"": 0.600949, ""2.A.1.c"": 0.522599, ""2.A.1.d"": 0.537623, ""2.A.1.e"": 0.339563, ""2.A.1.f"": 0.298503, ""2.A.2.a"": 0.553944, ""2.A.2.b"": 0.481365, ""2.A.2.c"": 0.354554, ""2.A.2.d"": 0.520768, ""2.B.1.a"": 0.329654, ""2.B.1.b"": 0.489966, ""2.B.1.c"": 0.37144, ""2.B.1.d"": 0.434018, ""2.B.1.e"": 0.448307, ""2.B.1.f"": 0.380797, ""2.B.2.i"": 0.583694, ""2.B.3.a"": 0.234247, ""2.B.3.b"": 0.385063, ""2.B.3.c"": 0.305852, ""2.B.3.d"": 0.153552, ""2.B.3.e"": 0.325922, ""2.B.3.g"": 0.386687, ""2.B.3.h"": 0.240465, ""2.B.3.j"": 0.202817, ""2.B.3.k"": 0.283513, ""2.B.3.l"": 0.228211, ""2.B.3.m"": 0.401241, ""2.B.4.e"": 0.523817, ""2.B.4.g"": 0.528915, ""2.B.4.h"": 0.464162, ""2.B.5.a"": 0.459208, ""2.B.5.b"": 0.158045, ""2.B.5.c"": 0.121065, ""2.B.5.d"": 0.374064}",在上海参与信息安全分析师工作0年，持续提升阅读理解、积极倾听、书面表达、口头表达等技能。,负责信息安全分析师相关项目，完成需求分析、代码实现、测试验证和上线复盘，使用软件工程知识解决实际业务问题。,我具备本科学历，专业为软件工程，目标方向是数据库管理员。重视工程质量、团队协作和持续学习。,"求职方向：数据库管理员
教育背景：本科｜软件工程
工作经历：在上海参与信息安全分析师工作0年，持续提升阅读理解、积极倾听、书面表达、口头表达等技能。
项目经历：负责信息安全分析师相关项目，完成需求分析、代码实现、测试验证和上线复盘，使用软件工程知识解决实际业务问题。
技能：阅读理解、积极倾听、书面表达、口头表达、数学、科学、批判性思维、主动学习、学习策略、监控、社会洞察、协调、说服、谈判、指导、服务导向、复杂问题解决、技术设计、设备选型、编程、运营监控、故障排查、质量控制分析、判断与决策、系统分析、系统评估、时间管理、人员资源管理
自我评价：我具备本科学历，专业为软件工程，目标方向是数据库管理员。重视工程质量、团队协作和持续学习。",synthetic_chinese_resume
CR0123,u123,硕士,数据科学与大数据技术,7,广州,15-1242.00,数据库管理员,15-2051.00,数据科学家,阅读理解、积极倾听、书面表达、口头表达、数学、科学、批判性思维、主动学习、学习策略、监控、社会洞察、协调、说服、指导、服务导向、复杂问题解决、运营分析、技术设计、安装、编程、运营监控、故障排查、质量控制分析、判断与决策、系统分析、系统评估、时间管理、人员资源管理,"{""2.A.1.a"": 0.630296, ""2.A.1.b"": 0.496553, ""2.A.1.c"": 0.497736, ""2.A.1.d"": 0.529889, ""2.A.1.e"": 0.50825, ""2.A.1.f"": 0.29103, ""2.A.2.a"": 0.556852, ""2.A.2.b"": 0.490764, ""2.A.2.c"": 0.347714, ""2.A.2.d"": 0.450769, ""2.B.1.a"": 0.373849, ""2.B.1.b"": 0.432626, ""2.B.1.c"": 0.399417, ""2.B.1.d"": 0.268228, ""2.B.1.e"": 0.444384, ""2.B.1.f"": 0.374637, ""2.B.2.i"": 0.64147, ""2.B.3.a"": 0.428626, ""2.B.3.b"": 0.39053, ""2.B.3.c"": 0.191603, ""2.B.3.d"": 0.293013, ""2.B.3.e"": 0.436418, ""2.B.3.g"": 0.34996, ""2.B.3.h"": 0.260003, ""2.B.3.j"": 0.125421, ""2.B.3.k"": 0.293605, ""2.B.3.l"": 0.152518, ""2.B.3.m"": 0.36383, ""2.B.4.e"": 0.590521, ""2.B.4.g"": 0.510814, ""2.B.4.h"": 0.528322, ""2.B.5.a"": 0.406595, ""2.B.5.b"": 0.246495, ""2.B.5.c"": 0.23328, ""2.B.5.d"": 0.427996}",在广州参与数据库管理员工作7年，持续提升阅读理解、积极倾听、书面表达、口头表达等技能。,负责数据库管理员相关项目，完成需求分析、代码实现、测试验证和上线复盘，使用数据科学与大数据技术知识解决实际业务问题。,我具备硕士学历，专业为数据科学与大数据技术，目标方向是数据科学家。重视工程质量、团队协作和持续学习。,"求职方向：数据科学家
教育背景：硕士｜数据科学与大数据技术
工作经历：在广州参与数据库管理员工作7年，持续提升阅读理解、积极倾听、书面表达、口头表达等技能。
项目经历：负责数据库管理员相关项目，完成需求分析、代码实现、测试验证和上线复盘，使用数据科学与大数据技术知识解决实际业务问题。
技能：阅读理解、积极倾听、书面表达、口头表达、数学、科学、批判性思维、主动学习、学习策略、监控、社会洞察、协调、说服、指导、服务导向、复杂问题解决、运营分析、技术设计、安装、编程、运营监控、故障排查、质量控制分析、判断与决策、系统分析、系统评估、时间管理、人员资源管理
自我评价：我具备硕士学历，专业为数据科学与大数据技术，目标方向是数据科学家。重视工程质量、团队协作和持续学习。",synthetic_chinese_resume
CR0124,u124,大专,网络工程,3,深圳,15-1243.00,数据库架构师,15-1244.00,网络与计算机系统管理员,阅读理解、积极倾听、书面表达、口头表达、数学、批判性思维、主动学习、学习策略、监控、社会洞察、协调、说服、谈判、指导、服务导向、复杂问题解决、运营分析、技术设计、编程、故障排查、判断与决策、系统分析、系统评估、时间管理、人员资源管理,"{""2.A.1.a"": 0.606598, ""2.A.1.b"": 0.486968, ""2.A.1.c"": 0.526526, ""2.A.1.d"": 0.549033, ""2.A.1.e"": 0.476189, ""2.A.1.f"": 0.269696, ""2.A.2.a"": 0.626276, ""2.A.2.b"": 0.476326, ""2.A.2.c"": 0.520587, ""2.A.2.d"": 0.428721, ""2.B.1.a"": 0.478562, ""2.B.1.b"": 0.376527, ""2.B.1.c"": 0.426003, ""2.B.1.d"": 0.330922, ""2.B.1.e"": 0.419356, ""2.B.1.f"": 0.482006, ""2.B.2.i"": 0.631327, ""2.B.3.a"": 0.5138, ""2.B.3.b"": 0.379414, ""2.B.3.c"": 0.226014, ""2.B.3.d"": 0.270965, ""2.B.3.e"": 0.501261, ""2.B.3.g"": 0.238244, ""2.B.3.h"": 0.267779, ""2.B.3.j"": 0.14382, ""2.B.3.k"": 0.295663, ""2.B.3.l"": 0.135628, ""2.B.3.m"": 0.273534, ""2.B.4.e"": 0.623243, ""2.B.4.g"": 0.439311, ""2.B.4.h"": 0.444453, ""2.B.5.a"": 0.414457, ""2.B.5.b"": 0.225935, ""2.B.5.c"": 0.253328, ""2.B.5.d"": 0.391775}",在深圳参与数据库架构师工作3年，持续提升阅读理解、积极倾听、书面表达、口头表达等技能。,负责数据库架构师相关项目，完成需求分析、代码实现、测试验证和上线复盘，使用网络工程知识解决实际业务问题。,我具备大专学历，专业为网络工程，目标方向是网络与计算机系统管理员。重视工程质量、团队协作和持续学习。,"求职方向：网络与计算机系统管理员
教育背景：大专｜网络工程
工作经历：在深圳参与数据库架构师工作3年，持续提升阅读理解、积极倾听、书面表达、口头表达等技能。
项目经历：负责数据库架构师相关项目，完成需求分析、代码实现、测试验证和上线复盘，使用网络工程知识解决实际业务问题。
技能：阅读理解、积极倾听、书面表达、口头表达、数学、批判性思维、主动学习、学习策略、监控、社会洞察、协调、说服、谈判、指导、服务导向、复杂问题解决、运营分析、技术设计、编程、故障排查、判断与决策、系统分析、系统评估、时间管理、人员资源管理
自我评价：我具备大专学历，专业为网络工程，目标方向是网络与计算机系统管理员。重视工程质量、团队协作和持续学习。",synthetic_chinese_resume
CR0125,u125,本科,信息安全,10,杭州,15-1244.00,网络与计算机系统管理员,15-1212.00,信息安全分析师,阅读理解、积极倾听、书面表达、口头表达、数学、科学、批判性思维、主动学习、学习策略、监控、社会洞察、协调、说服、谈判、指导、服务导向、复杂问题解决、运营分析、技术设计、设备选型、安装、编程、运营监控、操作与控制、设备维护、故障排查、修复、质量控制分析、判断与决策、系统分析、系统评估、时间管理、财务资源管理、物资资源管理、人员资源管理,"{""2.A.1.a"": 0.570613, ""2.A.1.b"": 0.532437, ""2.A.1.c"": 0.465518, ""2.A.1.d"": 0.508906, ""2.A.1.e"": 0.467837, ""2.A.1.f"": 0.301612, ""2.A.2.a"": 0.554451, ""2.A.2.b"": 0.430949, ""2.A.2.c"": 0.381669, ""2.A.2.d"": 0.621411, ""2.B.1.a"": 0.439577, ""2.B.1.b"": 0.374672, ""2.B.1.c"": 0.442756, ""2.B.1.d"": 0.356706, ""2.B.1.e"": 0.435248, ""2.B.1.f"": 0.382456, ""2.B.2.i"": 0.638663, ""2.B.3.a"": 0.405565, ""2.B.3.b"": 0.423218, ""2.B.3.c"": 0.404901, ""2.B.3.d"": 0.309221, ""2.B.3.e"": 0.546259, ""2.B.3.g"": 0.551819, ""2.B.3.h"": 0.441693, ""2.B.3.j"": 0.519624, ""2.B.3.k"": 0.565458, ""2.B.3.l"": 0.420869, ""2.B.3.m"": 0.436709, ""2.B.4.e"": 0.597038, ""2.B.4.g"": 0.620167, ""2.B.4.h"": 0.608512, ""2.B.5.a"": 0.527082, ""2.B.5.b"": 0.329871, ""2.B.5.c"": 0.366245, ""2.B.5.d"": 0.46294}",在杭州参与网络与计算机系统管理员工作10年，持续提升阅读理解、积极倾听、书面表达、口头表达等技能。,负责网络与计算机系统管理员相关项目，完成需求分析、代码实现、测试验证和上线复盘，使用信息安全知识解决实际业务问题。,我具备本科学历，专业为信息安全，目标方向是信息安全分析师。重视工程质量、团队协作和持续学习。,"求职方向：信息安全分析师
教育背景：本科｜信息安全
工作经历：在杭州参与网络与计算机系统管理员工作10年，持续提升阅读理解、积极倾听、书面表达、口头表达等技能。
项目经历：负责网络与计算机系统管理员相关项目，完成需求分析、代码实现、测试验证和上线复盘，使用信息安全知识解决实际业务问题。
技能：阅读理解、积极倾听、书面表达、口头表达、数学、科学、批判性思维、主动学习、学习策略、监控、社会洞察、协调、说服、谈判、指导、服务导向、复杂问题解决、运营分析、技术设计、设备选型、安装、编程、运营监控、操作与控制、设备维护、故障排查、修复、质量控制分析、判断与决策、系统分析、系统评估、时间管理、财务资源管理、物资资源管理、人员资源管理
自我评价：我具备本科学历，专业为信息安全，目标方向是信息安全分析师。重视工程质量、团队协作和持续学习。",synthetic_chinese_resume
CR0126,u126,本科,计算机科学与技术,6,成都,15-1251.00,计算机程序员,15-1252.00,软件开发工程师,阅读理解、积极倾听、书面表达、口头表达、数学、科学、批判性思维、主动学习、监控、社会洞察、协调、说服、指导、服务导向、复杂问题解决、运营分析、技术设计、编程、运营监控、故障排查、质量控制分析、判断与决策、系统分析、系统评估、时间管理、物资资源管理、人员资源管理,"{""2.A.1.a"": 0.406785, ""2.A.1.b"": 0.501995, ""2.A.1.c"": 0.442473, ""2.A.1.d"": 0.499719, ""2.A.1.e"": 0.400199, ""2.A.1.f"": 0.375748, ""2.A.2.a"": 0.529178, ""2.A.2.b"": 0.348629, ""2.A.2.c"": 0.252138, ""2.A.2.d"": 0.350548, ""2.B.1.a"": 0.446672, ""2.B.1.b"": 0.376745, ""2.B.1.c"": 0.333433, ""2.B.1.d"": 0.279197, ""2.B.1.e"": 0.328858, ""2.B.1.f"": 0.338613, ""2.B.2.i"": 0.535836, ""2.B.3.a"": 0.401628, ""2.B.3.b"": 0.301579, ""2.B.3.c"": 0.197248, ""2.B.3.d"": 0.210635, ""2.B.3.e"": 0.785891, ""2.B.3.g"": 0.296213, ""2.B.3.h"": 0.239667, ""2.B.3.j"": 0.146928, ""2.B.3.k"": 0.33041, ""2.B.3.l"": 0.227729, ""2.B.3.m"": 0.529648, ""2.B.4.e"": 0.479257, ""2.B.4.g"": 0.539748, ""2.B.4.h"": 0.45627, ""2.B.5.a"": 0.394081, ""2.B.5.b"": 0.209299, ""2.B.5.c"": 0.302289, ""2.B.5.d"": 0.396343}",在成都参与计算机程序员工作6年，持续提升阅读理解、积极倾听、书面表达、口头表达等技能。,负责计算机程序员相关项目，完成需求分析、代码实现、测试验证和上线复盘，使用计算机科学与技术知识解决实际业务问题。,我具备本科学历，专业为计算机科学与技术，目标方向是软件开发工程师。重视工程质量、团队协作和持续学习。,"求职方向：软件开发工程师
教育背景：本科｜计算机科学与技术
工作经历：在成都参与计算机程序员工作6年，持续提升阅读理解、积极倾听、书面表达、口头表达等技能。
项目经历：负责计算机程序员相关项目，完成需求分析、代码实现、测试验证和上线复盘，使用计算机科学与技术知识解决实际业务问题。
技能：阅读理解、积极倾听、书面表达、口头表达、数学、科学、批判性思维、主动学习、监控、社会洞察、协调、说服、指导、服务导向、复杂问题解决、运营分析、技术设计、编程、运营监控、故障排查、质量控制分析、判断与决策、系统分析、系统评估、时间管理、物资资源管理、人员资源管理
自我评价：我具备本科学历，专业为计算机科学与技术，目标方向是软件开发工程师。重视工程质量、团队协作和持续学习。",synthetic_chinese_resume
CR0127,u127,硕士,软件工程,2,武汉,15-1252.00,软件开发工程师,15-1253.00,软件质量保证分析师与测试工程师,阅读理解、积极倾听、书面表达、口头表达、数学、批判性思维、主动学习、学习策略、监控、社会洞察、协调、说服、谈判、指导、服务导向、复杂问题解决、技术设计、运营监控、故障排查、判断与决策、系统分析、系统评估、时间管理、财务资源管理、人员资源管理,"{""2.A.1.a"": 0.55974, ""2.A.1.b"": 0.46119, ""2.A.1.c"": 0.476972, ""2.A.1.d"": 0.372318, ""2.A.1.e"": 0.448176, ""2.A.1.f"": 0.146332, ""2.A.2.a"": 0.494493, ""2.A.2.b"": 0.540522, ""2.A.2.c"": 0.36238, ""2.A.2.d"": 0.479252, ""2.B.1.a"": 0.399867, ""2.B.1.b"": 0.425184, ""2.B.1.c"": 0.362535, ""2.B.1.d"": 0.328796, ""2.B.1.e"": 0.388373, ""2.B.1.f"": 0.386498, ""2.B.2.i"": 0.555488, ""2.B.3.a"": 0.252969, ""2.B.3.b"": 0.50185, ""2.B.3.c"": 0.20978, ""2.B.3.d"": 0.214112, ""2.B.3.e"": 0.186521, ""2.B.3.g"": 0.407604, ""2.B.3.h"": 0.126947, ""2.B.3.j"": 0.179956, ""2.B.3.k"": 0.358811, ""2.B.3.l"": 0.213252, ""2.B.3.m"": 0.100654, ""2.B.4.e"": 0.564428, ""2.B.4.g"": 0.484679, ""2.B.4.h"": 0.53709, ""2.B.5.a"": 0.434259, ""2.B.5.b"": 0.286982, ""2.B.5.c"": 0.211939, ""2.B.5.d"": 0.335852}",在武汉参与软件开发工程师工作2年，持续提升阅读理解、积极倾听、书面表达、口头表达等技能。,负责软件开发工程师相关项目，完成需求分析、代码实现、测试验证和上线复盘，使用软件工程知识解决实际业务问题。,我具备硕士学历，专业为软件工程，目标方向是软件质量保证分析师与测试工程师。重视工程质量、团队协作和持续学习。,"求职方向：软件质量保证分析师与测试工程师
教育背景：硕士｜软件工程
工作经历：在武汉参与软件开发工程师工作2年，持续提升阅读理解、积极倾听、书面表达、口头表达等技能。
项目经历：负责软件开发工程师相关项目，完成需求分析、代码实现、测试验证和上线复盘，使用软件工程知识解决实际业务问题。
技能：阅读理解、积极倾听、书面表达、口头表达、数学、批判性思维、主动学习、学习策略、监控、社会洞察、协调、说服、谈判、指导、服务导向、复杂问题解决、技术设计、运营监控、故障排查、判断与决策、系统分析、系统评估、时间管理、财务资源管理、人员资源管理
自我评价：我具备硕士学历，专业为软件工程，目标方向是软件质量保证分析师与测试工程师。重视工程质量、团队协作和持续学习。",synthetic_chinese_resume
CR0128,u128,大专,数据科学与大数据技术,9,西安,15-1253.00,软件质量保证分析师与测试工程师,15-1252.00,软件开发工程师,阅读理解、积极倾听、书面表达、口头表达、数学、科学、批判性思维、主动学习、学习策略、监控、社会洞察、协调、说服、谈判、指导、服务导向、复杂问题解决、运营分析、技术设计、设备选型、安装、编程、运营监控、故障排查、质量控制分析、判断与决策、系统分析、系统评估、时间管理、人员资源管理,"{""2.A.1.a"": 0.575774, ""2.A.1.b"": 0.601835, ""2.A.1.c"": 0.617005, ""2.A.1.d"": 0.541687, ""2.A.1.e"": 0.382024, ""2.A.1.f"": 0.4283, ""2.A.2.a"": 0.600641, ""2.A.2.b"": 0.408223, ""2.A.2.c"": 0.374296, ""2.A.2.d"": 0.516033, ""2.B.1.a"": 0.428914, ""2.B.1.b"": 0.416193, ""2.B.1.c"": 0.364442, ""2.B.1.d"": 0.348647, ""2.B.1.e"": 0.47312, ""2.B.1.f"": 0.354114, ""2.B.2.i"": 0.495334, ""2.B.3.a"": 0.487155, ""2.B.3.b"": 0.342645, ""2.B.3.c"": 0.312761, ""2.B.3.d"": 0.290142, ""2.B.3.e"": 0.501475, ""2.B.3.g"": 0.384753, ""2.B.3.h"": 0.173414, ""2.B.3.j"": 0.251669, ""2.B.3.k"": 0.477093, ""2.B.3.l"": 0.251917, ""2.B.3.m"": 0.424558, ""2.B.4.e"": 0.447596, ""2.B.4.g"": 0.41749, ""2.B.4.h"": 0.420547, ""2.B.5.a"": 0.39696, ""2.B.5.b"": 0.187095, ""2.B.5.c"": 0.241238, ""2.B.5.d"": 0.346736}",在西安参与软件质量保证分析师与测试工程师工作9年，持续提升阅读理解、积极倾听、书面表达、口头表达等技能。,负责软件质量保证分析师与测试工程师相关项目，完成需求分析、代码实现、测试验证和上线复盘，使用数据科学与大数据技术知识解决实际业务问题。,我具备大专学历，专业为数据科学与大数据技术，目标方向是软件开发工程师。重视工程质量、团队协作和持续学习。,"求职方向：软件开发工程师
教育背景：大专｜数据科学与大数据技术
工作经历：在西安参与软件质量保证分析师与测试工程师工作9年，持续提升阅读理解、积极倾听、书面表达、口头表达等技能。
项目经历：负责软件质量保证分析师与测试工程师相关项目，完成需求分析、代码实现、测试验证和上线复盘，使用数据科学与大数据技术知识解决实际业务问题。
技能：阅读理解、积极倾听、书面表达、口头表达、数学、科学、批判性思维、主动学习、学习策略、监控、社会洞察、协调、说服、谈判、指导、服务导向、复杂问题解决、运营分析、技术设计、设备选型、安装、编程、运营监控、故障排查、质量控制分析、判断与决策、系统分析、系统评估、时间管理、人员资源管理
自我评价：我具备大专学历，专业为数据科学与大数据技术，目标方向是软件开发工程师。重视工程质量、团队协作和持续学习。",synthetic_chinese_resume
CR0129,u129,本科,网络工程,5,北京,15-1254.00,网页开发工程师,15-1252.00,软件开发工程师,阅读理解、积极倾听、书面表达、口头表达、数学、科学、批判性思维、主动学习、学习策略、监控、社会洞察、协调、说服、谈判、指导、服务导向、复杂问题解决、运营分析、技术设计、设备选型、编程、运营监控、故障排查、质量控制分析、判断与决策、系统分析、系统评估、时间管理、物资资源管理、人员资源管理,"{""2.A.1.a"": 0.582859, ""2.A.1.b"": 0.520507, ""2.A.1.c"": 0.433678, ""2.A.1.d"": 0.446109, ""2.A.1.e"": 0.4733, ""2.A.1.f"": 0.343859, ""2.A.2.a"": 0.628819, ""2.A.2.b"": 0.578875, ""2.A.2.c"": 0.453524, ""2.A.2.d"": 0.472382, ""2.B.1.a"": 0.42713, ""2.B.1.b"": 0.387785, ""2.B.1.c"": 0.432762, ""2.B.1.d"": 0.388009, ""2.B.1.e"": 0.36868, ""2.B.1.f"": 0.380523, ""2.B.2.i"": 0.529767, ""2.B.3.a"": 0.541278, ""2.B.3.b"": 0.413505, ""2.B.3.c"": 0.351693, ""2.B.3.d"": 0.19864, ""2.B.3.e"": 0.638985, ""2.B.3.g"": 0.329255, ""2.B.3.h"": 0.210621, ""2.B.3.j"": 0.235737, ""2.B.3.k"": 0.287931, ""2.B.3.l"": 0.21641, ""2.B.3.m"": 0.396068, ""2.B.4.e"": 0.582837, ""2.B.4.g"": 0.440472, ""2.B.4.h"": 0.412593, ""2.B.5.a"": 0.434458, ""2.B.5.b"": 0.15815, ""2.B.5.c"": 0.280818, ""2.B.5.d"": 0.330491}",在北京参与网页开发工程师工作5年，持续提升阅读理解、积极倾听、书面表达、口头表达等技能。,负责网页开发工程师相关项目，完成需求分析、代码实现、测试验证和上线复盘，使用网络工程知识解决实际业务问题。,我具备本科学历，专业为网络工程，目标方向是软件开发工程师。重视工程质量、团队协作和持续学习。,"求职方向：软件开发工程师
教育背景：本科｜网络工程
工作经历：在北京参与网页开发工程师工作5年，持续提升阅读理解、积极倾听、书面表达、口头表达等技能。
项目经历：负责网页开发工程师相关项目，完成需求分析、代码实现、测试验证和上线复盘，使用网络工程知识解决实际业务问题。
技能：阅读理解、积极倾听、书面表达、口头表达、数学、科学、批判性思维、主动学习、学习策略、监控、社会洞察、协调、说服、谈判、指导、服务导向、复杂问题解决、运营分析、技术设计、设备选型、编程、运营监控、故障排查、质量控制分析、判断与决策、系统分析、系统评估、时间管理、物资资源管理、人员资源管理
自我评价：我具备本科学历，专业为网络工程，目标方向是软件开发工程师。重视工程质量、团队协作和持续学习。",synthetic_chinese_resume
CR0130,u130,本科,信息安全,1,上海,15-1255.00,网页与数字界面设计师,15-2031.00,运筹分析师,阅读理解、积极倾听、书面表达、口头表达、数学、批判性思维、主动学习、学习策略、监控、社会洞察、协调、说服、谈判、指导、服务导向、复杂问题解决、运营分析、技术设计、编程、运营监控、操作与控制、质量控制分析、判断与决策、系统分析、系统评估、时间管理、财务资源管理、人员资源管理,"{""2.A.1.a"": 0.623056, ""2.A.1.b"": 0.550422, ""2.A.1.c"": 0.528422, ""2.A.1.d"": 0.545274, ""2.A.1.e"": 0.379525, ""2.A.1.f"": 0.185899, ""2.A.2.a"": 0.554589, ""2.A.2.b"": 0.499013, ""2.A.2.c"": 0.338043, ""2.A.2.d"": 0.567205, ""2.B.1.a"": 0.374094, ""2.B.1.b"": 0.441478, ""2.B.1.c"": 0.431676, ""2.B.1.d"": 0.408607, ""2.B.1.e"": 0.462096, ""2.B.1.f"": 0.349166, ""2.B.2.i"": 0.629983, ""2.B.3.a"": 0.404463, ""2.B.3.b"": 0.436503, ""2.B.3.c"": 0.201152, ""2.B.3.d"": 0.231843, ""2.B.3.e"": 0.531652, ""2.B.3.g"": 0.330699, ""2.B.3.h"": 0.319698, ""2.B.3.j"": 0.226814, ""2.B.3.k"": 0.207899, ""2.B.3.l"": 0.224297, ""2.B.3.m"": 0.405761, ""2.B.4.e"": 0.560139, ""2.B.4.g"": 0.436279, ""2.B.4.h"": 0.479725, ""2.B.5.a"": 0.411032, ""2.B.5.b"": 0.286946, ""2.B.5.c"": 0.261405, ""2.B.5.d"": 0.426034}",在上海参与网页与数字界面设计师工作1年，持续提升阅读理解、积极倾听、书面表达、口头表达等技能。,负责网页与数字界面设计师相关项目，完成需求分析、代码实现、测试验证和上线复盘，使用信息安全知识解决实际业务问题。,我具备本科学历，专业为信息安全，目标方向是运筹分析师。重视工程质量、团队协作和持续学习。,"求职方向：运筹分析师
教育背景：本科｜信息安全
工作经历：在上海参与网页与数字界面设计师工作1年，持续提升阅读理解、积极倾听、书面表达、口头表达等技能。
项目经历：负责网页与数字界面设计师相关项目，完成需求分析、代码实现、测试验证和上线复盘，使用信息安全知识解决实际业务问题。
技能：阅读理解、积极倾听、书面表达、口头表达、数学、批判性思维、主动学习、学习策略、监控、社会洞察、协调、说服、谈判、指导、服务导向、复杂问题解决、运营分析、技术设计、编程、运营监控、操作与控制、质量控制分析、判断与决策、系统分析、系统评估、时间管理、财务资源管理、人员资源管理
自我评价：我具备本科学历，专业为信息安全，目标方向是运筹分析师。重视工程质量、团队协作和持续学习。",synthetic_chinese_resume
CR0131,u131,硕士,计算机科学与技术,8,广州,15-2031.00,运筹分析师,15-2051.00,数据科学家,阅读理解、积极倾听、书面表达、口头表达、数学、科学、批判性思维、主动学习、学习策略、监控、社会洞察、协调、说服、谈判、指导、服务导向、复杂问题解决、运营分析、编程、质量控制分析、判断与决策、系统分析、系统评估、时间管理、人员资源管理,"{""2.A.1.a"": 0.645317, ""2.A.1.b"": 0.587751, ""2.A.1.c"": 0.645931, ""2.A.1.d"": 0.673181, ""2.A.1.e"": 0.689784, ""2.A.1.f"": 0.494624, ""2.A.2.a"": 0.581723, ""2.A.2.b"": 0.655613, ""2.A.2.c"": 0.387015, ""2.A.2.d"": 0.441876, ""2.B.1.a"": 0.513089, ""2.B.1.b"": 0.525704, ""2.B.1.c"": 0.344847, ""2.B.1.d"": 0.337996, ""2.B.1.e"": 0.409179, ""2.B.1.f"": 0.374428, ""2.B.2.i"": 0.522958, ""2.B.3.a"": 0.498039, ""2.B.3.b"": 0.209832, ""2.B.3.c"": 0.146944, ""2.B.3.d"": 0.162341, ""2.B.3.e"": 0.407554, ""2.B.3.g"": 0.192024, ""2.B.3.h"": 0.169675, ""2.B.3.j"": 0.242625, ""2.B.3.k"": 0.234665, ""2.B.3.l"": 0.158303, ""2.B.3.m"": 0.328753, ""2.B.4.e"": 0.623427, ""2.B.4.g"": 0.592417, ""2.B.4.h"": 0.674207, ""2.B.5.a"": 0.465121, ""2.B.5.b"": 0.242441, ""2.B.5.c"": 0.20137, ""2.B.5.d"": 0.326385}",在广州参与运筹分析师工作8年，持续提升阅读理解、积极倾听、书面表达、口头表达等技能。,负责运筹分析师相关项目，完成需求分析、代码实现、测试验证和上线复盘，使用计算机科学与技术知识解决实际业务问题。,我具备硕士学历，专业为计算机科学与技术，目标方向是数据科学家。重视工程质量、团队协作和持续学习。,"求职方向：数据科学家
教育背景：硕士｜计算机科学与技术
工作经历：在广州参与运筹分析师工作8年，持续提升阅读理解、积极倾听、书面表达、口头表达等技能。
项目经历：负责运筹分析师相关项目，完成需求分析、代码实现、测试验证和上线复盘，使用计算机科学与技术知识解决实际业务问题。
技能：阅读理解、积极倾听、书面表达、口头表达、数学、科学、批判性思维、主动学习、学习策略、监控、社会洞察、协调、说服、谈判、指导、服务导向、复杂问题解决、运营分析、编程、质量控制分析、判断与决策、系统分析、系统评估、时间管理、人员资源管理
自我评价：我具备硕士学历，专业为计算机科学与技术，目标方向是数据科学家。重视工程质量、团队协作和持续学习。",synthetic_chinese_resume
CR0132,u132,大专,软件工程,4,深圳,15-2051.00,数据科学家,15-1211.00,计算机系统分析师,阅读理解、积极倾听、书面表达、口头表达、数学、科学、批判性思维、主动学习、学习策略、监控、社会洞察、协调、说服、谈判、指导、服务导向、复杂问题解决、运营分析、编程、判断与决策、系统分析、系统评估、时间管理、财务资源管理、人员资源管理,"{""2.A.1.a"": 0.628519, ""2.A.1.b"": 0.580818, ""2.A.1.c"": 0.599935, ""2.A.1.d"": 0.572804, ""2.A.1.e"": 0.541927, ""2.A.1.f"": 0.281362, ""2.A.2.a"": 0.644467, ""2.A.2.b"": 0.695097, ""2.A.2.c"": 0.462569, ""2.A.2.d"": 0.586071, ""2.B.1.a"": 0.436677, ""2.B.1.b"": 0.434511, ""2.B.1.c"": 0.364489, ""2.B.1.d"": 0.342802, ""2.B.1.e"": 0.492764, ""2.B.1.f"": 0.42133, ""2.B.2.i"": 0.414727, ""2.B.3.a"": 0.34394, ""2.B.3.b"": 0.199725, ""2.B.3.c"": 0.199147, ""2.B.3.d"": 0.144871, ""2.B.3.e"": 0.381266, ""2.B.3.g"": 0.173062, ""2.B.3.h"": 0.219046, ""2.B.3.j"": 0.196894, ""2.B.3.k"": 0.23406, ""2.B.3.l"": 0.128157, ""2.B.3.m"": 0.274577, ""2.B.4.e"": 0.501557, ""2.B.4.g"": 0.536348, ""2.B.4.h"": 0.470712, ""2.B.5.a"": 0.5277, ""2.B.5.b"": 0.297244, ""2.B.5.c"": 0.220812, ""2.B.5.d"": 0.338086}",在深圳参与数据科学家工作4年，持续提升阅读理解、积极倾听、书面表达、口头表达等技能。,负责数据科学家相关项目，完成需求分析、代码实现、测试验证和上线复盘，使用软件工程知识解决实际业务问题。,我具备大专学历，专业为软件工程，目标方向是计算机系统分析师。重视工程质量、团队协作和持续学习。,"求职方向：计算机系统分析师
教育背景：大专｜软件工程
工作经历：在深圳参与数据科学家工作4年，持续提升阅读理解、积极倾听、书面表达、口头表达等技能。
项目经历：负责数据科学家相关项目，完成需求分析、代码实现、测试验证和上线复盘，使用软件工程知识解决实际业务问题。
技能：阅读理解、积极倾听、书面表达、口头表达、数学、科学、批判性思维、主动学习、学习策略、监控、社会洞察、协调、说服、谈判、指导、服务导向、复杂问题解决、运营分析、编程、判断与决策、系统分析、系统评估、时间管理、财务资源管理、人员资源管理
自我评价：我具备大专学历，专业为软件工程，目标方向是计算机系统分析师。重视工程质量、团队协作和持续学习。",synthetic_chinese_resume
CR0133,u133,本科,数据科学与大数据技术,0,杭州,15-1211.00,计算机系统分析师,15-2051.00,数据科学家,阅读理解、积极倾听、书面表达、口头表达、数学、批判性思维、主动学习、学习策略、监控、社会洞察、协调、说服、谈判、指导、服务导向、复杂问题解决、运营分析、技术设计、设备选型、编程、运营监控、操作与控制、故障排查、修复、质量控制分析、判断与决策、系统分析、系统评估、时间管理、物资资源管理、人员资源管理,"{""2.A.1.a"": 0.623349, ""2.A.1.b"": 0.643149, ""2.A.1.c"": 0.508123, ""2.A.1.d"": 0.607798, ""2.A.1.e"": 0.453851, ""2.A.1.f"": 0.258488, ""2.A.2.a"": 0.615661, ""2.A.2.b"": 0.596442, ""2.A.2.c"": 0.415694, ""2.A.2.d"": 0.560989, ""2.B.1.a"": 0.465479, ""2.B.1.b"": 0.374264, ""2.B.1.c"": 0.361668, ""2.B.1.d"": 0.311906, ""2.B.1.e"": 0.432043, ""2.B.1.f"": 0.405304, ""2.B.2.i"": 0.546987, ""2.B.3.a"": 0.489659, ""2.B.3.b"": 0.343979, ""2.B.3.c"": 0.364065, ""2.B.3.d"": 0.210744, ""2.B.3.e"": 0.49824, ""2.B.3.g"": 0.384328, ""2.B.3.h"": 0.339471, ""2.B.3.j"": 0.260212, ""2.B.3.k"": 0.541803, ""2.B.3.l"": 0.310761, ""2.B.3.m"": 0.347658, ""2.B.4.e"": 0.562984, ""2.B.4.g"": 0.61954, ""2.B.4.h"": 0.609815, ""2.B.5.a"": 0.433677, ""2.B.5.b"": 0.262954, ""2.B.5.c"": 0.296698, ""2.B.5.d"": 0.415636}",在杭州参与计算机系统分析师工作0年，持续提升阅读理解、积极倾听、书面表达、口头表达等技能。,负责计算机系统分析师相关项目，完成需求分析、代码实现、测试验证和上线复盘，使用数据科学与大数据技术知识解决实际业务问题。,我具备本科学历，专业为数据科学与大数据技术，目标方向是数据科学家。重视工程质量、团队协作和持续学习。,"求职方向：数据科学家
教育背景：本科｜数据科学与大数据技术
工作经历：在杭州参与计算机系统分析师工作0年，持续提升阅读理解、积极倾听、书面表达、口头表达等技能。
项目经历：负责计算机系统分析师相关项目，完成需求分析、代码实现、测试验证和上线复盘，使用数据科学与大数据技术知识解决实际业务问题。
技能：阅读理解、积极倾听、书面表达、口头表达、数学、批判性思维、主动学习、学习策略、监控、社会洞察、协调、说服、谈判、指导、服务导向、复杂问题解决、运营分析、技术设计、设备选型、编程、运营监控、操作与控制、故障排查、修复、质量控制分析、判断与决策、系统分析、系统评估、时间管理、物资资源管理、人员资源管理
自我评价：我具备本科学历，专业为数据科学与大数据技术，目标方向是数据科学家。重视工程质量、团队协作和持续学习。",synthetic_chinese_resume
CR0134,u134,本科,网络工程,7,成都,15-1212.00,信息安全分析师,15-1242.00,数据库管理员,阅读理解、积极倾听、书面表达、口头表达、数学、批判性思维、主动学习、学习策略、监控、社会洞察、协调、说服、谈判、指导、服务导向、复杂问题解决、运营分析、技术设计、设备选型、编程、运营监控、设备维护、故障排查、质量控制分析、判断与决策、系统分析、系统评估、时间管理、人员资源管理,"{""2.A.1.a"": 0.624341, ""2.A.1.b"": 0.516799, ""2.A.1.c"": 0.50172, ""2.A.1.d"": 0.577557, ""2.A.1.e"": 0.364699, ""2.A.1.f"": 0.245128, ""2.A.2.a"": 0.562913, ""2.A.2.b"": 0.619995, ""2.A.2.c"": 0.365176, ""2.A.2.d"": 0.521847, ""2.B.1.a"": 0.321881, ""2.B.1.b"": 0.445846, ""2.B.1.c"": 0.361724, ""2.B.1.d"": 0.43512, ""2.B.1.e"": 0.394527, ""2.B.1.f"": 0.453585, ""2.B.2.i"": 0.621462, ""2.B.3.a"": 0.328191, ""2.B.3.b"": 0.384115, ""2.B.3.c"": 0.294098, ""2.B.3.d"": 0.222541, ""2.B.3.e"": 0.332448, ""2.B.3.g"": 0.435988, ""2.B.3.h"": 0.24301, ""2.B.3.j"": 0.339575, ""2.B.3.k"": 0.323799, ""2.B.3.l"": 0.234128, ""2.B.3.m"": 0.539733, ""2.B.4.e"": 0.478612, ""2.B.4.g"": 0.397012, ""2.B.4.h"": 0.376179, ""2.B.5.a"": 0.44263, ""2.B.5.b"": 0.198481, ""2.B.5.c"": 0.210732, ""2.B.5.d"": 0.374107}",在成都参与信息安全分析师工作7年，持续提升阅读理解、积极倾听、书面表达、口头表达等技能。,负责信息安全分析师相关项目，完成需求分析、代码实现、测试验证和上线复盘，使用网络工程知识解决实际业务问题。,我具备本科学历，专业为网络工程，目标方向是数据库管理员。重视工程质量、团队协作和持续学习。,"求职方向：数据库管理员
教育背景：本科｜网络工程
工作经历：在成都参与信息安全分析师工作7年，持续提升阅读理解、积极倾听、书面表达、口头表达等技能。
项目经历：负责信息安全分析师相关项目，完成需求分析、代码实现、测试验证和上线复盘，使用网络工程知识解决实际业务问题。
技能：阅读理解、积极倾听、书面表达、口头表达、数学、批判性思维、主动学习、学习策略、监控、社会洞察、协调、说服、谈判、指导、服务导向、复杂问题解决、运营分析、技术设计、设备选型、编程、运营监控、设备维护、故障排查、质量控制分析、判断与决策、系统分析、系统评估、时间管理、人员资源管理
自我评价：我具备本科学历，专业为网络工程，目标方向是数据库管理员。重视工程质量、团队协作和持续学习。",synthetic_chinese_resume
CR0135,u135,硕士,信息安全,3,武汉,15-1242.00,数据库管理员,15-2051.00,数据科学家,阅读理解、积极倾听、书面表达、口头表达、数学、批判性思维、主动学习、学习策略、监控、社会洞察、协调、说服、谈判、指导、服务导向、复杂问题解决、运营分析、技术设计、安装、编程、运营监控、故障排查、质量控制分析、判断与决策、系统分析、系统评估、时间管理、人员资源管理,"{""2.A.1.a"": 0.605811, ""2.A.1.b"": 0.524557, ""2.A.1.c"": 0.443129, ""2.A.1.d"": 0.538229, ""2.A.1.e"": 0.442197, ""2.A.1.f"": 0.192361, ""2.A.2.a"": 0.634918, ""2.A.2.b"": 0.564997, ""2.A.2.c"": 0.477906, ""2.A.2.d"": 0.47396, ""2.B.1.a"": 0.413599, ""2.B.1.b"": 0.447168, ""2.B.1.c"": 0.403068, ""2.B.1.d"": 0.326863, ""2.B.1.e"": 0.53097, ""2.B.1.f"": 0.432874, ""2.B.2.i"": 0.608884, ""2.B.3.a"": 0.34904, ""2.B.3.b"": 0.347896, ""2.B.3.c"": 0.25139, ""2.B.3.d"": 0.29546, ""2.B.3.e"": 0.529468, ""2.B.3.g"": 0.354692, ""2.B.3.h"": 0.246768, ""2.B.3.j"": 0.184488, ""2.B.3.k"": 0.34846, ""2.B.3.l"": 0.189598, ""2.B.3.m"": 0.343975, ""2.B.4.e"": 0.596873, ""2.B.4.g"": 0.511306, ""2.B.4.h"": 0.517995, ""2.B.5.a"": 0.434764, ""2.B.5.b"": 0.256938, ""2.B.5.c"": 0.233784, ""2.B.5.d"": 0.395324}",在武汉参与数据库管理员工作3年，持续提升阅读理解、积极倾听、书面表达、口头表达等技能。,负责数据库管理员相关项目，完成需求分析、代码实现、测试验证和上线复盘，使用信息安全知识解决实际业务问题。,我具备硕士学历，专业为信息安全，目标方向是数据科学家。重视工程质量、团队协作和持续学习。,"求职方向：数据科学家
教育背景：硕士｜信息安全
工作经历：在武汉参与数据库管理员工作3年，持续提升阅读理解、积极倾听、书面表达、口头表达等技能。
项目经历：负责数据库管理员相关项目，完成需求分析、代码实现、测试验证和上线复盘，使用信息安全知识解决实际业务问题。
技能：阅读理解、积极倾听、书面表达、口头表达、数学、批判性思维、主动学习、学习策略、监控、社会洞察、协调、说服、谈判、指导、服务导向、复杂问题解决、运营分析、技术设计、安装、编程、运营监控、故障排查、质量控制分析、判断与决策、系统分析、系统评估、时间管理、人员资源管理
自我评价：我具备硕士学历，专业为信息安全，目标方向是数据科学家。重视工程质量、团队协作和持续学习。",synthetic_chinese_resume
CR0136,u136,大专,计算机科学与技术,10,西安,15-1243.00,数据库架构师,15-1244.00,网络与计算机系统管理员,阅读理解、积极倾听、书面表达、口头表达、数学、科学、批判性思维、主动学习、学习策略、监控、社会洞察、协调、说服、谈判、指导、服务导向、复杂问题解决、运营分析、技术设计、编程、运营监控、故障排查、质量控制分析、判断与决策、系统分析、系统评估、时间管理、人员资源管理,"{""2.A.1.a"": 0.567695, ""2.A.1.b"": 0.520948, ""2.A.1.c"": 0.52709, ""2.A.1.d"": 0.545753, ""2.A.1.e"": 0.378437, ""2.A.1.f"": 0.304415, ""2.A.2.a"": 0.599446, ""2.A.2.b"": 0.524383, ""2.A.2.c"": 0.471331, ""2.A.2.d"": 0.499758, ""2.B.1.a"": 0.457819, ""2.B.1.b"": 0.451356, ""2.B.1.c"": 0.448443, ""2.B.1.d"": 0.454145, ""2.B.1.e"": 0.499687, ""2.B.1.f"": 0.343852, ""2.B.2.i"": 0.590519, ""2.B.3.a"": 0.543446, ""2.B.3.b"": 0.400231, ""2.B.3.c"": 0.189701, ""2.B.3.d"": 0.26597, ""2.B.3.e"": 0.535922, ""2.B.3.g"": 0.343978, ""2.B.3.h"": 0.20323, ""2.B.3.j"": 0.177031, ""2.B.3.k"": 0.315613, ""2.B.3.l"": 0.213075, ""2.B.3.m"": 0.295887, ""2.B.4.e"": 0.555708, ""2.B.4.g"": 0.537148, ""2.B.4.h"": 0.432792, ""2.B.5.a"": 0.435049, ""2.B.5.b"": 0.274094, ""2.B.5.c"": 0.187718, ""2.B.5.d"": 0.318503}",在西安参与数据库架构师工作10年，持续提升阅读理解、积极倾听、书面表达、口头表达等技能。,负责数据库架构师相关项目，完成需求分析、代码实现、测试验证和上线复盘，使用计算机科学与技术知识解决实际业务问题。,我具备大专学历，专业为计算机科学与技术，目标方向是网络与计算机系统管理员。重视工程质量、团队协作和持续学习。,"求职方向：网络与计算机系统管理员
教育背景：大专｜计算机科学与技术
工作经历：在西安参与数据库架构师工作10年，持续提升阅读理解、积极倾听、书面表达、口头表达等技能。
项目经历：负责数据库架构师相关项目，完成需求分析、代码实现、测试验证和上线复盘，使用计算机科学与技术知识解决实际业务问题。
技能：阅读理解、积极倾听、书面表达、口头表达、数学、科学、批判性思维、主动学习、学习策略、监控、社会洞察、协调、说服、谈判、指导、服务导向、复杂问题解决、运营分析、技术设计、编程、运营监控、故障排查、质量控制分析、判断与决策、系统分析、系统评估、时间管理、人员资源管理
自我评价：我具备大专学历，专业为计算机科学与技术，目标方向是网络与计算机系统管理员。重视工程质量、团队协作和持续学习。",synthetic_chinese_resume
CR0137,u137,本科,软件工程,6,北京,15-1244.00,网络与计算机系统管理员,15-1212.00,信息安全分析师,阅读理解、积极倾听、书面表达、口头表达、数学、科学、批判性思维、主动学习、学习策略、监控、社会洞察、协调、说服、谈判、指导、服务导向、复杂问题解决、运营分析、技术设计、设备选型、安装、编程、运营监控、操作与控制、设备维护、故障排查、修复、质量控制分析、判断与决策、系统分析、系统评估、时间管理、物资资源管理、人员资源管理,"{""2.A.1.a"": 0.554407, ""2.A.1.b"": 0.542303, ""2.A.1.c"": 0.492281, ""2.A.1.d"": 0.566261, ""2.A.1.e"": 0.423463, ""2.A.1.f"": 0.317066, ""2.A.2.a"": 0.536267, ""2.A.2.b"": 0.546367, ""2.A.2.c"": 0.37889, ""2.A.2.d"": 0.477677, ""2.B.1.a"": 0.364604, ""2.B.1.b"": 0.397762, ""2.B.1.c"": 0.345947, ""2.B.1.d"": 0.335313, ""2.B.1.e"": 0.471393, ""2.B.1.f"": 0.456438, ""2.B.2.i"": 0.605701, ""2.B.3.a"": 0.444842, ""2.B.3.b"": 0.372975, ""2.B.3.c"": 0.474495, ""2.B.3.d"": 0.383275, ""2.B.3.e"": 0.563824, ""2.B.3.g"": 0.514109, ""2.B.3.h"": 0.461031, ""2.B.3.j"": 0.433608, ""2.B.3.k"": 0.597163, ""2.B.3.l"": 0.489239, ""2.B.3.m"": 0.52403, ""2.B.4.e"": 0.618444, ""2.B.4.g"": 0.457739, ""2.B.4.h"": 0.541864, ""2.B.5.a"": 0.550552, ""2.B.5.b"": 0.252621, ""2.B.5.c"": 0.449875, ""2.B.5.d"": 0.363761}",在北京参与网络与计算机系统管理员工作6年，持续提升阅读理解、积极倾听、书面表达、口头表达等技能。,负责网络与计算机系统管理员相关项目，完成需求分析、代码实现、测试验证和上线复盘，使用软件工程知识解决实际业务问题。,我具备本科学历，专业为软件工程，目标方向是信息安全分析师。重视工程质量、团队协作和持续学习。,"求职方向：信息安全分析师
教育背景：本科｜软件工程
工作经历：在北京参与网络与计算机系统管理员工作6年，持续提升阅读理解、积极倾听、书面表达、口头表达等技能。
项目经历：负责网络与计算机系统管理员相关项目，完成需求分析、代码实现、测试验证和上线复盘，使用软件工程知识解决实际业务问题。
技能：阅读理解、积极倾听、书面表达、口头表达、数学、科学、批判性思维、主动学习、学习策略、监控、社会洞察、协调、说服、谈判、指导、服务导向、复杂问题解决、运营分析、技术设计、设备选型、安装、编程、运营监控、操作与控制、设备维护、故障排查、修复、质量控制分析、判断与决策、系统分析、系统评估、时间管理、物资资源管理、人员资源管理
自我评价：我具备本科学历，专业为软件工程，目标方向是信息安全分析师。重视工程质量、团队协作和持续学习。",synthetic_chinese_resume
CR0138,u138,本科,数据科学与大数据技术,2,上海,15-1251.00,计算机程序员,15-1252.00,软件开发工程师,阅读理解、积极倾听、书面表达、口头表达、数学、科学、批判性思维、主动学习、学习策略、监控、社会洞察、协调、说服、谈判、指导、服务导向、复杂问题解决、运营分析、技术设计、编程、运营监控、质量控制分析、判断与决策、系统分析、系统评估、时间管理、财务资源管理、物资资源管理、人员资源管理,"{""2.A.1.a"": 0.444369, ""2.A.1.b"": 0.565558, ""2.A.1.c"": 0.488424, ""2.A.1.d"": 0.44801, ""2.A.1.e"": 0.472087, ""2.A.1.f"": 0.316394, ""2.A.2.a"": 0.554607, ""2.A.2.b"": 0.44117, ""2.A.2.c"": 0.340537, ""2.A.2.d"": 0.482521, ""2.B.1.a"": 0.349488, ""2.B.1.b"": 0.42322, ""2.B.1.c"": 0.280167, ""2.B.1.d"": 0.306976, ""2.B.1.e"": 0.369669, ""2.B.1.f"": 0.339431, ""2.B.2.i"": 0.521343, ""2.B.3.a"": 0.503087, ""2.B.3.b"": 0.414002, ""2.B.3.c"": 0.236985, ""2.B.3.d"": 0.22607, ""2.B.3.e"": 0.770871, ""2.B.3.g"": 0.314684, ""2.B.3.h"": 0.235659, ""2.B.3.j"": 0.119866, ""2.B.3.k"": 0.243915, ""2.B.3.l"": 0.198686, ""2.B.3.m"": 0.584259, ""2.B.4.e"": 0.373148, ""2.B.4.g"": 0.492441, ""2.B.4.h"": 0.456835, ""2.B.5.a"": 0.479387, ""2.B.5.b"": 0.286267, ""2.B.5.c"": 0.313598, ""2.B.5.d"": 0.321936}",在上海参与计算机程序员工作2年，持续提升阅读理解、积极倾听、书面表达、口头表达等技能。,负责计算机程序员相关项目，完成需求分析、代码实现、测试验证和上线复盘，使用数据科学与大数据技术知识解决实际业务问题。,我具备本科学历，专业为数据科学与大数据技术，目标方向是软件开发工程师。重视工程质量、团队协作和持续学习。,"求职方向：软件开发工程师
教育背景：本科｜数据科学与大数据技术
工作经历：在上海参与计算机程序员工作2年，持续提升阅读理解、积极倾听、书面表达、口头表达等技能。
项目经历：负责计算机程序员相关项目，完成需求分析、代码实现、测试验证和上线复盘，使用数据科学与大数据技术知识解决实际业务问题。
技能：阅读理解、积极倾听、书面表达、口头表达、数学、科学、批判性思维、主动学习、学习策略、监控、社会洞察、协调、说服、谈判、指导、服务导向、复杂问题解决、运营分析、技术设计、编程、运营监控、质量控制分析、判断与决策、系统分析、系统评估、时间管理、财务资源管理、物资资源管理、人员资源管理
自我评价：我具备本科学历，专业为数据科学与大数据技术，目标方向是软件开发工程师。重视工程质量、团队协作和持续学习。",synthetic_chinese_resume
CR0139,u139,硕士,网络工程,9,广州,15-1252.00,软件开发工程师,15-1253.00,软件质量保证分析师与测试工程师,阅读理解、积极倾听、书面表达、口头表达、数学、批判性思维、主动学习、学习策略、监控、社会洞察、协调、说服、谈判、指导、服务导向、复杂问题解决、技术设计、运营监控、故障排查、判断与决策、系统分析、系统评估、时间管理、人员资源管理,"{""2.A.1.a"": 0.64056, ""2.A.1.b"": 0.576267, ""2.A.1.c"": 0.511219, ""2.A.1.d"": 0.536445, ""2.A.1.e"": 0.35206, ""2.A.1.f"": 0.159675, ""2.A.2.a"": 0.561176, ""2.A.2.b"": 0.485875, ""2.A.2.c"": 0.438828, ""2.A.2.d"": 0.517139, ""2.B.1.a"": 0.430261, ""2.B.1.b"": 0.528858, ""2.B.1.c"": 0.437836, ""2.B.1.d"": 0.451719, ""2.B.1.e"": 0.378016, ""2.B.1.f"": 0.399986, ""2.B.2.i"": 0.502614, ""2.B.3.a"": 0.200426, ""2.B.3.b"": 0.534464, ""2.B.3.c"": 0.193262, ""2.B.3.d"": 0.196341, ""2.B.3.e"": 0.104719, ""2.B.3.g"": 0.392804, ""2.B.3.h"": 0.221128, ""2.B.3.j"": 0.195094, ""2.B.3.k"": 0.364763, ""2.B.3.l"": 0.221138, ""2.B.3.m"": 0.211196, ""2.B.4.e"": 0.596577, ""2.B.4.g"": 0.520323, ""2.B.4.h"": 0.543963, ""2.B.5.a"": 0.391398, ""2.B.5.b"": 0.118654, ""2.B.5.c"": 0.275513, ""2.B.5.d"": 0.434931}",在广州参与软件开发工程师工作9年，持续提升阅读理解、积极倾听、书面表达、口头表达等技能。,负责软件开发工程师相关项目，完成需求分析、代码实现、测试验证和上线复盘，使用网络工程知识解决实际业务问题。,我具备硕士学历，专业为网络工程，目标方向是软件质量保证分析师与测试工程师。重视工程质量、团队协作和持续学习。,"求职方向：软件质量保证分析师与测试工程师
教育背景：硕士｜网络工程
工作经历：在广州参与软件开发工程师工作9年，持续提升阅读理解、积极倾听、书面表达、口头表达等技能。
项目经历：负责软件开发工程师相关项目，完成需求分析、代码实现、测试验证和上线复盘，使用网络工程知识解决实际业务问题。
技能：阅读理解、积极倾听、书面表达、口头表达、数学、批判性思维、主动学习、学习策略、监控、社会洞察、协调、说服、谈判、指导、服务导向、复杂问题解决、技术设计、运营监控、故障排查、判断与决策、系统分析、系统评估、时间管理、人员资源管理
自我评价：我具备硕士学历，专业为网络工程，目标方向是软件质量保证分析师与测试工程师。重视工程质量、团队协作和持续学习。",synthetic_chinese_resume
CR0140,u140,大专,信息安全,5,深圳,15-1253.00,软件质量保证分析师与测试工程师,15-1252.00,软件开发工程师,阅读理解、积极倾听、书面表达、口头表达、数学、科学、批判性思维、主动学习、学习策略、监控、社会洞察、协调、说服、谈判、指导、服务导向、复杂问题解决、运营分析、技术设计、安装、编程、运营监控、操作与控制、故障排查、质量控制分析、判断与决策、系统分析、系统评估、时间管理,"{""2.A.1.a"": 0.563418, ""2.A.1.b"": 0.586018, ""2.A.1.c"": 0.468529, ""2.A.1.d"": 0.623385, ""2.A.1.e"": 0.395123, ""2.A.1.f"": 0.383674, ""2.A.2.a"": 0.567594, ""2.A.2.b"": 0.413939, ""2.A.2.c"": 0.418919, ""2.A.2.d"": 0.486672, ""2.B.1.a"": 0.375095, ""2.B.1.b"": 0.391294, ""2.B.1.c"": 0.334242, ""2.B.1.d"": 0.334417, ""2.B.1.e"": 0.32257, ""2.B.1.f"": 0.393641, ""2.B.2.i"": 0.507822, ""2.B.3.a"": 0.46916, ""2.B.3.b"": 0.336184, ""2.B.3.c"": 0.25953, ""2.B.3.d"": 0.350325, ""2.B.3.e"": 0.498708, ""2.B.3.g"": 0.434255, ""2.B.3.h"": 0.30636, ""2.B.3.j"": 0.203803, ""2.B.3.k"": 0.439031, ""2.B.3.l"": 0.256985, ""2.B.3.m"": 0.529441, ""2.B.4.e"": 0.396073, ""2.B.4.g"": 0.471431, ""2.B.4.h"": 0.445437, ""2.B.5.a"": 0.445229, ""2.B.5.b"": 0.191572, ""2.B.5.c"": 0.218181, ""2.B.5.d"": 0.250318}",在深圳参与软件质量保证分析师与测试工程师工作5年，持续提升阅读理解、积极倾听、书面表达、口头表达等技能。,负责软件质量保证分析师与测试工程师相关项目，完成需求分析、代码实现、测试验证和上线复盘，使用信息安全知识解决实际业务问题。,我具备大专学历，专业为信息安全，目标方向是软件开发工程师。重视工程质量、团队协作和持续学习。,"求职方向：软件开发工程师
教育背景：大专｜信息安全
工作经历：在深圳参与软件质量保证分析师与测试工程师工作5年，持续提升阅读理解、积极倾听、书面表达、口头表达等技能。
项目经历：负责软件质量保证分析师与测试工程师相关项目，完成需求分析、代码实现、测试验证和上线复盘，使用信息安全知识解决实际业务问题。
技能：阅读理解、积极倾听、书面表达、口头表达、数学、科学、批判性思维、主动学习、学习策略、监控、社会洞察、协调、说服、谈判、指导、服务导向、复杂问题解决、运营分析、技术设计、安装、编程、运营监控、操作与控制、故障排查、质量控制分析、判断与决策、系统分析、系统评估、时间管理
自我评价：我具备大专学历，专业为信息安全，目标方向是软件开发工程师。重视工程质量、团队协作和持续学习。",synthetic_chinese_resume
CR0141,u141,本科,计算机科学与技术,1,杭州,15-1254.00,网页开发工程师,15-1252.00,软件开发工程师,阅读理解、积极倾听、书面表达、口头表达、数学、科学、批判性思维、主动学习、学习策略、监控、社会洞察、协调、说服、谈判、指导、服务导向、复杂问题解决、运营分析、技术设计、设备选型、编程、故障排查、修复、质量控制分析、判断与决策、系统分析、系统评估、时间管理、物资资源管理、人员资源管理,"{""2.A.1.a"": 0.588013, ""2.A.1.b"": 0.548797, ""2.A.1.c"": 0.497906, ""2.A.1.d"": 0.512833, ""2.A.1.e"": 0.438017, ""2.A.1.f"": 0.404425, ""2.A.2.a"": 0.482395, ""2.A.2.b"": 0.507222, ""2.A.2.c"": 0.433937, ""2.A.2.d"": 0.443724, ""2.B.1.a"": 0.342172, ""2.B.1.b"": 0.360691, ""2.B.1.c"": 0.412217, ""2.B.1.d"": 0.400016, ""2.B.1.e"": 0.454741, ""2.B.1.f"": 0.386073, ""2.B.2.i"": 0.591257, ""2.B.3.a"": 0.510896, ""2.B.3.b"": 0.369562, ""2.B.3.c"": 0.308845, ""2.B.3.d"": 0.200894, ""2.B.3.e"": 0.643014, ""2.B.3.g"": 0.265741, ""2.B.3.h"": 0.230859, ""2.B.3.j"": 0.247508, ""2.B.3.k"": 0.283789, ""2.B.3.l"": 0.30778, ""2.B.3.m"": 0.350026, ""2.B.4.e"": 0.461746, ""2.B.4.g"": 0.497603, ""2.B.4.h"": 0.47671, ""2.B.5.a"": 0.554773, ""2.B.5.b"": 0.224849, ""2.B.5.c"": 0.301165, ""2.B.5.d"": 0.315511}",在杭州参与网页开发工程师工作1年，持续提升阅读理解、积极倾听、书面表达、口头表达等技能。,负责网页开发工程师相关项目，完成需求分析、代码实现、测试验证和上线复盘，使用计算机科学与技术知识解决实际业务问题。,我具备本科学历，专业为计算机科学与技术，目标方向是软件开发工程师。重视工程质量、团队协作和持续学习。,"求职方向：软件开发工程师
教育背景：本科｜计算机科学与技术
工作经历：在杭州参与网页开发工程师工作1年，持续提升阅读理解、积极倾听、书面表达、口头表达等技能。
项目经历：负责网页开发工程师相关项目，完成需求分析、代码实现、测试验证和上线复盘，使用计算机科学与技术知识解决实际业务问题。
技能：阅读理解、积极倾听、书面表达、口头表达、数学、科学、批判性思维、主动学习、学习策略、监控、社会洞察、协调、说服、谈判、指导、服务导向、复杂问题解决、运营分析、技术设计、设备选型、编程、故障排查、修复、质量控制分析、判断与决策、系统分析、系统评估、时间管理、物资资源管理、人员资源管理
自我评价：我具备本科学历，专业为计算机科学与技术，目标方向是软件开发工程师。重视工程质量、团队协作和持续学习。",synthetic_chinese_resume
CR0142,u142,本科,软件工程,8,成都,15-1255.00,网页与数字界面设计师,15-2031.00,运筹分析师,阅读理解、积极倾听、书面表达、口头表达、数学、批判性思维、主动学习、学习策略、监控、社会洞察、协调、说服、谈判、指导、服务导向、复杂问题解决、运营分析、技术设计、编程、运营监控、故障排查、判断与决策、系统分析、系统评估、时间管理、物资资源管理、人员资源管理,"{""2.A.1.a"": 0.645844, ""2.A.1.b"": 0.518512, ""2.A.1.c"": 0.504576, ""2.A.1.d"": 0.559284, ""2.A.1.e"": 0.41701, ""2.A.1.f"": 0.195804, ""2.A.2.a"": 0.621915, ""2.A.2.b"": 0.477269, ""2.A.2.c"": 0.451615, ""2.A.2.d"": 0.469185, ""2.B.1.a"": 0.447607, ""2.B.1.b"": 0.440713, ""2.B.1.c"": 0.390487, ""2.B.1.d"": 0.468416, ""2.B.1.e"": 0.423574, ""2.B.1.f"": 0.369805, ""2.B.2.i"": 0.514648, ""2.B.3.a"": 0.457699, ""2.B.3.b"": 0.414864, ""2.B.3.c"": 0.230163, ""2.B.3.d"": 0.2202, ""2.B.3.e"": 0.610978, ""2.B.3.g"": 0.371805, ""2.B.3.h"": 0.222201, ""2.B.3.j"": 0.157103, ""2.B.3.k"": 0.280925, ""2.B.3.l"": 0.252264, ""2.B.3.m"": 0.253368, ""2.B.4.e"": 0.461434, ""2.B.4.g"": 0.541231, ""2.B.4.h"": 0.503741, ""2.B.5.a"": 0.412147, ""2.B.5.b"": 0.168203, ""2.B.5.c"": 0.325285, ""2.B.5.d"": 0.466893}",在成都参与网页与数字界面设计师工作8年，持续提升阅读理解、积极倾听、书面表达、口头表达等技能。,负责网页与数字界面设计师相关项目，完成需求分析、代码实现、测试验证和上线复盘，使用软件工程知识解决实际业务问题。,我具备本科学历，专业为软件工程，目标方向是运筹分析师。重视工程质量、团队协作和持续学习。,"求职方向：运筹分析师
教育背景：本科｜软件工程
工作经历：在成都参与网页与数字界面设计师工作8年，持续提升阅读理解、积极倾听、书面表达、口头表达等技能。
项目经历：负责网页与数字界面设计师相关项目，完成需求分析、代码实现、测试验证和上线复盘，使用软件工程知识解决实际业务问题。
技能：阅读理解、积极倾听、书面表达、口头表达、数学、批判性思维、主动学习、学习策略、监控、社会洞察、协调、说服、谈判、指导、服务导向、复杂问题解决、运营分析、技术设计、编程、运营监控、故障排查、判断与决策、系统分析、系统评估、时间管理、物资资源管理、人员资源管理
自我评价：我具备本科学历，专业为软件工程，目标方向是运筹分析师。重视工程质量、团队协作和持续学习。",synthetic_chinese_resume
CR0143,u143,硕士,数据科学与大数据技术,4,武汉,15-2031.00,运筹分析师,15-2051.00,数据科学家,阅读理解、积极倾听、书面表达、口头表达、数学、科学、批判性思维、主动学习、学习策略、监控、社会洞察、协调、说服、谈判、指导、服务导向、复杂问题解决、运营分析、技术设计、编程、质量控制分析、判断与决策、系统分析、系统评估、时间管理、人员资源管理,"{""2.A.1.a"": 0.597855, ""2.A.1.b"": 0.518685, ""2.A.1.c"": 0.625177, ""2.A.1.d"": 0.631777, ""2.A.1.e"": 0.703747, ""2.A.1.f"": 0.495602, ""2.A.2.a"": 0.575748, ""2.A.2.b"": 0.614476, ""2.A.2.c"": 0.432546, ""2.A.2.d"": 0.444428, ""2.B.1.a"": 0.38157, ""2.B.1.b"": 0.424333, ""2.B.1.c"": 0.427562, ""2.B.1.d"": 0.3373, ""2.B.1.e"": 0.39774, ""2.B.1.f"": 0.363531, ""2.B.2.i"": 0.692905, ""2.B.3.a"": 0.550474, ""2.B.3.b"": 0.330692, ""2.B.3.c"": 0.267302, ""2.B.3.d"": 0.232394, ""2.B.3.e"": 0.324191, ""2.B.3.g"": 0.23571, ""2.B.3.h"": 0.16987, ""2.B.3.j"": 0.206831, ""2.B.3.k"": 0.258594, ""2.B.3.l"": 0.192159, ""2.B.3.m"": 0.36646, ""2.B.4.e"": 0.684472, ""2.B.4.g"": 0.585044, ""2.B.4.h"": 0.541997, ""2.B.5.a"": 0.359443, ""2.B.5.b"": 0.277781, ""2.B.5.c"": 0.262936, ""2.B.5.d"": 0.332325}",在武汉参与运筹分析师工作4年，持续提升阅读理解、积极倾听、书面表达、口头表达等技能。,负责运筹分析师相关项目，完成需求分析、代码实现、测试验证和上线复盘，使用数据科学与大数据技术知识解决实际业务问题。,我具备硕士学历，专业为数据科学与大数据技术，目标方向是数据科学家。重视工程质量、团队协作和持续学习。,"求职方向：数据科学家
教育背景：硕士｜数据科学与大数据技术
工作经历：在武汉参与运筹分析师工作4年，持续提升阅读理解、积极倾听、书面表达、口头表达等技能。
项目经历：负责运筹分析师相关项目，完成需求分析、代码实现、测试验证和上线复盘，使用数据科学与大数据技术知识解决实际业务问题。
技能：阅读理解、积极倾听、书面表达、口头表达、数学、科学、批判性思维、主动学习、学习策略、监控、社会洞察、协调、说服、谈判、指导、服务导向、复杂问题解决、运营分析、技术设计、编程、质量控制分析、判断与决策、系统分析、系统评估、时间管理、人员资源管理
自我评价：我具备硕士学历，专业为数据科学与大数据技术，目标方向是数据科学家。重视工程质量、团队协作和持续学习。",synthetic_chinese_resume
CR0144,u144,大专,网络工程,0,西安,15-2051.00,数据科学家,15-1211.00,计算机系统分析师,阅读理解、积极倾听、书面表达、口头表达、数学、批判性思维、主动学习、学习策略、监控、社会洞察、协调、说服、谈判、指导、服务导向、复杂问题解决、运营分析、编程、质量控制分析、判断与决策、系统分析、系统评估、时间管理、财务资源管理、人员资源管理,"{""2.A.1.a"": 0.737786, ""2.A.1.b"": 0.523337, ""2.A.1.c"": 0.585124, ""2.A.1.d"": 0.613809, ""2.A.1.e"": 0.565986, ""2.A.1.f"": 0.253462, ""2.A.2.a"": 0.679562, ""2.A.2.b"": 0.553461, ""2.A.2.c"": 0.341855, ""2.A.2.d"": 0.438579, ""2.B.1.a"": 0.437724, ""2.B.1.b"": 0.420635, ""2.B.1.c"": 0.371157, ""2.B.1.d"": 0.353814, ""2.B.1.e"": 0.429553, ""2.B.1.f"": 0.34918, ""2.B.2.i"": 0.524877, ""2.B.3.a"": 0.357547, ""2.B.3.b"": 0.154758, ""2.B.3.c"": 0.262903, ""2.B.3.d"": 0.183626, ""2.B.3.e"": 0.441602, ""2.B.3.g"": 0.251126, ""2.B.3.h"": 0.246983, ""2.B.3.j"": 0.178299, ""2.B.3.k"": 0.231271, ""2.B.3.l"": 0.262728, ""2.B.3.m"": 0.390316, ""2.B.4.e"": 0.612169, ""2.B.4.g"": 0.541436, ""2.B.4.h"": 0.500859, ""2.B.5.a"": 0.537511, ""2.B.5.b"": 0.320306, ""2.B.5.c"": 0.216882, ""2.B.5.d"": 0.374218}",在西安参与数据科学家工作0年，持续提升阅读理解、积极倾听、书面表达、口头表达等技能。,负责数据科学家相关项目，完成需求分析、代码实现、测试验证和上线复盘，使用网络工程知识解决实际业务问题。,我具备大专学历，专业为网络工程，目标方向是计算机系统分析师。重视工程质量、团队协作和持续学习。,"求职方向：计算机系统分析师
教育背景：大专｜网络工程
工作经历：在西安参与数据科学家工作0年，持续提升阅读理解、积极倾听、书面表达、口头表达等技能。
项目经历：负责数据科学家相关项目，完成需求分析、代码实现、测试验证和上线复盘，使用网络工程知识解决实际业务问题。
技能：阅读理解、积极倾听、书面表达、口头表达、数学、批判性思维、主动学习、学习策略、监控、社会洞察、协调、说服、谈判、指导、服务导向、复杂问题解决、运营分析、编程、质量控制分析、判断与决策、系统分析、系统评估、时间管理、财务资源管理、人员资源管理
自我评价：我具备大专学历，专业为网络工程，目标方向是计算机系统分析师。重视工程质量、团队协作和持续学习。",synthetic_chinese_resume
CR0145,u145,本科,信息安全,7,北京,15-1211.00,计算机系统分析师,15-2051.00,数据科学家,阅读理解、积极倾听、书面表达、口头表达、数学、批判性思维、主动学习、学习策略、监控、社会洞察、协调、说服、谈判、指导、服务导向、复杂问题解决、运营分析、技术设计、设备选型、安装、编程、运营监控、操作与控制、设备维护、故障排查、质量控制分析、判断与决策、系统分析、系统评估、时间管理、人员资源管理,"{""2.A.1.a"": 0.567725, ""2.A.1.b"": 0.590067, ""2.A.1.c"": 0.565814, ""2.A.1.d"": 0.551655, ""2.A.1.e"": 0.473018, ""2.A.1.f"": 0.271538, ""2.A.2.a"": 0.514126, ""2.A.2.b"": 0.591616, ""2.A.2.c"": 0.426657, ""2.A.2.d"": 0.475727, ""2.B.1.a"": 0.434273, ""2.B.1.b"": 0.438943, ""2.B.1.c"": 0.504959, ""2.B.1.d"": 0.368318, ""2.B.1.e"": 0.485233, ""2.B.1.f"": 0.303373, ""2.B.2.i"": 0.567432, ""2.B.3.a"": 0.48808, ""2.B.3.b"": 0.449866, ""2.B.3.c"": 0.341626, ""2.B.3.d"": 0.283793, ""2.B.3.e"": 0.543508, ""2.B.3.g"": 0.443151, ""2.B.3.h"": 0.297359, ""2.B.3.j"": 0.293932, ""2.B.3.k"": 0.510177, ""2.B.3.l"": 0.244846, ""2.B.3.m"": 0.445664, ""2.B.4.e"": 0.549601, ""2.B.4.g"": 0.589429, ""2.B.4.h"": 0.597233, ""2.B.5.a"": 0.470023, ""2.B.5.b"": 0.279343, ""2.B.5.c"": 0.251718, ""2.B.5.d"": 0.359857}",在北京参与计算机系统分析师工作7年，持续提升阅读理解、积极倾听、书面表达、口头表达等技能。,负责计算机系统分析师相关项目，完成需求分析、代码实现、测试验证和上线复盘，使用信息安全知识解决实际业务问题。,我具备本科学历，专业为信息安全，目标方向是数据科学家。重视工程质量、团队协作和持续学习。,"求职方向：数据科学家
教育背景：本科｜信息安全
工作经历：在北京参与计算机系统分析师工作7年，持续提升阅读理解、积极倾听、书面表达、口头表达等技能。
项目经历：负责计算机系统分析师相关项目，完成需求分析、代码实现、测试验证和上线复盘，使用信息安全知识解决实际业务问题。
技能：阅读理解、积极倾听、书面表达、口头表达、数学、批判性思维、主动学习、学习策略、监控、社会洞察、协调、说服、谈判、指导、服务导向、复杂问题解决、运营分析、技术设计、设备选型、安装、编程、运营监控、操作与控制、设备维护、故障排查、质量控制分析、判断与决策、系统分析、系统评估、时间管理、人员资源管理
自我评价：我具备本科学历，专业为信息安全，目标方向是数据科学家。重视工程质量、团队协作和持续学习。",synthetic_chinese_resume
CR0146,u146,本科,计算机科学与技术,3,上海,15-1212.00,信息安全分析师,15-1242.00,数据库管理员,阅读理解、积极倾听、书面表达、口头表达、数学、科学、批判性思维、主动学习、学习策略、监控、社会洞察、协调、说服、谈判、指导、服务导向、复杂问题解决、运营分析、技术设计、编程、运营监控、操作与控制、质量控制分析、判断与决策、系统分析、系统评估、时间管理、人员资源管理,"{""2.A.1.a"": 0.554054, ""2.A.1.b"": 0.513034, ""2.A.1.c"": 0.499338, ""2.A.1.d"": 0.526161, ""2.A.1.e"": 0.308058, ""2.A.1.f"": 0.297256, ""2.A.2.a"": 0.54787, ""2.A.2.b"": 0.568865, ""2.A.2.c"": 0.408057, ""2.A.2.d"": 0.509896, ""2.B.1.a"": 0.346279, ""2.B.1.b"": 0.451439, ""2.B.1.c"": 0.411792, ""2.B.1.d"": 0.339184, ""2.B.1.e"": 0.479012, ""2.B.1.f"": 0.380552, ""2.B.2.i"": 0.549692, ""2.B.3.a"": 0.334907, ""2.B.3.b"": 0.306694, ""2.B.3.c"": 0.236167, ""2.B.3.d"": 0.156055, ""2.B.3.e"": 0.429131, ""2.B.3.g"": 0.493236, ""2.B.3.h"": 0.312837, ""2.B.3.j"": 0.223657, ""2.B.3.k"": 0.204797, ""2.B.3.l"": 0.218304, ""2.B.3.m"": 0.498371, ""2.B.4.e"": 0.521922, ""2.B.4.g"": 0.494443, ""2.B.4.h"": 0.46285, ""2.B.5.a"": 0.490139, ""2.B.5.b"": 0.229957, ""2.B.5.c"": 0.231717, ""2.B.5.d"": 0.37419}",在上海参与信息安全分析师工作3年，持续提升阅读理解、积极倾听、书面表达、口头表达等技能。,负责信息安全分析师相关项目，完成需求分析、代码实现、测试验证和上线复盘，使用计算机科学与技术知识解决实际业务问题。,我具备本科学历，专业为计算机科学与技术，目标方向是数据库管理员。重视工程质量、团队协作和持续学习。,"求职方向：数据库管理员
教育背景：本科｜计算机科学与技术
工作经历：在上海参与信息安全分析师工作3年，持续提升阅读理解、积极倾听、书面表达、口头表达等技能。
项目经历：负责信息安全分析师相关项目，完成需求分析、代码实现、测试验证和上线复盘，使用计算机科学与技术知识解决实际业务问题。
技能：阅读理解、积极倾听、书面表达、口头表达、数学、科学、批判性思维、主动学习、学习策略、监控、社会洞察、协调、说服、谈判、指导、服务导向、复杂问题解决、运营分析、技术设计、编程、运营监控、操作与控制、质量控制分析、判断与决策、系统分析、系统评估、时间管理、人员资源管理
自我评价：我具备本科学历，专业为计算机科学与技术，目标方向是数据库管理员。重视工程质量、团队协作和持续学习。",synthetic_chinese_resume
CR0147,u147,硕士,软件工程,10,广州,15-1242.00,数据库管理员,15-2051.00,数据科学家,阅读理解、积极倾听、书面表达、口头表达、数学、科学、批判性思维、主动学习、学习策略、监控、社会洞察、协调、说服、指导、服务导向、复杂问题解决、运营分析、技术设计、编程、运营监控、操作与控制、质量控制分析、判断与决策、系统分析、系统评估、时间管理、财务资源管理、人员资源管理,"{""2.A.1.a"": 0.628378, ""2.A.1.b"": 0.522514, ""2.A.1.c"": 0.490616, ""2.A.1.d"": 0.470085, ""2.A.1.e"": 0.432471, ""2.A.1.f"": 0.396641, ""2.A.2.a"": 0.673683, ""2.A.2.b"": 0.613261, ""2.A.2.c"": 0.520422, ""2.A.2.d"": 0.539669, ""2.B.1.a"": 0.39653, ""2.B.1.b"": 0.421653, ""2.B.1.c"": 0.359998, ""2.B.1.d"": 0.182769, ""2.B.1.e"": 0.531248, ""2.B.1.f"": 0.390853, ""2.B.2.i"": 0.569192, ""2.B.3.a"": 0.425889, ""2.B.3.b"": 0.284323, ""2.B.3.c"": 0.223224, ""2.B.3.d"": 0.176941, ""2.B.3.e"": 0.520655, ""2.B.3.g"": 0.330117, ""2.B.3.h"": 0.299097, ""2.B.3.j"": 0.185292, ""2.B.3.k"": 0.262971, ""2.B.3.l"": 0.123578, ""2.B.3.m"": 0.283995, ""2.B.4.e"": 0.617355, ""2.B.4.g"": 0.422454, ""2.B.4.h"": 0.45141, ""2.B.5.a"": 0.342439, ""2.B.5.b"": 0.300671, ""2.B.5.c"": 0.163437, ""2.B.5.d"": 0.408223}",在广州参与数据库管理员工作10年，持续提升阅读理解、积极倾听、书面表达、口头表达等技能。,负责数据库管理员相关项目，完成需求分析、代码实现、测试验证和上线复盘，使用软件工程知识解决实际业务问题。,我具备硕士学历，专业为软件工程，目标方向是数据科学家。重视工程质量、团队协作和持续学习。,"求职方向：数据科学家
教育背景：硕士｜软件工程
工作经历：在广州参与数据库管理员工作10年，持续提升阅读理解、积极倾听、书面表达、口头表达等技能。
项目经历：负责数据库管理员相关项目，完成需求分析、代码实现、测试验证和上线复盘，使用软件工程知识解决实际业务问题。
技能：阅读理解、积极倾听、书面表达、口头表达、数学、科学、批判性思维、主动学习、学习策略、监控、社会洞察、协调、说服、指导、服务导向、复杂问题解决、运营分析、技术设计、编程、运营监控、操作与控制、质量控制分析、判断与决策、系统分析、系统评估、时间管理、财务资源管理、人员资源管理
自我评价：我具备硕士学历，专业为软件工程，目标方向是数据科学家。重视工程质量、团队协作和持续学习。",synthetic_chinese_resume
CR0148,u148,大专,数据科学与大数据技术,6,深圳,15-1243.00,数据库架构师,15-1244.00,网络与计算机系统管理员,阅读理解、积极倾听、书面表达、口头表达、数学、批判性思维、主动学习、学习策略、监控、社会洞察、协调、说服、谈判、指导、服务导向、复杂问题解决、运营分析、技术设计、安装、编程、运营监控、质量控制分析、判断与决策、系统分析、系统评估、时间管理、财务资源管理、物资资源管理、人员资源管理,"{""2.A.1.a"": 0.574593, ""2.A.1.b"": 0.396573, ""2.A.1.c"": 0.53419, ""2.A.1.d"": 0.5146, ""2.A.1.e"": 0.462477, ""2.A.1.f"": 0.278316, ""2.A.2.a"": 0.64651, ""2.A.2.b"": 0.365761, ""2.A.2.c"": 0.451385, ""2.A.2.d"": 0.51481, ""2.B.1.a"": 0.42269, ""2.B.1.b"": 0.365521, ""2.B.1.c"": 0.408295, ""2.B.1.d"": 0.470863, ""2.B.1.e"": 0.417295, ""2.B.1.f"": 0.371687, ""2.B.2.i"": 0.624694, ""2.B.3.a"": 0.433835, ""2.B.3.b"": 0.427494, ""2.B.3.c"": 0.234332, ""2.B.3.d"": 0.281399, ""2.B.3.e"": 0.529906, ""2.B.3.g"": 0.307728, ""2.B.3.h"": 0.262595, ""2.B.3.j"": 0.233826, ""2.B.3.k"": 0.278775, ""2.B.3.l"": 0.174555, ""2.B.3.m"": 0.316994, ""2.B.4.e"": 0.611307, ""2.B.4.g"": 0.530478, ""2.B.4.h"": 0.51576, ""2.B.5.a"": 0.463737, ""2.B.5.b"": 0.340146, ""2.B.5.c"": 0.289203, ""2.B.5.d"": 0.464023}",在深圳参与数据库架构师工作6年，持续提升阅读理解、积极倾听、书面表达、口头表达等技能。,负责数据库架构师相关项目，完成需求分析、代码实现、测试验证和上线复盘，使用数据科学与大数据技术知识解决实际业务问题。,我具备大专学历，专业为数据科学与大数据技术，目标方向是网络与计算机系统管理员。重视工程质量、团队协作和持续学习。,"求职方向：网络与计算机系统管理员
教育背景：大专｜数据科学与大数据技术
工作经历：在深圳参与数据库架构师工作6年，持续提升阅读理解、积极倾听、书面表达、口头表达等技能。
项目经历：负责数据库架构师相关项目，完成需求分析、代码实现、测试验证和上线复盘，使用数据科学与大数据技术知识解决实际业务问题。
技能：阅读理解、积极倾听、书面表达、口头表达、数学、批判性思维、主动学习、学习策略、监控、社会洞察、协调、说服、谈判、指导、服务导向、复杂问题解决、运营分析、技术设计、安装、编程、运营监控、质量控制分析、判断与决策、系统分析、系统评估、时间管理、财务资源管理、物资资源管理、人员资源管理
自我评价：我具备大专学历，专业为数据科学与大数据技术，目标方向是网络与计算机系统管理员。重视工程质量、团队协作和持续学习。",synthetic_chinese_resume
CR0149,u149,本科,网络工程,2,杭州,15-1244.00,网络与计算机系统管理员,15-1212.00,信息安全分析师,阅读理解、积极倾听、书面表达、口头表达、数学、科学、批判性思维、主动学习、学习策略、监控、社会洞察、协调、说服、谈判、指导、服务导向、复杂问题解决、运营分析、技术设计、设备选型、安装、编程、运营监控、操作与控制、设备维护、故障排查、修复、质量控制分析、判断与决策、系统分析、系统评估、时间管理、物资资源管理、人员资源管理,"{""2.A.1.a"": 0.671896, ""2.A.1.b"": 0.501277, ""2.A.1.c"": 0.512368, ""2.A.1.d"": 0.548219, ""2.A.1.e"": 0.433918, ""2.A.1.f"": 0.35026, ""2.A.2.a"": 0.612392, ""2.A.2.b"": 0.553948, ""2.A.2.c"": 0.392598, ""2.A.2.d"": 0.522278, ""2.B.1.a"": 0.422819, ""2.B.1.b"": 0.49748, ""2.B.1.c"": 0.318599, ""2.B.1.d"": 0.340092, ""2.B.1.e"": 0.42294, ""2.B.1.f"": 0.458136, ""2.B.2.i"": 0.603615, ""2.B.3.a"": 0.461753, ""2.B.3.b"": 0.403459, ""2.B.3.c"": 0.443007, ""2.B.3.d"": 0.347663, ""2.B.3.e"": 0.500963, ""2.B.3.g"": 0.443037, ""2.B.3.h"": 0.415246, ""2.B.3.j"": 0.47352, ""2.B.3.k"": 0.622478, ""2.B.3.l"": 0.498402, ""2.B.3.m"": 0.455618, ""2.B.4.e"": 0.595238, ""2.B.4.g"": 0.61873, ""2.B.4.h"": 0.568102, ""2.B.5.a"": 0.47603, ""2.B.5.b"": 0.230911, ""2.B.5.c"": 0.386732, ""2.B.5.d"": 0.4482}",在杭州参与网络与计算机系统管理员工作2年，持续提升阅读理解、积极倾听、书面表达、口头表达等技能。,负责网络与计算机系统管理员相关项目，完成需求分析、代码实现、测试验证和上线复盘，使用网络工程知识解决实际业务问题。,我具备本科学历，专业为网络工程，目标方向是信息安全分析师。重视工程质量、团队协作和持续学习。,"求职方向：信息安全分析师
教育背景：本科｜网络工程
工作经历：在杭州参与网络与计算机系统管理员工作2年，持续提升阅读理解、积极倾听、书面表达、口头表达等技能。
项目经历：负责网络与计算机系统管理员相关项目，完成需求分析、代码实现、测试验证和上线复盘，使用网络工程知识解决实际业务问题。
技能：阅读理解、积极倾听、书面表达、口头表达、数学、科学、批判性思维、主动学习、学习策略、监控、社会洞察、协调、说服、谈判、指导、服务导向、复杂问题解决、运营分析、技术设计、设备选型、安装、编程、运营监控、操作与控制、设备维护、故障排查、修复、质量控制分析、判断与决策、系统分析、系统评估、时间管理、物资资源管理、人员资源管理
自我评价：我具备本科学历，专业为网络工程，目标方向是信息安全分析师。重视工程质量、团队协作和持续学习。",synthetic_chinese_resume
CR0150,u150,本科,信息安全,9,成都,15-1251.00,计算机程序员,15-1252.00,软件开发工程师,阅读理解、积极倾听、书面表达、口头表达、数学、科学、批判性思维、主动学习、学习策略、监控、社会洞察、协调、说服、指导、服务导向、复杂问题解决、运营分析、技术设计、编程、运营监控、质量控制分析、判断与决策、系统分析、系统评估、时间管理、财务资源管理、物资资源管理、人员资源管理,"{""2.A.1.a"": 0.444075, ""2.A.1.b"": 0.653609, ""2.A.1.c"": 0.399022, ""2.A.1.d"": 0.452514, ""2.A.1.e"": 0.467585, ""2.A.1.f"": 0.498861, ""2.A.2.a"": 0.463357, ""2.A.2.b"": 0.42815, ""2.A.2.c"": 0.378161, ""2.A.2.d"": 0.391265, ""2.B.1.a"": 0.386238, ""2.B.1.b"": 0.333135, ""2.B.1.c"": 0.342741, ""2.B.1.d"": 0.246524, ""2.B.1.e"": 0.313663, ""2.B.1.f"": 0.456912, ""2.B.2.i"": 0.551364, ""2.B.3.a"": 0.44905, ""2.B.3.b"": 0.36658, ""2.B.3.c"": 0.144281, ""2.B.3.d"": 0.223237, ""2.B.3.e"": 0.712443, ""2.B.3.g"": 0.357868, ""2.B.3.h"": 0.21958, ""2.B.3.j"": 0.246701, ""2.B.3.k"": 0.257034, ""2.B.3.l"": 0.208108, ""2.B.3.m"": 0.475867, ""2.B.4.e"": 0.536581, ""2.B.4.g"": 0.390348, ""2.B.4.h"": 0.42584, ""2.B.5.a"": 0.37331, ""2.B.5.b"": 0.301529, ""2.B.5.c"": 0.333818, ""2.B.5.d"": 0.333655}",在成都参与计算机程序员工作9年，持续提升阅读理解、积极倾听、书面表达、口头表达等技能。,负责计算机程序员相关项目，完成需求分析、代码实现、测试验证和上线复盘，使用信息安全知识解决实际业务问题。,我具备本科学历，专业为信息安全，目标方向是软件开发工程师。重视工程质量、团队协作和持续学习。,"求职方向：软件开发工程师
教育背景：本科｜信息安全
工作经历：在成都参与计算机程序员工作9年，持续提升阅读理解、积极倾听、书面表达、口头表达等技能。
项目经历：负责计算机程序员相关项目，完成需求分析、代码实现、测试验证和上线复盘，使用信息安全知识解决实际业务问题。
技能：阅读理解、积极倾听、书面表达、口头表达、数学、科学、批判性思维、主动学习、学习策略、监控、社会洞察、协调、说服、指导、服务导向、复杂问题解决、运营分析、技术设计、编程、运营监控、质量控制分析、判断与决策、系统分析、系统评估、时间管理、财务资源管理、物资资源管理、人员资源管理
自我评价：我具备本科学历，专业为信息安全，目标方向是软件开发工程师。重视工程质量、团队协作和持续学习。",synthetic_chinese_resume
CR0151,u151,硕士,计算机科学与技术,5,武汉,15-1252.00,软件开发工程师,15-1253.00,软件质量保证分析师与测试工程师,阅读理解、积极倾听、书面表达、口头表达、数学、科学、批判性思维、主动学习、学习策略、监控、社会洞察、协调、说服、谈判、指导、服务导向、复杂问题解决、技术设计、运营监控、故障排查、判断与决策、系统分析、系统评估、时间管理、人员资源管理,"{""2.A.1.a"": 0.567854, ""2.A.1.b"": 0.524405, ""2.A.1.c"": 0.471923, ""2.A.1.d"": 0.528785, ""2.A.1.e"": 0.439093, ""2.A.1.f"": 0.288662, ""2.A.2.a"": 0.580246, ""2.A.2.b"": 0.534805, ""2.A.2.c"": 0.340649, ""2.A.2.d"": 0.465541, ""2.B.1.a"": 0.473612, ""2.B.1.b"": 0.464313, ""2.B.1.c"": 0.386101, ""2.B.1.d"": 0.412149, ""2.B.1.e"": 0.41288, ""2.B.1.f"": 0.419098, ""2.B.2.i"": 0.529898, ""2.B.3.a"": 0.186923, ""2.B.3.b"": 0.540192, ""2.B.3.c"": 0.104817, ""2.B.3.d"": 0.261219, ""2.B.3.e"": 0.242183, ""2.B.3.g"": 0.408992, ""2.B.3.h"": 0.125645, ""2.B.3.j"": 0.21194, ""2.B.3.k"": 0.388961, ""2.B.3.l"": 0.203374, ""2.B.3.m"": 0.192058, ""2.B.4.e"": 0.539146, ""2.B.4.g"": 0.521208, ""2.B.4.h"": 0.522233, ""2.B.5.a"": 0.402762, ""2.B.5.b"": 0.240059, ""2.B.5.c"": 0.275402, ""2.B.5.d"": 0.332454}",在武汉参与软件开发工程师工作5年，持续提升阅读理解、积极倾听、书面表达、口头表达等技能。,负责软件开发工程师相关项目，完成需求分析、代码实现、测试验证和上线复盘，使用计算机科学与技术知识解决实际业务问题。,我具备硕士学历，专业为计算机科学与技术，目标方向是软件质量保证分析师与测试工程师。重视工程质量、团队协作和持续学习。,"求职方向：软件质量保证分析师与测试工程师
教育背景：硕士｜计算机科学与技术
工作经历：在武汉参与软件开发工程师工作5年，持续提升阅读理解、积极倾听、书面表达、口头表达等技能。
项目经历：负责软件开发工程师相关项目，完成需求分析、代码实现、测试验证和上线复盘，使用计算机科学与技术知识解决实际业务问题。
技能：阅读理解、积极倾听、书面表达、口头表达、数学、科学、批判性思维、主动学习、学习策略、监控、社会洞察、协调、说服、谈判、指导、服务导向、复杂问题解决、技术设计、运营监控、故障排查、判断与决策、系统分析、系统评估、时间管理、人员资源管理
自我评价：我具备硕士学历，专业为计算机科学与技术，目标方向是软件质量保证分析师与测试工程师。重视工程质量、团队协作和持续学习。",synthetic_chinese_resume
CR0152,u152,大专,软件工程,1,西安,15-1253.00,软件质量保证分析师与测试工程师,15-1252.00,软件开发工程师,阅读理解、积极倾听、书面表达、口头表达、数学、科学、批判性思维、主动学习、学习策略、监控、社会洞察、协调、说服、谈判、指导、服务导向、复杂问题解决、运营分析、技术设计、编程、运营监控、故障排查、质量控制分析、判断与决策、系统分析、系统评估、时间管理、人员资源管理,"{""2.A.1.a"": 0.618848, ""2.A.1.b"": 0.538828, ""2.A.1.c"": 0.518834, ""2.A.1.d"": 0.53377, ""2.A.1.e"": 0.434053, ""2.A.1.f"": 0.476268, ""2.A.2.a"": 0.537743, ""2.A.2.b"": 0.373037, ""2.A.2.c"": 0.43431, ""2.A.2.d"": 0.494631, ""2.B.1.a"": 0.457595, ""2.B.1.b"": 0.406562, ""2.B.1.c"": 0.405165, ""2.B.1.d"": 0.301535, ""2.B.1.e"": 0.343872, ""2.B.1.f"": 0.354386, ""2.B.2.i"": 0.427809, ""2.B.3.a"": 0.375293, ""2.B.3.b"": 0.366985, ""2.B.3.c"": 0.262155, ""2.B.3.d"": 0.244583, ""2.B.3.e"": 0.546212, ""2.B.3.g"": 0.335835, ""2.B.3.h"": 0.187013, ""2.B.3.j"": 0.211568, ""2.B.3.k"": 0.503046, ""2.B.3.l"": 0.214975, ""2.B.3.m"": 0.564467, ""2.B.4.e"": 0.476033, ""2.B.4.g"": 0.393852, ""2.B.4.h"": 0.385813, ""2.B.5.a"": 0.397525, ""2.B.5.b"": 0.210111, ""2.B.5.c"": 0.188422, ""2.B.5.d"": 0.308651}",在西安参与软件质量保证分析师与测试工程师工作1年，持续提升阅读理解、积极倾听、书面表达、口头表达等技能。,负责软件质量保证分析师与测试工程师相关项目，完成需求分析、代码实现、测试验证和上线复盘，使用软件工程知识解决实际业务问题。,我具备大专学历，专业为软件工程，目标方向是软件开发工程师。重视工程质量、团队协作和持续学习。,"求职方向：软件开发工程师
教育背景：大专｜软件工程
工作经历：在西安参与软件质量保证分析师与测试工程师工作1年，持续提升阅读理解、积极倾听、书面表达、口头表达等技能。
项目经历：负责软件质量保证分析师与测试工程师相关项目，完成需求分析、代码实现、测试验证和上线复盘，使用软件工程知识解决实际业务问题。
技能：阅读理解、积极倾听、书面表达、口头表达、数学、科学、批判性思维、主动学习、学习策略、监控、社会洞察、协调、说服、谈判、指导、服务导向、复杂问题解决、运营分析、技术设计、编程、运营监控、故障排查、质量控制分析、判断与决策、系统分析、系统评估、时间管理、人员资源管理
自我评价：我具备大专学历，专业为软件工程，目标方向是软件开发工程师。重视工程质量、团队协作和持续学习。",synthetic_chinese_resume
CR0153,u153,本科,数据科学与大数据技术,8,北京,15-1254.00,网页开发工程师,15-1252.00,软件开发工程师,阅读理解、积极倾听、书面表达、口头表达、数学、科学、批判性思维、主动学习、学习策略、监控、社会洞察、协调、说服、谈判、指导、服务导向、复杂问题解决、运营分析、技术设计、设备选型、编程、运营监控、故障排查、质量控制分析、判断与决策、系统分析、系统评估、时间管理、财务资源管理、物资资源管理、人员资源管理,"{""2.A.1.a"": 0.467582, ""2.A.1.b"": 0.460206, ""2.A.1.c"": 0.482264, ""2.A.1.d"": 0.453725, ""2.A.1.e"": 0.38022, ""2.A.1.f"": 0.363181, ""2.A.2.a"": 0.56018, ""2.A.2.b"": 0.514496, ""2.A.2.c"": 0.448457, ""2.A.2.d"": 0.448016, ""2.B.1.a"": 0.414635, ""2.B.1.b"": 0.436451, ""2.B.1.c"": 0.397753, ""2.B.1.d"": 0.354374, ""2.B.1.e"": 0.452169, ""2.B.1.f"": 0.439163, ""2.B.2.i"": 0.524942, ""2.B.3.a"": 0.551023, ""2.B.3.b"": 0.352569, ""2.B.3.c"": 0.32314, ""2.B.3.d"": 0.268673, ""2.B.3.e"": 0.655997, ""2.B.3.g"": 0.382173, ""2.B.3.h"": 0.19646, ""2.B.3.j"": 0.209276, ""2.B.3.k"": 0.360254, ""2.B.3.l"": 0.155432, ""2.B.3.m"": 0.345218, ""2.B.4.e"": 0.530086, ""2.B.4.g"": 0.527892, ""2.B.4.h"": 0.431911, ""2.B.5.a"": 0.428824, ""2.B.5.b"": 0.291561, ""2.B.5.c"": 0.347026, ""2.B.5.d"": 0.309154}",在北京参与网页开发工程师工作8年，持续提升阅读理解、积极倾听、书面表达、口头表达等技能。,负责网页开发工程师相关项目，完成需求分析、代码实现、测试验证和上线复盘，使用数据科学与大数据技术知识解决实际业务问题。,我具备本科学历，专业为数据科学与大数据技术，目标方向是软件开发工程师。重视工程质量、团队协作和持续学习。,"求职方向：软件开发工程师
教育背景：本科｜数据科学与大数据技术
工作经历：在北京参与网页开发工程师工作8年，持续提升阅读理解、积极倾听、书面表达、口头表达等技能。
项目经历：负责网页开发工程师相关项目，完成需求分析、代码实现、测试验证和上线复盘，使用数据科学与大数据技术知识解决实际业务问题。
技能：阅读理解、积极倾听、书面表达、口头表达、数学、科学、批判性思维、主动学习、学习策略、监控、社会洞察、协调、说服、谈判、指导、服务导向、复杂问题解决、运营分析、技术设计、设备选型、编程、运营监控、故障排查、质量控制分析、判断与决策、系统分析、系统评估、时间管理、财务资源管理、物资资源管理、人员资源管理
自我评价：我具备本科学历，专业为数据科学与大数据技术，目标方向是软件开发工程师。重视工程质量、团队协作和持续学习。",synthetic_chinese_resume
CR0154,u154,本科,网络工程,4,上海,15-1255.00,网页与数字界面设计师,15-2031.00,运筹分析师,阅读理解、积极倾听、书面表达、口头表达、数学、批判性思维、主动学习、学习策略、监控、社会洞察、协调、说服、谈判、指导、服务导向、复杂问题解决、运营分析、技术设计、编程、运营监控、判断与决策、系统分析、系统评估、时间管理、人员资源管理,"{""2.A.1.a"": 0.552453, ""2.A.1.b"": 0.567091, ""2.A.1.c"": 0.550498, ""2.A.1.d"": 0.481965, ""2.A.1.e"": 0.371506, ""2.A.1.f"": 0.241628, ""2.A.2.a"": 0.551043, ""2.A.2.b"": 0.474688, ""2.A.2.c"": 0.400395, ""2.A.2.d"": 0.521984, ""2.B.1.a"": 0.461225, ""2.B.1.b"": 0.409901, ""2.B.1.c"": 0.444051, ""2.B.1.d"": 0.430854, ""2.B.1.e"": 0.42454, ""2.B.1.f"": 0.43195, ""2.B.2.i"": 0.542523, ""2.B.3.a"": 0.43778, ""2.B.3.b"": 0.427785, ""2.B.3.c"": 0.195899, ""2.B.3.d"": 0.124355, ""2.B.3.e"": 0.515791, ""2.B.3.g"": 0.286111, ""2.B.3.h"": 0.272217, ""2.B.3.j"": 0.228518, ""2.B.3.k"": 0.152345, ""2.B.3.l"": 0.093626, ""2.B.3.m"": 0.218113, ""2.B.4.e"": 0.535288, ""2.B.4.g"": 0.5135, ""2.B.4.h"": 0.526746, ""2.B.5.a"": 0.477928, ""2.B.5.b"": 0.209529, ""2.B.5.c"": 0.270849, ""2.B.5.d"": 0.343879}",在上海参与网页与数字界面设计师工作4年，持续提升阅读理解、积极倾听、书面表达、口头表达等技能。,负责网页与数字界面设计师相关项目，完成需求分析、代码实现、测试验证和上线复盘，使用网络工程知识解决实际业务问题。,我具备本科学历，专业为网络工程，目标方向是运筹分析师。重视工程质量、团队协作和持续学习。,"求职方向：运筹分析师
教育背景：本科｜网络工程
工作经历：在上海参与网页与数字界面设计师工作4年，持续提升阅读理解、积极倾听、书面表达、口头表达等技能。
项目经历：负责网页与数字界面设计师相关项目，完成需求分析、代码实现、测试验证和上线复盘，使用网络工程知识解决实际业务问题。
技能：阅读理解、积极倾听、书面表达、口头表达、数学、批判性思维、主动学习、学习策略、监控、社会洞察、协调、说服、谈判、指导、服务导向、复杂问题解决、运营分析、技术设计、编程、运营监控、判断与决策、系统分析、系统评估、时间管理、人员资源管理
自我评价：我具备本科学历，专业为网络工程，目标方向是运筹分析师。重视工程质量、团队协作和持续学习。",synthetic_chinese_resume
CR0155,u155,硕士,信息安全,0,广州,15-2031.00,运筹分析师,15-2051.00,数据科学家,阅读理解、积极倾听、书面表达、口头表达、数学、科学、批判性思维、主动学习、学习策略、监控、社会洞察、协调、说服、谈判、指导、服务导向、复杂问题解决、运营分析、编程、质量控制分析、判断与决策、系统分析、系统评估、时间管理、物资资源管理、人员资源管理,"{""2.A.1.a"": 0.612389, ""2.A.1.b"": 0.551259, ""2.A.1.c"": 0.560575, ""2.A.1.d"": 0.625698, ""2.A.1.e"": 0.788826, ""2.A.1.f"": 0.482373, ""2.A.2.a"": 0.580585, ""2.A.2.b"": 0.619496, ""2.A.2.c"": 0.480266, ""2.A.2.d"": 0.424537, ""2.B.1.a"": 0.353425, ""2.B.1.b"": 0.430015, ""2.B.1.c"": 0.438341, ""2.B.1.d"": 0.359702, ""2.B.1.e"": 0.470963, ""2.B.1.f"": 0.44086, ""2.B.2.i"": 0.5783, ""2.B.3.a"": 0.676598, ""2.B.3.b"": 0.107706, ""2.B.3.c"": 0.143536, ""2.B.3.d"": 0.173792, ""2.B.3.e"": 0.355615, ""2.B.3.g"": 0.27835, ""2.B.3.h"": 0.234974, ""2.B.3.j"": 0.22658, ""2.B.3.k"": 0.208937, ""2.B.3.l"": 0.192636, ""2.B.3.m"": 0.326069, ""2.B.4.e"": 0.600558, ""2.B.4.g"": 0.539277, ""2.B.4.h"": 0.531951, ""2.B.5.a"": 0.492054, ""2.B.5.b"": 0.236644, ""2.B.5.c"": 0.299973, ""2.B.5.d"": 0.360635}",在广州参与运筹分析师工作0年，持续提升阅读理解、积极倾听、书面表达、口头表达等技能。,负责运筹分析师相关项目，完成需求分析、代码实现、测试验证和上线复盘，使用信息安全知识解决实际业务问题。,我具备硕士学历，专业为信息安全，目标方向是数据科学家。重视工程质量、团队协作和持续学习。,"求职方向：数据科学家
教育背景：硕士｜信息安全
工作经历：在广州参与运筹分析师工作0年，持续提升阅读理解、积极倾听、书面表达、口头表达等技能。
项目经历：负责运筹分析师相关项目，完成需求分析、代码实现、测试验证和上线复盘，使用信息安全知识解决实际业务问题。
技能：阅读理解、积极倾听、书面表达、口头表达、数学、科学、批判性思维、主动学习、学习策略、监控、社会洞察、协调、说服、谈判、指导、服务导向、复杂问题解决、运营分析、编程、质量控制分析、判断与决策、系统分析、系统评估、时间管理、物资资源管理、人员资源管理
自我评价：我具备硕士学历，专业为信息安全，目标方向是数据科学家。重视工程质量、团队协作和持续学习。",synthetic_chinese_resume
CR0156,u156,大专,计算机科学与技术,7,深圳,15-2051.00,数据科学家,15-1211.00,计算机系统分析师,阅读理解、积极倾听、书面表达、口头表达、数学、批判性思维、主动学习、学习策略、监控、社会洞察、协调、说服、谈判、指导、服务导向、复杂问题解决、运营分析、设备选型、安装、编程、故障排查、质量控制分析、判断与决策、系统分析、系统评估、时间管理、人员资源管理,"{""2.A.1.a"": 0.599285, ""2.A.1.b"": 0.592681, ""2.A.1.c"": 0.543222, ""2.A.1.d"": 0.569424, ""2.A.1.e"": 0.552264, ""2.A.1.f"": 0.264492, ""2.A.2.a"": 0.633752, ""2.A.2.b"": 0.565267, ""2.A.2.c"": 0.357636, ""2.A.2.d"": 0.486899, ""2.B.1.a"": 0.400129, ""2.B.1.b"": 0.454804, ""2.B.1.c"": 0.380246, ""2.B.1.d"": 0.403753, ""2.B.1.e"": 0.400829, ""2.B.1.f"": 0.400434, ""2.B.2.i"": 0.512646, ""2.B.3.a"": 0.381475, ""2.B.3.b"": 0.251244, ""2.B.3.c"": 0.295379, ""2.B.3.d"": 0.290227, ""2.B.3.e"": 0.379941, ""2.B.3.g"": 0.244209, ""2.B.3.h"": 0.278337, ""2.B.3.j"": 0.150563, ""2.B.3.k"": 0.298235, ""2.B.3.l"": 0.267308, ""2.B.3.m"": 0.285086, ""2.B.4.e"": 0.514128, ""2.B.4.g"": 0.476876, ""2.B.4.h"": 0.528665, ""2.B.5.a"": 0.52789, ""2.B.5.b"": 0.235773, ""2.B.5.c"": 0.197719, ""2.B.5.d"": 0.367558}",在深圳参与数据科学家工作7年，持续提升阅读理解、积极倾听、书面表达、口头表达等技能。,负责数据科学家相关项目，完成需求分析、代码实现、测试验证和上线复盘，使用计算机科学与技术知识解决实际业务问题。,我具备大专学历，专业为计算机科学与技术，目标方向是计算机系统分析师。重视工程质量、团队协作和持续学习。,"求职方向：计算机系统分析师
教育背景：大专｜计算机科学与技术
工作经历：在深圳参与数据科学家工作7年，持续提升阅读理解、积极倾听、书面表达、口头表达等技能。
项目经历：负责数据科学家相关项目，完成需求分析、代码实现、测试验证和上线复盘，使用计算机科学与技术知识解决实际业务问题。
技能：阅读理解、积极倾听、书面表达、口头表达、数学、批判性思维、主动学习、学习策略、监控、社会洞察、协调、说服、谈判、指导、服务导向、复杂问题解决、运营分析、设备选型、安装、编程、故障排查、质量控制分析、判断与决策、系统分析、系统评估、时间管理、人员资源管理
自我评价：我具备大专学历，专业为计算机科学与技术，目标方向是计算机系统分析师。重视工程质量、团队协作和持续学习。",synthetic_chinese_resume
CR0157,u157,本科,软件工程,3,杭州,15-1211.00,计算机系统分析师,15-2051.00,数据科学家,阅读理解、积极倾听、书面表达、口头表达、数学、科学、批判性思维、主动学习、学习策略、监控、社会洞察、协调、说服、谈判、指导、服务导向、复杂问题解决、运营分析、技术设计、设备选型、编程、运营监控、操作与控制、设备维护、故障排查、质量控制分析、判断与决策、系统分析、系统评估、时间管理、财务资源管理、人员资源管理,"{""2.A.1.a"": 0.651858, ""2.A.1.b"": 0.620857, ""2.A.1.c"": 0.506153, ""2.A.1.d"": 0.594788, ""2.A.1.e"": 0.456608, ""2.A.1.f"": 0.302886, ""2.A.2.a"": 0.542842, ""2.A.2.b"": 0.519793, ""2.A.2.c"": 0.411986, ""2.A.2.d"": 0.557246, ""2.B.1.a"": 0.419702, ""2.B.1.b"": 0.459943, ""2.B.1.c"": 0.398869, ""2.B.1.d"": 0.300718, ""2.B.1.e"": 0.418035, ""2.B.1.f"": 0.479137, ""2.B.2.i"": 0.508047, ""2.B.3.a"": 0.504805, ""2.B.3.b"": 0.429042, ""2.B.3.c"": 0.334658, ""2.B.3.d"": 0.267734, ""2.B.3.e"": 0.527097, ""2.B.3.g"": 0.446552, ""2.B.3.h"": 0.374632, ""2.B.3.j"": 0.312943, ""2.B.3.k"": 0.544907, ""2.B.3.l"": 0.22795, ""2.B.3.m"": 0.426598, ""2.B.4.e"": 0.530152, ""2.B.4.g"": 0.557644, ""2.B.4.h"": 0.619615, ""2.B.5.a"": 0.424965, ""2.B.5.b"": 0.319715, ""2.B.5.c"": 0.262109, ""2.B.5.d"": 0.504406}",在杭州参与计算机系统分析师工作3年，持续提升阅读理解、积极倾听、书面表达、口头表达等技能。,负责计算机系统分析师相关项目，完成需求分析、代码实现、测试验证和上线复盘，使用软件工程知识解决实际业务问题。,我具备本科学历，专业为软件工程，目标方向是数据科学家。重视工程质量、团队协作和持续学习。,"求职方向：数据科学家
教育背景：本科｜软件工程
工作经历：在杭州参与计算机系统分析师工作3年，持续提升阅读理解、积极倾听、书面表达、口头表达等技能。
项目经历：负责计算机系统分析师相关项目，完成需求分析、代码实现、测试验证和上线复盘，使用软件工程知识解决实际业务问题。
技能：阅读理解、积极倾听、书面表达、口头表达、数学、科学、批判性思维、主动学习、学习策略、监控、社会洞察、协调、说服、谈判、指导、服务导向、复杂问题解决、运营分析、技术设计、设备选型、编程、运营监控、操作与控制、设备维护、故障排查、质量控制分析、判断与决策、系统分析、系统评估、时间管理、财务资源管理、人员资源管理
自我评价：我具备本科学历，专业为软件工程，目标方向是数据科学家。重视工程质量、团队协作和持续学习。",synthetic_chinese_resume
CR0158,u158,本科,数据科学与大数据技术,10,成都,15-1212.00,信息安全分析师,15-1242.00,数据库管理员,阅读理解、积极倾听、书面表达、口头表达、数学、批判性思维、主动学习、学习策略、监控、社会洞察、协调、说服、谈判、指导、服务导向、复杂问题解决、运营分析、技术设计、编程、运营监控、质量控制分析、判断与决策、系统分析、系统评估、时间管理、人员资源管理,"{""2.A.1.a"": 0.668328, ""2.A.1.b"": 0.575677, ""2.A.1.c"": 0.560917, ""2.A.1.d"": 0.534035, ""2.A.1.e"": 0.390722, ""2.A.1.f"": 0.224571, ""2.A.2.a"": 0.509204, ""2.A.2.b"": 0.435268, ""2.A.2.c"": 0.414641, ""2.A.2.d"": 0.50001, ""2.B.1.a"": 0.30756, ""2.B.1.b"": 0.314062, ""2.B.1.c"": 0.321928, ""2.B.1.d"": 0.385081, ""2.B.1.e"": 0.401436, ""2.B.1.f"": 0.376872, ""2.B.2.i"": 0.452164, ""2.B.3.a"": 0.285989, ""2.B.3.b"": 0.281679, ""2.B.3.c"": 0.225984, ""2.B.3.d"": 0.191803, ""2.B.3.e"": 0.325685, ""2.B.3.g"": 0.485816, ""2.B.3.h"": 0.166215, ""2.B.3.j"": 0.244391, ""2.B.3.k"": 0.269519, ""2.B.3.l"": 0.222139, ""2.B.3.m"": 0.410561, ""2.B.4.e"": 0.524894, ""2.B.4.g"": 0.486969, ""2.B.4.h"": 0.475302, ""2.B.5.a"": 0.411286, ""2.B.5.b"": 0.157683, ""2.B.5.c"": 0.271869, ""2.B.5.d"": 0.369238}",在成都参与信息安全分析师工作10年，持续提升阅读理解、积极倾听、书面表达、口头表达等技能。,负责信息安全分析师相关项目，完成需求分析、代码实现、测试验证和上线复盘，使用数据科学与大数据技术知识解决实际业务问题。,我具备本科学历，专业为数据科学与大数据技术，目标方向是数据库管理员。重视工程质量、团队协作和持续学习。,"求职方向：数据库管理员
教育背景：本科｜数据科学与大数据技术
工作经历：在成都参与信息安全分析师工作10年，持续提升阅读理解、积极倾听、书面表达、口头表达等技能。
项目经历：负责信息安全分析师相关项目，完成需求分析、代码实现、测试验证和上线复盘，使用数据科学与大数据技术知识解决实际业务问题。
技能：阅读理解、积极倾听、书面表达、口头表达、数学、批判性思维、主动学习、学习策略、监控、社会洞察、协调、说服、谈判、指导、服务导向、复杂问题解决、运营分析、技术设计、编程、运营监控、质量控制分析、判断与决策、系统分析、系统评估、时间管理、人员资源管理
自我评价：我具备本科学历，专业为数据科学与大数据技术，目标方向是数据库管理员。重视工程质量、团队协作和持续学习。",synthetic_chinese_resume
CR0159,u159,硕士,网络工程,6,武汉,15-1242.00,数据库管理员,15-2051.00,数据科学家,阅读理解、积极倾听、书面表达、口头表达、数学、科学、批判性思维、主动学习、学习策略、监控、社会洞察、协调、说服、谈判、指导、服务导向、复杂问题解决、运营分析、技术设计、编程、运营监控、操作与控制、质量控制分析、判断与决策、系统分析、系统评估、时间管理、人员资源管理,"{""2.A.1.a"": 0.625789, ""2.A.1.b"": 0.495707, ""2.A.1.c"": 0.498186, ""2.A.1.d"": 0.517793, ""2.A.1.e"": 0.563265, ""2.A.1.f"": 0.298075, ""2.A.2.a"": 0.556375, ""2.A.2.b"": 0.533753, ""2.A.2.c"": 0.35608, ""2.A.2.d"": 0.55485, ""2.B.1.a"": 0.475081, ""2.B.1.b"": 0.449616, ""2.B.1.c"": 0.401051, ""2.B.1.d"": 0.287137, ""2.B.1.e"": 0.513357, ""2.B.1.f"": 0.374166, ""2.B.2.i"": 0.562377, ""2.B.3.a"": 0.445364, ""2.B.3.b"": 0.350161, ""2.B.3.c"": 0.259014, ""2.B.3.d"": 0.266791, ""2.B.3.e"": 0.572322, ""2.B.3.g"": 0.420814, ""2.B.3.h"": 0.282777, ""2.B.3.j"": 0.240087, ""2.B.3.k"": 0.258814, ""2.B.3.l"": 0.24703, ""2.B.3.m"": 0.33197, ""2.B.4.e"": 0.572967, ""2.B.4.g"": 0.433276, ""2.B.4.h"": 0.505779, ""2.B.5.a"": 0.44758, ""2.B.5.b"": 0.245977, ""2.B.5.c"": 0.263046, ""2.B.5.d"": 0.38814}",在武汉参与数据库管理员工作6年，持续提升阅读理解、积极倾听、书面表达、口头表达等技能。,负责数据库管理员相关项目，完成需求分析、代码实现、测试验证和上线复盘，使用网络工程知识解决实际业务问题。,我具备硕士学历，专业为网络工程，目标方向是数据科学家。重视工程质量、团队协作和持续学习。,"求职方向：数据科学家
教育背景：硕士｜网络工程
工作经历：在武汉参与数据库管理员工作6年，持续提升阅读理解、积极倾听、书面表达、口头表达等技能。
项目经历：负责数据库管理员相关项目，完成需求分析、代码实现、测试验证和上线复盘，使用网络工程知识解决实际业务问题。
技能：阅读理解、积极倾听、书面表达、口头表达、数学、科学、批判性思维、主动学习、学习策略、监控、社会洞察、协调、说服、谈判、指导、服务导向、复杂问题解决、运营分析、技术设计、编程、运营监控、操作与控制、质量控制分析、判断与决策、系统分析、系统评估、时间管理、人员资源管理
自我评价：我具备硕士学历，专业为网络工程，目标方向是数据科学家。重视工程质量、团队协作和持续学习。",synthetic_chinese_resume
CR0160,u160,大专,信息安全,2,西安,15-1243.00,数据库架构师,15-1244.00,网络与计算机系统管理员,阅读理解、积极倾听、书面表达、口头表达、数学、批判性思维、主动学习、学习策略、监控、社会洞察、协调、说服、谈判、指导、服务导向、复杂问题解决、运营分析、技术设计、编程、运营监控、故障排查、修复、质量控制分析、判断与决策、系统分析、系统评估、时间管理、人员资源管理,"{""2.A.1.a"": 0.62202, ""2.A.1.b"": 0.526914, ""2.A.1.c"": 0.530339, ""2.A.1.d"": 0.470707, ""2.A.1.e"": 0.443494, ""2.A.1.f"": 0.252672, ""2.A.2.a"": 0.576177, ""2.A.2.b"": 0.421126, ""2.A.2.c"": 0.356601, ""2.A.2.d"": 0.544092, ""2.B.1.a"": 0.350117, ""2.B.1.b"": 0.333254, ""2.B.1.c"": 0.408619, ""2.B.1.d"": 0.368082, ""2.B.1.e"": 0.424949, ""2.B.1.f"": 0.484035, ""2.B.2.i"": 0.592843, ""2.B.3.a"": 0.523939, ""2.B.3.b"": 0.457732, ""2.B.3.c"": 0.094984, ""2.B.3.d"": 0.252496, ""2.B.3.e"": 0.527335, ""2.B.3.g"": 0.29396, ""2.B.3.h"": 0.260884, ""2.B.3.j"": 0.172191, ""2.B.3.k"": 0.3343, ""2.B.3.l"": 0.338322, ""2.B.3.m"": 0.321171, ""2.B.4.e"": 0.567351, ""2.B.4.g"": 0.506416, ""2.B.4.h"": 0.515109, ""2.B.5.a"": 0.413822, ""2.B.5.b"": 0.27586, ""2.B.5.c"": 0.247064, ""2.B.5.d"": 0.347512}",在西安参与数据库架构师工作2年，持续提升阅读理解、积极倾听、书面表达、口头表达等技能。,负责数据库架构师相关项目，完成需求分析、代码实现、测试验证和上线复盘，使用信息安全知识解决实际业务问题。,我具备大专学历，专业为信息安全，目标方向是网络与计算机系统管理员。重视工程质量、团队协作和持续学习。,"求职方向：网络与计算机系统管理员
教育背景：大专｜信息安全
工作经历：在西安参与数据库架构师工作2年，持续提升阅读理解、积极倾听、书面表达、口头表达等技能。
项目经历：负责数据库架构师相关项目，完成需求分析、代码实现、测试验证和上线复盘，使用信息安全知识解决实际业务问题。
技能：阅读理解、积极倾听、书面表达、口头表达、数学、批判性思维、主动学习、学习策略、监控、社会洞察、协调、说服、谈判、指导、服务导向、复杂问题解决、运营分析、技术设计、编程、运营监控、故障排查、修复、质量控制分析、判断与决策、系统分析、系统评估、时间管理、人员资源管理
自我评价：我具备大专学历，专业为信息安全，目标方向是网络与计算机系统管理员。重视工程质量、团队协作和持续学习。",synthetic_chinese_resume
CR0161,u161,本科,计算机科学与技术,9,北京,15-1244.00,网络与计算机系统管理员,15-1212.00,信息安全分析师,阅读理解、积极倾听、书面表达、口头表达、数学、科学、批判性思维、主动学习、学习策略、监控、社会洞察、协调、说服、谈判、指导、服务导向、复杂问题解决、运营分析、技术设计、设备选型、安装、编程、运营监控、操作与控制、设备维护、故障排查、修复、质量控制分析、判断与决策、系统分析、系统评估、时间管理、物资资源管理、人员资源管理,"{""2.A.1.a"": 0.48274, ""2.A.1.b"": 0.498515, ""2.A.1.c"": 0.453725, ""2.A.1.d"": 0.409783, ""2.A.1.e"": 0.514269, ""2.A.1.f"": 0.350625, ""2.A.2.a"": 0.599991, ""2.A.2.b"": 0.520041, ""2.A.2.c"": 0.496852, ""2.A.2.d"": 0.560778, ""2.B.1.a"": 0.456416, ""2.B.1.b"": 0.424655, ""2.B.1.c"": 0.39678, ""2.B.1.d"": 0.472077, ""2.B.1.e"": 0.453896, ""2.B.1.f"": 0.401831, ""2.B.2.i"": 0.539004, ""2.B.3.a"": 0.445056, ""2.B.3.b"": 0.412553, ""2.B.3.c"": 0.405507, ""2.B.3.d"": 0.35348, ""2.B.3.e"": 0.542322, ""2.B.3.g"": 0.581355, ""2.B.3.h"": 0.500885, ""2.B.3.j"": 0.487226, ""2.B.3.k"": 0.587322, ""2.B.3.l"": 0.470377, ""2.B.3.m"": 0.485581, ""2.B.4.e"": 0.617589, ""2.B.4.g"": 0.568317, ""2.B.4.h"": 0.644606, ""2.B.5.a"": 0.465538, ""2.B.5.b"": 0.259039, ""2.B.5.c"": 0.367739, ""2.B.5.d"": 0.482157}",在北京参与网络与计算机系统管理员工作9年，持续提升阅读理解、积极倾听、书面表达、口头表达等技能。,负责网络与计算机系统管理员相关项目，完成需求分析、代码实现、测试验证和上线复盘，使用计算机科学与技术知识解决实际业务问题。,我具备本科学历，专业为计算机科学与技术，目标方向是信息安全分析师。重视工程质量、团队协作和持续学习。,"求职方向：信息安全分析师
教育背景：本科｜计算机科学与技术
工作经历：在北京参与网络与计算机系统管理员工作9年，持续提升阅读理解、积极倾听、书面表达、口头表达等技能。
项目经历：负责网络与计算机系统管理员相关项目，完成需求分析、代码实现、测试验证和上线复盘，使用计算机科学与技术知识解决实际业务问题。
技能：阅读理解、积极倾听、书面表达、口头表达、数学、科学、批判性思维、主动学习、学习策略、监控、社会洞察、协调、说服、谈判、指导、服务导向、复杂问题解决、运营分析、技术设计、设备选型、安装、编程、运营监控、操作与控制、设备维护、故障排查、修复、质量控制分析、判断与决策、系统分析、系统评估、时间管理、物资资源管理、人员资源管理
自我评价：我具备本科学历，专业为计算机科学与技术，目标方向是信息安全分析师。重视工程质量、团队协作和持续学习。",synthetic_chinese_resume
CR0162,u162,本科,软件工程,5,上海,15-1251.00,计算机程序员,15-1252.00,软件开发工程师,阅读理解、积极倾听、书面表达、口头表达、数学、科学、批判性思维、主动学习、学习策略、监控、社会洞察、协调、说服、谈判、指导、服务导向、复杂问题解决、运营分析、技术设计、编程、故障排查、质量控制分析、判断与决策、系统分析、系统评估、时间管理、物资资源管理,"{""2.A.1.a"": 0.530002, ""2.A.1.b"": 0.483057, ""2.A.1.c"": 0.381803, ""2.A.1.d"": 0.456292, ""2.A.1.e"": 0.46291, ""2.A.1.f"": 0.308444, ""2.A.2.a"": 0.500953, ""2.A.2.b"": 0.433101, ""2.A.2.c"": 0.320586, ""2.A.2.d"": 0.469054, ""2.B.1.a"": 0.4802, ""2.B.1.b"": 0.423881, ""2.B.1.c"": 0.403427, ""2.B.1.d"": 0.334075, ""2.B.1.e"": 0.393131, ""2.B.1.f"": 0.332582, ""2.B.2.i"": 0.551747, ""2.B.3.a"": 0.521441, ""2.B.3.b"": 0.367793, ""2.B.3.c"": 0.191929, ""2.B.3.d"": 0.225021, ""2.B.3.e"": 0.694424, ""2.B.3.g"": 0.268452, ""2.B.3.h"": 0.164991, ""2.B.3.j"": 0.235212, ""2.B.3.k"": 0.31119, ""2.B.3.l"": 0.215664, ""2.B.3.m"": 0.431171, ""2.B.4.e"": 0.444402, ""2.B.4.g"": 0.463187, ""2.B.4.h"": 0.499559, ""2.B.5.a"": 0.423268, ""2.B.5.b"": 0.206532, ""2.B.5.c"": 0.287948, ""2.B.5.d"": 0.270896}",在上海参与计算机程序员工作5年，持续提升阅读理解、积极倾听、书面表达、口头表达等技能。,负责计算机程序员相关项目，完成需求分析、代码实现、测试验证和上线复盘，使用软件工程知识解决实际业务问题。,我具备本科学历，专业为软件工程，目标方向是软件开发工程师。重视工程质量、团队协作和持续学习。,"求职方向：软件开发工程师
教育背景：本科｜软件工程
工作经历：在上海参与计算机程序员工作5年，持续提升阅读理解、积极倾听、书面表达、口头表达等技能。
项目经历：负责计算机程序员相关项目，完成需求分析、代码实现、测试验证和上线复盘，使用软件工程知识解决实际业务问题。
技能：阅读理解、积极倾听、书面表达、口头表达、数学、科学、批判性思维、主动学习、学习策略、监控、社会洞察、协调、说服、谈判、指导、服务导向、复杂问题解决、运营分析、技术设计、编程、故障排查、质量控制分析、判断与决策、系统分析、系统评估、时间管理、物资资源管理
自我评价：我具备本科学历，专业为软件工程，目标方向是软件开发工程师。重视工程质量、团队协作和持续学习。",synthetic_chinese_resume
CR0163,u163,硕士,数据科学与大数据技术,1,广州,15-1252.00,软件开发工程师,15-1253.00,软件质量保证分析师与测试工程师,阅读理解、积极倾听、书面表达、口头表达、数学、批判性思维、主动学习、学习策略、监控、社会洞察、协调、说服、谈判、指导、服务导向、复杂问题解决、技术设计、运营监控、故障排查、判断与决策、系统分析、系统评估、时间管理、人员资源管理,"{""2.A.1.a"": 0.587309, ""2.A.1.b"": 0.567491, ""2.A.1.c"": 0.483499, ""2.A.1.d"": 0.483293, ""2.A.1.e"": 0.393614, ""2.A.1.f"": 0.212709, ""2.A.2.a"": 0.558447, ""2.A.2.b"": 0.460294, ""2.A.2.c"": 0.454608, ""2.A.2.d"": 0.489563, ""2.B.1.a"": 0.454895, ""2.B.1.b"": 0.340575, ""2.B.1.c"": 0.425314, ""2.B.1.d"": 0.414749, ""2.B.1.e"": 0.458257, ""2.B.1.f"": 0.385819, ""2.B.2.i"": 0.473386, ""2.B.3.a"": 0.236011, ""2.B.3.b"": 0.430898, ""2.B.3.c"": 0.140085, ""2.B.3.d"": 0.252305, ""2.B.3.e"": 0.212315, ""2.B.3.g"": 0.38204, ""2.B.3.h"": 0.218798, ""2.B.3.j"": 0.218427, ""2.B.3.k"": 0.325325, ""2.B.3.l"": 0.181283, ""2.B.3.m"": 0.176641, ""2.B.4.e"": 0.597508, ""2.B.4.g"": 0.514241, ""2.B.4.h"": 0.592096, ""2.B.5.a"": 0.462942, ""2.B.5.b"": 0.26802, ""2.B.5.c"": 0.278817, ""2.B.5.d"": 0.369723}",在广州参与软件开发工程师工作1年，持续提升阅读理解、积极倾听、书面表达、口头表达等技能。,负责软件开发工程师相关项目，完成需求分析、代码实现、测试验证和上线复盘，使用数据科学与大数据技术知识解决实际业务问题。,我具备硕士学历，专业为数据科学与大数据技术，目标方向是软件质量保证分析师与测试工程师。重视工程质量、团队协作和持续学习。,"求职方向：软件质量保证分析师与测试工程师
教育背景：硕士｜数据科学与大数据技术
工作经历：在广州参与软件开发工程师工作1年，持续提升阅读理解、积极倾听、书面表达、口头表达等技能。
项目经历：负责软件开发工程师相关项目，完成需求分析、代码实现、测试验证和上线复盘，使用数据科学与大数据技术知识解决实际业务问题。
技能：阅读理解、积极倾听、书面表达、口头表达、数学、批判性思维、主动学习、学习策略、监控、社会洞察、协调、说服、谈判、指导、服务导向、复杂问题解决、技术设计、运营监控、故障排查、判断与决策、系统分析、系统评估、时间管理、人员资源管理
自我评价：我具备硕士学历，专业为数据科学与大数据技术，目标方向是软件质量保证分析师与测试工程师。重视工程质量、团队协作和持续学习。",synthetic_chinese_resume
CR0164,u164,大专,网络工程,8,深圳,15-1253.00,软件质量保证分析师与测试工程师,15-1252.00,软件开发工程师,阅读理解、积极倾听、书面表达、口头表达、科学、批判性思维、主动学习、学习策略、监控、社会洞察、协调、说服、谈判、指导、服务导向、复杂问题解决、运营分析、技术设计、设备选型、安装、编程、运营监控、故障排查、质量控制分析、判断与决策、系统分析、系统评估、时间管理、人员资源管理,"{""2.A.1.a"": 0.534806, ""2.A.1.b"": 0.58701, ""2.A.1.c"": 0.548625, ""2.A.1.d"": 0.582989, ""2.A.1.e"": 0.276133, ""2.A.1.f"": 0.402896, ""2.A.2.a"": 0.518791, ""2.A.2.b"": 0.396237, ""2.A.2.c"": 0.41048, ""2.A.2.d"": 0.435262, ""2.B.1.a"": 0.494647, ""2.B.1.b"": 0.381074, ""2.B.1.c"": 0.347684, ""2.B.1.d"": 0.326688, ""2.B.1.e"": 0.442243, ""2.B.1.f"": 0.417441, ""2.B.2.i"": 0.32622, ""2.B.3.a"": 0.477308, ""2.B.3.b"": 0.414346, ""2.B.3.c"": 0.297563, ""2.B.3.d"": 0.350739, ""2.B.3.e"": 0.553712, ""2.B.3.g"": 0.385113, ""2.B.3.h"": 0.185906, ""2.B.3.j"": 0.176154, ""2.B.3.k"": 0.367293, ""2.B.3.l"": 0.179672, ""2.B.3.m"": 0.526876, ""2.B.4.e"": 0.562633, ""2.B.4.g"": 0.414267, ""2.B.4.h"": 0.387571, ""2.B.5.a"": 0.482719, ""2.B.5.b"": 0.242688, ""2.B.5.c"": 0.198064, ""2.B.5.d"": 0.391702}",在深圳参与软件质量保证分析师与测试工程师工作8年，持续提升阅读理解、积极倾听、书面表达、口头表达等技能。,负责软件质量保证分析师与测试工程师相关项目，完成需求分析、代码实现、测试验证和上线复盘，使用网络工程知识解决实际业务问题。,我具备大专学历，专业为网络工程，目标方向是软件开发工程师。重视工程质量、团队协作和持续学习。,"求职方向：软件开发工程师
教育背景：大专｜网络工程
工作经历：在深圳参与软件质量保证分析师与测试工程师工作8年，持续提升阅读理解、积极倾听、书面表达、口头表达等技能。
项目经历：负责软件质量保证分析师与测试工程师相关项目，完成需求分析、代码实现、测试验证和上线复盘，使用网络工程知识解决实际业务问题。
技能：阅读理解、积极倾听、书面表达、口头表达、科学、批判性思维、主动学习、学习策略、监控、社会洞察、协调、说服、谈判、指导、服务导向、复杂问题解决、运营分析、技术设计、设备选型、安装、编程、运营监控、故障排查、质量控制分析、判断与决策、系统分析、系统评估、时间管理、人员资源管理
自我评价：我具备大专学历，专业为网络工程，目标方向是软件开发工程师。重视工程质量、团队协作和持续学习。",synthetic_chinese_resume
CR0165,u165,本科,信息安全,4,杭州,15-1254.00,网页开发工程师,15-1252.00,软件开发工程师,阅读理解、积极倾听、书面表达、口头表达、数学、科学、批判性思维、主动学习、学习策略、监控、社会洞察、协调、说服、谈判、指导、服务导向、复杂问题解决、运营分析、技术设计、编程、运营监控、故障排查、质量控制分析、判断与决策、系统分析、系统评估、时间管理、财务资源管理、人员资源管理,"{""2.A.1.a"": 0.56582, ""2.A.1.b"": 0.496564, ""2.A.1.c"": 0.46019, ""2.A.1.d"": 0.462897, ""2.A.1.e"": 0.311249, ""2.A.1.f"": 0.369398, ""2.A.2.a"": 0.554071, ""2.A.2.b"": 0.433975, ""2.A.2.c"": 0.355639, ""2.A.2.d"": 0.473728, ""2.B.1.a"": 0.438483, ""2.B.1.b"": 0.39034, ""2.B.1.c"": 0.419639, ""2.B.1.d"": 0.390232, ""2.B.1.e"": 0.390745, ""2.B.1.f"": 0.499069, ""2.B.2.i"": 0.495303, ""2.B.3.a"": 0.707334, ""2.B.3.b"": 0.328099, ""2.B.3.c"": 0.244139, ""2.B.3.d"": 0.151027, ""2.B.3.e"": 0.596859, ""2.B.3.g"": 0.352104, ""2.B.3.h"": 0.217544, ""2.B.3.j"": 0.205848, ""2.B.3.k"": 0.361145, ""2.B.3.l"": 0.185391, ""2.B.3.m"": 0.428289, ""2.B.4.e"": 0.471213, ""2.B.4.g"": 0.456018, ""2.B.4.h"": 0.400395, ""2.B.5.a"": 0.429434, ""2.B.5.b"": 0.318741, ""2.B.5.c"": 0.252252, ""2.B.5.d"": 0.359441}",在杭州参与网页开发工程师工作4年，持续提升阅读理解、积极倾听、书面表达、口头表达等技能。,负责网页开发工程师相关项目，完成需求分析、代码实现、测试验证和上线复盘，使用信息安全知识解决实际业务问题。,我具备本科学历，专业为信息安全，目标方向是软件开发工程师。重视工程质量、团队协作和持续学习。,"求职方向：软件开发工程师
教育背景：本科｜信息安全
工作经历：在杭州参与网页开发工程师工作4年，持续提升阅读理解、积极倾听、书面表达、口头表达等技能。
项目经历：负责网页开发工程师相关项目，完成需求分析、代码实现、测试验证和上线复盘，使用信息安全知识解决实际业务问题。
技能：阅读理解、积极倾听、书面表达、口头表达、数学、科学、批判性思维、主动学习、学习策略、监控、社会洞察、协调、说服、谈判、指导、服务导向、复杂问题解决、运营分析、技术设计、编程、运营监控、故障排查、质量控制分析、判断与决策、系统分析、系统评估、时间管理、财务资源管理、人员资源管理
自我评价：我具备本科学历，专业为信息安全，目标方向是软件开发工程师。重视工程质量、团队协作和持续学习。",synthetic_chinese_resume
CR0166,u166,本科,计算机科学与技术,0,成都,15-1255.00,网页与数字界面设计师,15-2031.00,运筹分析师,阅读理解、积极倾听、书面表达、口头表达、数学、批判性思维、主动学习、学习策略、监控、社会洞察、协调、说服、谈判、指导、服务导向、复杂问题解决、运营分析、技术设计、编程、运营监控、质量控制分析、判断与决策、系统分析、系统评估、时间管理、物资资源管理、人员资源管理,"{""2.A.1.a"": 0.470895, ""2.A.1.b"": 0.547595, ""2.A.1.c"": 0.497205, ""2.A.1.d"": 0.489017, ""2.A.1.e"": 0.441155, ""2.A.1.f"": 0.184572, ""2.A.2.a"": 0.60426, ""2.A.2.b"": 0.558788, ""2.A.2.c"": 0.38166, ""2.A.2.d"": 0.474861, ""2.B.1.a"": 0.394386, ""2.B.1.b"": 0.479914, ""2.B.1.c"": 0.403301, ""2.B.1.d"": 0.443176, ""2.B.1.e"": 0.430658, ""2.B.1.f"": 0.340641, ""2.B.2.i"": 0.482319, ""2.B.3.a"": 0.439151, ""2.B.3.b"": 0.411259, ""2.B.3.c"": 0.239341, ""2.B.3.d"": 0.236948, ""2.B.3.e"": 0.556411, ""2.B.3.g"": 0.418043, ""2.B.3.h"": 0.114167, ""2.B.3.j"": 0.196374, ""2.B.3.k"": 0.237277, ""2.B.3.l"": 0.159922, ""2.B.3.m"": 0.307187, ""2.B.4.e"": 0.604965, ""2.B.4.g"": 0.48612, ""2.B.4.h"": 0.398557, ""2.B.5.a"": 0.477225, ""2.B.5.b"": 0.256913, ""2.B.5.c"": 0.284442, ""2.B.5.d"": 0.40339}",在成都参与网页与数字界面设计师工作0年，持续提升阅读理解、积极倾听、书面表达、口头表达等技能。,负责网页与数字界面设计师相关项目，完成需求分析、代码实现、测试验证和上线复盘，使用计算机科学与技术知识解决实际业务问题。,我具备本科学历，专业为计算机科学与技术，目标方向是运筹分析师。重视工程质量、团队协作和持续学习。,"求职方向：运筹分析师
教育背景：本科｜计算机科学与技术
工作经历：在成都参与网页与数字界面设计师工作0年，持续提升阅读理解、积极倾听、书面表达、口头表达等技能。
项目经历：负责网页与数字界面设计师相关项目，完成需求分析、代码实现、测试验证和上线复盘，使用计算机科学与技术知识解决实际业务问题。
技能：阅读理解、积极倾听、书面表达、口头表达、数学、批判性思维、主动学习、学习策略、监控、社会洞察、协调、说服、谈判、指导、服务导向、复杂问题解决、运营分析、技术设计、编程、运营监控、质量控制分析、判断与决策、系统分析、系统评估、时间管理、物资资源管理、人员资源管理
自我评价：我具备本科学历，专业为计算机科学与技术，目标方向是运筹分析师。重视工程质量、团队协作和持续学习。",synthetic_chinese_resume
CR0167,u167,硕士,软件工程,7,武汉,15-2031.00,运筹分析师,15-2051.00,数据科学家,阅读理解、积极倾听、书面表达、口头表达、数学、科学、批判性思维、主动学习、学习策略、监控、社会洞察、协调、说服、谈判、指导、服务导向、复杂问题解决、运营分析、技术设计、编程、判断与决策、系统分析、系统评估、时间管理、财务资源管理、人员资源管理,"{""2.A.1.a"": 0.596939, ""2.A.1.b"": 0.587489, ""2.A.1.c"": 0.543755, ""2.A.1.d"": 0.616017, ""2.A.1.e"": 0.660765, ""2.A.1.f"": 0.487797, ""2.A.2.a"": 0.588301, ""2.A.2.b"": 0.645534, ""2.A.2.c"": 0.45865, ""2.A.2.d"": 0.465628, ""2.B.1.a"": 0.32972, ""2.B.1.b"": 0.511494, ""2.B.1.c"": 0.357717, ""2.B.1.d"": 0.363401, ""2.B.1.e"": 0.398699, ""2.B.1.f"": 0.346356, ""2.B.2.i"": 0.651786, ""2.B.3.a"": 0.66283, ""2.B.3.b"": 0.342817, ""2.B.3.c"": 0.221191, ""2.B.3.d"": 0.242059, ""2.B.3.e"": 0.36927, ""2.B.3.g"": 0.228022, ""2.B.3.h"": 0.23547, ""2.B.3.j"": 0.225324, ""2.B.3.k"": 0.192513, ""2.B.3.l"": 0.222568, ""2.B.3.m"": 0.272548, ""2.B.4.e"": 0.623556, ""2.B.4.g"": 0.54894, ""2.B.4.h"": 0.638656, ""2.B.5.a"": 0.414671, ""2.B.5.b"": 0.362705, ""2.B.5.c"": 0.262408, ""2.B.5.d"": 0.32596}",在武汉参与运筹分析师工作7年，持续提升阅读理解、积极倾听、书面表达、口头表达等技能。,负责运筹分析师相关项目，完成需求分析、代码实现、测试验证和上线复盘，使用软件工程知识解决实际业务问题。,我具备硕士学历，专业为软件工程，目标方向是数据科学家。重视工程质量、团队协作和持续学习。,"求职方向：数据科学家
教育背景：硕士｜软件工程
工作经历：在武汉参与运筹分析师工作7年，持续提升阅读理解、积极倾听、书面表达、口头表达等技能。
项目经历：负责运筹分析师相关项目，完成需求分析、代码实现、测试验证和上线复盘，使用软件工程知识解决实际业务问题。
技能：阅读理解、积极倾听、书面表达、口头表达、数学、科学、批判性思维、主动学习、学习策略、监控、社会洞察、协调、说服、谈判、指导、服务导向、复杂问题解决、运营分析、技术设计、编程、判断与决策、系统分析、系统评估、时间管理、财务资源管理、人员资源管理
自我评价：我具备硕士学历，专业为软件工程，目标方向是数据科学家。重视工程质量、团队协作和持续学习。",synthetic_chinese_resume
CR0168,u168,大专,数据科学与大数据技术,3,西安,15-2051.00,数据科学家,15-1211.00,计算机系统分析师,阅读理解、积极倾听、书面表达、口头表达、数学、科学、批判性思维、主动学习、学习策略、监控、社会洞察、协调、说服、谈判、指导、服务导向、复杂问题解决、运营分析、安装、编程、判断与决策、系统分析、系统评估、时间管理、人员资源管理,"{""2.A.1.a"": 0.664238, ""2.A.1.b"": 0.572851, ""2.A.1.c"": 0.459841, ""2.A.1.d"": 0.515948, ""2.A.1.e"": 0.490834, ""2.A.1.f"": 0.346515, ""2.A.2.a"": 0.542774, ""2.A.2.b"": 0.548992, ""2.A.2.c"": 0.399871, ""2.A.2.d"": 0.5121, ""2.B.1.a"": 0.455129, ""2.B.1.b"": 0.408435, ""2.B.1.c"": 0.391396, ""2.B.1.d"": 0.325694, ""2.B.1.e"": 0.446793, ""2.B.1.f"": 0.328327, ""2.B.2.i"": 0.573012, ""2.B.3.a"": 0.373072, ""2.B.3.b"": 0.181574, ""2.B.3.c"": 0.260699, ""2.B.3.d"": 0.283665, ""2.B.3.e"": 0.385155, ""2.B.3.g"": 0.231609, ""2.B.3.h"": 0.253089, ""2.B.3.j"": 0.137085, ""2.B.3.k"": 0.260808, ""2.B.3.l"": 0.125388, ""2.B.3.m"": 0.245739, ""2.B.4.e"": 0.550133, ""2.B.4.g"": 0.3917, ""2.B.4.h"": 0.44687, ""2.B.5.a"": 0.451385, ""2.B.5.b"": 0.265623, ""2.B.5.c"": 0.27796, ""2.B.5.d"": 0.446923}",在西安参与数据科学家工作3年，持续提升阅读理解、积极倾听、书面表达、口头表达等技能。,负责数据科学家相关项目，完成需求分析、代码实现、测试验证和上线复盘，使用数据科学与大数据技术知识解决实际业务问题。,我具备大专学历，专业为数据科学与大数据技术，目标方向是计算机系统分析师。重视工程质量、团队协作和持续学习。,"求职方向：计算机系统分析师
教育背景：大专｜数据科学与大数据技术
工作经历：在西安参与数据科学家工作3年，持续提升阅读理解、积极倾听、书面表达、口头表达等技能。
项目经历：负责数据科学家相关项目，完成需求分析、代码实现、测试验证和上线复盘，使用数据科学与大数据技术知识解决实际业务问题。
技能：阅读理解、积极倾听、书面表达、口头表达、数学、科学、批判性思维、主动学习、学习策略、监控、社会洞察、协调、说服、谈判、指导、服务导向、复杂问题解决、运营分析、安装、编程、判断与决策、系统分析、系统评估、时间管理、人员资源管理
自我评价：我具备大专学历，专业为数据科学与大数据技术，目标方向是计算机系统分析师。重视工程质量、团队协作和持续学习。",synthetic_chinese_resume
CR0169,u169,本科,网络工程,10,北京,15-1211.00,计算机系统分析师,15-2051.00,数据科学家,阅读理解、积极倾听、书面表达、口头表达、数学、科学、批判性思维、主动学习、学习策略、监控、社会洞察、协调、说服、谈判、指导、服务导向、复杂问题解决、运营分析、技术设计、设备选型、编程、运营监控、操作与控制、故障排查、质量控制分析、判断与决策、系统分析、系统评估、时间管理、财务资源管理、物资资源管理、人员资源管理,"{""2.A.1.a"": 0.742257, ""2.A.1.b"": 0.55581, ""2.A.1.c"": 0.475521, ""2.A.1.d"": 0.574725, ""2.A.1.e"": 0.446151, ""2.A.1.f"": 0.31012, ""2.A.2.a"": 0.653835, ""2.A.2.b"": 0.424231, ""2.A.2.c"": 0.378485, ""2.A.2.d"": 0.515005, ""2.B.1.a"": 0.367488, ""2.B.1.b"": 0.439155, ""2.B.1.c"": 0.428959, ""2.B.1.d"": 0.3737, ""2.B.1.e"": 0.502185, ""2.B.1.f"": 0.282024, ""2.B.2.i"": 0.578789, ""2.B.3.a"": 0.406181, ""2.B.3.b"": 0.459258, ""2.B.3.c"": 0.320482, ""2.B.3.d"": 0.19649, ""2.B.3.e"": 0.464693, ""2.B.3.g"": 0.373105, ""2.B.3.h"": 0.334793, ""2.B.3.j"": 0.194479, ""2.B.3.k"": 0.412747, ""2.B.3.l"": 0.250373, ""2.B.3.m"": 0.44614, ""2.B.4.e"": 0.482213, ""2.B.4.g"": 0.600858, ""2.B.4.h"": 0.568028, ""2.B.5.a"": 0.499357, ""2.B.5.b"": 0.308746, ""2.B.5.c"": 0.319564, ""2.B.5.d"": 0.356026}",在北京参与计算机系统分析师工作10年，持续提升阅读理解、积极倾听、书面表达、口头表达等技能。,负责计算机系统分析师相关项目，完成需求分析、代码实现、测试验证和上线复盘，使用网络工程知识解决实际业务问题。,我具备本科学历，专业为网络工程，目标方向是数据科学家。重视工程质量、团队协作和持续学习。,"求职方向：数据科学家
教育背景：本科｜网络工程
工作经历：在北京参与计算机系统分析师工作10年，持续提升阅读理解、积极倾听、书面表达、口头表达等技能。
项目经历：负责计算机系统分析师相关项目，完成需求分析、代码实现、测试验证和上线复盘，使用网络工程知识解决实际业务问题。
技能：阅读理解、积极倾听、书面表达、口头表达、数学、科学、批判性思维、主动学习、学习策略、监控、社会洞察、协调、说服、谈判、指导、服务导向、复杂问题解决、运营分析、技术设计、设备选型、编程、运营监控、操作与控制、故障排查、质量控制分析、判断与决策、系统分析、系统评估、时间管理、财务资源管理、物资资源管理、人员资源管理
自我评价：我具备本科学历，专业为网络工程，目标方向是数据科学家。重视工程质量、团队协作和持续学习。",synthetic_chinese_resume
CR0170,u170,本科,信息安全,6,上海,15-1212.00,信息安全分析师,15-1242.00,数据库管理员,阅读理解、积极倾听、书面表达、口头表达、数学、批判性思维、主动学习、学习策略、监控、社会洞察、协调、说服、谈判、指导、服务导向、复杂问题解决、运营分析、技术设计、编程、运营监控、质量控制分析、判断与决策、系统分析、系统评估、时间管理、人员资源管理,"{""2.A.1.a"": 0.637182, ""2.A.1.b"": 0.498937, ""2.A.1.c"": 0.567356, ""2.A.1.d"": 0.52233, ""2.A.1.e"": 0.308416, ""2.A.1.f"": 0.151039, ""2.A.2.a"": 0.5804, ""2.A.2.b"": 0.471299, ""2.A.2.c"": 0.519362, ""2.A.2.d"": 0.552501, ""2.B.1.a"": 0.371913, ""2.B.1.b"": 0.486955, ""2.B.1.c"": 0.403072, ""2.B.1.d"": 0.40317, ""2.B.1.e"": 0.344405, ""2.B.1.f"": 0.393164, ""2.B.2.i"": 0.491792, ""2.B.3.a"": 0.289407, ""2.B.3.b"": 0.31258, ""2.B.3.c"": 0.254339, ""2.B.3.d"": 0.210685, ""2.B.3.e"": 0.318814, ""2.B.3.g"": 0.484421, ""2.B.3.h"": 0.205176, ""2.B.3.j"": 0.195167, ""2.B.3.k"": 0.261832, ""2.B.3.l"": 0.176362, ""2.B.3.m"": 0.429063, ""2.B.4.e"": 0.500693, ""2.B.4.g"": 0.439574, ""2.B.4.h"": 0.412058, ""2.B.5.a"": 0.408864, ""2.B.5.b"": 0.233433, ""2.B.5.c"": 0.275448, ""2.B.5.d"": 0.396643}",在上海参与信息安全分析师工作6年，持续提升阅读理解、积极倾听、书面表达、口头表达等技能。,负责信息安全分析师相关项目，完成需求分析、代码实现、测试验证和上线复盘，使用信息安全知识解决实际业务问题。,我具备本科学历，专业为信息安全，目标方向是数据库管理员。重视工程质量、团队协作和持续学习。,"求职方向：数据库管理员
教育背景：本科｜信息安全
工作经历：在上海参与信息安全分析师工作6年，持续提升阅读理解、积极倾听、书面表达、口头表达等技能。
项目经历：负责信息安全分析师相关项目，完成需求分析、代码实现、测试验证和上线复盘，使用信息安全知识解决实际业务问题。
技能：阅读理解、积极倾听、书面表达、口头表达、数学、批判性思维、主动学习、学习策略、监控、社会洞察、协调、说服、谈判、指导、服务导向、复杂问题解决、运营分析、技术设计、编程、运营监控、质量控制分析、判断与决策、系统分析、系统评估、时间管理、人员资源管理
自我评价：我具备本科学历，专业为信息安全，目标方向是数据库管理员。重视工程质量、团队协作和持续学习。",synthetic_chinese_resume
CR0171,u171,硕士,计算机科学与技术,2,广州,15-1242.00,数据库管理员,15-2051.00,数据科学家,阅读理解、积极倾听、书面表达、口头表达、数学、批判性思维、主动学习、学习策略、监控、社会洞察、协调、说服、谈判、指导、服务导向、复杂问题解决、运营分析、技术设计、编程、运营监控、故障排查、质量控制分析、判断与决策、系统分析、系统评估、时间管理、物资资源管理、人员资源管理,"{""2.A.1.a"": 0.514201, ""2.A.1.b"": 0.571741, ""2.A.1.c"": 0.565988, ""2.A.1.d"": 0.522876, ""2.A.1.e"": 0.519558, ""2.A.1.f"": 0.262104, ""2.A.2.a"": 0.553536, ""2.A.2.b"": 0.596093, ""2.A.2.c"": 0.556025, ""2.A.2.d"": 0.498986, ""2.B.1.a"": 0.419034, ""2.B.1.b"": 0.415555, ""2.B.1.c"": 0.389272, ""2.B.1.d"": 0.329342, ""2.B.1.e"": 0.437556, ""2.B.1.f"": 0.371078, ""2.B.2.i"": 0.599769, ""2.B.3.a"": 0.451512, ""2.B.3.b"": 0.373725, ""2.B.3.c"": 0.234741, ""2.B.3.d"": 0.200918, ""2.B.3.e"": 0.548627, ""2.B.3.g"": 0.460423, ""2.B.3.h"": 0.192717, ""2.B.3.j"": 0.228666, ""2.B.3.k"": 0.317215, ""2.B.3.l"": 0.197594, ""2.B.3.m"": 0.36233, ""2.B.4.e"": 0.506591, ""2.B.4.g"": 0.468384, ""2.B.4.h"": 0.401048, ""2.B.5.a"": 0.402194, ""2.B.5.b"": 0.272601, ""2.B.5.c"": 0.302319, ""2.B.5.d"": 0.456099}",在广州参与数据库管理员工作2年，持续提升阅读理解、积极倾听、书面表达、口头表达等技能。,负责数据库管理员相关项目，完成需求分析、代码实现、测试验证和上线复盘，使用计算机科学与技术知识解决实际业务问题。,我具备硕士学历，专业为计算机科学与技术，目标方向是数据科学家。重视工程质量、团队协作和持续学习。,"求职方向：数据科学家
教育背景：硕士｜计算机科学与技术
工作经历：在广州参与数据库管理员工作2年，持续提升阅读理解、积极倾听、书面表达、口头表达等技能。
项目经历：负责数据库管理员相关项目，完成需求分析、代码实现、测试验证和上线复盘，使用计算机科学与技术知识解决实际业务问题。
技能：阅读理解、积极倾听、书面表达、口头表达、数学、批判性思维、主动学习、学习策略、监控、社会洞察、协调、说服、谈判、指导、服务导向、复杂问题解决、运营分析、技术设计、编程、运营监控、故障排查、质量控制分析、判断与决策、系统分析、系统评估、时间管理、物资资源管理、人员资源管理
自我评价：我具备硕士学历，专业为计算机科学与技术，目标方向是数据科学家。重视工程质量、团队协作和持续学习。",synthetic_chinese_resume
CR0172,u172,大专,软件工程,9,深圳,15-1243.00,数据库架构师,15-1244.00,网络与计算机系统管理员,阅读理解、积极倾听、书面表达、口头表达、数学、批判性思维、主动学习、学习策略、监控、社会洞察、协调、说服、谈判、指导、服务导向、复杂问题解决、运营分析、技术设计、编程、运营监控、故障排查、判断与决策、系统分析、系统评估、时间管理、人员资源管理,"{""2.A.1.a"": 0.541754, ""2.A.1.b"": 0.527788, ""2.A.1.c"": 0.507996, ""2.A.1.d"": 0.548893, ""2.A.1.e"": 0.348629, ""2.A.1.f"": 0.254688, ""2.A.2.a"": 0.533489, ""2.A.2.b"": 0.495536, ""2.A.2.c"": 0.420027, ""2.A.2.d"": 0.50205, ""2.B.1.a"": 0.425736, ""2.B.1.b"": 0.406019, ""2.B.1.c"": 0.371162, ""2.B.1.d"": 0.397284, ""2.B.1.e"": 0.514268, ""2.B.1.f"": 0.353653, ""2.B.2.i"": 0.577103, ""2.B.3.a"": 0.444188, ""2.B.3.b"": 0.443682, ""2.B.3.c"": 0.220553, ""2.B.3.d"": 0.219253, ""2.B.3.e"": 0.589395, ""2.B.3.g"": 0.343754, ""2.B.3.h"": 0.19984, ""2.B.3.j"": 0.142891, ""2.B.3.k"": 0.291388, ""2.B.3.l"": 0.177388, ""2.B.3.m"": 0.269015, ""2.B.4.e"": 0.617063, ""2.B.4.g"": 0.586934, ""2.B.4.h"": 0.542506, ""2.B.5.a"": 0.437958, ""2.B.5.b"": 0.202995, ""2.B.5.c"": 0.201594, ""2.B.5.d"": 0.38221}",在深圳参与数据库架构师工作9年，持续提升阅读理解、积极倾听、书面表达、口头表达等技能。,负责数据库架构师相关项目，完成需求分析、代码实现、测试验证和上线复盘，使用软件工程知识解决实际业务问题。,我具备大专学历，专业为软件工程，目标方向是网络与计算机系统管理员。重视工程质量、团队协作和持续学习。,"求职方向：网络与计算机系统管理员
教育背景：大专｜软件工程
工作经历：在深圳参与数据库架构师工作9年，持续提升阅读理解、积极倾听、书面表达、口头表达等技能。
项目经历：负责数据库架构师相关项目，完成需求分析、代码实现、测试验证和上线复盘，使用软件工程知识解决实际业务问题。
技能：阅读理解、积极倾听、书面表达、口头表达、数学、批判性思维、主动学习、学习策略、监控、社会洞察、协调、说服、谈判、指导、服务导向、复杂问题解决、运营分析、技术设计、编程、运营监控、故障排查、判断与决策、系统分析、系统评估、时间管理、人员资源管理
自我评价：我具备大专学历，专业为软件工程，目标方向是网络与计算机系统管理员。重视工程质量、团队协作和持续学习。",synthetic_chinese_resume
CR0173,u173,本科,数据科学与大数据技术,5,杭州,15-1244.00,网络与计算机系统管理员,15-1212.00,信息安全分析师,阅读理解、积极倾听、书面表达、口头表达、数学、批判性思维、主动学习、学习策略、监控、社会洞察、协调、说服、谈判、指导、服务导向、复杂问题解决、运营分析、技术设计、设备选型、编程、运营监控、操作与控制、设备维护、故障排查、修复、质量控制分析、判断与决策、系统分析、系统评估、时间管理、财务资源管理、物资资源管理、人员资源管理,"{""2.A.1.a"": 0.620372, ""2.A.1.b"": 0.578686, ""2.A.1.c"": 0.559247, ""2.A.1.d"": 0.57434, ""2.A.1.e"": 0.542265, ""2.A.1.f"": 0.259922, ""2.A.2.a"": 0.598262, ""2.A.2.b"": 0.494927, ""2.A.2.c"": 0.407479, ""2.A.2.d"": 0.530062, ""2.B.1.a"": 0.396952, ""2.B.1.b"": 0.402548, ""2.B.1.c"": 0.407516, ""2.B.1.d"": 0.460545, ""2.B.1.e"": 0.512661, ""2.B.1.f"": 0.39646, ""2.B.2.i"": 0.57223, ""2.B.3.a"": 0.46513, ""2.B.3.b"": 0.433545, ""2.B.3.c"": 0.368237, ""2.B.3.d"": 0.249315, ""2.B.3.e"": 0.478703, ""2.B.3.g"": 0.453884, ""2.B.3.h"": 0.445183, ""2.B.3.j"": 0.485513, ""2.B.3.k"": 0.586214, ""2.B.3.l"": 0.456101, ""2.B.3.m"": 0.557381, ""2.B.4.e"": 0.533521, ""2.B.4.g"": 0.547262, ""2.B.4.h"": 0.627794, ""2.B.5.a"": 0.393226, ""2.B.5.b"": 0.332927, ""2.B.5.c"": 0.367086, ""2.B.5.d"": 0.450913}",在杭州参与网络与计算机系统管理员工作5年，持续提升阅读理解、积极倾听、书面表达、口头表达等技能。,负责网络与计算机系统管理员相关项目，完成需求分析、代码实现、测试验证和上线复盘，使用数据科学与大数据技术知识解决实际业务问题。,我具备本科学历，专业为数据科学与大数据技术，目标方向是信息安全分析师。重视工程质量、团队协作和持续学习。,"求职方向：信息安全分析师
教育背景：本科｜数据科学与大数据技术
工作经历：在杭州参与网络与计算机系统管理员工作5年，持续提升阅读理解、积极倾听、书面表达、口头表达等技能。
项目经历：负责网络与计算机系统管理员相关项目，完成需求分析、代码实现、测试验证和上线复盘，使用数据科学与大数据技术知识解决实际业务问题。
技能：阅读理解、积极倾听、书面表达、口头表达、数学、批判性思维、主动学习、学习策略、监控、社会洞察、协调、说服、谈判、指导、服务导向、复杂问题解决、运营分析、技术设计、设备选型、编程、运营监控、操作与控制、设备维护、故障排查、修复、质量控制分析、判断与决策、系统分析、系统评估、时间管理、财务资源管理、物资资源管理、人员资源管理
自我评价：我具备本科学历，专业为数据科学与大数据技术，目标方向是信息安全分析师。重视工程质量、团队协作和持续学习。",synthetic_chinese_resume
CR0174,u174,本科,网络工程,1,成都,15-1251.00,计算机程序员,15-1252.00,软件开发工程师,阅读理解、积极倾听、书面表达、口头表达、数学、科学、批判性思维、主动学习、学习策略、监控、社会洞察、协调、说服、谈判、指导、复杂问题解决、运营分析、技术设计、编程、运营监控、设备维护、质量控制分析、判断与决策、系统分析、系统评估、时间管理、财务资源管理、人员资源管理,"{""2.A.1.a"": 0.502351, ""2.A.1.b"": 0.540994, ""2.A.1.c"": 0.493181, ""2.A.1.d"": 0.429409, ""2.A.1.e"": 0.470851, ""2.A.1.f"": 0.433079, ""2.A.2.a"": 0.534995, ""2.A.2.b"": 0.371646, ""2.A.2.c"": 0.343712, ""2.A.2.d"": 0.470897, ""2.B.1.a"": 0.470159, ""2.B.1.b"": 0.370943, ""2.B.1.c"": 0.453218, ""2.B.1.d"": 0.323434, ""2.B.1.e"": 0.345639, ""2.B.1.f"": 0.2776, ""2.B.2.i"": 0.58123, ""2.B.3.a"": 0.461107, ""2.B.3.b"": 0.361471, ""2.B.3.c"": 0.198257, ""2.B.3.d"": 0.259963, ""2.B.3.e"": 0.761328, ""2.B.3.g"": 0.314835, ""2.B.3.h"": 0.199766, ""2.B.3.j"": 0.280468, ""2.B.3.k"": 0.256685, ""2.B.3.l"": 0.231137, ""2.B.3.m"": 0.49353, ""2.B.4.e"": 0.47447, ""2.B.4.g"": 0.527972, ""2.B.4.h"": 0.462381, ""2.B.5.a"": 0.436339, ""2.B.5.b"": 0.307697, ""2.B.5.c"": 0.267244, ""2.B.5.d"": 0.397703}",在成都参与计算机程序员工作1年，持续提升阅读理解、积极倾听、书面表达、口头表达等技能。,负责计算机程序员相关项目，完成需求分析、代码实现、测试验证和上线复盘，使用网络工程知识解决实际业务问题。,我具备本科学历，专业为网络工程，目标方向是软件开发工程师。重视工程质量、团队协作和持续学习。,"求职方向：软件开发工程师
教育背景：本科｜网络工程
工作经历：在成都参与计算机程序员工作1年，持续提升阅读理解、积极倾听、书面表达、口头表达等技能。
项目经历：负责计算机程序员相关项目，完成需求分析、代码实现、测试验证和上线复盘，使用网络工程知识解决实际业务问题。
技能：阅读理解、积极倾听、书面表达、口头表达、数学、科学、批判性思维、主动学习、学习策略、监控、社会洞察、协调、说服、谈判、指导、复杂问题解决、运营分析、技术设计、编程、运营监控、设备维护、质量控制分析、判断与决策、系统分析、系统评估、时间管理、财务资源管理、人员资源管理
自我评价：我具备本科学历，专业为网络工程，目标方向是软件开发工程师。重视工程质量、团队协作和持续学习。",synthetic_chinese_resume
CR0175,u175,硕士,信息安全,8,武汉,15-1252.00,软件开发工程师,15-1253.00,软件质量保证分析师与测试工程师,阅读理解、积极倾听、书面表达、口头表达、数学、批判性思维、主动学习、学习策略、监控、社会洞察、协调、说服、谈判、指导、服务导向、复杂问题解决、技术设计、运营监控、故障排查、判断与决策、系统分析、系统评估、时间管理、人员资源管理,"{""2.A.1.a"": 0.604974, ""2.A.1.b"": 0.546779, ""2.A.1.c"": 0.525784, ""2.A.1.d"": 0.424542, ""2.A.1.e"": 0.384846, ""2.A.1.f"": 0.227991, ""2.A.2.a"": 0.555917, ""2.A.2.b"": 0.588967, ""2.A.2.c"": 0.396183, ""2.A.2.d"": 0.421369, ""2.B.1.a"": 0.36917, ""2.B.1.b"": 0.466665, ""2.B.1.c"": 0.403048, ""2.B.1.d"": 0.407819, ""2.B.1.e"": 0.421512, ""2.B.1.f"": 0.360127, ""2.B.2.i"": 0.501391, ""2.B.3.a"": 0.245937, ""2.B.3.b"": 0.462989, ""2.B.3.c"": 0.167884, ""2.B.3.d"": 0.219764, ""2.B.3.e"": 0.188142, ""2.B.3.g"": 0.380829, ""2.B.3.h"": 0.26172, ""2.B.3.j"": 0.198059, ""2.B.3.k"": 0.353239, ""2.B.3.l"": 0.187847, ""2.B.3.m"": 0.161849, ""2.B.4.e"": 0.486134, ""2.B.4.g"": 0.556035, ""2.B.4.h"": 0.547894, ""2.B.5.a"": 0.513853, ""2.B.5.b"": 0.166832, ""2.B.5.c"": 0.214242, ""2.B.5.d"": 0.443819}",在武汉参与软件开发工程师工作8年，持续提升阅读理解、积极倾听、书面表达、口头表达等技能。,负责软件开发工程师相关项目，完成需求分析、代码实现、测试验证和上线复盘，使用信息安全知识解决实际业务问题。,我具备硕士学历，专业为信息安全，目标方向是软件质量保证分析师与测试工程师。重视工程质量、团队协作和持续学习。,"求职方向：软件质量保证分析师与测试工程师
教育背景：硕士｜信息安全
工作经历：在武汉参与软件开发工程师工作8年，持续提升阅读理解、积极倾听、书面表达、口头表达等技能。
项目经历：负责软件开发工程师相关项目，完成需求分析、代码实现、测试验证和上线复盘，使用信息安全知识解决实际业务问题。
技能：阅读理解、积极倾听、书面表达、口头表达、数学、批判性思维、主动学习、学习策略、监控、社会洞察、协调、说服、谈判、指导、服务导向、复杂问题解决、技术设计、运营监控、故障排查、判断与决策、系统分析、系统评估、时间管理、人员资源管理
自我评价：我具备硕士学历，专业为信息安全，目标方向是软件质量保证分析师与测试工程师。重视工程质量、团队协作和持续学习。",synthetic_chinese_resume
CR0176,u176,大专,计算机科学与技术,4,西安,15-1253.00,软件质量保证分析师与测试工程师,15-1252.00,软件开发工程师,阅读理解、积极倾听、书面表达、口头表达、数学、科学、批判性思维、主动学习、学习策略、监控、社会洞察、协调、说服、谈判、指导、服务导向、复杂问题解决、运营分析、技术设计、安装、编程、运营监控、故障排查、质量控制分析、判断与决策、系统分析、系统评估、时间管理、财务资源管理、人员资源管理,"{""2.A.1.a"": 0.575736, ""2.A.1.b"": 0.523272, ""2.A.1.c"": 0.530648, ""2.A.1.d"": 0.61276, ""2.A.1.e"": 0.370136, ""2.A.1.f"": 0.398401, ""2.A.2.a"": 0.559671, ""2.A.2.b"": 0.468999, ""2.A.2.c"": 0.465309, ""2.A.2.d"": 0.487465, ""2.B.1.a"": 0.290985, ""2.B.1.b"": 0.438241, ""2.B.1.c"": 0.4261, ""2.B.1.d"": 0.374693, ""2.B.1.e"": 0.452278, ""2.B.1.f"": 0.427295, ""2.B.2.i"": 0.468933, ""2.B.3.a"": 0.486034, ""2.B.3.b"": 0.483664, ""2.B.3.c"": 0.19987, ""2.B.3.d"": 0.294359, ""2.B.3.e"": 0.560161, ""2.B.3.g"": 0.362027, ""2.B.3.h"": 0.274814, ""2.B.3.j"": 0.246751, ""2.B.3.k"": 0.345103, ""2.B.3.l"": 0.171944, ""2.B.3.m"": 0.521061, ""2.B.4.e"": 0.47051, ""2.B.4.g"": 0.549367, ""2.B.4.h"": 0.45497, ""2.B.5.a"": 0.400931, ""2.B.5.b"": 0.302521, ""2.B.5.c"": 0.232966, ""2.B.5.d"": 0.294309}",在西安参与软件质量保证分析师与测试工程师工作4年，持续提升阅读理解、积极倾听、书面表达、口头表达等技能。,负责软件质量保证分析师与测试工程师相关项目，完成需求分析、代码实现、测试验证和上线复盘，使用计算机科学与技术知识解决实际业务问题。,我具备大专学历，专业为计算机科学与技术，目标方向是软件开发工程师。重视工程质量、团队协作和持续学习。,"求职方向：软件开发工程师
教育背景：大专｜计算机科学与技术
工作经历：在西安参与软件质量保证分析师与测试工程师工作4年，持续提升阅读理解、积极倾听、书面表达、口头表达等技能。
项目经历：负责软件质量保证分析师与测试工程师相关项目，完成需求分析、代码实现、测试验证和上线复盘，使用计算机科学与技术知识解决实际业务问题。
技能：阅读理解、积极倾听、书面表达、口头表达、数学、科学、批判性思维、主动学习、学习策略、监控、社会洞察、协调、说服、谈判、指导、服务导向、复杂问题解决、运营分析、技术设计、安装、编程、运营监控、故障排查、质量控制分析、判断与决策、系统分析、系统评估、时间管理、财务资源管理、人员资源管理
自我评价：我具备大专学历，专业为计算机科学与技术，目标方向是软件开发工程师。重视工程质量、团队协作和持续学习。",synthetic_chinese_resume
CR0177,u177,本科,软件工程,0,北京,15-1254.00,网页开发工程师,15-1252.00,软件开发工程师,阅读理解、积极倾听、书面表达、口头表达、数学、批判性思维、主动学习、学习策略、监控、社会洞察、协调、说服、谈判、指导、服务导向、复杂问题解决、运营分析、技术设计、编程、运营监控、故障排查、质量控制分析、判断与决策、系统分析、系统评估、时间管理、财务资源管理、物资资源管理、人员资源管理,"{""2.A.1.a"": 0.557868, ""2.A.1.b"": 0.548178, ""2.A.1.c"": 0.428354, ""2.A.1.d"": 0.409122, ""2.A.1.e"": 0.359344, ""2.A.1.f"": 0.253657, ""2.A.2.a"": 0.50607, ""2.A.2.b"": 0.540167, ""2.A.2.c"": 0.375681, ""2.A.2.d"": 0.410095, ""2.B.1.a"": 0.354403, ""2.B.1.b"": 0.434468, ""2.B.1.c"": 0.466901, ""2.B.1.d"": 0.363621, ""2.B.1.e"": 0.425681, ""2.B.1.f"": 0.46582, ""2.B.2.i"": 0.612799, ""2.B.3.a"": 0.614246, ""2.B.3.b"": 0.292318, ""2.B.3.c"": 0.273714, ""2.B.3.d"": 0.223855, ""2.B.3.e"": 0.567925, ""2.B.3.g"": 0.377387, ""2.B.3.h"": 0.215553, ""2.B.3.j"": 0.214898, ""2.B.3.k"": 0.362585, ""2.B.3.l"": 0.224959, ""2.B.3.m"": 0.396943, ""2.B.4.e"": 0.555674, ""2.B.4.g"": 0.485901, ""2.B.4.h"": 0.494977, ""2.B.5.a"": 0.404728, ""2.B.5.b"": 0.28419, ""2.B.5.c"": 0.339193, ""2.B.5.d"": 0.334885}",在北京参与网页开发工程师工作0年，持续提升阅读理解、积极倾听、书面表达、口头表达等技能。,负责网页开发工程师相关项目，完成需求分析、代码实现、测试验证和上线复盘，使用软件工程知识解决实际业务问题。,我具备本科学历，专业为软件工程，目标方向是软件开发工程师。重视工程质量、团队协作和持续学习。,"求职方向：软件开发工程师
教育背景：本科｜软件工程
工作经历：在北京参与网页开发工程师工作0年，持续提升阅读理解、积极倾听、书面表达、口头表达等技能。
项目经历：负责网页开发工程师相关项目，完成需求分析、代码实现、测试验证和上线复盘，使用软件工程知识解决实际业务问题。
技能：阅读理解、积极倾听、书面表达、口头表达、数学、批判性思维、主动学习、学习策略、监控、社会洞察、协调、说服、谈判、指导、服务导向、复杂问题解决、运营分析、技术设计、编程、运营监控、故障排查、质量控制分析、判断与决策、系统分析、系统评估、时间管理、财务资源管理、物资资源管理、人员资源管理
自我评价：我具备本科学历，专业为软件工程，目标方向是软件开发工程师。重视工程质量、团队协作和持续学习。",synthetic_chinese_resume
CR0178,u178,本科,数据科学与大数据技术,7,上海,15-1255.00,网页与数字界面设计师,15-2031.00,运筹分析师,阅读理解、积极倾听、书面表达、口头表达、数学、批判性思维、主动学习、学习策略、监控、社会洞察、协调、说服、谈判、指导、服务导向、复杂问题解决、运营分析、技术设计、编程、运营监控、质量控制分析、判断与决策、系统分析、系统评估、时间管理、物资资源管理、人员资源管理,"{""2.A.1.a"": 0.541986, ""2.A.1.b"": 0.587758, ""2.A.1.c"": 0.524087, ""2.A.1.d"": 0.532601, ""2.A.1.e"": 0.411051, ""2.A.1.f"": 0.173477, ""2.A.2.a"": 0.481033, ""2.A.2.b"": 0.537785, ""2.A.2.c"": 0.480932, ""2.A.2.d"": 0.466339, ""2.B.1.a"": 0.390815, ""2.B.1.b"": 0.342622, ""2.B.1.c"": 0.381794, ""2.B.1.d"": 0.42837, ""2.B.1.e"": 0.376976, ""2.B.1.f"": 0.386479, ""2.B.2.i"": 0.469859, ""2.B.3.a"": 0.336431, ""2.B.3.b"": 0.395221, ""2.B.3.c"": 0.172235, ""2.B.3.d"": 0.197202, ""2.B.3.e"": 0.614662, ""2.B.3.g"": 0.37922, ""2.B.3.h"": 0.153675, ""2.B.3.j"": 0.208329, ""2.B.3.k"": 0.204589, ""2.B.3.l"": 0.243088, ""2.B.3.m"": 0.280092, ""2.B.4.e"": 0.524179, ""2.B.4.g"": 0.483013, ""2.B.4.h"": 0.444046, ""2.B.5.a"": 0.409728, ""2.B.5.b"": 0.213923, ""2.B.5.c"": 0.363993, ""2.B.5.d"": 0.441373}",在上海参与网页与数字界面设计师工作7年，持续提升阅读理解、积极倾听、书面表达、口头表达等技能。,负责网页与数字界面设计师相关项目，完成需求分析、代码实现、测试验证和上线复盘，使用数据科学与大数据技术知识解决实际业务问题。,我具备本科学历，专业为数据科学与大数据技术，目标方向是运筹分析师。重视工程质量、团队协作和持续学习。,"求职方向：运筹分析师
教育背景：本科｜数据科学与大数据技术
工作经历：在上海参与网页与数字界面设计师工作7年，持续提升阅读理解、积极倾听、书面表达、口头表达等技能。
项目经历：负责网页与数字界面设计师相关项目，完成需求分析、代码实现、测试验证和上线复盘，使用数据科学与大数据技术知识解决实际业务问题。
技能：阅读理解、积极倾听、书面表达、口头表达、数学、批判性思维、主动学习、学习策略、监控、社会洞察、协调、说服、谈判、指导、服务导向、复杂问题解决、运营分析、技术设计、编程、运营监控、质量控制分析、判断与决策、系统分析、系统评估、时间管理、物资资源管理、人员资源管理
自我评价：我具备本科学历，专业为数据科学与大数据技术，目标方向是运筹分析师。重视工程质量、团队协作和持续学习。",synthetic_chinese_resume
CR0179,u179,硕士,网络工程,3,广州,15-2031.00,运筹分析师,15-2051.00,数据科学家,阅读理解、积极倾听、书面表达、口头表达、数学、科学、批判性思维、主动学习、学习策略、监控、社会洞察、协调、说服、谈判、指导、服务导向、复杂问题解决、运营分析、编程、判断与决策、系统分析、系统评估、时间管理、人员资源管理,"{""2.A.1.a"": 0.655405, ""2.A.1.b"": 0.53146, ""2.A.1.c"": 0.543601, ""2.A.1.d"": 0.631465, ""2.A.1.e"": 0.737782, ""2.A.1.f"": 0.433925, ""2.A.2.a"": 0.602826, ""2.A.2.b"": 0.603559, ""2.A.2.c"": 0.382504, ""2.A.2.d"": 0.414833, ""2.B.1.a"": 0.42339, ""2.B.1.b"": 0.501927, ""2.B.1.c"": 0.321495, ""2.B.1.d"": 0.359948, ""2.B.1.e"": 0.361066, ""2.B.1.f"": 0.362839, ""2.B.2.i"": 0.695041, ""2.B.3.a"": 0.585019, ""2.B.3.b"": 0.209866, ""2.B.3.c"": 0.170352, ""2.B.3.d"": 0.176789, ""2.B.3.e"": 0.387778, ""2.B.3.g"": 0.243649, ""2.B.3.h"": 0.20294, ""2.B.3.j"": 0.22424, ""2.B.3.k"": 0.204717, ""2.B.3.l"": 0.217399, ""2.B.3.m"": 0.233092, ""2.B.4.e"": 0.618546, ""2.B.4.g"": 0.529439, ""2.B.4.h"": 0.623963, ""2.B.5.a"": 0.42031, ""2.B.5.b"": 0.215903, ""2.B.5.c"": 0.18599, ""2.B.5.d"": 0.386315}",在广州参与运筹分析师工作3年，持续提升阅读理解、积极倾听、书面表达、口头表达等技能。,负责运筹分析师相关项目，完成需求分析、代码实现、测试验证和上线复盘，使用网络工程知识解决实际业务问题。,我具备硕士学历，专业为网络工程，目标方向是数据科学家。重视工程质量、团队协作和持续学习。,"求职方向：数据科学家
教育背景：硕士｜网络工程
工作经历：在广州参与运筹分析师工作3年，持续提升阅读理解、积极倾听、书面表达、口头表达等技能。
项目经历：负责运筹分析师相关项目，完成需求分析、代码实现、测试验证和上线复盘，使用网络工程知识解决实际业务问题。
技能：阅读理解、积极倾听、书面表达、口头表达、数学、科学、批判性思维、主动学习、学习策略、监控、社会洞察、协调、说服、谈判、指导、服务导向、复杂问题解决、运营分析、编程、判断与决策、系统分析、系统评估、时间管理、人员资源管理
自我评价：我具备硕士学历，专业为网络工程，目标方向是数据科学家。重视工程质量、团队协作和持续学习。",synthetic_chinese_resume
CR0180,u180,大专,信息安全,10,深圳,15-2051.00,数据科学家,15-1211.00,计算机系统分析师,阅读理解、积极倾听、书面表达、口头表达、数学、批判性思维、主动学习、学习策略、监控、社会洞察、协调、说服、谈判、指导、服务导向、复杂问题解决、技术设计、编程、运营监控、质量控制分析、判断与决策、系统分析、系统评估、时间管理、人员资源管理,"{""2.A.1.a"": 0.553779, ""2.A.1.b"": 0.612908, ""2.A.1.c"": 0.612091, ""2.A.1.d"": 0.611436, ""2.A.1.e"": 0.513383, ""2.A.1.f"": 0.25489, ""2.A.2.a"": 0.613981, ""2.A.2.b"": 0.504979, ""2.A.2.c"": 0.435597, ""2.A.2.d"": 0.469961, ""2.B.1.a"": 0.419696, ""2.B.1.b"": 0.456962, ""2.B.1.c"": 0.353172, ""2.B.1.d"": 0.375898, ""2.B.1.e"": 0.4647, ""2.B.1.f"": 0.426651, ""2.B.2.i"": 0.53228, ""2.B.3.a"": 0.273439, ""2.B.3.b"": 0.286848, ""2.B.3.c"": 0.194193, ""2.B.3.d"": 0.209098, ""2.B.3.e"": 0.469752, ""2.B.3.g"": 0.296175, ""2.B.3.h"": 0.243552, ""2.B.3.j"": 0.22155, ""2.B.3.k"": 0.117262, ""2.B.3.l"": 0.156416, ""2.B.3.m"": 0.341693, ""2.B.4.e"": 0.516893, ""2.B.4.g"": 0.482801, ""2.B.4.h"": 0.399972, ""2.B.5.a"": 0.480324, ""2.B.5.b"": 0.220802, ""2.B.5.c"": 0.210439, ""2.B.5.d"": 0.38977}",在深圳参与数据科学家工作10年，持续提升阅读理解、积极倾听、书面表达、口头表达等技能。,负责数据科学家相关项目，完成需求分析、代码实现、测试验证和上线复盘，使用信息安全知识解决实际业务问题。,我具备大专学历，专业为信息安全，目标方向是计算机系统分析师。重视工程质量、团队协作和持续学习。,"求职方向：计算机系统分析师
教育背景：大专｜信息安全
工作经历：在深圳参与数据科学家工作10年，持续提升阅读理解、积极倾听、书面表达、口头表达等技能。
项目经历：负责数据科学家相关项目，完成需求分析、代码实现、测试验证和上线复盘，使用信息安全知识解决实际业务问题。
技能：阅读理解、积极倾听、书面表达、口头表达、数学、批判性思维、主动学习、学习策略、监控、社会洞察、协调、说服、谈判、指导、服务导向、复杂问题解决、技术设计、编程、运营监控、质量控制分析、判断与决策、系统分析、系统评估、时间管理、人员资源管理
自我评价：我具备大专学历，专业为信息安全，目标方向是计算机系统分析师。重视工程质量、团队协作和持续学习。",synthetic_chinese_resume
CR0181,u181,本科,计算机科学与技术,6,杭州,15-1211.00,计算机系统分析师,15-2051.00,数据科学家,阅读理解、积极倾听、书面表达、口头表达、数学、科学、批判性思维、主动学习、学习策略、监控、社会洞察、协调、说服、谈判、指导、服务导向、复杂问题解决、运营分析、技术设计、设备选型、编程、运营监控、操作与控制、设备维护、故障排查、质量控制分析、判断与决策、系统分析、系统评估、时间管理、财务资源管理、人员资源管理,"{""2.A.1.a"": 0.549947, ""2.A.1.b"": 0.661181, ""2.A.1.c"": 0.573399, ""2.A.1.d"": 0.631668, ""2.A.1.e"": 0.4753, ""2.A.1.f"": 0.407323, ""2.A.2.a"": 0.570294, ""2.A.2.b"": 0.630931, ""2.A.2.c"": 0.426046, ""2.A.2.d"": 0.553523, ""2.B.1.a"": 0.481946, ""2.B.1.b"": 0.422571, ""2.B.1.c"": 0.365016, ""2.B.1.d"": 0.395906, ""2.B.1.e"": 0.490016, ""2.B.1.f"": 0.472028, ""2.B.2.i"": 0.595683, ""2.B.3.a"": 0.55215, ""2.B.3.b"": 0.480287, ""2.B.3.c"": 0.33418, ""2.B.3.d"": 0.216871, ""2.B.3.e"": 0.562838, ""2.B.3.g"": 0.369734, ""2.B.3.h"": 0.37494, ""2.B.3.j"": 0.29539, ""2.B.3.k"": 0.505454, ""2.B.3.l"": 0.218006, ""2.B.3.m"": 0.424906, ""2.B.4.e"": 0.529785, ""2.B.4.g"": 0.566879, ""2.B.4.h"": 0.612124, ""2.B.5.a"": 0.46336, ""2.B.5.b"": 0.319838, ""2.B.5.c"": 0.26153, ""2.B.5.d"": 0.384324}",在杭州参与计算机系统分析师工作6年，持续提升阅读理解、积极倾听、书面表达、口头表达等技能。,负责计算机系统分析师相关项目，完成需求分析、代码实现、测试验证和上线复盘，使用计算机科学与技术知识解决实际业务问题。,我具备本科学历，专业为计算机科学与技术，目标方向是数据科学家。重视工程质量、团队协作和持续学习。,"求职方向：数据科学家
教育背景：本科｜计算机科学与技术
工作经历：在杭州参与计算机系统分析师工作6年，持续提升阅读理解、积极倾听、书面表达、口头表达等技能。
项目经历：负责计算机系统分析师相关项目，完成需求分析、代码实现、测试验证和上线复盘，使用计算机科学与技术知识解决实际业务问题。
技能：阅读理解、积极倾听、书面表达、口头表达、数学、科学、批判性思维、主动学习、学习策略、监控、社会洞察、协调、说服、谈判、指导、服务导向、复杂问题解决、运营分析、技术设计、设备选型、编程、运营监控、操作与控制、设备维护、故障排查、质量控制分析、判断与决策、系统分析、系统评估、时间管理、财务资源管理、人员资源管理
自我评价：我具备本科学历，专业为计算机科学与技术，目标方向是数据科学家。重视工程质量、团队协作和持续学习。",synthetic_chinese_resume
CR0182,u182,本科,软件工程,2,成都,15-1212.00,信息安全分析师,15-1242.00,数据库管理员,阅读理解、积极倾听、书面表达、口头表达、数学、批判性思维、主动学习、学习策略、监控、社会洞察、协调、说服、谈判、指导、服务导向、复杂问题解决、运营分析、技术设计、设备选型、编程、运营监控、故障排查、质量控制分析、判断与决策、系统分析、系统评估、时间管理、物资资源管理、人员资源管理,"{""2.A.1.a"": 0.595002, ""2.A.1.b"": 0.502069, ""2.A.1.c"": 0.415776, ""2.A.1.d"": 0.495223, ""2.A.1.e"": 0.400542, ""2.A.1.f"": 0.247163, ""2.A.2.a"": 0.557014, ""2.A.2.b"": 0.538854, ""2.A.2.c"": 0.474361, ""2.A.2.d"": 0.493638, ""2.B.1.a"": 0.341454, ""2.B.1.b"": 0.465948, ""2.B.1.c"": 0.40359, ""2.B.1.d"": 0.346767, ""2.B.1.e"": 0.478805, ""2.B.1.f"": 0.447179, ""2.B.2.i"": 0.505615, ""2.B.3.a"": 0.29733, ""2.B.3.b"": 0.317234, ""2.B.3.c"": 0.347764, ""2.B.3.d"": 0.224973, ""2.B.3.e"": 0.356766, ""2.B.3.g"": 0.418048, ""2.B.3.h"": 0.218276, ""2.B.3.j"": 0.212445, ""2.B.3.k"": 0.308053, ""2.B.3.l"": 0.218019, ""2.B.3.m"": 0.464393, ""2.B.4.e"": 0.55295, ""2.B.4.g"": 0.393416, ""2.B.4.h"": 0.49696, ""2.B.5.a"": 0.377189, ""2.B.5.b"": 0.191506, ""2.B.5.c"": 0.284896, ""2.B.5.d"": 0.304797}",在成都参与信息安全分析师工作2年，持续提升阅读理解、积极倾听、书面表达、口头表达等技能。,负责信息安全分析师相关项目，完成需求分析、代码实现、测试验证和上线复盘，使用软件工程知识解决实际业务问题。,我具备本科学历，专业为软件工程，目标方向是数据库管理员。重视工程质量、团队协作和持续学习。,"求职方向：数据库管理员
教育背景：本科｜软件工程
工作经历：在成都参与信息安全分析师工作2年，持续提升阅读理解、积极倾听、书面表达、口头表达等技能。
项目经历：负责信息安全分析师相关项目，完成需求分析、代码实现、测试验证和上线复盘，使用软件工程知识解决实际业务问题。
技能：阅读理解、积极倾听、书面表达、口头表达、数学、批判性思维、主动学习、学习策略、监控、社会洞察、协调、说服、谈判、指导、服务导向、复杂问题解决、运营分析、技术设计、设备选型、编程、运营监控、故障排查、质量控制分析、判断与决策、系统分析、系统评估、时间管理、物资资源管理、人员资源管理
自我评价：我具备本科学历，专业为软件工程，目标方向是数据库管理员。重视工程质量、团队协作和持续学习。",synthetic_chinese_resume
CR0183,u183,硕士,数据科学与大数据技术,9,武汉,15-1242.00,数据库管理员,15-2051.00,数据科学家,阅读理解、积极倾听、书面表达、口头表达、数学、批判性思维、主动学习、学习策略、监控、社会洞察、协调、说服、谈判、指导、服务导向、复杂问题解决、运营分析、技术设计、编程、运营监控、设备维护、故障排查、质量控制分析、判断与决策、系统分析、系统评估、时间管理、财务资源管理、物资资源管理、人员资源管理,"{""2.A.1.a"": 0.583792, ""2.A.1.b"": 0.605438, ""2.A.1.c"": 0.483023, ""2.A.1.d"": 0.512837, ""2.A.1.e"": 0.380869, ""2.A.1.f"": 0.226712, ""2.A.2.a"": 0.535368, ""2.A.2.b"": 0.541126, ""2.A.2.c"": 0.433937, ""2.A.2.d"": 0.509837, ""2.B.1.a"": 0.413734, ""2.B.1.b"": 0.422916, ""2.B.1.c"": 0.397027, ""2.B.1.d"": 0.32779, ""2.B.1.e"": 0.544623, ""2.B.1.f"": 0.386597, ""2.B.2.i"": 0.666169, ""2.B.3.a"": 0.431989, ""2.B.3.b"": 0.325991, ""2.B.3.c"": 0.215256, ""2.B.3.d"": 0.218974, ""2.B.3.e"": 0.529456, ""2.B.3.g"": 0.377965, ""2.B.3.h"": 0.236811, ""2.B.3.j"": 0.313688, ""2.B.3.k"": 0.320847, ""2.B.3.l"": 0.144279, ""2.B.3.m"": 0.286261, ""2.B.4.e"": 0.641716, ""2.B.4.g"": 0.588918, ""2.B.4.h"": 0.518241, ""2.B.5.a"": 0.382436, ""2.B.5.b"": 0.284947, ""2.B.5.c"": 0.284075, ""2.B.5.d"": 0.347604}",在武汉参与数据库管理员工作9年，持续提升阅读理解、积极倾听、书面表达、口头表达等技能。,负责数据库管理员相关项目，完成需求分析、代码实现、测试验证和上线复盘，使用数据科学与大数据技术知识解决实际业务问题。,我具备硕士学历，专业为数据科学与大数据技术，目标方向是数据科学家。重视工程质量、团队协作和持续学习。,"求职方向：数据科学家
教育背景：硕士｜数据科学与大数据技术
工作经历：在武汉参与数据库管理员工作9年，持续提升阅读理解、积极倾听、书面表达、口头表达等技能。
项目经历：负责数据库管理员相关项目，完成需求分析、代码实现、测试验证和上线复盘，使用数据科学与大数据技术知识解决实际业务问题。
技能：阅读理解、积极倾听、书面表达、口头表达、数学、批判性思维、主动学习、学习策略、监控、社会洞察、协调、说服、谈判、指导、服务导向、复杂问题解决、运营分析、技术设计、编程、运营监控、设备维护、故障排查、质量控制分析、判断与决策、系统分析、系统评估、时间管理、财务资源管理、物资资源管理、人员资源管理
自我评价：我具备硕士学历，专业为数据科学与大数据技术，目标方向是数据科学家。重视工程质量、团队协作和持续学习。",synthetic_chinese_resume
CR0184,u184,大专,网络工程,5,西安,15-1243.00,数据库架构师,15-1244.00,网络与计算机系统管理员,阅读理解、积极倾听、书面表达、口头表达、数学、科学、批判性思维、主动学习、学习策略、监控、社会洞察、协调、说服、谈判、指导、服务导向、复杂问题解决、运营分析、技术设计、编程、运营监控、操作与控制、修复、质量控制分析、判断与决策、系统分析、系统评估、时间管理、人员资源管理,"{""2.A.1.a"": 0.708802, ""2.A.1.b"": 0.508809, ""2.A.1.c"": 0.545087, ""2.A.1.d"": 0.473879, ""2.A.1.e"": 0.4302, ""2.A.1.f"": 0.287906, ""2.A.2.a"": 0.465322, ""2.A.2.b"": 0.449472, ""2.A.2.c"": 0.449706, ""2.A.2.d"": 0.482482, ""2.B.1.a"": 0.430148, ""2.B.1.b"": 0.486656, ""2.B.1.c"": 0.326867, ""2.B.1.d"": 0.361031, ""2.B.1.e"": 0.424749, ""2.B.1.f"": 0.484862, ""2.B.2.i"": 0.602498, ""2.B.3.a"": 0.603004, ""2.B.3.b"": 0.400192, ""2.B.3.c"": 0.153437, ""2.B.3.d"": 0.260488, ""2.B.3.e"": 0.575967, ""2.B.3.g"": 0.288218, ""2.B.3.h"": 0.370444, ""2.B.3.j"": 0.156672, ""2.B.3.k"": 0.279406, ""2.B.3.l"": 0.304372, ""2.B.3.m"": 0.322162, ""2.B.4.e"": 0.539357, ""2.B.4.g"": 0.476298, ""2.B.4.h"": 0.495108, ""2.B.5.a"": 0.477056, ""2.B.5.b"": 0.222897, ""2.B.5.c"": 0.220197, ""2.B.5.d"": 0.358973}",在西安参与数据库架构师工作5年，持续提升阅读理解、积极倾听、书面表达、口头表达等技能。,负责数据库架构师相关项目，完成需求分析、代码实现、测试验证和上线复盘，使用网络工程知识解决实际业务问题。,我具备大专学历，专业为网络工程，目标方向是网络与计算机系统管理员。重视工程质量、团队协作和持续学习。,"求职方向：网络与计算机系统管理员
教育背景：大专｜网络工程
工作经历：在西安参与数据库架构师工作5年，持续提升阅读理解、积极倾听、书面表达、口头表达等技能。
项目经历：负责数据库架构师相关项目，完成需求分析、代码实现、测试验证和上线复盘，使用网络工程知识解决实际业务问题。
技能：阅读理解、积极倾听、书面表达、口头表达、数学、科学、批判性思维、主动学习、学习策略、监控、社会洞察、协调、说服、谈判、指导、服务导向、复杂问题解决、运营分析、技术设计、编程、运营监控、操作与控制、修复、质量控制分析、判断与决策、系统分析、系统评估、时间管理、人员资源管理
自我评价：我具备大专学历，专业为网络工程，目标方向是网络与计算机系统管理员。重视工程质量、团队协作和持续学习。",synthetic_chinese_resume
CR0185,u185,本科,信息安全,1,北京,15-1244.00,网络与计算机系统管理员,15-1212.00,信息安全分析师,阅读理解、积极倾听、书面表达、口头表达、数学、科学、批判性思维、主动学习、学习策略、监控、社会洞察、协调、说服、谈判、指导、服务导向、复杂问题解决、运营分析、技术设计、设备选型、安装、编程、运营监控、操作与控制、设备维护、故障排查、修复、质量控制分析、判断与决策、系统分析、系统评估、时间管理、财务资源管理、物资资源管理、人员资源管理,"{""2.A.1.a"": 0.60197, ""2.A.1.b"": 0.589358, ""2.A.1.c"": 0.472906, ""2.A.1.d"": 0.496146, ""2.A.1.e"": 0.400616, ""2.A.1.f"": 0.316005, ""2.A.2.a"": 0.511799, ""2.A.2.b"": 0.491864, ""2.A.2.c"": 0.523874, ""2.A.2.d"": 0.550241, ""2.B.1.a"": 0.417246, ""2.B.1.b"": 0.392598, ""2.B.1.c"": 0.408873, ""2.B.1.d"": 0.373986, ""2.B.1.e"": 0.472311, ""2.B.1.f"": 0.402867, ""2.B.2.i"": 0.529928, ""2.B.3.a"": 0.47927, ""2.B.3.b"": 0.381929, ""2.B.3.c"": 0.491505, ""2.B.3.d"": 0.289703, ""2.B.3.e"": 0.524499, ""2.B.3.g"": 0.442577, ""2.B.3.h"": 0.433057, ""2.B.3.j"": 0.456548, ""2.B.3.k"": 0.432608, ""2.B.3.l"": 0.431673, ""2.B.3.m"": 0.497049, ""2.B.4.e"": 0.524626, ""2.B.4.g"": 0.510449, ""2.B.4.h"": 0.620951, ""2.B.5.a"": 0.493652, ""2.B.5.b"": 0.33361, ""2.B.5.c"": 0.426348, ""2.B.5.d"": 0.432598}",在北京参与网络与计算机系统管理员工作1年，持续提升阅读理解、积极倾听、书面表达、口头表达等技能。,负责网络与计算机系统管理员相关项目，完成需求分析、代码实现、测试验证和上线复盘，使用信息安全知识解决实际业务问题。,我具备本科学历，专业为信息安全，目标方向是信息安全分析师。重视工程质量、团队协作和持续学习。,"求职方向：信息安全分析师
教育背景：本科｜信息安全
工作经历：在北京参与网络与计算机系统管理员工作1年，持续提升阅读理解、积极倾听、书面表达、口头表达等技能。
项目经历：负责网络与计算机系统管理员相关项目，完成需求分析、代码实现、测试验证和上线复盘，使用信息安全知识解决实际业务问题。
技能：阅读理解、积极倾听、书面表达、口头表达、数学、科学、批判性思维、主动学习、学习策略、监控、社会洞察、协调、说服、谈判、指导、服务导向、复杂问题解决、运营分析、技术设计、设备选型、安装、编程、运营监控、操作与控制、设备维护、故障排查、修复、质量控制分析、判断与决策、系统分析、系统评估、时间管理、财务资源管理、物资资源管理、人员资源管理
自我评价：我具备本科学历，专业为信息安全，目标方向是信息安全分析师。重视工程质量、团队协作和持续学习。",synthetic_chinese_resume
CR0186,u186,本科,计算机科学与技术,8,上海,15-1251.00,计算机程序员,15-1252.00,软件开发工程师,阅读理解、积极倾听、书面表达、口头表达、数学、科学、批判性思维、主动学习、学习策略、监控、社会洞察、协调、说服、指导、服务导向、复杂问题解决、运营分析、技术设计、编程、故障排查、质量控制分析、判断与决策、系统分析、系统评估、时间管理、人员资源管理,"{""2.A.1.a"": 0.474166, ""2.A.1.b"": 0.595465, ""2.A.1.c"": 0.523376, ""2.A.1.d"": 0.486037, ""2.A.1.e"": 0.48282, ""2.A.1.f"": 0.363293, ""2.A.2.a"": 0.577523, ""2.A.2.b"": 0.461367, ""2.A.2.c"": 0.340731, ""2.A.2.d"": 0.449652, ""2.B.1.a"": 0.446535, ""2.B.1.b"": 0.415337, ""2.B.1.c"": 0.445401, ""2.B.1.d"": 0.273149, ""2.B.1.e"": 0.347618, ""2.B.1.f"": 0.322165, ""2.B.2.i"": 0.591146, ""2.B.3.a"": 0.466531, ""2.B.3.b"": 0.386875, ""2.B.3.c"": 0.191523, ""2.B.3.d"": 0.180376, ""2.B.3.e"": 0.679356, ""2.B.3.g"": 0.273607, ""2.B.3.h"": 0.185369, ""2.B.3.j"": 0.20119, ""2.B.3.k"": 0.306901, ""2.B.3.l"": 0.246302, ""2.B.3.m"": 0.43209, ""2.B.4.e"": 0.510736, ""2.B.4.g"": 0.469676, ""2.B.4.h"": 0.467098, ""2.B.5.a"": 0.459345, ""2.B.5.b"": 0.252243, ""2.B.5.c"": 0.23166, ""2.B.5.d"": 0.358608}",在上海参与计算机程序员工作8年，持续提升阅读理解、积极倾听、书面表达、口头表达等技能。,负责计算机程序员相关项目，完成需求分析、代码实现、测试验证和上线复盘，使用计算机科学与技术知识解决实际业务问题。,我具备本科学历，专业为计算机科学与技术，目标方向是软件开发工程师。重视工程质量、团队协作和持续学习。,"求职方向：软件开发工程师
教育背景：本科｜计算机科学与技术
工作经历：在上海参与计算机程序员工作8年，持续提升阅读理解、积极倾听、书面表达、口头表达等技能。
项目经历：负责计算机程序员相关项目，完成需求分析、代码实现、测试验证和上线复盘，使用计算机科学与技术知识解决实际业务问题。
技能：阅读理解、积极倾听、书面表达、口头表达、数学、科学、批判性思维、主动学习、学习策略、监控、社会洞察、协调、说服、指导、服务导向、复杂问题解决、运营分析、技术设计、编程、故障排查、质量控制分析、判断与决策、系统分析、系统评估、时间管理、人员资源管理
自我评价：我具备本科学历，专业为计算机科学与技术，目标方向是软件开发工程师。重视工程质量、团队协作和持续学习。",synthetic_chinese_resume
CR0187,u187,硕士,软件工程,4,广州,15-1252.00,软件开发工程师,15-1253.00,软件质量保证分析师与测试工程师,阅读理解、积极倾听、书面表达、口头表达、数学、批判性思维、主动学习、学习策略、监控、社会洞察、协调、说服、谈判、指导、服务导向、复杂问题解决、技术设计、运营监控、故障排查、修复、判断与决策、系统分析、系统评估、时间管理、人员资源管理,"{""2.A.1.a"": 0.522633, ""2.A.1.b"": 0.492636, ""2.A.1.c"": 0.453086, ""2.A.1.d"": 0.463075, ""2.A.1.e"": 0.350068, ""2.A.1.f"": 0.207086, ""2.A.2.a"": 0.57372, ""2.A.2.b"": 0.557279, ""2.A.2.c"": 0.350789, ""2.A.2.d"": 0.445049, ""2.B.1.a"": 0.445304, ""2.B.1.b"": 0.380097, ""2.B.1.c"": 0.404404, ""2.B.1.d"": 0.43634, ""2.B.1.e"": 0.404992, ""2.B.1.f"": 0.437898, ""2.B.2.i"": 0.417141, ""2.B.3.a"": 0.210921, ""2.B.3.b"": 0.435389, ""2.B.3.c"": 0.253296, ""2.B.3.d"": 0.184055, ""2.B.3.e"": 0.17379, ""2.B.3.g"": 0.301406, ""2.B.3.h"": 0.231586, ""2.B.3.j"": 0.161951, ""2.B.3.k"": 0.404811, ""2.B.3.l"": 0.303779, ""2.B.3.m"": 0.255055, ""2.B.4.e"": 0.584147, ""2.B.4.g"": 0.549145, ""2.B.4.h"": 0.595161, ""2.B.5.a"": 0.415194, ""2.B.5.b"": 0.273484, ""2.B.5.c"": 0.19485, ""2.B.5.d"": 0.369487}",在广州参与软件开发工程师工作4年，持续提升阅读理解、积极倾听、书面表达、口头表达等技能。,负责软件开发工程师相关项目，完成需求分析、代码实现、测试验证和上线复盘，使用软件工程知识解决实际业务问题。,我具备硕士学历，专业为软件工程，目标方向是软件质量保证分析师与测试工程师。重视工程质量、团队协作和持续学习。,"求职方向：软件质量保证分析师与测试工程师
教育背景：硕士｜软件工程
工作经历：在广州参与软件开发工程师工作4年，持续提升阅读理解、积极倾听、书面表达、口头表达等技能。
项目经历：负责软件开发工程师相关项目，完成需求分析、代码实现、测试验证和上线复盘，使用软件工程知识解决实际业务问题。
技能：阅读理解、积极倾听、书面表达、口头表达、数学、批判性思维、主动学习、学习策略、监控、社会洞察、协调、说服、谈判、指导、服务导向、复杂问题解决、技术设计、运营监控、故障排查、修复、判断与决策、系统分析、系统评估、时间管理、人员资源管理
自我评价：我具备硕士学历，专业为软件工程，目标方向是软件质量保证分析师与测试工程师。重视工程质量、团队协作和持续学习。",synthetic_chinese_resume
CR0188,u188,大专,数据科学与大数据技术,0,深圳,15-1253.00,软件质量保证分析师与测试工程师,15-1252.00,软件开发工程师,阅读理解、积极倾听、书面表达、口头表达、数学、科学、批判性思维、主动学习、学习策略、监控、社会洞察、协调、说服、谈判、指导、服务导向、复杂问题解决、运营分析、安装、编程、运营监控、故障排查、质量控制分析、判断与决策、系统分析、系统评估、时间管理、人员资源管理,"{""2.A.1.a"": 0.624993, ""2.A.1.b"": 0.499892, ""2.A.1.c"": 0.601513, ""2.A.1.d"": 0.602524, ""2.A.1.e"": 0.424737, ""2.A.1.f"": 0.445666, ""2.A.2.a"": 0.582497, ""2.A.2.b"": 0.532309, ""2.A.2.c"": 0.387532, ""2.A.2.d"": 0.513103, ""2.B.1.a"": 0.45805, ""2.B.1.b"": 0.412343, ""2.B.1.c"": 0.346853, ""2.B.1.d"": 0.410308, ""2.B.1.e"": 0.351304, ""2.B.1.f"": 0.387234, ""2.B.2.i"": 0.466543, ""2.B.3.a"": 0.407618, ""2.B.3.b"": 0.254519, ""2.B.3.c"": 0.238608, ""2.B.3.d"": 0.323053, ""2.B.3.e"": 0.528592, ""2.B.3.g"": 0.358027, ""2.B.3.h"": 0.221717, ""2.B.3.j"": 0.130046, ""2.B.3.k"": 0.375763, ""2.B.3.l"": 0.19666, ""2.B.3.m"": 0.496337, ""2.B.4.e"": 0.471161, ""2.B.4.g"": 0.441633, ""2.B.4.h"": 0.431507, ""2.B.5.a"": 0.392342, ""2.B.5.b"": 0.227779, ""2.B.5.c"": 0.192492, ""2.B.5.d"": 0.342576}",在深圳参与软件质量保证分析师与测试工程师工作0年，持续提升阅读理解、积极倾听、书面表达、口头表达等技能。,负责软件质量保证分析师与测试工程师相关项目，完成需求分析、代码实现、测试验证和上线复盘，使用数据科学与大数据技术知识解决实际业务问题。,我具备大专学历，专业为数据科学与大数据技术，目标方向是软件开发工程师。重视工程质量、团队协作和持续学习。,"求职方向：软件开发工程师
教育背景：大专｜数据科学与大数据技术
工作经历：在深圳参与软件质量保证分析师与测试工程师工作0年，持续提升阅读理解、积极倾听、书面表达、口头表达等技能。
项目经历：负责软件质量保证分析师与测试工程师相关项目，完成需求分析、代码实现、测试验证和上线复盘，使用数据科学与大数据技术知识解决实际业务问题。
技能：阅读理解、积极倾听、书面表达、口头表达、数学、科学、批判性思维、主动学习、学习策略、监控、社会洞察、协调、说服、谈判、指导、服务导向、复杂问题解决、运营分析、安装、编程、运营监控、故障排查、质量控制分析、判断与决策、系统分析、系统评估、时间管理、人员资源管理
自我评价：我具备大专学历，专业为数据科学与大数据技术，目标方向是软件开发工程师。重视工程质量、团队协作和持续学习。",synthetic_chinese_resume
CR0189,u189,本科,网络工程,7,杭州,15-1254.00,网页开发工程师,15-1252.00,软件开发工程师,阅读理解、积极倾听、书面表达、口头表达、数学、科学、批判性思维、主动学习、学习策略、监控、社会洞察、协调、说服、谈判、指导、服务导向、复杂问题解决、运营分析、技术设计、设备选型、编程、故障排查、质量控制分析、判断与决策、系统分析、系统评估、时间管理、财务资源管理、人员资源管理,"{""2.A.1.a"": 0.575106, ""2.A.1.b"": 0.508553, ""2.A.1.c"": 0.439586, ""2.A.1.d"": 0.456963, ""2.A.1.e"": 0.435777, ""2.A.1.f"": 0.330027, ""2.A.2.a"": 0.530321, ""2.A.2.b"": 0.496804, ""2.A.2.c"": 0.433434, ""2.A.2.d"": 0.531989, ""2.B.1.a"": 0.416409, ""2.B.1.b"": 0.421703, ""2.B.1.c"": 0.336823, ""2.B.1.d"": 0.387833, ""2.B.1.e"": 0.391643, ""2.B.1.f"": 0.349426, ""2.B.2.i"": 0.517731, ""2.B.3.a"": 0.584826, ""2.B.3.b"": 0.367454, ""2.B.3.c"": 0.285024, ""2.B.3.d"": 0.21826, ""2.B.3.e"": 0.608599, ""2.B.3.g"": 0.255983, ""2.B.3.h"": 0.246459, ""2.B.3.j"": 0.160929, ""2.B.3.k"": 0.3889, ""2.B.3.l"": 0.212865, ""2.B.3.m"": 0.476677, ""2.B.4.e"": 0.501362, ""2.B.4.g"": 0.492091, ""2.B.4.h"": 0.424575, ""2.B.5.a"": 0.390661, ""2.B.5.b"": 0.368473, ""2.B.5.c"": 0.252153, ""2.B.5.d"": 0.298826}",在杭州参与网页开发工程师工作7年，持续提升阅读理解、积极倾听、书面表达、口头表达等技能。,负责网页开发工程师相关项目，完成需求分析、代码实现、测试验证和上线复盘，使用网络工程知识解决实际业务问题。,我具备本科学历，专业为网络工程，目标方向是软件开发工程师。重视工程质量、团队协作和持续学习。,"求职方向：软件开发工程师
教育背景：本科｜网络工程
工作经历：在杭州参与网页开发工程师工作7年，持续提升阅读理解、积极倾听、书面表达、口头表达等技能。
项目经历：负责网页开发工程师相关项目，完成需求分析、代码实现、测试验证和上线复盘，使用网络工程知识解决实际业务问题。
技能：阅读理解、积极倾听、书面表达、口头表达、数学、科学、批判性思维、主动学习、学习策略、监控、社会洞察、协调、说服、谈判、指导、服务导向、复杂问题解决、运营分析、技术设计、设备选型、编程、故障排查、质量控制分析、判断与决策、系统分析、系统评估、时间管理、财务资源管理、人员资源管理
自我评价：我具备本科学历，专业为网络工程，目标方向是软件开发工程师。重视工程质量、团队协作和持续学习。",synthetic_chinese_resume
CR0190,u190,本科,信息安全,3,成都,15-1255.00,网页与数字界面设计师,15-2031.00,运筹分析师,阅读理解、积极倾听、书面表达、口头表达、数学、批判性思维、主动学习、学习策略、监控、社会洞察、协调、说服、谈判、指导、服务导向、复杂问题解决、运营分析、技术设计、编程、质量控制分析、判断与决策、系统分析、系统评估、时间管理、物资资源管理、人员资源管理,"{""2.A.1.a"": 0.486522, ""2.A.1.b"": 0.561446, ""2.A.1.c"": 0.537551, ""2.A.1.d"": 0.406486, ""2.A.1.e"": 0.483426, ""2.A.1.f"": 0.237623, ""2.A.2.a"": 0.573572, ""2.A.2.b"": 0.556316, ""2.A.2.c"": 0.406162, ""2.A.2.d"": 0.484046, ""2.B.1.a"": 0.330917, ""2.B.1.b"": 0.492224, ""2.B.1.c"": 0.381775, ""2.B.1.d"": 0.46054, ""2.B.1.e"": 0.40373, ""2.B.1.f"": 0.381691, ""2.B.2.i"": 0.475532, ""2.B.3.a"": 0.421873, ""2.B.3.b"": 0.430197, ""2.B.3.c"": 0.204691, ""2.B.3.d"": 0.169088, ""2.B.3.e"": 0.630426, ""2.B.3.g"": 0.268127, ""2.B.3.h"": 0.250983, ""2.B.3.j"": 0.234525, ""2.B.3.k"": 0.223027, ""2.B.3.l"": 0.186715, ""2.B.3.m"": 0.287328, ""2.B.4.e"": 0.545493, ""2.B.4.g"": 0.42824, ""2.B.4.h"": 0.529464, ""2.B.5.a"": 0.468384, ""2.B.5.b"": 0.235216, ""2.B.5.c"": 0.296526, ""2.B.5.d"": 0.292311}",在成都参与网页与数字界面设计师工作3年，持续提升阅读理解、积极倾听、书面表达、口头表达等技能。,负责网页与数字界面设计师相关项目，完成需求分析、代码实现、测试验证和上线复盘，使用信息安全知识解决实际业务问题。,我具备本科学历，专业为信息安全，目标方向是运筹分析师。重视工程质量、团队协作和持续学习。,"求职方向：运筹分析师
教育背景：本科｜信息安全
工作经历：在成都参与网页与数字界面设计师工作3年，持续提升阅读理解、积极倾听、书面表达、口头表达等技能。
项目经历：负责网页与数字界面设计师相关项目，完成需求分析、代码实现、测试验证和上线复盘，使用信息安全知识解决实际业务问题。
技能：阅读理解、积极倾听、书面表达、口头表达、数学、批判性思维、主动学习、学习策略、监控、社会洞察、协调、说服、谈判、指导、服务导向、复杂问题解决、运营分析、技术设计、编程、质量控制分析、判断与决策、系统分析、系统评估、时间管理、物资资源管理、人员资源管理
自我评价：我具备本科学历，专业为信息安全，目标方向是运筹分析师。重视工程质量、团队协作和持续学习。",synthetic_chinese_resume
CR0191,u191,硕士,计算机科学与技术,10,武汉,15-2031.00,运筹分析师,15-2051.00,数据科学家,阅读理解、积极倾听、书面表达、口头表达、数学、科学、批判性思维、主动学习、学习策略、监控、社会洞察、协调、说服、谈判、指导、服务导向、复杂问题解决、运营分析、编程、判断与决策、系统分析、系统评估、时间管理、人员资源管理,"{""2.A.1.a"": 0.69352, ""2.A.1.b"": 0.656559, ""2.A.1.c"": 0.624251, ""2.A.1.d"": 0.64136, ""2.A.1.e"": 0.723507, ""2.A.1.f"": 0.476654, ""2.A.2.a"": 0.682336, ""2.A.2.b"": 0.623206, ""2.A.2.c"": 0.432556, ""2.A.2.d"": 0.407523, ""2.B.1.a"": 0.484275, ""2.B.1.b"": 0.431132, ""2.B.1.c"": 0.393622, ""2.B.1.d"": 0.423589, ""2.B.1.e"": 0.390128, ""2.B.1.f"": 0.328863, ""2.B.2.i"": 0.65532, ""2.B.3.a"": 0.576218, ""2.B.3.b"": 0.224975, ""2.B.3.c"": 0.212339, ""2.B.3.d"": 0.245633, ""2.B.3.e"": 0.406562, ""2.B.3.g"": 0.22581, ""2.B.3.h"": 0.166252, ""2.B.3.j"": 0.237833, ""2.B.3.k"": 0.202648, ""2.B.3.l"": 0.243747, ""2.B.3.m"": 0.236137, ""2.B.4.e"": 0.628779, ""2.B.4.g"": 0.615297, ""2.B.4.h"": 0.59848, ""2.B.5.a"": 0.394596, ""2.B.5.b"": 0.256012, ""2.B.5.c"": 0.208292, ""2.B.5.d"": 0.376406}",在武汉参与运筹分析师工作10年，持续提升阅读理解、积极倾听、书面表达、口头表达等技能。,负责运筹分析师相关项目，完成需求分析、代码实现、测试验证和上线复盘，使用计算机科学与技术知识解决实际业务问题。,我具备硕士学历，专业为计算机科学与技术，目标方向是数据科学家。重视工程质量、团队协作和持续学习。,"求职方向：数据科学家
教育背景：硕士｜计算机科学与技术
工作经历：在武汉参与运筹分析师工作10年，持续提升阅读理解、积极倾听、书面表达、口头表达等技能。
项目经历：负责运筹分析师相关项目，完成需求分析、代码实现、测试验证和上线复盘，使用计算机科学与技术知识解决实际业务问题。
技能：阅读理解、积极倾听、书面表达、口头表达、数学、科学、批判性思维、主动学习、学习策略、监控、社会洞察、协调、说服、谈判、指导、服务导向、复杂问题解决、运营分析、编程、判断与决策、系统分析、系统评估、时间管理、人员资源管理
自我评价：我具备硕士学历，专业为计算机科学与技术，目标方向是数据科学家。重视工程质量、团队协作和持续学习。",synthetic_chinese_resume
CR0192,u192,大专,软件工程,6,西安,15-2051.00,数据科学家,15-1211.00,计算机系统分析师,阅读理解、积极倾听、书面表达、口头表达、数学、科学、批判性思维、主动学习、学习策略、监控、社会洞察、协调、说服、谈判、指导、服务导向、复杂问题解决、编程、质量控制分析、判断与决策、系统分析、系统评估、时间管理、财务资源管理、人员资源管理,"{""2.A.1.a"": 0.595452, ""2.A.1.b"": 0.573664, ""2.A.1.c"": 0.494731, ""2.A.1.d"": 0.566599, ""2.A.1.e"": 0.563813, ""2.A.1.f"": 0.305262, ""2.A.2.a"": 0.645464, ""2.A.2.b"": 0.545454, ""2.A.2.c"": 0.478254, ""2.A.2.d"": 0.436308, ""2.B.1.a"": 0.480911, ""2.B.1.b"": 0.408686, ""2.B.1.c"": 0.416244, ""2.B.1.d"": 0.363216, ""2.B.1.e"": 0.349444, ""2.B.1.f"": 0.442356, ""2.B.2.i"": 0.460283, ""2.B.3.a"": 0.256211, ""2.B.3.b"": 0.213687, ""2.B.3.c"": 0.199168, ""2.B.3.d"": 0.228349, ""2.B.3.e"": 0.464222, ""2.B.3.g"": 0.243016, ""2.B.3.h"": 0.261303, ""2.B.3.j"": 0.099058, ""2.B.3.k"": 0.1552, ""2.B.3.l"": 0.239262, ""2.B.3.m"": 0.304989, ""2.B.4.e"": 0.46999, ""2.B.4.g"": 0.462063, ""2.B.4.h"": 0.470156, ""2.B.5.a"": 0.440895, ""2.B.5.b"": 0.320929, ""2.B.5.c"": 0.239494, ""2.B.5.d"": 0.285741}",在西安参与数据科学家工作6年，持续提升阅读理解、积极倾听、书面表达、口头表达等技能。,负责数据科学家相关项目，完成需求分析、代码实现、测试验证和上线复盘，使用软件工程知识解决实际业务问题。,我具备大专学历，专业为软件工程，目标方向是计算机系统分析师。重视工程质量、团队协作和持续学习。,"求职方向：计算机系统分析师
教育背景：大专｜软件工程
工作经历：在西安参与数据科学家工作6年，持续提升阅读理解、积极倾听、书面表达、口头表达等技能。
项目经历：负责数据科学家相关项目，完成需求分析、代码实现、测试验证和上线复盘，使用软件工程知识解决实际业务问题。
技能：阅读理解、积极倾听、书面表达、口头表达、数学、科学、批判性思维、主动学习、学习策略、监控、社会洞察、协调、说服、谈判、指导、服务导向、复杂问题解决、编程、质量控制分析、判断与决策、系统分析、系统评估、时间管理、财务资源管理、人员资源管理
自我评价：我具备大专学历，专业为软件工程，目标方向是计算机系统分析师。重视工程质量、团队协作和持续学习。",synthetic_chinese_resume
CR0193,u193,本科,数据科学与大数据技术,2,北京,15-1211.00,计算机系统分析师,15-2051.00,数据科学家,阅读理解、积极倾听、书面表达、口头表达、数学、批判性思维、主动学习、学习策略、监控、社会洞察、协调、说服、谈判、指导、服务导向、复杂问题解决、运营分析、技术设计、设备选型、编程、运营监控、操作与控制、故障排查、修复、质量控制分析、判断与决策、系统分析、系统评估、时间管理、财务资源管理、人员资源管理,"{""2.A.1.a"": 0.565779, ""2.A.1.b"": 0.594315, ""2.A.1.c"": 0.562989, ""2.A.1.d"": 0.569542, ""2.A.1.e"": 0.467315, ""2.A.1.f"": 0.269974, ""2.A.2.a"": 0.48986, ""2.A.2.b"": 0.576818, ""2.A.2.c"": 0.466484, ""2.A.2.d"": 0.528282, ""2.B.1.a"": 0.445713, ""2.B.1.b"": 0.468193, ""2.B.1.c"": 0.47874, ""2.B.1.d"": 0.372968, ""2.B.1.e"": 0.519575, ""2.B.1.f"": 0.426254, ""2.B.2.i"": 0.568515, ""2.B.3.a"": 0.444474, ""2.B.3.b"": 0.367757, ""2.B.3.c"": 0.34137, ""2.B.3.d"": 0.206178, ""2.B.3.e"": 0.552851, ""2.B.3.g"": 0.372657, ""2.B.3.h"": 0.380008, ""2.B.3.j"": 0.248794, ""2.B.3.k"": 0.456587, ""2.B.3.l"": 0.297264, ""2.B.3.m"": 0.423824, ""2.B.4.e"": 0.567417, ""2.B.4.g"": 0.555873, ""2.B.4.h"": 0.599923, ""2.B.5.a"": 0.459974, ""2.B.5.b"": 0.301163, ""2.B.5.c"": 0.186576, ""2.B.5.d"": 0.380113}",在北京参与计算机系统分析师工作2年，持续提升阅读理解、积极倾听、书面表达、口头表达等技能。,负责计算机系统分析师相关项目，完成需求分析、代码实现、测试验证和上线复盘，使用数据科学与大数据技术知识解决实际业务问题。,我具备本科学历，专业为数据科学与大数据技术，目标方向是数据科学家。重视工程质量、团队协作和持续学习。,"求职方向：数据科学家
教育背景：本科｜数据科学与大数据技术
工作经历：在北京参与计算机系统分析师工作2年，持续提升阅读理解、积极倾听、书面表达、口头表达等技能。
项目经历：负责计算机系统分析师相关项目，完成需求分析、代码实现、测试验证和上线复盘，使用数据科学与大数据技术知识解决实际业务问题。
技能：阅读理解、积极倾听、书面表达、口头表达、数学、批判性思维、主动学习、学习策略、监控、社会洞察、协调、说服、谈判、指导、服务导向、复杂问题解决、运营分析、技术设计、设备选型、编程、运营监控、操作与控制、故障排查、修复、质量控制分析、判断与决策、系统分析、系统评估、时间管理、财务资源管理、人员资源管理
自我评价：我具备本科学历，专业为数据科学与大数据技术，目标方向是数据科学家。重视工程质量、团队协作和持续学习。",synthetic_chinese_resume
CR0194,u194,本科,网络工程,9,上海,15-1212.00,信息安全分析师,15-1242.00,数据库管理员,阅读理解、积极倾听、书面表达、口头表达、科学、批判性思维、主动学习、学习策略、监控、社会洞察、协调、谈判、指导、服务导向、复杂问题解决、运营分析、技术设计、编程、运营监控、质量控制分析、判断与决策、系统分析、系统评估、时间管理、人员资源管理,"{""2.A.1.a"": 0.595705, ""2.A.1.b"": 0.559662, ""2.A.1.c"": 0.529964, ""2.A.1.d"": 0.458055, ""2.A.1.e"": 0.234788, ""2.A.1.f"": 0.294137, ""2.A.2.a"": 0.580941, ""2.A.2.b"": 0.511353, ""2.A.2.c"": 0.456778, ""2.A.2.d"": 0.552867, ""2.B.1.a"": 0.439314, ""2.B.1.b"": 0.356876, ""2.B.1.c"": 0.260646, ""2.B.1.d"": 0.403988, ""2.B.1.e"": 0.367383, ""2.B.1.f"": 0.470744, ""2.B.2.i"": 0.524246, ""2.B.3.a"": 0.311484, ""2.B.3.b"": 0.316113, ""2.B.3.c"": 0.262624, ""2.B.3.d"": 0.259072, ""2.B.3.e"": 0.319644, ""2.B.3.g"": 0.423621, ""2.B.3.h"": 0.197644, ""2.B.3.j"": 0.196948, ""2.B.3.k"": 0.233154, ""2.B.3.l"": 0.251819, ""2.B.3.m"": 0.434699, ""2.B.4.e"": 0.445141, ""2.B.4.g"": 0.439844, ""2.B.4.h"": 0.475827, ""2.B.5.a"": 0.391444, ""2.B.5.b"": 0.221074, ""2.B.5.c"": 0.189847, ""2.B.5.d"": 0.352587}",在上海参与信息安全分析师工作9年，持续提升阅读理解、积极倾听、书面表达、口头表达等技能。,负责信息安全分析师相关项目，完成需求分析、代码实现、测试验证和上线复盘，使用网络工程知识解决实际业务问题。,我具备本科学历，专业为网络工程，目标方向是数据库管理员。重视工程质量、团队协作和持续学习。,"求职方向：数据库管理员
教育背景：本科｜网络工程
工作经历：在上海参与信息安全分析师工作9年，持续提升阅读理解、积极倾听、书面表达、口头表达等技能。
项目经历：负责信息安全分析师相关项目，完成需求分析、代码实现、测试验证和上线复盘，使用网络工程知识解决实际业务问题。
技能：阅读理解、积极倾听、书面表达、口头表达、科学、批判性思维、主动学习、学习策略、监控、社会洞察、协调、谈判、指导、服务导向、复杂问题解决、运营分析、技术设计、编程、运营监控、质量控制分析、判断与决策、系统分析、系统评估、时间管理、人员资源管理
自我评价：我具备本科学历，专业为网络工程，目标方向是数据库管理员。重视工程质量、团队协作和持续学习。",synthetic_chinese_resume
CR0195,u195,硕士,信息安全,5,广州,15-1242.00,数据库管理员,15-2051.00,数据科学家,阅读理解、积极倾听、书面表达、口头表达、数学、批判性思维、主动学习、学习策略、监控、社会洞察、协调、说服、谈判、指导、服务导向、复杂问题解决、运营分析、技术设计、编程、运营监控、操作与控制、故障排查、质量控制分析、判断与决策、系统分析、系统评估、时间管理、财务资源管理、物资资源管理、人员资源管理,"{""2.A.1.a"": 0.541315, ""2.A.1.b"": 0.546489, ""2.A.1.c"": 0.503634, ""2.A.1.d"": 0.494746, ""2.A.1.e"": 0.483151, ""2.A.1.f"": 0.245958, ""2.A.2.a"": 0.596497, ""2.A.2.b"": 0.535129, ""2.A.2.c"": 0.440663, ""2.A.2.d"": 0.472754, ""2.B.1.a"": 0.419738, ""2.B.1.b"": 0.406081, ""2.B.1.c"": 0.405493, ""2.B.1.d"": 0.290192, ""2.B.1.e"": 0.446542, ""2.B.1.f"": 0.407673, ""2.B.2.i"": 0.592557, ""2.B.3.a"": 0.520051, ""2.B.3.b"": 0.346748, ""2.B.3.c"": 0.196381, ""2.B.3.d"": 0.148024, ""2.B.3.e"": 0.582242, ""2.B.3.g"": 0.285528, ""2.B.3.h"": 0.280735, ""2.B.3.j"": 0.264492, ""2.B.3.k"": 0.441123, ""2.B.3.l"": 0.226656, ""2.B.3.m"": 0.383504, ""2.B.4.e"": 0.529795, ""2.B.4.g"": 0.503839, ""2.B.4.h"": 0.480911, ""2.B.5.a"": 0.372039, ""2.B.5.b"": 0.349912, ""2.B.5.c"": 0.333596, ""2.B.5.d"": 0.4188}",在广州参与数据库管理员工作5年，持续提升阅读理解、积极倾听、书面表达、口头表达等技能。,负责数据库管理员相关项目，完成需求分析、代码实现、测试验证和上线复盘，使用信息安全知识解决实际业务问题。,我具备硕士学历，专业为信息安全，目标方向是数据科学家。重视工程质量、团队协作和持续学习。,"求职方向：数据科学家
教育背景：硕士｜信息安全
工作经历：在广州参与数据库管理员工作5年，持续提升阅读理解、积极倾听、书面表达、口头表达等技能。
项目经历：负责数据库管理员相关项目，完成需求分析、代码实现、测试验证和上线复盘，使用信息安全知识解决实际业务问题。
技能：阅读理解、积极倾听、书面表达、口头表达、数学、批判性思维、主动学习、学习策略、监控、社会洞察、协调、说服、谈判、指导、服务导向、复杂问题解决、运营分析、技术设计、编程、运营监控、操作与控制、故障排查、质量控制分析、判断与决策、系统分析、系统评估、时间管理、财务资源管理、物资资源管理、人员资源管理
自我评价：我具备硕士学历，专业为信息安全，目标方向是数据科学家。重视工程质量、团队协作和持续学习。",synthetic_chinese_resume
CR0196,u196,大专,计算机科学与技术,1,深圳,15-1243.00,数据库架构师,15-1244.00,网络与计算机系统管理员,阅读理解、积极倾听、书面表达、口头表达、数学、批判性思维、主动学习、学习策略、监控、社会洞察、协调、说服、谈判、指导、服务导向、复杂问题解决、运营分析、技术设计、安装、编程、运营监控、设备维护、判断与决策、系统分析、系统评估、时间管理、人员资源管理,"{""2.A.1.a"": 0.533502, ""2.A.1.b"": 0.523287, ""2.A.1.c"": 0.571468, ""2.A.1.d"": 0.535223, ""2.A.1.e"": 0.496531, ""2.A.1.f"": 0.227438, ""2.A.2.a"": 0.513228, ""2.A.2.b"": 0.516674, ""2.A.2.c"": 0.380529, ""2.A.2.d"": 0.410145, ""2.B.1.a"": 0.391008, ""2.B.1.b"": 0.475106, ""2.B.1.c"": 0.406951, ""2.B.1.d"": 0.425547, ""2.B.1.e"": 0.463214, ""2.B.1.f"": 0.378547, ""2.B.2.i"": 0.653117, ""2.B.3.a"": 0.511519, ""2.B.3.b"": 0.360279, ""2.B.3.c"": 0.171305, ""2.B.3.d"": 0.282981, ""2.B.3.e"": 0.537912, ""2.B.3.g"": 0.294778, ""2.B.3.h"": 0.239643, ""2.B.3.j"": 0.286175, ""2.B.3.k"": 0.206341, ""2.B.3.l"": 0.183689, ""2.B.3.m"": 0.187519, ""2.B.4.e"": 0.526607, ""2.B.4.g"": 0.50405, ""2.B.4.h"": 0.537783, ""2.B.5.a"": 0.488563, ""2.B.5.b"": 0.217103, ""2.B.5.c"": 0.241759, ""2.B.5.d"": 0.432957}",在深圳参与数据库架构师工作1年，持续提升阅读理解、积极倾听、书面表达、口头表达等技能。,负责数据库架构师相关项目，完成需求分析、代码实现、测试验证和上线复盘，使用计算机科学与技术知识解决实际业务问题。,我具备大专学历，专业为计算机科学与技术，目标方向是网络与计算机系统管理员。重视工程质量、团队协作和持续学习。,"求职方向：网络与计算机系统管理员
教育背景：大专｜计算机科学与技术
工作经历：在深圳参与数据库架构师工作1年，持续提升阅读理解、积极倾听、书面表达、口头表达等技能。
项目经历：负责数据库架构师相关项目，完成需求分析、代码实现、测试验证和上线复盘，使用计算机科学与技术知识解决实际业务问题。
技能：阅读理解、积极倾听、书面表达、口头表达、数学、批判性思维、主动学习、学习策略、监控、社会洞察、协调、说服、谈判、指导、服务导向、复杂问题解决、运营分析、技术设计、安装、编程、运营监控、设备维护、判断与决策、系统分析、系统评估、时间管理、人员资源管理
自我评价：我具备大专学历，专业为计算机科学与技术，目标方向是网络与计算机系统管理员。重视工程质量、团队协作和持续学习。",synthetic_chinese_resume
CR0197,u197,本科,软件工程,8,杭州,15-1244.00,网络与计算机系统管理员,15-1212.00,信息安全分析师,阅读理解、积极倾听、书面表达、口头表达、数学、科学、批判性思维、主动学习、学习策略、监控、社会洞察、协调、说服、谈判、指导、服务导向、复杂问题解决、运营分析、技术设计、设备选型、安装、编程、运营监控、操作与控制、设备维护、故障排查、修复、质量控制分析、判断与决策、系统分析、系统评估、时间管理、物资资源管理、人员资源管理,"{""2.A.1.a"": 0.613116, ""2.A.1.b"": 0.583776, ""2.A.1.c"": 0.46907, ""2.A.1.d"": 0.448424, ""2.A.1.e"": 0.434863, ""2.A.1.f"": 0.331617, ""2.A.2.a"": 0.605881, ""2.A.2.b"": 0.498745, ""2.A.2.c"": 0.48037, ""2.A.2.d"": 0.555043, ""2.B.1.a"": 0.446323, ""2.B.1.b"": 0.455408, ""2.B.1.c"": 0.441248, ""2.B.1.d"": 0.306943, ""2.B.1.e"": 0.430794, ""2.B.1.f"": 0.480794, ""2.B.2.i"": 0.527356, ""2.B.3.a"": 0.466546, ""2.B.3.b"": 0.412253, ""2.B.3.c"": 0.381511, ""2.B.3.d"": 0.345877, ""2.B.3.e"": 0.559715, ""2.B.3.g"": 0.537235, ""2.B.3.h"": 0.46009, ""2.B.3.j"": 0.425682, ""2.B.3.k"": 0.610352, ""2.B.3.l"": 0.515791, ""2.B.3.m"": 0.541525, ""2.B.4.e"": 0.602116, ""2.B.4.g"": 0.615695, ""2.B.4.h"": 0.521672, ""2.B.5.a"": 0.512896, ""2.B.5.b"": 0.247303, ""2.B.5.c"": 0.402032, ""2.B.5.d"": 0.345135}",在杭州参与网络与计算机系统管理员工作8年，持续提升阅读理解、积极倾听、书面表达、口头表达等技能。,负责网络与计算机系统管理员相关项目，完成需求分析、代码实现、测试验证和上线复盘，使用软件工程知识解决实际业务问题。,我具备本科学历，专业为软件工程，目标方向是信息安全分析师。重视工程质量、团队协作和持续学习。,"求职方向：信息安全分析师
教育背景：本科｜软件工程
工作经历：在杭州参与网络与计算机系统管理员工作8年，持续提升阅读理解、积极倾听、书面表达、口头表达等技能。
项目经历：负责网络与计算机系统管理员相关项目，完成需求分析、代码实现、测试验证和上线复盘，使用软件工程知识解决实际业务问题。
技能：阅读理解、积极倾听、书面表达、口头表达、数学、科学、批判性思维、主动学习、学习策略、监控、社会洞察、协调、说服、谈判、指导、服务导向、复杂问题解决、运营分析、技术设计、设备选型、安装、编程、运营监控、操作与控制、设备维护、故障排查、修复、质量控制分析、判断与决策、系统分析、系统评估、时间管理、物资资源管理、人员资源管理
自我评价：我具备本科学历，专业为软件工程，目标方向是信息安全分析师。重视工程质量、团队协作和持续学习。",synthetic_chinese_resume
CR0198,u198,本科,数据科学与大数据技术,4,成都,15-1251.00,计算机程序员,15-1252.00,软件开发工程师,阅读理解、积极倾听、书面表达、口头表达、数学、科学、批判性思维、主动学习、学习策略、监控、社会洞察、协调、说服、谈判、指导、服务导向、复杂问题解决、运营分析、技术设计、编程、运营监控、质量控制分析、判断与决策、系统分析、系统评估、时间管理、财务资源管理、人员资源管理,"{""2.A.1.a"": 0.547835, ""2.A.1.b"": 0.544996, ""2.A.1.c"": 0.524109, ""2.A.1.d"": 0.463497, ""2.A.1.e"": 0.451641, ""2.A.1.f"": 0.330354, ""2.A.2.a"": 0.56522, ""2.A.2.b"": 0.405327, ""2.A.2.c"": 0.339174, ""2.A.2.d"": 0.414726, ""2.B.1.a"": 0.469828, ""2.B.1.b"": 0.39737, ""2.B.1.c"": 0.351572, ""2.B.1.d"": 0.321721, ""2.B.1.e"": 0.334672, ""2.B.1.f"": 0.354245, ""2.B.2.i"": 0.595064, ""2.B.3.a"": 0.520968, ""2.B.3.b"": 0.419065, ""2.B.3.c"": 0.241908, ""2.B.3.d"": 0.230348, ""2.B.3.e"": 0.853161, ""2.B.3.g"": 0.363364, ""2.B.3.h"": 0.22766, ""2.B.3.j"": 0.237779, ""2.B.3.k"": 0.211548, ""2.B.3.l"": 0.17513, ""2.B.3.m"": 0.495092, ""2.B.4.e"": 0.484775, ""2.B.4.g"": 0.477186, ""2.B.4.h"": 0.48395, ""2.B.5.a"": 0.432011, ""2.B.5.b"": 0.300347, ""2.B.5.c"": 0.220833, ""2.B.5.d"": 0.373069}",在成都参与计算机程序员工作4年，持续提升阅读理解、积极倾听、书面表达、口头表达等技能。,负责计算机程序员相关项目，完成需求分析、代码实现、测试验证和上线复盘，使用数据科学与大数据技术知识解决实际业务问题。,我具备本科学历，专业为数据科学与大数据技术，目标方向是软件开发工程师。重视工程质量、团队协作和持续学习。,"求职方向：软件开发工程师
教育背景：本科｜数据科学与大数据技术
工作经历：在成都参与计算机程序员工作4年，持续提升阅读理解、积极倾听、书面表达、口头表达等技能。
项目经历：负责计算机程序员相关项目，完成需求分析、代码实现、测试验证和上线复盘，使用数据科学与大数据技术知识解决实际业务问题。
技能：阅读理解、积极倾听、书面表达、口头表达、数学、科学、批判性思维、主动学习、学习策略、监控、社会洞察、协调、说服、谈判、指导、服务导向、复杂问题解决、运营分析、技术设计、编程、运营监控、质量控制分析、判断与决策、系统分析、系统评估、时间管理、财务资源管理、人员资源管理
自我评价：我具备本科学历，专业为数据科学与大数据技术，目标方向是软件开发工程师。重视工程质量、团队协作和持续学习。",synthetic_chinese_resume
CR0199,u199,硕士,网络工程,0,武汉,15-1252.00,软件开发工程师,15-1253.00,软件质量保证分析师与测试工程师,阅读理解、积极倾听、书面表达、口头表达、数学、批判性思维、主动学习、学习策略、监控、社会洞察、协调、说服、谈判、指导、服务导向、复杂问题解决、技术设计、运营监控、故障排查、判断与决策、系统分析、系统评估、时间管理、人员资源管理,"{""2.A.1.a"": 0.598503, ""2.A.1.b"": 0.577438, ""2.A.1.c"": 0.443652, ""2.A.1.d"": 0.447276, ""2.A.1.e"": 0.460471, ""2.A.1.f"": 0.231061, ""2.A.2.a"": 0.542523, ""2.A.2.b"": 0.593233, ""2.A.2.c"": 0.405615, ""2.A.2.d"": 0.433752, ""2.B.1.a"": 0.474334, ""2.B.1.b"": 0.470803, ""2.B.1.c"": 0.465598, ""2.B.1.d"": 0.429026, ""2.B.1.e"": 0.346781, ""2.B.1.f"": 0.448612, ""2.B.2.i"": 0.505983, ""2.B.3.a"": 0.205027, ""2.B.3.b"": 0.587159, ""2.B.3.c"": 0.149093, ""2.B.3.d"": 0.227622, ""2.B.3.e"": 0.194317, ""2.B.3.g"": 0.337424, ""2.B.3.h"": 0.206055, ""2.B.3.j"": 0.255, ""2.B.3.k"": 0.351099, ""2.B.3.l"": 0.218111, ""2.B.3.m"": 0.199314, ""2.B.4.e"": 0.611833, ""2.B.4.g"": 0.518859, ""2.B.4.h"": 0.515263, ""2.B.5.a"": 0.498554, ""2.B.5.b"": 0.226021, ""2.B.5.c"": 0.22025, ""2.B.5.d"": 0.383596}",在武汉参与软件开发工程师工作0年，持续提升阅读理解、积极倾听、书面表达、口头表达等技能。,负责软件开发工程师相关项目，完成需求分析、代码实现、测试验证和上线复盘，使用网络工程知识解决实际业务问题。,我具备硕士学历，专业为网络工程，目标方向是软件质量保证分析师与测试工程师。重视工程质量、团队协作和持续学习。,"求职方向：软件质量保证分析师与测试工程师
教育背景：硕士｜网络工程
工作经历：在武汉参与软件开发工程师工作0年，持续提升阅读理解、积极倾听、书面表达、口头表达等技能。
项目经历：负责软件开发工程师相关项目，完成需求分析、代码实现、测试验证和上线复盘，使用网络工程知识解决实际业务问题。
技能：阅读理解、积极倾听、书面表达、口头表达、数学、批判性思维、主动学习、学习策略、监控、社会洞察、协调、说服、谈判、指导、服务导向、复杂问题解决、技术设计、运营监控、故障排查、判断与决策、系统分析、系统评估、时间管理、人员资源管理
自我评价：我具备硕士学历，专业为网络工程，目标方向是软件质量保证分析师与测试工程师。重视工程质量、团队协作和持续学习。",synthetic_chinese_resume
CR0200,u200,大专,信息安全,7,西安,15-1253.00,软件质量保证分析师与测试工程师,15-1252.00,软件开发工程师,阅读理解、积极倾听、书面表达、口头表达、数学、科学、批判性思维、主动学习、学习策略、监控、社会洞察、协调、说服、谈判、指导、服务导向、复杂问题解决、运营分析、技术设计、编程、运营监控、故障排查、质量控制分析、判断与决策、系统分析、系统评估、时间管理、人员资源管理,"{""2.A.1.a"": 0.631992, ""2.A.1.b"": 0.57258, ""2.A.1.c"": 0.476314, ""2.A.1.d"": 0.521878, ""2.A.1.e"": 0.315979, ""2.A.1.f"": 0.435456, ""2.A.2.a"": 0.532315, ""2.A.2.b"": 0.445782, ""2.A.2.c"": 0.34396, ""2.A.2.d"": 0.568336, ""2.B.1.a"": 0.376453, ""2.B.1.b"": 0.348335, ""2.B.1.c"": 0.373582, ""2.B.1.d"": 0.321743, ""2.B.1.e"": 0.424229, ""2.B.1.f"": 0.437546, ""2.B.2.i"": 0.404405, ""2.B.3.a"": 0.481597, ""2.B.3.b"": 0.415028, ""2.B.3.c"": 0.274616, ""2.B.3.d"": 0.255448, ""2.B.3.e"": 0.491833, ""2.B.3.g"": 0.399036, ""2.B.3.h"": 0.262558, ""2.B.3.j"": 0.232785, ""2.B.3.k"": 0.441829, ""2.B.3.l"": 0.231786, ""2.B.3.m"": 0.527056, ""2.B.4.e"": 0.403436, ""2.B.4.g"": 0.392329, ""2.B.4.h"": 0.437043, ""2.B.5.a"": 0.464653, ""2.B.5.b"": 0.236954, ""2.B.5.c"": 0.170906, ""2.B.5.d"": 0.37633}",在西安参与软件质量保证分析师与测试工程师工作7年，持续提升阅读理解、积极倾听、书面表达、口头表达等技能。,负责软件质量保证分析师与测试工程师相关项目，完成需求分析、代码实现、测试验证和上线复盘，使用信息安全知识解决实际业务问题。,我具备大专学历，专业为信息安全，目标方向是软件开发工程师。重视工程质量、团队协作和持续学习。,"求职方向：软件开发工程师
教育背景：大专｜信息安全
工作经历：在西安参与软件质量保证分析师与测试工程师工作7年，持续提升阅读理解、积极倾听、书面表达、口头表达等技能。
项目经历：负责软件质量保证分析师与测试工程师相关项目，完成需求分析、代码实现、测试验证和上线复盘，使用信息安全知识解决实际业务问题。
技能：阅读理解、积极倾听、书面表达、口头表达、数学、科学、批判性思维、主动学习、学习策略、监控、社会洞察、协调、说服、谈判、指导、服务导向、复杂问题解决、运营分析、技术设计、编程、运营监控、故障排查、质量控制分析、判断与决策、系统分析、系统评估、时间管理、人员资源管理
自我评价：我具备大专学历，专业为信息安全，目标方向是软件开发工程师。重视工程质量、团队协作和持续学习。",synthetic_chinese_resume
CR0201,u201,本科,计算机科学与技术,3,北京,15-1254.00,网页开发工程师,15-1252.00,软件开发工程师,阅读理解、积极倾听、书面表达、口头表达、数学、科学、批判性思维、主动学习、学习策略、监控、社会洞察、协调、说服、谈判、指导、服务导向、复杂问题解决、运营分析、技术设计、设备选型、编程、运营监控、质量控制分析、判断与决策、系统分析、系统评估、时间管理、财务资源管理、人员资源管理,"{""2.A.1.a"": 0.640028, ""2.A.1.b"": 0.588894, ""2.A.1.c"": 0.421415, ""2.A.1.d"": 0.413683, ""2.A.1.e"": 0.378782, ""2.A.1.f"": 0.350369, ""2.A.2.a"": 0.563637, ""2.A.2.b"": 0.4692, ""2.A.2.c"": 0.431682, ""2.A.2.d"": 0.451227, ""2.B.1.a"": 0.32768, ""2.B.1.b"": 0.316109, ""2.B.1.c"": 0.359766, ""2.B.1.d"": 0.446267, ""2.B.1.e"": 0.399034, ""2.B.1.f"": 0.450354, ""2.B.2.i"": 0.529662, ""2.B.3.a"": 0.64648, ""2.B.3.b"": 0.3702, ""2.B.3.c"": 0.340587, ""2.B.3.d"": 0.210278, ""2.B.3.e"": 0.551137, ""2.B.3.g"": 0.331338, ""2.B.3.h"": 0.19866, ""2.B.3.j"": 0.213116, ""2.B.3.k"": 0.205719, ""2.B.3.l"": 0.12569, ""2.B.3.m"": 0.369719, ""2.B.4.e"": 0.413299, ""2.B.4.g"": 0.448405, ""2.B.4.h"": 0.420408, ""2.B.5.a"": 0.333306, ""2.B.5.b"": 0.325219, ""2.B.5.c"": 0.190388, ""2.B.5.d"": 0.300757}",在北京参与网页开发工程师工作3年，持续提升阅读理解、积极倾听、书面表达、口头表达等技能。,负责网页开发工程师相关项目，完成需求分析、代码实现、测试验证和上线复盘，使用计算机科学与技术知识解决实际业务问题。,我具备本科学历，专业为计算机科学与技术，目标方向是软件开发工程师。重视工程质量、团队协作和持续学习。,"求职方向：软件开发工程师
教育背景：本科｜计算机科学与技术
工作经历：在北京参与网页开发工程师工作3年，持续提升阅读理解、积极倾听、书面表达、口头表达等技能。
项目经历：负责网页开发工程师相关项目，完成需求分析、代码实现、测试验证和上线复盘，使用计算机科学与技术知识解决实际业务问题。
技能：阅读理解、积极倾听、书面表达、口头表达、数学、科学、批判性思维、主动学习、学习策略、监控、社会洞察、协调、说服、谈判、指导、服务导向、复杂问题解决、运营分析、技术设计、设备选型、编程、运营监控、质量控制分析、判断与决策、系统分析、系统评估、时间管理、财务资源管理、人员资源管理
自我评价：我具备本科学历，专业为计算机科学与技术，目标方向是软件开发工程师。重视工程质量、团队协作和持续学习。",synthetic_chinese_resume
CR0202,u202,本科,软件工程,10,上海,15-1255.00,网页与数字界面设计师,15-2031.00,运筹分析师,阅读理解、积极倾听、书面表达、口头表达、数学、科学、批判性思维、主动学习、学习策略、监控、社会洞察、协调、说服、谈判、指导、复杂问题解决、运营分析、技术设计、编程、运营监控、判断与决策、系统分析、系统评估、时间管理、物资资源管理、人员资源管理,"{""2.A.1.a"": 0.571115, ""2.A.1.b"": 0.527933, ""2.A.1.c"": 0.541186, ""2.A.1.d"": 0.501811, ""2.A.1.e"": 0.477077, ""2.A.1.f"": 0.281286, ""2.A.2.a"": 0.507435, ""2.A.2.b"": 0.499838, ""2.A.2.c"": 0.436659, ""2.A.2.d"": 0.479867, ""2.B.1.a"": 0.514534, ""2.B.1.b"": 0.458999, ""2.B.1.c"": 0.407024, ""2.B.1.d"": 0.340049, ""2.B.1.e"": 0.459674, ""2.B.1.f"": 0.272761, ""2.B.2.i"": 0.478697, ""2.B.3.a"": 0.478989, ""2.B.3.b"": 0.428934, ""2.B.3.c"": 0.199024, ""2.B.3.d"": 0.217932, ""2.B.3.e"": 0.587358, ""2.B.3.g"": 0.380159, ""2.B.3.h"": 0.181055, ""2.B.3.j"": 0.149809, ""2.B.3.k"": 0.124153, ""2.B.3.l"": 0.178944, ""2.B.3.m"": 0.276787, ""2.B.4.e"": 0.561422, ""2.B.4.g"": 0.489584, ""2.B.4.h"": 0.47894, ""2.B.5.a"": 0.479028, ""2.B.5.b"": 0.274915, ""2.B.5.c"": 0.303897, ""2.B.5.d"": 0.376742}",在上海参与网页与数字界面设计师工作10年，持续提升阅读理解、积极倾听、书面表达、口头表达等技能。,负责网页与数字界面设计师相关项目，完成需求分析、代码实现、测试验证和上线复盘，使用软件工程知识解决实际业务问题。,我具备本科学历，专业为软件工程，目标方向是运筹分析师。重视工程质量、团队协作和持续学习。,"求职方向：运筹分析师
教育背景：本科｜软件工程
工作经历：在上海参与网页与数字界面设计师工作10年，持续提升阅读理解、积极倾听、书面表达、口头表达等技能。
项目经历：负责网页与数字界面设计师相关项目，完成需求分析、代码实现、测试验证和上线复盘，使用软件工程知识解决实际业务问题。
技能：阅读理解、积极倾听、书面表达、口头表达、数学、科学、批判性思维、主动学习、学习策略、监控、社会洞察、协调、说服、谈判、指导、复杂问题解决、运营分析、技术设计、编程、运营监控、判断与决策、系统分析、系统评估、时间管理、物资资源管理、人员资源管理
自我评价：我具备本科学历，专业为软件工程，目标方向是运筹分析师。重视工程质量、团队协作和持续学习。",synthetic_chinese_resume
CR0203,u203,硕士,数据科学与大数据技术,6,广州,15-2031.00,运筹分析师,15-2051.00,数据科学家,阅读理解、积极倾听、书面表达、口头表达、数学、科学、批判性思维、主动学习、学习策略、监控、社会洞察、协调、说服、指导、服务导向、复杂问题解决、运营分析、编程、操作与控制、故障排查、判断与决策、系统分析、系统评估、时间管理、财务资源管理、人员资源管理,"{""2.A.1.a"": 0.659033, ""2.A.1.b"": 0.692283, ""2.A.1.c"": 0.573008, ""2.A.1.d"": 0.644089, ""2.A.1.e"": 0.785667, ""2.A.1.f"": 0.438488, ""2.A.2.a"": 0.630864, ""2.A.2.b"": 0.617599, ""2.A.2.c"": 0.450331, ""2.A.2.d"": 0.395186, ""2.B.1.a"": 0.413774, ""2.B.1.b"": 0.38929, ""2.B.1.c"": 0.401512, ""2.B.1.d"": 0.272567, ""2.B.1.e"": 0.435706, ""2.B.1.f"": 0.416837, ""2.B.2.i"": 0.632009, ""2.B.3.a"": 0.604275, ""2.B.3.b"": 0.156145, ""2.B.3.c"": 0.151184, ""2.B.3.d"": 0.228816, ""2.B.3.e"": 0.430017, ""2.B.3.g"": 0.278088, ""2.B.3.h"": 0.293237, ""2.B.3.j"": 0.166396, ""2.B.3.k"": 0.295801, ""2.B.3.l"": 0.21947, ""2.B.3.m"": 0.247947, ""2.B.4.e"": 0.656461, ""2.B.4.g"": 0.520243, ""2.B.4.h"": 0.622668, ""2.B.5.a"": 0.426384, ""2.B.5.b"": 0.281055, ""2.B.5.c"": 0.183065, ""2.B.5.d"": 0.304521}",在广州参与运筹分析师工作6年，持续提升阅读理解、积极倾听、书面表达、口头表达等技能。,负责运筹分析师相关项目，完成需求分析、代码实现、测试验证和上线复盘，使用数据科学与大数据技术知识解决实际业务问题。,我具备硕士学历，专业为数据科学与大数据技术，目标方向是数据科学家。重视工程质量、团队协作和持续学习。,"求职方向：数据科学家
教育背景：硕士｜数据科学与大数据技术
工作经历：在广州参与运筹分析师工作6年，持续提升阅读理解、积极倾听、书面表达、口头表达等技能。
项目经历：负责运筹分析师相关项目，完成需求分析、代码实现、测试验证和上线复盘，使用数据科学与大数据技术知识解决实际业务问题。
技能：阅读理解、积极倾听、书面表达、口头表达、数学、科学、批判性思维、主动学习、学习策略、监控、社会洞察、协调、说服、指导、服务导向、复杂问题解决、运营分析、编程、操作与控制、故障排查、判断与决策、系统分析、系统评估、时间管理、财务资源管理、人员资源管理
自我评价：我具备硕士学历，专业为数据科学与大数据技术，目标方向是数据科学家。重视工程质量、团队协作和持续学习。",synthetic_chinese_resume
CR0204,u204,大专,网络工程,2,深圳,15-2051.00,数据科学家,15-1211.00,计算机系统分析师,阅读理解、积极倾听、书面表达、口头表达、数学、科学、批判性思维、主动学习、学习策略、监控、社会洞察、协调、说服、谈判、指导、服务导向、复杂问题解决、运营分析、设备选型、编程、运营监控、操作与控制、设备维护、质量控制分析、判断与决策、系统分析、系统评估、时间管理、人员资源管理,"{""2.A.1.a"": 0.627285, ""2.A.1.b"": 0.527895, ""2.A.1.c"": 0.511974, ""2.A.1.d"": 0.604993, ""2.A.1.e"": 0.539201, ""2.A.1.f"": 0.320829, ""2.A.2.a"": 0.645617, ""2.A.2.b"": 0.527687, ""2.A.2.c"": 0.428886, ""2.A.2.d"": 0.487416, ""2.B.1.a"": 0.479612, ""2.B.1.b"": 0.503339, ""2.B.1.c"": 0.395305, ""2.B.1.d"": 0.306776, ""2.B.1.e"": 0.420299, ""2.B.1.f"": 0.482712, ""2.B.2.i"": 0.513844, ""2.B.3.a"": 0.416782, ""2.B.3.b"": 0.196819, ""2.B.3.c"": 0.286928, ""2.B.3.d"": 0.193211, ""2.B.3.e"": 0.444755, ""2.B.3.g"": 0.33874, ""2.B.3.h"": 0.337215, ""2.B.3.j"": 0.310874, ""2.B.3.k"": 0.233897, ""2.B.3.l"": 0.23599, ""2.B.3.m"": 0.381396, ""2.B.4.e"": 0.533623, ""2.B.4.g"": 0.445694, ""2.B.4.h"": 0.376169, ""2.B.5.a"": 0.539057, ""2.B.5.b"": 0.277044, ""2.B.5.c"": 0.220263, ""2.B.5.d"": 0.400187}",在深圳参与数据科学家工作2年，持续提升阅读理解、积极倾听、书面表达、口头表达等技能。,负责数据科学家相关项目，完成需求分析、代码实现、测试验证和上线复盘，使用网络工程知识解决实际业务问题。,我具备大专学历，专业为网络工程，目标方向是计算机系统分析师。重视工程质量、团队协作和持续学习。,"求职方向：计算机系统分析师
教育背景：大专｜网络工程
工作经历：在深圳参与数据科学家工作2年，持续提升阅读理解、积极倾听、书面表达、口头表达等技能。
项目经历：负责数据科学家相关项目，完成需求分析、代码实现、测试验证和上线复盘，使用网络工程知识解决实际业务问题。
技能：阅读理解、积极倾听、书面表达、口头表达、数学、科学、批判性思维、主动学习、学习策略、监控、社会洞察、协调、说服、谈判、指导、服务导向、复杂问题解决、运营分析、设备选型、编程、运营监控、操作与控制、设备维护、质量控制分析、判断与决策、系统分析、系统评估、时间管理、人员资源管理
自我评价：我具备大专学历，专业为网络工程，目标方向是计算机系统分析师。重视工程质量、团队协作和持续学习。",synthetic_chinese_resume
CR0205,u205,本科,信息安全,9,杭州,15-1211.00,计算机系统分析师,15-2051.00,数据科学家,阅读理解、积极倾听、书面表达、口头表达、数学、批判性思维、主动学习、学习策略、监控、社会洞察、协调、说服、谈判、指导、服务导向、复杂问题解决、运营分析、技术设计、编程、运营监控、操作与控制、故障排查、质量控制分析、判断与决策、系统分析、系统评估、时间管理、物资资源管理、人员资源管理,"{""2.A.1.a"": 0.552507, ""2.A.1.b"": 0.545017, ""2.A.1.c"": 0.559002, ""2.A.1.d"": 0.546811, ""2.A.1.e"": 0.423675, ""2.A.1.f"": 0.169945, ""2.A.2.a"": 0.591051, ""2.A.2.b"": 0.597041, ""2.A.2.c"": 0.446338, ""2.A.2.d"": 0.632756, ""2.B.1.a"": 0.378998, ""2.B.1.b"": 0.435174, ""2.B.1.c"": 0.313124, ""2.B.1.d"": 0.351355, ""2.B.1.e"": 0.336436, ""2.B.1.f"": 0.460826, ""2.B.2.i"": 0.498435, ""2.B.3.a"": 0.522247, ""2.B.3.b"": 0.366831, ""2.B.3.c"": 0.270233, ""2.B.3.d"": 0.232519, ""2.B.3.e"": 0.545561, ""2.B.3.g"": 0.489289, ""2.B.3.h"": 0.328727, ""2.B.3.j"": 0.262624, ""2.B.3.k"": 0.504215, ""2.B.3.l"": 0.233687, ""2.B.3.m"": 0.420623, ""2.B.4.e"": 0.591226, ""2.B.4.g"": 0.526047, ""2.B.4.h"": 0.602669, ""2.B.5.a"": 0.498333, ""2.B.5.b"": 0.235531, ""2.B.5.c"": 0.303253, ""2.B.5.d"": 0.404778}",在杭州参与计算机系统分析师工作9年，持续提升阅读理解、积极倾听、书面表达、口头表达等技能。,负责计算机系统分析师相关项目，完成需求分析、代码实现、测试验证和上线复盘，使用信息安全知识解决实际业务问题。,我具备本科学历，专业为信息安全，目标方向是数据科学家。重视工程质量、团队协作和持续学习。,"求职方向：数据科学家
教育背景：本科｜信息安全
工作经历：在杭州参与计算机系统分析师工作9年，持续提升阅读理解、积极倾听、书面表达、口头表达等技能。
项目经历：负责计算机系统分析师相关项目，完成需求分析、代码实现、测试验证和上线复盘，使用信息安全知识解决实际业务问题。
技能：阅读理解、积极倾听、书面表达、口头表达、数学、批判性思维、主动学习、学习策略、监控、社会洞察、协调、说服、谈判、指导、服务导向、复杂问题解决、运营分析、技术设计、编程、运营监控、操作与控制、故障排查、质量控制分析、判断与决策、系统分析、系统评估、时间管理、物资资源管理、人员资源管理
自我评价：我具备本科学历，专业为信息安全，目标方向是数据科学家。重视工程质量、团队协作和持续学习。",synthetic_chinese_resume
CR0206,u206,本科,计算机科学与技术,5,成都,15-1212.00,信息安全分析师,15-1242.00,数据库管理员,阅读理解、积极倾听、书面表达、口头表达、数学、批判性思维、主动学习、学习策略、监控、社会洞察、协调、说服、谈判、指导、服务导向、复杂问题解决、技术设计、编程、运营监控、质量控制分析、判断与决策、系统分析、系统评估、时间管理、人员资源管理,"{""2.A.1.a"": 0.652028, ""2.A.1.b"": 0.593057, ""2.A.1.c"": 0.567066, ""2.A.1.d"": 0.562371, ""2.A.1.e"": 0.346984, ""2.A.1.f"": 0.276352, ""2.A.2.a"": 0.516815, ""2.A.2.b"": 0.442025, ""2.A.2.c"": 0.428351, ""2.A.2.d"": 0.553624, ""2.B.1.a"": 0.393444, ""2.B.1.b"": 0.400477, ""2.B.1.c"": 0.406374, ""2.B.1.d"": 0.399974, ""2.B.1.e"": 0.413806, ""2.B.1.f"": 0.468105, ""2.B.2.i"": 0.498592, ""2.B.3.a"": 0.278237, ""2.B.3.b"": 0.30289, ""2.B.3.c"": 0.236427, ""2.B.3.d"": 0.227907, ""2.B.3.e"": 0.350259, ""2.B.3.g"": 0.499515, ""2.B.3.h"": 0.255272, ""2.B.3.j"": 0.192889, ""2.B.3.k"": 0.22846, ""2.B.3.l"": 0.242828, ""2.B.3.m"": 0.446968, ""2.B.4.e"": 0.519356, ""2.B.4.g"": 0.479653, ""2.B.4.h"": 0.457025, ""2.B.5.a"": 0.415678, ""2.B.5.b"": 0.126735, ""2.B.5.c"": 0.221036, ""2.B.5.d"": 0.361225}",在成都参与信息安全分析师工作5年，持续提升阅读理解、积极倾听、书面表达、口头表达等技能。,负责信息安全分析师相关项目，完成需求分析、代码实现、测试验证和上线复盘，使用计算机科学与技术知识解决实际业务问题。,我具备本科学历，专业为计算机科学与技术，目标方向是数据库管理员。重视工程质量、团队协作和持续学习。,"求职方向：数据库管理员
教育背景：本科｜计算机科学与技术
工作经历：在成都参与信息安全分析师工作5年，持续提升阅读理解、积极倾听、书面表达、口头表达等技能。
项目经历：负责信息安全分析师相关项目，完成需求分析、代码实现、测试验证和上线复盘，使用计算机科学与技术知识解决实际业务问题。
技能：阅读理解、积极倾听、书面表达、口头表达、数学、批判性思维、主动学习、学习策略、监控、社会洞察、协调、说服、谈判、指导、服务导向、复杂问题解决、技术设计、编程、运营监控、质量控制分析、判断与决策、系统分析、系统评估、时间管理、人员资源管理
自我评价：我具备本科学历，专业为计算机科学与技术，目标方向是数据库管理员。重视工程质量、团队协作和持续学习。",synthetic_chinese_resume
CR0207,u207,硕士,软件工程,1,武汉,15-1242.00,数据库管理员,15-2051.00,数据科学家,阅读理解、积极倾听、书面表达、口头表达、数学、科学、批判性思维、主动学习、学习策略、监控、社会洞察、协调、说服、指导、服务导向、复杂问题解决、运营分析、技术设计、设备选型、编程、运营监控、操作与控制、故障排查、质量控制分析、判断与决策、系统分析、系统评估、时间管理、物资资源管理、人员资源管理,"{""2.A.1.a"": 0.54193, ""2.A.1.b"": 0.463498, ""2.A.1.c"": 0.41141, ""2.A.1.d"": 0.587284, ""2.A.1.e"": 0.478968, ""2.A.1.f"": 0.311313, ""2.A.2.a"": 0.585854, ""2.A.2.b"": 0.590737, ""2.A.2.c"": 0.44161, ""2.A.2.d"": 0.436047, ""2.B.1.a"": 0.492631, ""2.B.1.b"": 0.437446, ""2.B.1.c"": 0.348161, ""2.B.1.d"": 0.271651, ""2.B.1.e"": 0.561695, ""2.B.1.f"": 0.430568, ""2.B.2.i"": 0.579042, ""2.B.3.a"": 0.49709, ""2.B.3.b"": 0.380804, ""2.B.3.c"": 0.283079, ""2.B.3.d"": 0.230935, ""2.B.3.e"": 0.524267, ""2.B.3.g"": 0.349791, ""2.B.3.h"": 0.283437, ""2.B.3.j"": 0.190797, ""2.B.3.k"": 0.305468, ""2.B.3.l"": 0.216463, ""2.B.3.m"": 0.373254, ""2.B.4.e"": 0.635435, ""2.B.4.g"": 0.44691, ""2.B.4.h"": 0.426372, ""2.B.5.a"": 0.497638, ""2.B.5.b"": 0.232233, ""2.B.5.c"": 0.322009, ""2.B.5.d"": 0.453624}",在武汉参与数据库管理员工作1年，持续提升阅读理解、积极倾听、书面表达、口头表达等技能。,负责数据库管理员相关项目，完成需求分析、代码实现、测试验证和上线复盘，使用软件工程知识解决实际业务问题。,我具备硕士学历，专业为软件工程，目标方向是数据科学家。重视工程质量、团队协作和持续学习。,"求职方向：数据科学家
教育背景：硕士｜软件工程
工作经历：在武汉参与数据库管理员工作1年，持续提升阅读理解、积极倾听、书面表达、口头表达等技能。
项目经历：负责数据库管理员相关项目，完成需求分析、代码实现、测试验证和上线复盘，使用软件工程知识解决实际业务问题。
技能：阅读理解、积极倾听、书面表达、口头表达、数学、科学、批判性思维、主动学习、学习策略、监控、社会洞察、协调、说服、指导、服务导向、复杂问题解决、运营分析、技术设计、设备选型、编程、运营监控、操作与控制、故障排查、质量控制分析、判断与决策、系统分析、系统评估、时间管理、物资资源管理、人员资源管理
自我评价：我具备硕士学历，专业为软件工程，目标方向是数据科学家。重视工程质量、团队协作和持续学习。",synthetic_chinese_resume
CR0208,u208,大专,数据科学与大数据技术,8,西安,15-1243.00,数据库架构师,15-1244.00,网络与计算机系统管理员,阅读理解、积极倾听、书面表达、口头表达、数学、批判性思维、主动学习、学习策略、监控、社会洞察、协调、说服、谈判、指导、服务导向、复杂问题解决、运营分析、技术设计、编程、运营监控、故障排查、质量控制分析、判断与决策、系统分析、系统评估、时间管理、物资资源管理、人员资源管理,"{""2.A.1.a"": 0.595442, ""2.A.1.b"": 0.593801, ""2.A.1.c"": 0.552771, ""2.A.1.d"": 0.503309, ""2.A.1.e"": 0.402315, ""2.A.1.f"": 0.214507, ""2.A.2.a"": 0.605937, ""2.A.2.b"": 0.423072, ""2.A.2.c"": 0.381671, ""2.A.2.d"": 0.484543, ""2.B.1.a"": 0.400828, ""2.B.1.b"": 0.415714, ""2.B.1.c"": 0.354412, ""2.B.1.d"": 0.41829, ""2.B.1.e"": 0.453822, ""2.B.1.f"": 0.434465, ""2.B.2.i"": 0.537424, ""2.B.3.a"": 0.485556, ""2.B.3.b"": 0.376988, ""2.B.3.c"": 0.222953, ""2.B.3.d"": 0.228642, ""2.B.3.e"": 0.548641, ""2.B.3.g"": 0.341762, ""2.B.3.h"": 0.237559, ""2.B.3.j"": 0.209414, ""2.B.3.k"": 0.311774, ""2.B.3.l"": 0.241987, ""2.B.3.m"": 0.302751, ""2.B.4.e"": 0.602886, ""2.B.4.g"": 0.523236, ""2.B.4.h"": 0.481348, ""2.B.5.a"": 0.355642, ""2.B.5.b"": 0.260764, ""2.B.5.c"": 0.300787, ""2.B.5.d"": 0.381204}",在西安参与数据库架构师工作8年，持续提升阅读理解、积极倾听、书面表达、口头表达等技能。,负责数据库架构师相关项目，完成需求分析、代码实现、测试验证和上线复盘，使用数据科学与大数据技术知识解决实际业务问题。,我具备大专学历，专业为数据科学与大数据技术，目标方向是网络与计算机系统管理员。重视工程质量、团队协作和持续学习。,"求职方向：网络与计算机系统管理员
教育背景：大专｜数据科学与大数据技术
工作经历：在西安参与数据库架构师工作8年，持续提升阅读理解、积极倾听、书面表达、口头表达等技能。
项目经历：负责数据库架构师相关项目，完成需求分析、代码实现、测试验证和上线复盘，使用数据科学与大数据技术知识解决实际业务问题。
技能：阅读理解、积极倾听、书面表达、口头表达、数学、批判性思维、主动学习、学习策略、监控、社会洞察、协调、说服、谈判、指导、服务导向、复杂问题解决、运营分析、技术设计、编程、运营监控、故障排查、质量控制分析、判断与决策、系统分析、系统评估、时间管理、物资资源管理、人员资源管理
自我评价：我具备大专学历，专业为数据科学与大数据技术，目标方向是网络与计算机系统管理员。重视工程质量、团队协作和持续学习。",synthetic_chinese_resume
CR0209,u209,本科,网络工程,4,北京,15-1244.00,网络与计算机系统管理员,15-1212.00,信息安全分析师,阅读理解、积极倾听、书面表达、口头表达、数学、科学、批判性思维、主动学习、学习策略、监控、社会洞察、协调、说服、谈判、指导、服务导向、复杂问题解决、运营分析、技术设计、设备选型、编程、运营监控、操作与控制、设备维护、故障排查、修复、质量控制分析、判断与决策、系统分析、系统评估、时间管理、财务资源管理、物资资源管理、人员资源管理,"{""2.A.1.a"": 0.540818, ""2.A.1.b"": 0.509198, ""2.A.1.c"": 0.51245, ""2.A.1.d"": 0.538547, ""2.A.1.e"": 0.451422, ""2.A.1.f"": 0.360141, ""2.A.2.a"": 0.530608, ""2.A.2.b"": 0.432981, ""2.A.2.c"": 0.411835, ""2.A.2.d"": 0.613593, ""2.B.1.a"": 0.442911, ""2.B.1.b"": 0.484805, ""2.B.1.c"": 0.373088, ""2.B.1.d"": 0.374049, ""2.B.1.e"": 0.433547, ""2.B.1.f"": 0.397195, ""2.B.2.i"": 0.588216, ""2.B.3.a"": 0.498825, ""2.B.3.b"": 0.375742, ""2.B.3.c"": 0.528215, ""2.B.3.d"": 0.270521, ""2.B.3.e"": 0.456236, ""2.B.3.g"": 0.472085, ""2.B.3.h"": 0.53344, ""2.B.3.j"": 0.448017, ""2.B.3.k"": 0.56978, ""2.B.3.l"": 0.417724, ""2.B.3.m"": 0.476109, ""2.B.4.e"": 0.516906, ""2.B.4.g"": 0.548886, ""2.B.4.h"": 0.561054, ""2.B.5.a"": 0.421495, ""2.B.5.b"": 0.421993, ""2.B.5.c"": 0.381705, ""2.B.5.d"": 0.415285}",在北京参与网络与计算机系统管理员工作4年，持续提升阅读理解、积极倾听、书面表达、口头表达等技能。,负责网络与计算机系统管理员相关项目，完成需求分析、代码实现、测试验证和上线复盘，使用网络工程知识解决实际业务问题。,我具备本科学历，专业为网络工程，目标方向是信息安全分析师。重视工程质量、团队协作和持续学习。,"求职方向：信息安全分析师
教育背景：本科｜网络工程
工作经历：在北京参与网络与计算机系统管理员工作4年，持续提升阅读理解、积极倾听、书面表达、口头表达等技能。
项目经历：负责网络与计算机系统管理员相关项目，完成需求分析、代码实现、测试验证和上线复盘，使用网络工程知识解决实际业务问题。
技能：阅读理解、积极倾听、书面表达、口头表达、数学、科学、批判性思维、主动学习、学习策略、监控、社会洞察、协调、说服、谈判、指导、服务导向、复杂问题解决、运营分析、技术设计、设备选型、编程、运营监控、操作与控制、设备维护、故障排查、修复、质量控制分析、判断与决策、系统分析、系统评估、时间管理、财务资源管理、物资资源管理、人员资源管理
自我评价：我具备本科学历，专业为网络工程，目标方向是信息安全分析师。重视工程质量、团队协作和持续学习。",synthetic_chinese_resume
CR0210,u210,本科,信息安全,0,上海,15-1251.00,计算机程序员,15-1252.00,软件开发工程师,阅读理解、积极倾听、书面表达、口头表达、数学、科学、批判性思维、主动学习、学习策略、监控、社会洞察、协调、说服、谈判、指导、服务导向、复杂问题解决、运营分析、技术设计、编程、运营监控、操作与控制、故障排查、质量控制分析、判断与决策、系统分析、系统评估、时间管理、物资资源管理、人员资源管理,"{""2.A.1.a"": 0.532964, ""2.A.1.b"": 0.526956, ""2.A.1.c"": 0.465573, ""2.A.1.d"": 0.489356, ""2.A.1.e"": 0.388359, ""2.A.1.f"": 0.452431, ""2.A.2.a"": 0.531852, ""2.A.2.b"": 0.504238, ""2.A.2.c"": 0.386885, ""2.A.2.d"": 0.530926, ""2.B.1.a"": 0.408001, ""2.B.1.b"": 0.44443, ""2.B.1.c"": 0.37939, ""2.B.1.d"": 0.313588, ""2.B.1.e"": 0.403595, ""2.B.1.f"": 0.344086, ""2.B.2.i"": 0.587573, ""2.B.3.a"": 0.448508, ""2.B.3.b"": 0.335994, ""2.B.3.c"": 0.214361, ""2.B.3.d"": 0.199635, ""2.B.3.e"": 0.837156, ""2.B.3.g"": 0.347303, ""2.B.3.h"": 0.320379, ""2.B.3.j"": 0.224442, ""2.B.3.k"": 0.324112, ""2.B.3.l"": 0.186918, ""2.B.3.m"": 0.518941, ""2.B.4.e"": 0.489012, ""2.B.4.g"": 0.504558, ""2.B.4.h"": 0.4832, ""2.B.5.a"": 0.350511, ""2.B.5.b"": 0.22233, ""2.B.5.c"": 0.315841, ""2.B.5.d"": 0.383961}",在上海参与计算机程序员工作0年，持续提升阅读理解、积极倾听、书面表达、口头表达等技能。,负责计算机程序员相关项目，完成需求分析、代码实现、测试验证和上线复盘，使用信息安全知识解决实际业务问题。,我具备本科学历，专业为信息安全，目标方向是软件开发工程师。重视工程质量、团队协作和持续学习。,"求职方向：软件开发工程师
教育背景：本科｜信息安全
工作经历：在上海参与计算机程序员工作0年，持续提升阅读理解、积极倾听、书面表达、口头表达等技能。
项目经历：负责计算机程序员相关项目，完成需求分析、代码实现、测试验证和上线复盘，使用信息安全知识解决实际业务问题。
技能：阅读理解、积极倾听、书面表达、口头表达、数学、科学、批判性思维、主动学习、学习策略、监控、社会洞察、协调、说服、谈判、指导、服务导向、复杂问题解决、运营分析、技术设计、编程、运营监控、操作与控制、故障排查、质量控制分析、判断与决策、系统分析、系统评估、时间管理、物资资源管理、人员资源管理
自我评价：我具备本科学历，专业为信息安全，目标方向是软件开发工程师。重视工程质量、团队协作和持续学习。",synthetic_chinese_resume
CR0211,u211,硕士,计算机科学与技术,7,广州,15-1252.00,软件开发工程师,15-1253.00,软件质量保证分析师与测试工程师,阅读理解、积极倾听、书面表达、口头表达、数学、批判性思维、主动学习、学习策略、监控、社会洞察、协调、说服、谈判、指导、服务导向、复杂问题解决、技术设计、运营监控、操作与控制、故障排查、判断与决策、系统分析、系统评估、时间管理、人员资源管理,"{""2.A.1.a"": 0.533784, ""2.A.1.b"": 0.599813, ""2.A.1.c"": 0.446089, ""2.A.1.d"": 0.530778, ""2.A.1.e"": 0.44313, ""2.A.1.f"": 0.175975, ""2.A.2.a"": 0.589454, ""2.A.2.b"": 0.469872, ""2.A.2.c"": 0.390344, ""2.A.2.d"": 0.529278, ""2.B.1.a"": 0.455501, ""2.B.1.b"": 0.414043, ""2.B.1.c"": 0.397264, ""2.B.1.d"": 0.347738, ""2.B.1.e"": 0.390651, ""2.B.1.f"": 0.403939, ""2.B.2.i"": 0.444622, ""2.B.3.a"": 0.14987, ""2.B.3.b"": 0.555508, ""2.B.3.c"": 0.184872, ""2.B.3.d"": 0.251585, ""2.B.3.e"": 0.225749, ""2.B.3.g"": 0.361259, ""2.B.3.h"": 0.288131, ""2.B.3.j"": 0.245478, ""2.B.3.k"": 0.394392, ""2.B.3.l"": 0.247072, ""2.B.3.m"": 0.247391, ""2.B.4.e"": 0.509803, ""2.B.4.g"": 0.547471, ""2.B.4.h"": 0.582154, ""2.B.5.a"": 0.401617, ""2.B.5.b"": 0.181465, ""2.B.5.c"": 0.257491, ""2.B.5.d"": 0.31864}",在广州参与软件开发工程师工作7年，持续提升阅读理解、积极倾听、书面表达、口头表达等技能。,负责软件开发工程师相关项目，完成需求分析、代码实现、测试验证和上线复盘，使用计算机科学与技术知识解决实际业务问题。,我具备硕士学历，专业为计算机科学与技术，目标方向是软件质量保证分析师与测试工程师。重视工程质量、团队协作和持续学习。,"求职方向：软件质量保证分析师与测试工程师
教育背景：硕士｜计算机科学与技术
工作经历：在广州参与软件开发工程师工作7年，持续提升阅读理解、积极倾听、书面表达、口头表达等技能。
项目经历：负责软件开发工程师相关项目，完成需求分析、代码实现、测试验证和上线复盘，使用计算机科学与技术知识解决实际业务问题。
技能：阅读理解、积极倾听、书面表达、口头表达、数学、批判性思维、主动学习、学习策略、监控、社会洞察、协调、说服、谈判、指导、服务导向、复杂问题解决、技术设计、运营监控、操作与控制、故障排查、判断与决策、系统分析、系统评估、时间管理、人员资源管理
自我评价：我具备硕士学历，专业为计算机科学与技术，目标方向是软件质量保证分析师与测试工程师。重视工程质量、团队协作和持续学习。",synthetic_chinese_resume
CR0212,u212,大专,软件工程,3,深圳,15-1253.00,软件质量保证分析师与测试工程师,15-1252.00,软件开发工程师,阅读理解、积极倾听、书面表达、口头表达、数学、科学、批判性思维、主动学习、学习策略、监控、协调、说服、谈判、指导、服务导向、复杂问题解决、运营分析、技术设计、编程、运营监控、操作与控制、故障排查、质量控制分析、判断与决策、系统分析、系统评估、时间管理、物资资源管理,"{""2.A.1.a"": 0.604642, ""2.A.1.b"": 0.585516, ""2.A.1.c"": 0.578315, ""2.A.1.d"": 0.504711, ""2.A.1.e"": 0.382205, ""2.A.1.f"": 0.378349, ""2.A.2.a"": 0.640047, ""2.A.2.b"": 0.458655, ""2.A.2.c"": 0.44491, ""2.A.2.d"": 0.555534, ""2.B.1.a"": 0.279876, ""2.B.1.b"": 0.507122, ""2.B.1.c"": 0.368407, ""2.B.1.d"": 0.297594, ""2.B.1.e"": 0.296654, ""2.B.1.f"": 0.355038, ""2.B.2.i"": 0.524542, ""2.B.3.a"": 0.459858, ""2.B.3.b"": 0.391063, ""2.B.3.c"": 0.275909, ""2.B.3.d"": 0.217229, ""2.B.3.e"": 0.569491, ""2.B.3.g"": 0.370584, ""2.B.3.h"": 0.291076, ""2.B.3.j"": 0.259631, ""2.B.3.k"": 0.396951, ""2.B.3.l"": 0.194657, ""2.B.3.m"": 0.463456, ""2.B.4.e"": 0.429324, ""2.B.4.g"": 0.408503, ""2.B.4.h"": 0.436335, ""2.B.5.a"": 0.494125, ""2.B.5.b"": 0.269074, ""2.B.5.c"": 0.28064, ""2.B.5.d"": 0.278762}",在深圳参与软件质量保证分析师与测试工程师工作3年，持续提升阅读理解、积极倾听、书面表达、口头表达等技能。,负责软件质量保证分析师与测试工程师相关项目，完成需求分析、代码实现、测试验证和上线复盘，使用软件工程知识解决实际业务问题。,我具备大专学历，专业为软件工程，目标方向是软件开发工程师。重视工程质量、团队协作和持续学习。,"求职方向：软件开发工程师
教育背景：大专｜软件工程
工作经历：在深圳参与软件质量保证分析师与测试工程师工作3年，持续提升阅读理解、积极倾听、书面表达、口头表达等技能。
项目经历：负责软件质量保证分析师与测试工程师相关项目，完成需求分析、代码实现、测试验证和上线复盘，使用软件工程知识解决实际业务问题。
技能：阅读理解、积极倾听、书面表达、口头表达、数学、科学、批判性思维、主动学习、学习策略、监控、协调、说服、谈判、指导、服务导向、复杂问题解决、运营分析、技术设计、编程、运营监控、操作与控制、故障排查、质量控制分析、判断与决策、系统分析、系统评估、时间管理、物资资源管理
自我评价：我具备大专学历，专业为软件工程，目标方向是软件开发工程师。重视工程质量、团队协作和持续学习。",synthetic_chinese_resume
CR0213,u213,本科,数据科学与大数据技术,10,杭州,15-1254.00,网页开发工程师,15-1252.00,软件开发工程师,阅读理解、积极倾听、书面表达、口头表达、数学、批判性思维、主动学习、学习策略、监控、社会洞察、协调、说服、谈判、指导、服务导向、复杂问题解决、运营分析、技术设计、设备选型、编程、运营监控、故障排查、质量控制分析、判断与决策、系统分析、系统评估、时间管理、物资资源管理、人员资源管理,"{""2.A.1.a"": 0.546032, ""2.A.1.b"": 0.49763, ""2.A.1.c"": 0.480917, ""2.A.1.d"": 0.515251, ""2.A.1.e"": 0.401175, ""2.A.1.f"": 0.279685, ""2.A.2.a"": 0.559399, ""2.A.2.b"": 0.566757, ""2.A.2.c"": 0.461392, ""2.A.2.d"": 0.472704, ""2.B.1.a"": 0.359729, ""2.B.1.b"": 0.406851, ""2.B.1.c"": 0.412251, ""2.B.1.d"": 0.403695, ""2.B.1.e"": 0.359272, ""2.B.1.f"": 0.452602, ""2.B.2.i"": 0.452339, ""2.B.3.a"": 0.617807, ""2.B.3.b"": 0.324688, ""2.B.3.c"": 0.284958, ""2.B.3.d"": 0.206466, ""2.B.3.e"": 0.628579, ""2.B.3.g"": 0.329952, ""2.B.3.h"": 0.234837, ""2.B.3.j"": 0.182995, ""2.B.3.k"": 0.325485, ""2.B.3.l"": 0.171587, ""2.B.3.m"": 0.428916, ""2.B.4.e"": 0.513175, ""2.B.4.g"": 0.46991, ""2.B.4.h"": 0.407295, ""2.B.5.a"": 0.346252, ""2.B.5.b"": 0.178039, ""2.B.5.c"": 0.301821, ""2.B.5.d"": 0.333685}",在杭州参与网页开发工程师工作10年，持续提升阅读理解、积极倾听、书面表达、口头表达等技能。,负责网页开发工程师相关项目，完成需求分析、代码实现、测试验证和上线复盘，使用数据科学与大数据技术知识解决实际业务问题。,我具备本科学历，专业为数据科学与大数据技术，目标方向是软件开发工程师。重视工程质量、团队协作和持续学习。,"求职方向：软件开发工程师
教育背景：本科｜数据科学与大数据技术
工作经历：在杭州参与网页开发工程师工作10年，持续提升阅读理解、积极倾听、书面表达、口头表达等技能。
项目经历：负责网页开发工程师相关项目，完成需求分析、代码实现、测试验证和上线复盘，使用数据科学与大数据技术知识解决实际业务问题。
技能：阅读理解、积极倾听、书面表达、口头表达、数学、批判性思维、主动学习、学习策略、监控、社会洞察、协调、说服、谈判、指导、服务导向、复杂问题解决、运营分析、技术设计、设备选型、编程、运营监控、故障排查、质量控制分析、判断与决策、系统分析、系统评估、时间管理、物资资源管理、人员资源管理
自我评价：我具备本科学历，专业为数据科学与大数据技术，目标方向是软件开发工程师。重视工程质量、团队协作和持续学习。",synthetic_chinese_resume
CR0214,u214,本科,网络工程,6,成都,15-1255.00,网页与数字界面设计师,15-2031.00,运筹分析师,阅读理解、积极倾听、书面表达、口头表达、数学、批判性思维、主动学习、学习策略、监控、社会洞察、协调、说服、谈判、指导、服务导向、复杂问题解决、运营分析、技术设计、编程、运营监控、质量控制分析、判断与决策、系统分析、系统评估、时间管理、财务资源管理、物资资源管理、人员资源管理,"{""2.A.1.a"": 0.499856, ""2.A.1.b"": 0.55365, ""2.A.1.c"": 0.513218, ""2.A.1.d"": 0.469914, ""2.A.1.e"": 0.477846, ""2.A.1.f"": 0.217784, ""2.A.2.a"": 0.615625, ""2.A.2.b"": 0.523904, ""2.A.2.c"": 0.436165, ""2.A.2.d"": 0.508837, ""2.B.1.a"": 0.442826, ""2.B.1.b"": 0.495024, ""2.B.1.c"": 0.432944, ""2.B.1.d"": 0.379632, ""2.B.1.e"": 0.488126, ""2.B.1.f"": 0.333938, ""2.B.2.i"": 0.494614, ""2.B.3.a"": 0.366336, ""2.B.3.b"": 0.430653, ""2.B.3.c"": 0.255688, ""2.B.3.d"": 0.176803, ""2.B.3.e"": 0.586688, ""2.B.3.g"": 0.297863, ""2.B.3.h"": 0.115143, ""2.B.3.j"": 0.192698, ""2.B.3.k"": 0.21855, ""2.B.3.l"": 0.168626, ""2.B.3.m"": 0.28247, ""2.B.4.e"": 0.557293, ""2.B.4.g"": 0.414169, ""2.B.4.h"": 0.462895, ""2.B.5.a"": 0.443878, ""2.B.5.b"": 0.309137, ""2.B.5.c"": 0.283982, ""2.B.5.d"": 0.377467}",在成都参与网页与数字界面设计师工作6年，持续提升阅读理解、积极倾听、书面表达、口头表达等技能。,负责网页与数字界面设计师相关项目，完成需求分析、代码实现、测试验证和上线复盘，使用网络工程知识解决实际业务问题。,我具备本科学历，专业为网络工程，目标方向是运筹分析师。重视工程质量、团队协作和持续学习。,"求职方向：运筹分析师
教育背景：本科｜网络工程
工作经历：在成都参与网页与数字界面设计师工作6年，持续提升阅读理解、积极倾听、书面表达、口头表达等技能。
项目经历：负责网页与数字界面设计师相关项目，完成需求分析、代码实现、测试验证和上线复盘，使用网络工程知识解决实际业务问题。
技能：阅读理解、积极倾听、书面表达、口头表达、数学、批判性思维、主动学习、学习策略、监控、社会洞察、协调、说服、谈判、指导、服务导向、复杂问题解决、运营分析、技术设计、编程、运营监控、质量控制分析、判断与决策、系统分析、系统评估、时间管理、财务资源管理、物资资源管理、人员资源管理
自我评价：我具备本科学历，专业为网络工程，目标方向是运筹分析师。重视工程质量、团队协作和持续学习。",synthetic_chinese_resume
CR0215,u215,硕士,信息安全,2,武汉,15-2031.00,运筹分析师,15-2051.00,数据科学家,阅读理解、积极倾听、书面表达、口头表达、数学、科学、批判性思维、主动学习、学习策略、监控、社会洞察、协调、说服、谈判、指导、服务导向、复杂问题解决、运营分析、编程、判断与决策、系统分析、系统评估、时间管理、人员资源管理,"{""2.A.1.a"": 0.526422, ""2.A.1.b"": 0.541155, ""2.A.1.c"": 0.586793, ""2.A.1.d"": 0.568447, ""2.A.1.e"": 0.752657, ""2.A.1.f"": 0.481634, ""2.A.2.a"": 0.606454, ""2.A.2.b"": 0.609924, ""2.A.2.c"": 0.409943, ""2.A.2.d"": 0.333877, ""2.B.1.a"": 0.349479, ""2.B.1.b"": 0.366266, ""2.B.1.c"": 0.41957, ""2.B.1.d"": 0.31114, ""2.B.1.e"": 0.408025, ""2.B.1.f"": 0.420451, ""2.B.2.i"": 0.601311, ""2.B.3.a"": 0.652519, ""2.B.3.b"": 0.267727, ""2.B.3.c"": 0.173767, ""2.B.3.d"": 0.198667, ""2.B.3.e"": 0.33108, ""2.B.3.g"": 0.241121, ""2.B.3.h"": 0.249126, ""2.B.3.j"": 0.203366, ""2.B.3.k"": 0.220426, ""2.B.3.l"": 0.21034, ""2.B.3.m"": 0.243808, ""2.B.4.e"": 0.561714, ""2.B.4.g"": 0.651306, ""2.B.4.h"": 0.637028, ""2.B.5.a"": 0.499281, ""2.B.5.b"": 0.234981, ""2.B.5.c"": 0.256214, ""2.B.5.d"": 0.341308}",在武汉参与运筹分析师工作2年，持续提升阅读理解、积极倾听、书面表达、口头表达等技能。,负责运筹分析师相关项目，完成需求分析、代码实现、测试验证和上线复盘，使用信息安全知识解决实际业务问题。,我具备硕士学历，专业为信息安全，目标方向是数据科学家。重视工程质量、团队协作和持续学习。,"求职方向：数据科学家
教育背景：硕士｜信息安全
工作经历：在武汉参与运筹分析师工作2年，持续提升阅读理解、积极倾听、书面表达、口头表达等技能。
项目经历：负责运筹分析师相关项目，完成需求分析、代码实现、测试验证和上线复盘，使用信息安全知识解决实际业务问题。
技能：阅读理解、积极倾听、书面表达、口头表达、数学、科学、批判性思维、主动学习、学习策略、监控、社会洞察、协调、说服、谈判、指导、服务导向、复杂问题解决、运营分析、编程、判断与决策、系统分析、系统评估、时间管理、人员资源管理
自我评价：我具备硕士学历，专业为信息安全，目标方向是数据科学家。重视工程质量、团队协作和持续学习。",synthetic_chinese_resume
CR0216,u216,大专,计算机科学与技术,9,西安,15-2051.00,数据科学家,15-1211.00,计算机系统分析师,阅读理解、积极倾听、书面表达、口头表达、数学、批判性思维、主动学习、学习策略、监控、社会洞察、协调、说服、谈判、指导、服务导向、复杂问题解决、运营分析、安装、编程、运营监控、质量控制分析、判断与决策、系统分析、系统评估、时间管理、财务资源管理、人员资源管理,"{""2.A.1.a"": 0.614859, ""2.A.1.b"": 0.512527, ""2.A.1.c"": 0.669921, ""2.A.1.d"": 0.572378, ""2.A.1.e"": 0.495797, ""2.A.1.f"": 0.211632, ""2.A.2.a"": 0.512521, ""2.A.2.b"": 0.489145, ""2.A.2.c"": 0.471736, ""2.A.2.d"": 0.433623, ""2.B.1.a"": 0.401033, ""2.B.1.b"": 0.342859, ""2.B.1.c"": 0.434465, ""2.B.1.d"": 0.405592, ""2.B.1.e"": 0.460646, ""2.B.1.f"": 0.344198, ""2.B.2.i"": 0.48587, ""2.B.3.a"": 0.381751, ""2.B.3.b"": 0.246373, ""2.B.3.c"": 0.158721, ""2.B.3.d"": 0.299985, ""2.B.3.e"": 0.44581, ""2.B.3.g"": 0.300437, ""2.B.3.h"": 0.275167, ""2.B.3.j"": 0.239607, ""2.B.3.k"": 0.18035, ""2.B.3.l"": 0.153359, ""2.B.3.m"": 0.386415, ""2.B.4.e"": 0.479639, ""2.B.4.g"": 0.550117, ""2.B.4.h"": 0.506456, ""2.B.5.a"": 0.460898, ""2.B.5.b"": 0.337202, ""2.B.5.c"": 0.262369, ""2.B.5.d"": 0.405971}",在西安参与数据科学家工作9年，持续提升阅读理解、积极倾听、书面表达、口头表达等技能。,负责数据科学家相关项目，完成需求分析、代码实现、测试验证和上线复盘，使用计算机科学与技术知识解决实际业务问题。,我具备大专学历，专业为计算机科学与技术，目标方向是计算机系统分析师。重视工程质量、团队协作和持续学习。,"求职方向：计算机系统分析师
教育背景：大专｜计算机科学与技术
工作经历：在西安参与数据科学家工作9年，持续提升阅读理解、积极倾听、书面表达、口头表达等技能。
项目经历：负责数据科学家相关项目，完成需求分析、代码实现、测试验证和上线复盘，使用计算机科学与技术知识解决实际业务问题。
技能：阅读理解、积极倾听、书面表达、口头表达、数学、批判性思维、主动学习、学习策略、监控、社会洞察、协调、说服、谈判、指导、服务导向、复杂问题解决、运营分析、安装、编程、运营监控、质量控制分析、判断与决策、系统分析、系统评估、时间管理、财务资源管理、人员资源管理
自我评价：我具备大专学历，专业为计算机科学与技术，目标方向是计算机系统分析师。重视工程质量、团队协作和持续学习。",synthetic_chinese_resume
CR0217,u217,本科,软件工程,5,北京,15-1211.00,计算机系统分析师,15-2051.00,数据科学家,阅读理解、积极倾听、书面表达、口头表达、数学、科学、批判性思维、主动学习、学习策略、监控、社会洞察、协调、说服、谈判、指导、服务导向、复杂问题解决、运营分析、技术设计、设备选型、编程、运营监控、操作与控制、故障排查、质量控制分析、判断与决策、系统分析、系统评估、时间管理、财务资源管理、物资资源管理、人员资源管理,"{""2.A.1.a"": 0.653918, ""2.A.1.b"": 0.617617, ""2.A.1.c"": 0.51451, ""2.A.1.d"": 0.621522, ""2.A.1.e"": 0.441258, ""2.A.1.f"": 0.35255, ""2.A.2.a"": 0.540205, ""2.A.2.b"": 0.634732, ""2.A.2.c"": 0.460669, ""2.A.2.d"": 0.548946, ""2.B.1.a"": 0.430739, ""2.B.1.b"": 0.447694, ""2.B.1.c"": 0.383193, ""2.B.1.d"": 0.320294, ""2.B.1.e"": 0.442825, ""2.B.1.f"": 0.418161, ""2.B.2.i"": 0.607059, ""2.B.3.a"": 0.493097, ""2.B.3.b"": 0.419595, ""2.B.3.c"": 0.283747, ""2.B.3.d"": 0.224178, ""2.B.3.e"": 0.533823, ""2.B.3.g"": 0.375364, ""2.B.3.h"": 0.297553, ""2.B.3.j"": 0.260566, ""2.B.3.k"": 0.513285, ""2.B.3.l"": 0.215992, ""2.B.3.m"": 0.420892, ""2.B.4.e"": 0.593504, ""2.B.4.g"": 0.526473, ""2.B.4.h"": 0.504806, ""2.B.5.a"": 0.49497, ""2.B.5.b"": 0.309658, ""2.B.5.c"": 0.316384, ""2.B.5.d"": 0.436268}",在北京参与计算机系统分析师工作5年，持续提升阅读理解、积极倾听、书面表达、口头表达等技能。,负责计算机系统分析师相关项目，完成需求分析、代码实现、测试验证和上线复盘，使用软件工程知识解决实际业务问题。,我具备本科学历，专业为软件工程，目标方向是数据科学家。重视工程质量、团队协作和持续学习。,"求职方向：数据科学家
教育背景：本科｜软件工程
工作经历：在北京参与计算机系统分析师工作5年，持续提升阅读理解、积极倾听、书面表达、口头表达等技能。
项目经历：负责计算机系统分析师相关项目，完成需求分析、代码实现、测试验证和上线复盘，使用软件工程知识解决实际业务问题。
技能：阅读理解、积极倾听、书面表达、口头表达、数学、科学、批判性思维、主动学习、学习策略、监控、社会洞察、协调、说服、谈判、指导、服务导向、复杂问题解决、运营分析、技术设计、设备选型、编程、运营监控、操作与控制、故障排查、质量控制分析、判断与决策、系统分析、系统评估、时间管理、财务资源管理、物资资源管理、人员资源管理
自我评价：我具备本科学历，专业为软件工程，目标方向是数据科学家。重视工程质量、团队协作和持续学习。",synthetic_chinese_resume
CR0218,u218,本科,数据科学与大数据技术,1,上海,15-1212.00,信息安全分析师,15-1242.00,数据库管理员,阅读理解、积极倾听、书面表达、口头表达、科学、批判性思维、主动学习、学习策略、监控、社会洞察、协调、说服、谈判、指导、服务导向、复杂问题解决、运营分析、技术设计、编程、运营监控、设备维护、故障排查、质量控制分析、判断与决策、系统分析、系统评估、时间管理、人员资源管理,"{""2.A.1.a"": 0.568657, ""2.A.1.b"": 0.559824, ""2.A.1.c"": 0.469652, ""2.A.1.d"": 0.508302, ""2.A.1.e"": 0.202761, ""2.A.1.f"": 0.303205, ""2.A.2.a"": 0.496989, ""2.A.2.b"": 0.564603, ""2.A.2.c"": 0.38558, ""2.A.2.d"": 0.41441, ""2.B.1.a"": 0.428069, ""2.B.1.b"": 0.443119, ""2.B.1.c"": 0.356907, ""2.B.1.d"": 0.41888, ""2.B.1.e"": 0.382403, ""2.B.1.f"": 0.415762, ""2.B.2.i"": 0.480963, ""2.B.3.a"": 0.464138, ""2.B.3.b"": 0.314938, ""2.B.3.c"": 0.251826, ""2.B.3.d"": 0.220835, ""2.B.3.e"": 0.361377, ""2.B.3.g"": 0.39402, ""2.B.3.h"": 0.139412, ""2.B.3.j"": 0.311399, ""2.B.3.k"": 0.282661, ""2.B.3.l"": 0.228255, ""2.B.3.m"": 0.421314, ""2.B.4.e"": 0.452853, ""2.B.4.g"": 0.46104, ""2.B.4.h"": 0.47228, ""2.B.5.a"": 0.42297, ""2.B.5.b"": 0.224467, ""2.B.5.c"": 0.169373, ""2.B.5.d"": 0.371673}",在上海参与信息安全分析师工作1年，持续提升阅读理解、积极倾听、书面表达、口头表达等技能。,负责信息安全分析师相关项目，完成需求分析、代码实现、测试验证和上线复盘，使用数据科学与大数据技术知识解决实际业务问题。,我具备本科学历，专业为数据科学与大数据技术，目标方向是数据库管理员。重视工程质量、团队协作和持续学习。,"求职方向：数据库管理员
教育背景：本科｜数据科学与大数据技术
工作经历：在上海参与信息安全分析师工作1年，持续提升阅读理解、积极倾听、书面表达、口头表达等技能。
项目经历：负责信息安全分析师相关项目，完成需求分析、代码实现、测试验证和上线复盘，使用数据科学与大数据技术知识解决实际业务问题。
技能：阅读理解、积极倾听、书面表达、口头表达、科学、批判性思维、主动学习、学习策略、监控、社会洞察、协调、说服、谈判、指导、服务导向、复杂问题解决、运营分析、技术设计、编程、运营监控、设备维护、故障排查、质量控制分析、判断与决策、系统分析、系统评估、时间管理、人员资源管理
自我评价：我具备本科学历，专业为数据科学与大数据技术，目标方向是数据库管理员。重视工程质量、团队协作和持续学习。",synthetic_chinese_resume
CR0219,u219,硕士,网络工程,8,广州,15-1242.00,数据库管理员,15-2051.00,数据科学家,阅读理解、积极倾听、书面表达、口头表达、数学、科学、批判性思维、主动学习、学习策略、监控、社会洞察、协调、说服、谈判、指导、服务导向、复杂问题解决、运营分析、技术设计、编程、运营监控、故障排查、质量控制分析、判断与决策、系统分析、系统评估、时间管理、物资资源管理、人员资源管理,"{""2.A.1.a"": 0.53607, ""2.A.1.b"": 0.515655, ""2.A.1.c"": 0.434886, ""2.A.1.d"": 0.548766, ""2.A.1.e"": 0.491094, ""2.A.1.f"": 0.298869, ""2.A.2.a"": 0.53841, ""2.A.2.b"": 0.567368, ""2.A.2.c"": 0.496501, ""2.A.2.d"": 0.557665, ""2.B.1.a"": 0.435363, ""2.B.1.b"": 0.493809, ""2.B.1.c"": 0.30747, ""2.B.1.d"": 0.322242, ""2.B.1.e"": 0.442053, ""2.B.1.f"": 0.392216, ""2.B.2.i"": 0.634913, ""2.B.3.a"": 0.381868, ""2.B.3.b"": 0.329328, ""2.B.3.c"": 0.201357, ""2.B.3.d"": 0.213041, ""2.B.3.e"": 0.442244, ""2.B.3.g"": 0.403367, ""2.B.3.h"": 0.270206, ""2.B.3.j"": 0.200649, ""2.B.3.k"": 0.357562, ""2.B.3.l"": 0.185935, ""2.B.3.m"": 0.376541, ""2.B.4.e"": 0.576345, ""2.B.4.g"": 0.451442, ""2.B.4.h"": 0.474445, ""2.B.5.a"": 0.364479, ""2.B.5.b"": 0.249559, ""2.B.5.c"": 0.303348, ""2.B.5.d"": 0.405416}",在广州参与数据库管理员工作8年，持续提升阅读理解、积极倾听、书面表达、口头表达等技能。,负责数据库管理员相关项目，完成需求分析、代码实现、测试验证和上线复盘，使用网络工程知识解决实际业务问题。,我具备硕士学历，专业为网络工程，目标方向是数据科学家。重视工程质量、团队协作和持续学习。,"求职方向：数据科学家
教育背景：硕士｜网络工程
工作经历：在广州参与数据库管理员工作8年，持续提升阅读理解、积极倾听、书面表达、口头表达等技能。
项目经历：负责数据库管理员相关项目，完成需求分析、代码实现、测试验证和上线复盘，使用网络工程知识解决实际业务问题。
技能：阅读理解、积极倾听、书面表达、口头表达、数学、科学、批判性思维、主动学习、学习策略、监控、社会洞察、协调、说服、谈判、指导、服务导向、复杂问题解决、运营分析、技术设计、编程、运营监控、故障排查、质量控制分析、判断与决策、系统分析、系统评估、时间管理、物资资源管理、人员资源管理
自我评价：我具备硕士学历，专业为网络工程，目标方向是数据科学家。重视工程质量、团队协作和持续学习。",synthetic_chinese_resume
CR0220,u220,大专,信息安全,4,深圳,15-1243.00,数据库架构师,15-1244.00,网络与计算机系统管理员,阅读理解、积极倾听、书面表达、口头表达、数学、批判性思维、主动学习、学习策略、监控、社会洞察、协调、说服、谈判、指导、服务导向、复杂问题解决、运营分析、技术设计、编程、运营监控、操作与控制、判断与决策、系统分析、系统评估、时间管理、人员资源管理,"{""2.A.1.a"": 0.65645, ""2.A.1.b"": 0.485683, ""2.A.1.c"": 0.533289, ""2.A.1.d"": 0.418037, ""2.A.1.e"": 0.345906, ""2.A.1.f"": 0.2715, ""2.A.2.a"": 0.508747, ""2.A.2.b"": 0.449436, ""2.A.2.c"": 0.371803, ""2.A.2.d"": 0.443186, ""2.B.1.a"": 0.400839, ""2.B.1.b"": 0.461128, ""2.B.1.c"": 0.400993, ""2.B.1.d"": 0.437877, ""2.B.1.e"": 0.457713, ""2.B.1.f"": 0.432594, ""2.B.2.i"": 0.499678, ""2.B.3.a"": 0.460376, ""2.B.3.b"": 0.386596, ""2.B.3.c"": 0.240047, ""2.B.3.d"": 0.218885, ""2.B.3.e"": 0.492022, ""2.B.3.g"": 0.282484, ""2.B.3.h"": 0.296039, ""2.B.3.j"": 0.170833, ""2.B.3.k"": 0.257998, ""2.B.3.l"": 0.151535, ""2.B.3.m"": 0.256253, ""2.B.4.e"": 0.554488, ""2.B.4.g"": 0.600141, ""2.B.4.h"": 0.492214, ""2.B.5.a"": 0.420593, ""2.B.5.b"": 0.175278, ""2.B.5.c"": 0.189017, ""2.B.5.d"": 0.290613}",在深圳参与数据库架构师工作4年，持续提升阅读理解、积极倾听、书面表达、口头表达等技能。,负责数据库架构师相关项目，完成需求分析、代码实现、测试验证和上线复盘，使用信息安全知识解决实际业务问题。,我具备大专学历，专业为信息安全，目标方向是网络与计算机系统管理员。重视工程质量、团队协作和持续学习。,"求职方向：网络与计算机系统管理员
教育背景：大专｜信息安全
工作经历：在深圳参与数据库架构师工作4年，持续提升阅读理解、积极倾听、书面表达、口头表达等技能。
项目经历：负责数据库架构师相关项目，完成需求分析、代码实现、测试验证和上线复盘，使用信息安全知识解决实际业务问题。
技能：阅读理解、积极倾听、书面表达、口头表达、数学、批判性思维、主动学习、学习策略、监控、社会洞察、协调、说服、谈判、指导、服务导向、复杂问题解决、运营分析、技术设计、编程、运营监控、操作与控制、判断与决策、系统分析、系统评估、时间管理、人员资源管理
自我评价：我具备大专学历，专业为信息安全，目标方向是网络与计算机系统管理员。重视工程质量、团队协作和持续学习。",synthetic_chinese_resume
CR0221,u221,本科,计算机科学与技术,0,杭州,15-1244.00,网络与计算机系统管理员,15-1212.00,信息安全分析师,阅读理解、积极倾听、书面表达、口头表达、数学、科学、批判性思维、主动学习、学习策略、监控、社会洞察、协调、说服、谈判、指导、服务导向、复杂问题解决、运营分析、技术设计、设备选型、安装、编程、运营监控、操作与控制、设备维护、故障排查、修复、质量控制分析、判断与决策、系统分析、系统评估、时间管理、物资资源管理、人员资源管理,"{""2.A.1.a"": 0.588908, ""2.A.1.b"": 0.595004, ""2.A.1.c"": 0.482597, ""2.A.1.d"": 0.536733, ""2.A.1.e"": 0.479826, ""2.A.1.f"": 0.3166, ""2.A.2.a"": 0.608033, ""2.A.2.b"": 0.578575, ""2.A.2.c"": 0.471887, ""2.A.2.d"": 0.558548, ""2.B.1.a"": 0.4876, ""2.B.1.b"": 0.419353, ""2.B.1.c"": 0.417188, ""2.B.1.d"": 0.389909, ""2.B.1.e"": 0.393203, ""2.B.1.f"": 0.455931, ""2.B.2.i"": 0.588845, ""2.B.3.a"": 0.403991, ""2.B.3.b"": 0.455621, ""2.B.3.c"": 0.408553, ""2.B.3.d"": 0.305052, ""2.B.3.e"": 0.513912, ""2.B.3.g"": 0.516196, ""2.B.3.h"": 0.352578, ""2.B.3.j"": 0.536581, ""2.B.3.k"": 0.594174, ""2.B.3.l"": 0.433384, ""2.B.3.m"": 0.468608, ""2.B.4.e"": 0.546831, ""2.B.4.g"": 0.57816, ""2.B.4.h"": 0.62795, ""2.B.5.a"": 0.461922, ""2.B.5.b"": 0.251115, ""2.B.5.c"": 0.365515, ""2.B.5.d"": 0.389791}",在杭州参与网络与计算机系统管理员工作0年，持续提升阅读理解、积极倾听、书面表达、口头表达等技能。,负责网络与计算机系统管理员相关项目，完成需求分析、代码实现、测试验证和上线复盘，使用计算机科学与技术知识解决实际业务问题。,我具备本科学历，专业为计算机科学与技术，目标方向是信息安全分析师。重视工程质量、团队协作和持续学习。,"求职方向：信息安全分析师
教育背景：本科｜计算机科学与技术
工作经历：在杭州参与网络与计算机系统管理员工作0年，持续提升阅读理解、积极倾听、书面表达、口头表达等技能。
项目经历：负责网络与计算机系统管理员相关项目，完成需求分析、代码实现、测试验证和上线复盘，使用计算机科学与技术知识解决实际业务问题。
技能：阅读理解、积极倾听、书面表达、口头表达、数学、科学、批判性思维、主动学习、学习策略、监控、社会洞察、协调、说服、谈判、指导、服务导向、复杂问题解决、运营分析、技术设计、设备选型、安装、编程、运营监控、操作与控制、设备维护、故障排查、修复、质量控制分析、判断与决策、系统分析、系统评估、时间管理、物资资源管理、人员资源管理
自我评价：我具备本科学历，专业为计算机科学与技术，目标方向是信息安全分析师。重视工程质量、团队协作和持续学习。",synthetic_chinese_resume
CR0222,u222,本科,软件工程,7,成都,15-1251.00,计算机程序员,15-1252.00,软件开发工程师,阅读理解、积极倾听、书面表达、口头表达、数学、科学、批判性思维、主动学习、学习策略、监控、社会洞察、协调、指导、服务导向、复杂问题解决、运营分析、技术设计、编程、运营监控、操作与控制、质量控制分析、判断与决策、系统分析、系统评估、时间管理、物资资源管理、人员资源管理,"{""2.A.1.a"": 0.453956, ""2.A.1.b"": 0.570095, ""2.A.1.c"": 0.446708, ""2.A.1.d"": 0.44693, ""2.A.1.e"": 0.54676, ""2.A.1.f"": 0.410831, ""2.A.2.a"": 0.543628, ""2.A.2.b"": 0.480702, ""2.A.2.c"": 0.31154, ""2.A.2.d"": 0.438863, ""2.B.1.a"": 0.465803, ""2.B.1.b"": 0.392096, ""2.B.1.c"": 0.267805, ""2.B.1.d"": 0.206361, ""2.B.1.e"": 0.446098, ""2.B.1.f"": 0.42864, ""2.B.2.i"": 0.588383, ""2.B.3.a"": 0.511751, ""2.B.3.b"": 0.488439, ""2.B.3.c"": 0.24029, ""2.B.3.d"": 0.204679, ""2.B.3.e"": 0.813968, ""2.B.3.g"": 0.335909, ""2.B.3.h"": 0.308907, ""2.B.3.j"": 0.12374, ""2.B.3.k"": 0.261533, ""2.B.3.l"": 0.25025, ""2.B.3.m"": 0.49732, ""2.B.4.e"": 0.487231, ""2.B.4.g"": 0.435275, ""2.B.4.h"": 0.513192, ""2.B.5.a"": 0.423832, ""2.B.5.b"": 0.23754, ""2.B.5.c"": 0.309517, ""2.B.5.d"": 0.359492}",在成都参与计算机程序员工作7年，持续提升阅读理解、积极倾听、书面表达、口头表达等技能。,负责计算机程序员相关项目，完成需求分析、代码实现、测试验证和上线复盘，使用软件工程知识解决实际业务问题。,我具备本科学历，专业为软件工程，目标方向是软件开发工程师。重视工程质量、团队协作和持续学习。,"求职方向：软件开发工程师
教育背景：本科｜软件工程
工作经历：在成都参与计算机程序员工作7年，持续提升阅读理解、积极倾听、书面表达、口头表达等技能。
项目经历：负责计算机程序员相关项目，完成需求分析、代码实现、测试验证和上线复盘，使用软件工程知识解决实际业务问题。
技能：阅读理解、积极倾听、书面表达、口头表达、数学、科学、批判性思维、主动学习、学习策略、监控、社会洞察、协调、指导、服务导向、复杂问题解决、运营分析、技术设计、编程、运营监控、操作与控制、质量控制分析、判断与决策、系统分析、系统评估、时间管理、物资资源管理、人员资源管理
自我评价：我具备本科学历，专业为软件工程，目标方向是软件开发工程师。重视工程质量、团队协作和持续学习。",synthetic_chinese_resume
CR0223,u223,硕士,数据科学与大数据技术,3,武汉,15-1252.00,软件开发工程师,15-1253.00,软件质量保证分析师与测试工程师,阅读理解、积极倾听、书面表达、口头表达、数学、批判性思维、主动学习、学习策略、监控、社会洞察、协调、说服、谈判、指导、服务导向、复杂问题解决、技术设计、运营监控、判断与决策、系统分析、系统评估、时间管理、人员资源管理,"{""2.A.1.a"": 0.570521, ""2.A.1.b"": 0.473958, ""2.A.1.c"": 0.514065, ""2.A.1.d"": 0.555012, ""2.A.1.e"": 0.47912, ""2.A.1.f"": 0.238379, ""2.A.2.a"": 0.542639, ""2.A.2.b"": 0.517701, ""2.A.2.c"": 0.46647, ""2.A.2.d"": 0.469009, ""2.B.1.a"": 0.437985, ""2.B.1.b"": 0.401646, ""2.B.1.c"": 0.344678, ""2.B.1.d"": 0.379747, ""2.B.1.e"": 0.435809, ""2.B.1.f"": 0.288766, ""2.B.2.i"": 0.558559, ""2.B.3.a"": 0.143526, ""2.B.3.b"": 0.48292, ""2.B.3.c"": 0.231677, ""2.B.3.d"": 0.2361, ""2.B.3.e"": 0.155298, ""2.B.3.g"": 0.358997, ""2.B.3.h"": 0.224028, ""2.B.3.j"": 0.262002, ""2.B.3.k"": 0.269112, ""2.B.3.l"": 0.203014, ""2.B.3.m"": 0.236274, ""2.B.4.e"": 0.462304, ""2.B.4.g"": 0.56025, ""2.B.4.h"": 0.481564, ""2.B.5.a"": 0.389195, ""2.B.5.b"": 0.221412, ""2.B.5.c"": 0.222794, ""2.B.5.d"": 0.324529}",在武汉参与软件开发工程师工作3年，持续提升阅读理解、积极倾听、书面表达、口头表达等技能。,负责软件开发工程师相关项目，完成需求分析、代码实现、测试验证和上线复盘，使用数据科学与大数据技术知识解决实际业务问题。,我具备硕士学历，专业为数据科学与大数据技术，目标方向是软件质量保证分析师与测试工程师。重视工程质量、团队协作和持续学习。,"求职方向：软件质量保证分析师与测试工程师
教育背景：硕士｜数据科学与大数据技术
工作经历：在武汉参与软件开发工程师工作3年，持续提升阅读理解、积极倾听、书面表达、口头表达等技能。
项目经历：负责软件开发工程师相关项目，完成需求分析、代码实现、测试验证和上线复盘，使用数据科学与大数据技术知识解决实际业务问题。
技能：阅读理解、积极倾听、书面表达、口头表达、数学、批判性思维、主动学习、学习策略、监控、社会洞察、协调、说服、谈判、指导、服务导向、复杂问题解决、技术设计、运营监控、判断与决策、系统分析、系统评估、时间管理、人员资源管理
自我评价：我具备硕士学历，专业为数据科学与大数据技术，目标方向是软件质量保证分析师与测试工程师。重视工程质量、团队协作和持续学习。",synthetic_chinese_resume
CR0224,u224,大专,网络工程,10,西安,15-1253.00,软件质量保证分析师与测试工程师,15-1252.00,软件开发工程师,阅读理解、积极倾听、书面表达、口头表达、数学、科学、批判性思维、主动学习、学习策略、监控、社会洞察、协调、说服、谈判、指导、服务导向、复杂问题解决、运营分析、技术设计、编程、运营监控、故障排查、质量控制分析、判断与决策、系统分析、系统评估、时间管理、人员资源管理,"{""2.A.1.a"": 0.598054, ""2.A.1.b"": 0.643021, ""2.A.1.c"": 0.546392, ""2.A.1.d"": 0.560672, ""2.A.1.e"": 0.403107, ""2.A.1.f"": 0.376028, ""2.A.2.a"": 0.552016, ""2.A.2.b"": 0.482969, ""2.A.2.c"": 0.356973, ""2.A.2.d"": 0.504948, ""2.B.1.a"": 0.318449, ""2.B.1.b"": 0.414106, ""2.B.1.c"": 0.315978, ""2.B.1.d"": 0.32062, ""2.B.1.e"": 0.390145, ""2.B.1.f"": 0.405146, ""2.B.2.i"": 0.392281, ""2.B.3.a"": 0.438501, ""2.B.3.b"": 0.421824, ""2.B.3.c"": 0.268157, ""2.B.3.d"": 0.192911, ""2.B.3.e"": 0.600576, ""2.B.3.g"": 0.414941, ""2.B.3.h"": 0.276964, ""2.B.3.j"": 0.22355, ""2.B.3.k"": 0.460933, ""2.B.3.l"": 0.215521, ""2.B.3.m"": 0.496407, ""2.B.4.e"": 0.430633, ""2.B.4.g"": 0.454607, ""2.B.4.h"": 0.494389, ""2.B.5.a"": 0.432195, ""2.B.5.b"": 0.208358, ""2.B.5.c"": 0.247393, ""2.B.5.d"": 0.303757}",在西安参与软件质量保证分析师与测试工程师工作10年，持续提升阅读理解、积极倾听、书面表达、口头表达等技能。,负责软件质量保证分析师与测试工程师相关项目，完成需求分析、代码实现、测试验证和上线复盘，使用网络工程知识解决实际业务问题。,我具备大专学历，专业为网络工程，目标方向是软件开发工程师。重视工程质量、团队协作和持续学习。,"求职方向：软件开发工程师
教育背景：大专｜网络工程
工作经历：在西安参与软件质量保证分析师与测试工程师工作10年，持续提升阅读理解、积极倾听、书面表达、口头表达等技能。
项目经历：负责软件质量保证分析师与测试工程师相关项目，完成需求分析、代码实现、测试验证和上线复盘，使用网络工程知识解决实际业务问题。
技能：阅读理解、积极倾听、书面表达、口头表达、数学、科学、批判性思维、主动学习、学习策略、监控、社会洞察、协调、说服、谈判、指导、服务导向、复杂问题解决、运营分析、技术设计、编程、运营监控、故障排查、质量控制分析、判断与决策、系统分析、系统评估、时间管理、人员资源管理
自我评价：我具备大专学历，专业为网络工程，目标方向是软件开发工程师。重视工程质量、团队协作和持续学习。",synthetic_chinese_resume
CR0225,u225,本科,信息安全,6,北京,15-1254.00,网页开发工程师,15-1252.00,软件开发工程师,阅读理解、积极倾听、书面表达、口头表达、数学、科学、批判性思维、主动学习、学习策略、监控、社会洞察、协调、说服、谈判、指导、服务导向、复杂问题解决、运营分析、技术设计、设备选型、编程、运营监控、设备维护、故障排查、质量控制分析、判断与决策、系统分析、系统评估、时间管理、人员资源管理,"{""2.A.1.a"": 0.560291, ""2.A.1.b"": 0.523223, ""2.A.1.c"": 0.457226, ""2.A.1.d"": 0.462931, ""2.A.1.e"": 0.436345, ""2.A.1.f"": 0.383694, ""2.A.2.a"": 0.553096, ""2.A.2.b"": 0.516953, ""2.A.2.c"": 0.386262, ""2.A.2.d"": 0.487491, ""2.B.1.a"": 0.457761, ""2.B.1.b"": 0.393851, ""2.B.1.c"": 0.507454, ""2.B.1.d"": 0.406744, ""2.B.1.e"": 0.431862, ""2.B.1.f"": 0.392715, ""2.B.2.i"": 0.542229, ""2.B.3.a"": 0.574738, ""2.B.3.b"": 0.361494, ""2.B.3.c"": 0.283063, ""2.B.3.d"": 0.231783, ""2.B.3.e"": 0.653809, ""2.B.3.g"": 0.315508, ""2.B.3.h"": 0.254643, ""2.B.3.j"": 0.286702, ""2.B.3.k"": 0.324808, ""2.B.3.l"": 0.229721, ""2.B.3.m"": 0.382052, ""2.B.4.e"": 0.468986, ""2.B.4.g"": 0.404512, ""2.B.4.h"": 0.372562, ""2.B.5.a"": 0.333298, ""2.B.5.b"": 0.256165, ""2.B.5.c"": 0.277054, ""2.B.5.d"": 0.363037}",在北京参与网页开发工程师工作6年，持续提升阅读理解、积极倾听、书面表达、口头表达等技能。,负责网页开发工程师相关项目，完成需求分析、代码实现、测试验证和上线复盘，使用信息安全知识解决实际业务问题。,我具备本科学历，专业为信息安全，目标方向是软件开发工程师。重视工程质量、团队协作和持续学习。,"求职方向：软件开发工程师
教育背景：本科｜信息安全
工作经历：在北京参与网页开发工程师工作6年，持续提升阅读理解、积极倾听、书面表达、口头表达等技能。
项目经历：负责网页开发工程师相关项目，完成需求分析、代码实现、测试验证和上线复盘，使用信息安全知识解决实际业务问题。
技能：阅读理解、积极倾听、书面表达、口头表达、数学、科学、批判性思维、主动学习、学习策略、监控、社会洞察、协调、说服、谈判、指导、服务导向、复杂问题解决、运营分析、技术设计、设备选型、编程、运营监控、设备维护、故障排查、质量控制分析、判断与决策、系统分析、系统评估、时间管理、人员资源管理
自我评价：我具备本科学历，专业为信息安全，目标方向是软件开发工程师。重视工程质量、团队协作和持续学习。",synthetic_chinese_resume
CR0226,u226,本科,计算机科学与技术,2,上海,15-1255.00,网页与数字界面设计师,15-2031.00,运筹分析师,阅读理解、积极倾听、书面表达、口头表达、数学、批判性思维、主动学习、学习策略、监控、社会洞察、协调、说服、谈判、指导、服务导向、复杂问题解决、运营分析、技术设计、编程、判断与决策、系统分析、系统评估、时间管理、人员资源管理,"{""2.A.1.a"": 0.584306, ""2.A.1.b"": 0.455613, ""2.A.1.c"": 0.482792, ""2.A.1.d"": 0.59891, ""2.A.1.e"": 0.401288, ""2.A.1.f"": 0.200831, ""2.A.2.a"": 0.602468, ""2.A.2.b"": 0.557119, ""2.A.2.c"": 0.407467, ""2.A.2.d"": 0.519033, ""2.B.1.a"": 0.452408, ""2.B.1.b"": 0.461684, ""2.B.1.c"": 0.415097, ""2.B.1.d"": 0.426426, ""2.B.1.e"": 0.420857, ""2.B.1.f"": 0.415957, ""2.B.2.i"": 0.507574, ""2.B.3.a"": 0.471035, ""2.B.3.b"": 0.384454, ""2.B.3.c"": 0.250072, ""2.B.3.d"": 0.248532, ""2.B.3.e"": 0.667835, ""2.B.3.g"": 0.221539, ""2.B.3.h"": 0.235636, ""2.B.3.j"": 0.210108, ""2.B.3.k"": 0.094383, ""2.B.3.l"": 0.203814, ""2.B.3.m"": 0.257879, ""2.B.4.e"": 0.505235, ""2.B.4.g"": 0.510691, ""2.B.4.h"": 0.428217, ""2.B.5.a"": 0.468311, ""2.B.5.b"": 0.223485, ""2.B.5.c"": 0.243023, ""2.B.5.d"": 0.369683}",在上海参与网页与数字界面设计师工作2年，持续提升阅读理解、积极倾听、书面表达、口头表达等技能。,负责网页与数字界面设计师相关项目，完成需求分析、代码实现、测试验证和上线复盘，使用计算机科学与技术知识解决实际业务问题。,我具备本科学历，专业为计算机科学与技术，目标方向是运筹分析师。重视工程质量、团队协作和持续学习。,"求职方向：运筹分析师
教育背景：本科｜计算机科学与技术
工作经历：在上海参与网页与数字界面设计师工作2年，持续提升阅读理解、积极倾听、书面表达、口头表达等技能。
项目经历：负责网页与数字界面设计师相关项目，完成需求分析、代码实现、测试验证和上线复盘，使用计算机科学与技术知识解决实际业务问题。
技能：阅读理解、积极倾听、书面表达、口头表达、数学、批判性思维、主动学习、学习策略、监控、社会洞察、协调、说服、谈判、指导、服务导向、复杂问题解决、运营分析、技术设计、编程、判断与决策、系统分析、系统评估、时间管理、人员资源管理
自我评价：我具备本科学历，专业为计算机科学与技术，目标方向是运筹分析师。重视工程质量、团队协作和持续学习。",synthetic_chinese_resume
CR0227,u227,硕士,软件工程,9,广州,15-2031.00,运筹分析师,15-2051.00,数据科学家,阅读理解、积极倾听、书面表达、口头表达、数学、科学、批判性思维、主动学习、学习策略、监控、社会洞察、协调、说服、谈判、指导、服务导向、复杂问题解决、运营分析、编程、判断与决策、系统分析、系统评估、时间管理、人员资源管理,"{""2.A.1.a"": 0.64454, ""2.A.1.b"": 0.671881, ""2.A.1.c"": 0.604354, ""2.A.1.d"": 0.575499, ""2.A.1.e"": 0.82727, ""2.A.1.f"": 0.456856, ""2.A.2.a"": 0.552251, ""2.A.2.b"": 0.52051, ""2.A.2.c"": 0.374994, ""2.A.2.d"": 0.432678, ""2.B.1.a"": 0.301592, ""2.B.1.b"": 0.45261, ""2.B.1.c"": 0.474385, ""2.B.1.d"": 0.337151, ""2.B.1.e"": 0.434288, ""2.B.1.f"": 0.370023, ""2.B.2.i"": 0.742152, ""2.B.3.a"": 0.614624, ""2.B.3.b"": 0.210701, ""2.B.3.c"": 0.242906, ""2.B.3.d"": 0.103096, ""2.B.3.e"": 0.405854, ""2.B.3.g"": 0.227731, ""2.B.3.h"": 0.125641, ""2.B.3.j"": 0.177718, ""2.B.3.k"": 0.254013, ""2.B.3.l"": 0.236545, ""2.B.3.m"": 0.137669, ""2.B.4.e"": 0.652403, ""2.B.4.g"": 0.540718, ""2.B.4.h"": 0.63864, ""2.B.5.a"": 0.478697, ""2.B.5.b"": 0.246329, ""2.B.5.c"": 0.249956, ""2.B.5.d"": 0.349355}",在广州参与运筹分析师工作9年，持续提升阅读理解、积极倾听、书面表达、口头表达等技能。,负责运筹分析师相关项目，完成需求分析、代码实现、测试验证和上线复盘，使用软件工程知识解决实际业务问题。,我具备硕士学历，专业为软件工程，目标方向是数据科学家。重视工程质量、团队协作和持续学习。,"求职方向：数据科学家
教育背景：硕士｜软件工程
工作经历：在广州参与运筹分析师工作9年，持续提升阅读理解、积极倾听、书面表达、口头表达等技能。
项目经历：负责运筹分析师相关项目，完成需求分析、代码实现、测试验证和上线复盘，使用软件工程知识解决实际业务问题。
技能：阅读理解、积极倾听、书面表达、口头表达、数学、科学、批判性思维、主动学习、学习策略、监控、社会洞察、协调、说服、谈判、指导、服务导向、复杂问题解决、运营分析、编程、判断与决策、系统分析、系统评估、时间管理、人员资源管理
自我评价：我具备硕士学历，专业为软件工程，目标方向是数据科学家。重视工程质量、团队协作和持续学习。",synthetic_chinese_resume
CR0228,u228,大专,数据科学与大数据技术,5,深圳,15-2051.00,数据科学家,15-1211.00,计算机系统分析师,阅读理解、积极倾听、书面表达、口头表达、数学、科学、批判性思维、主动学习、学习策略、监控、社会洞察、协调、说服、谈判、指导、服务导向、复杂问题解决、运营分析、编程、质量控制分析、判断与决策、系统分析、系统评估、时间管理、人员资源管理,"{""2.A.1.a"": 0.580508, ""2.A.1.b"": 0.612889, ""2.A.1.c"": 0.521581, ""2.A.1.d"": 0.483436, ""2.A.1.e"": 0.525058, ""2.A.1.f"": 0.310535, ""2.A.2.a"": 0.633665, ""2.A.2.b"": 0.573816, ""2.A.2.c"": 0.372885, ""2.A.2.d"": 0.47263, ""2.B.1.a"": 0.366772, ""2.B.1.b"": 0.44806, ""2.B.1.c"": 0.366198, ""2.B.1.d"": 0.457977, ""2.B.1.e"": 0.445225, ""2.B.1.f"": 0.449631, ""2.B.2.i"": 0.477722, ""2.B.3.a"": 0.378099, ""2.B.3.b"": 0.279763, ""2.B.3.c"": 0.238085, ""2.B.3.d"": 0.175152, ""2.B.3.e"": 0.385605, ""2.B.3.g"": 0.224321, ""2.B.3.h"": 0.270849, ""2.B.3.j"": 0.129824, ""2.B.3.k"": 0.204118, ""2.B.3.l"": 0.24407, ""2.B.3.m"": 0.288885, ""2.B.4.e"": 0.52243, ""2.B.4.g"": 0.48549, ""2.B.4.h"": 0.537412, ""2.B.5.a"": 0.451534, ""2.B.5.b"": 0.259787, ""2.B.5.c"": 0.227424, ""2.B.5.d"": 0.375561}",在深圳参与数据科学家工作5年，持续提升阅读理解、积极倾听、书面表达、口头表达等技能。,负责数据科学家相关项目，完成需求分析、代码实现、测试验证和上线复盘，使用数据科学与大数据技术知识解决实际业务问题。,我具备大专学历，专业为数据科学与大数据技术，目标方向是计算机系统分析师。重视工程质量、团队协作和持续学习。,"求职方向：计算机系统分析师
教育背景：大专｜数据科学与大数据技术
工作经历：在深圳参与数据科学家工作5年，持续提升阅读理解、积极倾听、书面表达、口头表达等技能。
项目经历：负责数据科学家相关项目，完成需求分析、代码实现、测试验证和上线复盘，使用数据科学与大数据技术知识解决实际业务问题。
技能：阅读理解、积极倾听、书面表达、口头表达、数学、科学、批判性思维、主动学习、学习策略、监控、社会洞察、协调、说服、谈判、指导、服务导向、复杂问题解决、运营分析、编程、质量控制分析、判断与决策、系统分析、系统评估、时间管理、人员资源管理
自我评价：我具备大专学历，专业为数据科学与大数据技术，目标方向是计算机系统分析师。重视工程质量、团队协作和持续学习。",synthetic_chinese_resume
CR0229,u229,本科,网络工程,1,杭州,15-1211.00,计算机系统分析师,15-2051.00,数据科学家,阅读理解、积极倾听、书面表达、口头表达、数学、科学、批判性思维、主动学习、学习策略、监控、社会洞察、协调、说服、谈判、指导、服务导向、复杂问题解决、运营分析、技术设计、安装、编程、运营监控、操作与控制、故障排查、修复、质量控制分析、判断与决策、系统分析、系统评估、时间管理、财务资源管理、物资资源管理、人员资源管理,"{""2.A.1.a"": 0.551344, ""2.A.1.b"": 0.567285, ""2.A.1.c"": 0.477602, ""2.A.1.d"": 0.661906, ""2.A.1.e"": 0.443653, ""2.A.1.f"": 0.280037, ""2.A.2.a"": 0.618962, ""2.A.2.b"": 0.616312, ""2.A.2.c"": 0.306183, ""2.A.2.d"": 0.527209, ""2.B.1.a"": 0.431639, ""2.B.1.b"": 0.4089, ""2.B.1.c"": 0.371416, ""2.B.1.d"": 0.396895, ""2.B.1.e"": 0.467119, ""2.B.1.f"": 0.496051, ""2.B.2.i"": 0.563391, ""2.B.3.a"": 0.422122, ""2.B.3.b"": 0.369247, ""2.B.3.c"": 0.262887, ""2.B.3.d"": 0.281979, ""2.B.3.e"": 0.433537, ""2.B.3.g"": 0.415408, ""2.B.3.h"": 0.342588, ""2.B.3.j"": 0.246805, ""2.B.3.k"": 0.525952, ""2.B.3.l"": 0.300961, ""2.B.3.m"": 0.550872, ""2.B.4.e"": 0.655347, ""2.B.4.g"": 0.465707, ""2.B.4.h"": 0.624448, ""2.B.5.a"": 0.461762, ""2.B.5.b"": 0.363327, ""2.B.5.c"": 0.332987, ""2.B.5.d"": 0.465577}",在杭州参与计算机系统分析师工作1年，持续提升阅读理解、积极倾听、书面表达、口头表达等技能。,负责计算机系统分析师相关项目，完成需求分析、代码实现、测试验证和上线复盘，使用网络工程知识解决实际业务问题。,我具备本科学历，专业为网络工程，目标方向是数据科学家。重视工程质量、团队协作和持续学习。,"求职方向：数据科学家
教育背景：本科｜网络工程
工作经历：在杭州参与计算机系统分析师工作1年，持续提升阅读理解、积极倾听、书面表达、口头表达等技能。
项目经历：负责计算机系统分析师相关项目，完成需求分析、代码实现、测试验证和上线复盘，使用网络工程知识解决实际业务问题。
技能：阅读理解、积极倾听、书面表达、口头表达、数学、科学、批判性思维、主动学习、学习策略、监控、社会洞察、协调、说服、谈判、指导、服务导向、复杂问题解决、运营分析、技术设计、安装、编程、运营监控、操作与控制、故障排查、修复、质量控制分析、判断与决策、系统分析、系统评估、时间管理、财务资源管理、物资资源管理、人员资源管理
自我评价：我具备本科学历，专业为网络工程，目标方向是数据科学家。重视工程质量、团队协作和持续学习。",synthetic_chinese_resume
CR0230,u230,本科,信息安全,8,成都,15-1212.00,信息安全分析师,15-1242.00,数据库管理员,阅读理解、积极倾听、书面表达、口头表达、数学、批判性思维、主动学习、学习策略、监控、社会洞察、协调、说服、谈判、指导、服务导向、复杂问题解决、运营分析、技术设计、设备选型、编程、运营监控、故障排查、质量控制分析、判断与决策、系统分析、系统评估、时间管理、人员资源管理,"{""2.A.1.a"": 0.525527, ""2.A.1.b"": 0.53324, ""2.A.1.c"": 0.465356, ""2.A.1.d"": 0.400241, ""2.A.1.e"": 0.390078, ""2.A.1.f"": 0.257842, ""2.A.2.a"": 0.602404, ""2.A.2.b"": 0.492291, ""2.A.2.c"": 0.488921, ""2.A.2.d"": 0.443215, ""2.B.1.a"": 0.344432, ""2.B.1.b"": 0.429041, ""2.B.1.c"": 0.30259, ""2.B.1.d"": 0.407215, ""2.B.1.e"": 0.399109, ""2.B.1.f"": 0.328895, ""2.B.2.i"": 0.571941, ""2.B.3.a"": 0.322456, ""2.B.3.b"": 0.353508, ""2.B.3.c"": 0.308226, ""2.B.3.d"": 0.232859, ""2.B.3.e"": 0.28559, ""2.B.3.g"": 0.391632, ""2.B.3.h"": 0.207564, ""2.B.3.j"": 0.241893, ""2.B.3.k"": 0.303248, ""2.B.3.l"": 0.260444, ""2.B.3.m"": 0.476295, ""2.B.4.e"": 0.501125, ""2.B.4.g"": 0.467737, ""2.B.4.h"": 0.466138, ""2.B.5.a"": 0.454455, ""2.B.5.b"": 0.253929, ""2.B.5.c"": 0.230665, ""2.B.5.d"": 0.425502}",在成都参与信息安全分析师工作8年，持续提升阅读理解、积极倾听、书面表达、口头表达等技能。,负责信息安全分析师相关项目，完成需求分析、代码实现、测试验证和上线复盘，使用信息安全知识解决实际业务问题。,我具备本科学历，专业为信息安全，目标方向是数据库管理员。重视工程质量、团队协作和持续学习。,"求职方向：数据库管理员
教育背景：本科｜信息安全
工作经历：在成都参与信息安全分析师工作8年，持续提升阅读理解、积极倾听、书面表达、口头表达等技能。
项目经历：负责信息安全分析师相关项目，完成需求分析、代码实现、测试验证和上线复盘，使用信息安全知识解决实际业务问题。
技能：阅读理解、积极倾听、书面表达、口头表达、数学、批判性思维、主动学习、学习策略、监控、社会洞察、协调、说服、谈判、指导、服务导向、复杂问题解决、运营分析、技术设计、设备选型、编程、运营监控、故障排查、质量控制分析、判断与决策、系统分析、系统评估、时间管理、人员资源管理
自我评价：我具备本科学历，专业为信息安全，目标方向是数据库管理员。重视工程质量、团队协作和持续学习。",synthetic_chinese_resume
CR0231,u231,硕士,计算机科学与技术,4,武汉,15-1242.00,数据库管理员,15-2051.00,数据科学家,阅读理解、积极倾听、书面表达、口头表达、数学、批判性思维、主动学习、学习策略、监控、社会洞察、协调、说服、谈判、指导、服务导向、复杂问题解决、运营分析、技术设计、编程、运营监控、故障排查、质量控制分析、判断与决策、系统分析、系统评估、时间管理、人员资源管理,"{""2.A.1.a"": 0.576712, ""2.A.1.b"": 0.505192, ""2.A.1.c"": 0.507027, ""2.A.1.d"": 0.520177, ""2.A.1.e"": 0.461868, ""2.A.1.f"": 0.267176, ""2.A.2.a"": 0.544904, ""2.A.2.b"": 0.504298, ""2.A.2.c"": 0.460045, ""2.A.2.d"": 0.537476, ""2.B.1.a"": 0.348221, ""2.B.1.b"": 0.464219, ""2.B.1.c"": 0.408926, ""2.B.1.d"": 0.33165, ""2.B.1.e"": 0.426854, ""2.B.1.f"": 0.388871, ""2.B.2.i"": 0.586528, ""2.B.3.a"": 0.43027, ""2.B.3.b"": 0.390601, ""2.B.3.c"": 0.214989, ""2.B.3.d"": 0.164833, ""2.B.3.e"": 0.588894, ""2.B.3.g"": 0.476207, ""2.B.3.h"": 0.176541, ""2.B.3.j"": 0.268791, ""2.B.3.k"": 0.408167, ""2.B.3.l"": 0.261582, ""2.B.3.m"": 0.318023, ""2.B.4.e"": 0.533384, ""2.B.4.g"": 0.546221, ""2.B.4.h"": 0.548292, ""2.B.5.a"": 0.387566, ""2.B.5.b"": 0.233086, ""2.B.5.c"": 0.257262, ""2.B.5.d"": 0.39452}",在武汉参与数据库管理员工作4年，持续提升阅读理解、积极倾听、书面表达、口头表达等技能。,负责数据库管理员相关项目，完成需求分析、代码实现、测试验证和上线复盘，使用计算机科学与技术知识解决实际业务问题。,我具备硕士学历，专业为计算机科学与技术，目标方向是数据科学家。重视工程质量、团队协作和持续学习。,"求职方向：数据科学家
教育背景：硕士｜计算机科学与技术
工作经历：在武汉参与数据库管理员工作4年，持续提升阅读理解、积极倾听、书面表达、口头表达等技能。
项目经历：负责数据库管理员相关项目，完成需求分析、代码实现、测试验证和上线复盘，使用计算机科学与技术知识解决实际业务问题。
技能：阅读理解、积极倾听、书面表达、口头表达、数学、批判性思维、主动学习、学习策略、监控、社会洞察、协调、说服、谈判、指导、服务导向、复杂问题解决、运营分析、技术设计、编程、运营监控、故障排查、质量控制分析、判断与决策、系统分析、系统评估、时间管理、人员资源管理
自我评价：我具备硕士学历，专业为计算机科学与技术，目标方向是数据科学家。重视工程质量、团队协作和持续学习。",synthetic_chinese_resume
CR0232,u232,大专,软件工程,0,西安,15-1243.00,数据库架构师,15-1244.00,网络与计算机系统管理员,阅读理解、积极倾听、书面表达、口头表达、数学、批判性思维、主动学习、学习策略、监控、社会洞察、协调、说服、谈判、指导、服务导向、复杂问题解决、运营分析、技术设计、编程、运营监控、操作与控制、质量控制分析、判断与决策、系统分析、系统评估、时间管理、人员资源管理,"{""2.A.1.a"": 0.55063, ""2.A.1.b"": 0.576684, ""2.A.1.c"": 0.535442, ""2.A.1.d"": 0.561296, ""2.A.1.e"": 0.332337, ""2.A.1.f"": 0.275823, ""2.A.2.a"": 0.541186, ""2.A.2.b"": 0.50494, ""2.A.2.c"": 0.45014, ""2.A.2.d"": 0.416955, ""2.B.1.a"": 0.409616, ""2.B.1.b"": 0.500139, ""2.B.1.c"": 0.345613, ""2.B.1.d"": 0.418556, ""2.B.1.e"": 0.525504, ""2.B.1.f"": 0.458109, ""2.B.2.i"": 0.638449, ""2.B.3.a"": 0.472883, ""2.B.3.b"": 0.344184, ""2.B.3.c"": 0.253088, ""2.B.3.d"": 0.211632, ""2.B.3.e"": 0.557174, ""2.B.3.g"": 0.309879, ""2.B.3.h"": 0.287179, ""2.B.3.j"": 0.215463, ""2.B.3.k"": 0.269641, ""2.B.3.l"": 0.194993, ""2.B.3.m"": 0.282804, ""2.B.4.e"": 0.556848, ""2.B.4.g"": 0.561949, ""2.B.4.h"": 0.509323, ""2.B.5.a"": 0.332303, ""2.B.5.b"": 0.249317, ""2.B.5.c"": 0.201577, ""2.B.5.d"": 0.324211}",在西安参与数据库架构师工作0年，持续提升阅读理解、积极倾听、书面表达、口头表达等技能。,负责数据库架构师相关项目，完成需求分析、代码实现、测试验证和上线复盘，使用软件工程知识解决实际业务问题。,我具备大专学历，专业为软件工程，目标方向是网络与计算机系统管理员。重视工程质量、团队协作和持续学习。,"求职方向：网络与计算机系统管理员
教育背景：大专｜软件工程
工作经历：在西安参与数据库架构师工作0年，持续提升阅读理解、积极倾听、书面表达、口头表达等技能。
项目经历：负责数据库架构师相关项目，完成需求分析、代码实现、测试验证和上线复盘，使用软件工程知识解决实际业务问题。
技能：阅读理解、积极倾听、书面表达、口头表达、数学、批判性思维、主动学习、学习策略、监控、社会洞察、协调、说服、谈判、指导、服务导向、复杂问题解决、运营分析、技术设计、编程、运营监控、操作与控制、质量控制分析、判断与决策、系统分析、系统评估、时间管理、人员资源管理
自我评价：我具备大专学历，专业为软件工程，目标方向是网络与计算机系统管理员。重视工程质量、团队协作和持续学习。",synthetic_chinese_resume
CR0233,u233,本科,数据科学与大数据技术,7,北京,15-1244.00,网络与计算机系统管理员,15-1212.00,信息安全分析师,阅读理解、积极倾听、书面表达、口头表达、数学、批判性思维、主动学习、学习策略、监控、社会洞察、协调、说服、谈判、指导、服务导向、复杂问题解决、运营分析、技术设计、设备选型、安装、编程、运营监控、操作与控制、设备维护、故障排查、修复、质量控制分析、判断与决策、系统分析、系统评估、时间管理、物资资源管理、人员资源管理,"{""2.A.1.a"": 0.557489, ""2.A.1.b"": 0.597181, ""2.A.1.c"": 0.444151, ""2.A.1.d"": 0.529173, ""2.A.1.e"": 0.434718, ""2.A.1.f"": 0.278585, ""2.A.2.a"": 0.600356, ""2.A.2.b"": 0.527386, ""2.A.2.c"": 0.471209, ""2.A.2.d"": 0.471504, ""2.B.1.a"": 0.388471, ""2.B.1.b"": 0.375627, ""2.B.1.c"": 0.402079, ""2.B.1.d"": 0.430556, ""2.B.1.e"": 0.486249, ""2.B.1.f"": 0.43077, ""2.B.2.i"": 0.567071, ""2.B.3.a"": 0.415806, ""2.B.3.b"": 0.431032, ""2.B.3.c"": 0.469619, ""2.B.3.d"": 0.36729, ""2.B.3.e"": 0.554009, ""2.B.3.g"": 0.441806, ""2.B.3.h"": 0.423737, ""2.B.3.j"": 0.4545, ""2.B.3.k"": 0.507398, ""2.B.3.l"": 0.46195, ""2.B.3.m"": 0.547049, ""2.B.4.e"": 0.559209, ""2.B.4.g"": 0.554327, ""2.B.4.h"": 0.485279, ""2.B.5.a"": 0.571505, ""2.B.5.b"": 0.273599, ""2.B.5.c"": 0.377583, ""2.B.5.d"": 0.373709}",在北京参与网络与计算机系统管理员工作7年，持续提升阅读理解、积极倾听、书面表达、口头表达等技能。,负责网络与计算机系统管理员相关项目，完成需求分析、代码实现、测试验证和上线复盘，使用数据科学与大数据技术知识解决实际业务问题。,我具备本科学历，专业为数据科学与大数据技术，目标方向是信息安全分析师。重视工程质量、团队协作和持续学习。,"求职方向：信息安全分析师
教育背景：本科｜数据科学与大数据技术
工作经历：在北京参与网络与计算机系统管理员工作7年，持续提升阅读理解、积极倾听、书面表达、口头表达等技能。
项目经历：负责网络与计算机系统管理员相关项目，完成需求分析、代码实现、测试验证和上线复盘，使用数据科学与大数据技术知识解决实际业务问题。
技能：阅读理解、积极倾听、书面表达、口头表达、数学、批判性思维、主动学习、学习策略、监控、社会洞察、协调、说服、谈判、指导、服务导向、复杂问题解决、运营分析、技术设计、设备选型、安装、编程、运营监控、操作与控制、设备维护、故障排查、修复、质量控制分析、判断与决策、系统分析、系统评估、时间管理、物资资源管理、人员资源管理
自我评价：我具备本科学历，专业为数据科学与大数据技术，目标方向是信息安全分析师。重视工程质量、团队协作和持续学习。",synthetic_chinese_resume
CR0234,u234,本科,网络工程,3,上海,15-1251.00,计算机程序员,15-1252.00,软件开发工程师,阅读理解、积极倾听、书面表达、口头表达、数学、科学、批判性思维、主动学习、学习策略、监控、社会洞察、协调、说服、谈判、指导、服务导向、复杂问题解决、运营分析、技术设计、编程、运营监控、质量控制分析、判断与决策、系统分析、系统评估、时间管理、人员资源管理,"{""2.A.1.a"": 0.416316, ""2.A.1.b"": 0.589216, ""2.A.1.c"": 0.400241, ""2.A.1.d"": 0.435016, ""2.A.1.e"": 0.500421, ""2.A.1.f"": 0.314372, ""2.A.2.a"": 0.545095, ""2.A.2.b"": 0.439482, ""2.A.2.c"": 0.366878, ""2.A.2.d"": 0.372638, ""2.B.1.a"": 0.426753, ""2.B.1.b"": 0.418678, ""2.B.1.c"": 0.364109, ""2.B.1.d"": 0.429163, ""2.B.1.e"": 0.427774, ""2.B.1.f"": 0.3461, ""2.B.2.i"": 0.575849, ""2.B.3.a"": 0.527169, ""2.B.3.b"": 0.304784, ""2.B.3.c"": 0.177824, ""2.B.3.d"": 0.208928, ""2.B.3.e"": 0.682765, ""2.B.3.g"": 0.313089, ""2.B.3.h"": 0.175944, ""2.B.3.j"": 0.193776, ""2.B.3.k"": 0.27396, ""2.B.3.l"": 0.220942, ""2.B.3.m"": 0.460216, ""2.B.4.e"": 0.478252, ""2.B.4.g"": 0.388385, ""2.B.4.h"": 0.541481, ""2.B.5.a"": 0.456561, ""2.B.5.b"": 0.228448, ""2.B.5.c"": 0.223305, ""2.B.5.d"": 0.494852}",在上海参与计算机程序员工作3年，持续提升阅读理解、积极倾听、书面表达、口头表达等技能。,负责计算机程序员相关项目，完成需求分析、代码实现、测试验证和上线复盘，使用网络工程知识解决实际业务问题。,我具备本科学历，专业为网络工程，目标方向是软件开发工程师。重视工程质量、团队协作和持续学习。,"求职方向：软件开发工程师
教育背景：本科｜网络工程
工作经历：在上海参与计算机程序员工作3年，持续提升阅读理解、积极倾听、书面表达、口头表达等技能。
项目经历：负责计算机程序员相关项目，完成需求分析、代码实现、测试验证和上线复盘，使用网络工程知识解决实际业务问题。
技能：阅读理解、积极倾听、书面表达、口头表达、数学、科学、批判性思维、主动学习、学习策略、监控、社会洞察、协调、说服、谈判、指导、服务导向、复杂问题解决、运营分析、技术设计、编程、运营监控、质量控制分析、判断与决策、系统分析、系统评估、时间管理、人员资源管理
自我评价：我具备本科学历，专业为网络工程，目标方向是软件开发工程师。重视工程质量、团队协作和持续学习。",synthetic_chinese_resume
CR0235,u235,硕士,信息安全,10,广州,15-1252.00,软件开发工程师,15-1253.00,软件质量保证分析师与测试工程师,阅读理解、积极倾听、书面表达、口头表达、数学、批判性思维、主动学习、学习策略、监控、社会洞察、协调、说服、谈判、指导、服务导向、复杂问题解决、技术设计、安装、运营监控、故障排查、判断与决策、系统分析、系统评估、时间管理、财务资源管理、人员资源管理,"{""2.A.1.a"": 0.630766, ""2.A.1.b"": 0.486804, ""2.A.1.c"": 0.564006, ""2.A.1.d"": 0.473939, ""2.A.1.e"": 0.408756, ""2.A.1.f"": 0.198404, ""2.A.2.a"": 0.639481, ""2.A.2.b"": 0.521164, ""2.A.2.c"": 0.335005, ""2.A.2.d"": 0.485174, ""2.B.1.a"": 0.431273, ""2.B.1.b"": 0.382804, ""2.B.1.c"": 0.371313, ""2.B.1.d"": 0.310735, ""2.B.1.e"": 0.442989, ""2.B.1.f"": 0.353466, ""2.B.2.i"": 0.417675, ""2.B.3.a"": 0.211382, ""2.B.3.b"": 0.552173, ""2.B.3.c"": 0.233971, ""2.B.3.d"": 0.306298, ""2.B.3.e"": 0.23764, ""2.B.3.g"": 0.327936, ""2.B.3.h"": 0.2012, ""2.B.3.j"": 0.248719, ""2.B.3.k"": 0.313693, ""2.B.3.l"": 0.272915, ""2.B.3.m"": 0.23651, ""2.B.4.e"": 0.581048, ""2.B.4.g"": 0.551737, ""2.B.4.h"": 0.546098, ""2.B.5.a"": 0.39422, ""2.B.5.b"": 0.303353, ""2.B.5.c"": 0.215305, ""2.B.5.d"": 0.377612}",在广州参与软件开发工程师工作10年，持续提升阅读理解、积极倾听、书面表达、口头表达等技能。,负责软件开发工程师相关项目，完成需求分析、代码实现、测试验证和上线复盘，使用信息安全知识解决实际业务问题。,我具备硕士学历，专业为信息安全，目标方向是软件质量保证分析师与测试工程师。重视工程质量、团队协作和持续学习。,"求职方向：软件质量保证分析师与测试工程师
教育背景：硕士｜信息安全
工作经历：在广州参与软件开发工程师工作10年，持续提升阅读理解、积极倾听、书面表达、口头表达等技能。
项目经历：负责软件开发工程师相关项目，完成需求分析、代码实现、测试验证和上线复盘，使用信息安全知识解决实际业务问题。
技能：阅读理解、积极倾听、书面表达、口头表达、数学、批判性思维、主动学习、学习策略、监控、社会洞察、协调、说服、谈判、指导、服务导向、复杂问题解决、技术设计、安装、运营监控、故障排查、判断与决策、系统分析、系统评估、时间管理、财务资源管理、人员资源管理
自我评价：我具备硕士学历，专业为信息安全，目标方向是软件质量保证分析师与测试工程师。重视工程质量、团队协作和持续学习。",synthetic_chinese_resume
CR0236,u236,大专,计算机科学与技术,6,深圳,15-1253.00,软件质量保证分析师与测试工程师,15-1252.00,软件开发工程师,阅读理解、积极倾听、书面表达、口头表达、数学、科学、批判性思维、主动学习、学习策略、监控、社会洞察、协调、说服、谈判、指导、服务导向、复杂问题解决、运营分析、技术设计、设备选型、编程、运营监控、故障排查、质量控制分析、判断与决策、系统分析、系统评估、时间管理、人员资源管理,"{""2.A.1.a"": 0.569597, ""2.A.1.b"": 0.507355, ""2.A.1.c"": 0.590218, ""2.A.1.d"": 0.558112, ""2.A.1.e"": 0.340718, ""2.A.1.f"": 0.315462, ""2.A.2.a"": 0.619243, ""2.A.2.b"": 0.410405, ""2.A.2.c"": 0.400877, ""2.A.2.d"": 0.425384, ""2.B.1.a"": 0.48829, ""2.B.1.b"": 0.369435, ""2.B.1.c"": 0.417687, ""2.B.1.d"": 0.316671, ""2.B.1.e"": 0.413776, ""2.B.1.f"": 0.359158, ""2.B.2.i"": 0.441886, ""2.B.3.a"": 0.465724, ""2.B.3.b"": 0.386349, ""2.B.3.c"": 0.339749, ""2.B.3.d"": 0.277888, ""2.B.3.e"": 0.486559, ""2.B.3.g"": 0.399362, ""2.B.3.h"": 0.252879, ""2.B.3.j"": 0.272544, ""2.B.3.k"": 0.403312, ""2.B.3.l"": 0.206884, ""2.B.3.m"": 0.553721, ""2.B.4.e"": 0.457902, ""2.B.4.g"": 0.393951, ""2.B.4.h"": 0.521839, ""2.B.5.a"": 0.454162, ""2.B.5.b"": 0.15694, ""2.B.5.c"": 0.220068, ""2.B.5.d"": 0.349855}",在深圳参与软件质量保证分析师与测试工程师工作6年，持续提升阅读理解、积极倾听、书面表达、口头表达等技能。,负责软件质量保证分析师与测试工程师相关项目，完成需求分析、代码实现、测试验证和上线复盘，使用计算机科学与技术知识解决实际业务问题。,我具备大专学历，专业为计算机科学与技术，目标方向是软件开发工程师。重视工程质量、团队协作和持续学习。,"求职方向：软件开发工程师
教育背景：大专｜计算机科学与技术
工作经历：在深圳参与软件质量保证分析师与测试工程师工作6年，持续提升阅读理解、积极倾听、书面表达、口头表达等技能。
项目经历：负责软件质量保证分析师与测试工程师相关项目，完成需求分析、代码实现、测试验证和上线复盘，使用计算机科学与技术知识解决实际业务问题。
技能：阅读理解、积极倾听、书面表达、口头表达、数学、科学、批判性思维、主动学习、学习策略、监控、社会洞察、协调、说服、谈判、指导、服务导向、复杂问题解决、运营分析、技术设计、设备选型、编程、运营监控、故障排查、质量控制分析、判断与决策、系统分析、系统评估、时间管理、人员资源管理
自我评价：我具备大专学历，专业为计算机科学与技术，目标方向是软件开发工程师。重视工程质量、团队协作和持续学习。",synthetic_chinese_resume
CR0237,u237,本科,软件工程,2,杭州,15-1254.00,网页开发工程师,15-1252.00,软件开发工程师,阅读理解、积极倾听、书面表达、口头表达、数学、科学、批判性思维、主动学习、学习策略、监控、社会洞察、协调、说服、谈判、指导、服务导向、复杂问题解决、运营分析、技术设计、编程、运营监控、故障排查、质量控制分析、判断与决策、系统分析、系统评估、时间管理、物资资源管理、人员资源管理,"{""2.A.1.a"": 0.549629, ""2.A.1.b"": 0.52314, ""2.A.1.c"": 0.4237, ""2.A.1.d"": 0.488635, ""2.A.1.e"": 0.331755, ""2.A.1.f"": 0.334208, ""2.A.2.a"": 0.612706, ""2.A.2.b"": 0.526653, ""2.A.2.c"": 0.369994, ""2.A.2.d"": 0.415013, ""2.B.1.a"": 0.422927, ""2.B.1.b"": 0.442571, ""2.B.1.c"": 0.417541, ""2.B.1.d"": 0.401921, ""2.B.1.e"": 0.424001, ""2.B.1.f"": 0.371531, ""2.B.2.i"": 0.531118, ""2.B.3.a"": 0.505989, ""2.B.3.b"": 0.34107, ""2.B.3.c"": 0.235118, ""2.B.3.d"": 0.266651, ""2.B.3.e"": 0.580703, ""2.B.3.g"": 0.349329, ""2.B.3.h"": 0.259524, ""2.B.3.j"": 0.172794, ""2.B.3.k"": 0.437725, ""2.B.3.l"": 0.176515, ""2.B.3.m"": 0.293545, ""2.B.4.e"": 0.532231, ""2.B.4.g"": 0.428473, ""2.B.4.h"": 0.440175, ""2.B.5.a"": 0.364054, ""2.B.5.b"": 0.123784, ""2.B.5.c"": 0.286528, ""2.B.5.d"": 0.366134}",在杭州参与网页开发工程师工作2年，持续提升阅读理解、积极倾听、书面表达、口头表达等技能。,负责网页开发工程师相关项目，完成需求分析、代码实现、测试验证和上线复盘，使用软件工程知识解决实际业务问题。,我具备本科学历，专业为软件工程，目标方向是软件开发工程师。重视工程质量、团队协作和持续学习。,"求职方向：软件开发工程师
教育背景：本科｜软件工程
工作经历：在杭州参与网页开发工程师工作2年，持续提升阅读理解、积极倾听、书面表达、口头表达等技能。
项目经历：负责网页开发工程师相关项目，完成需求分析、代码实现、测试验证和上线复盘，使用软件工程知识解决实际业务问题。
技能：阅读理解、积极倾听、书面表达、口头表达、数学、科学、批判性思维、主动学习、学习策略、监控、社会洞察、协调、说服、谈判、指导、服务导向、复杂问题解决、运营分析、技术设计、编程、运营监控、故障排查、质量控制分析、判断与决策、系统分析、系统评估、时间管理、物资资源管理、人员资源管理
自我评价：我具备本科学历，专业为软件工程，目标方向是软件开发工程师。重视工程质量、团队协作和持续学习。",synthetic_chinese_resume
CR0238,u238,本科,数据科学与大数据技术,9,成都,15-1255.00,网页与数字界面设计师,15-2031.00,运筹分析师,阅读理解、积极倾听、书面表达、口头表达、数学、批判性思维、主动学习、学习策略、监控、社会洞察、协调、说服、谈判、指导、服务导向、复杂问题解决、运营分析、技术设计、编程、运营监控、判断与决策、系统分析、系统评估、时间管理、财务资源管理、人员资源管理,"{""2.A.1.a"": 0.571248, ""2.A.1.b"": 0.641519, ""2.A.1.c"": 0.525583, ""2.A.1.d"": 0.536382, ""2.A.1.e"": 0.404802, ""2.A.1.f"": 0.189514, ""2.A.2.a"": 0.597716, ""2.A.2.b"": 0.480988, ""2.A.2.c"": 0.387842, ""2.A.2.d"": 0.494691, ""2.B.1.a"": 0.439038, ""2.B.1.b"": 0.47867, ""2.B.1.c"": 0.412755, ""2.B.1.d"": 0.377113, ""2.B.1.e"": 0.410288, ""2.B.1.f"": 0.426153, ""2.B.2.i"": 0.583819, ""2.B.3.a"": 0.401824, ""2.B.3.b"": 0.422671, ""2.B.3.c"": 0.162153, ""2.B.3.d"": 0.20891, ""2.B.3.e"": 0.624896, ""2.B.3.g"": 0.413667, ""2.B.3.h"": 0.210013, ""2.B.3.j"": 0.222683, ""2.B.3.k"": 0.175007, ""2.B.3.l"": 0.119212, ""2.B.3.m"": 0.22081, ""2.B.4.e"": 0.50062, ""2.B.4.g"": 0.362103, ""2.B.4.h"": 0.43628, ""2.B.5.a"": 0.51485, ""2.B.5.b"": 0.288487, ""2.B.5.c"": 0.263716, ""2.B.5.d"": 0.445202}",在成都参与网页与数字界面设计师工作9年，持续提升阅读理解、积极倾听、书面表达、口头表达等技能。,负责网页与数字界面设计师相关项目，完成需求分析、代码实现、测试验证和上线复盘，使用数据科学与大数据技术知识解决实际业务问题。,我具备本科学历，专业为数据科学与大数据技术，目标方向是运筹分析师。重视工程质量、团队协作和持续学习。,"求职方向：运筹分析师
教育背景：本科｜数据科学与大数据技术
工作经历：在成都参与网页与数字界面设计师工作9年，持续提升阅读理解、积极倾听、书面表达、口头表达等技能。
项目经历：负责网页与数字界面设计师相关项目，完成需求分析、代码实现、测试验证和上线复盘，使用数据科学与大数据技术知识解决实际业务问题。
技能：阅读理解、积极倾听、书面表达、口头表达、数学、批判性思维、主动学习、学习策略、监控、社会洞察、协调、说服、谈判、指导、服务导向、复杂问题解决、运营分析、技术设计、编程、运营监控、判断与决策、系统分析、系统评估、时间管理、财务资源管理、人员资源管理
自我评价：我具备本科学历，专业为数据科学与大数据技术，目标方向是运筹分析师。重视工程质量、团队协作和持续学习。",synthetic_chinese_resume
CR0239,u239,硕士,网络工程,5,武汉,15-2031.00,运筹分析师,15-2051.00,数据科学家,阅读理解、积极倾听、书面表达、口头表达、数学、科学、批判性思维、主动学习、学习策略、监控、社会洞察、协调、说服、谈判、指导、服务导向、复杂问题解决、运营分析、编程、质量控制分析、判断与决策、系统分析、系统评估、时间管理、财务资源管理、物资资源管理、人员资源管理,"{""2.A.1.a"": 0.677865, ""2.A.1.b"": 0.592672, ""2.A.1.c"": 0.566472, ""2.A.1.d"": 0.553083, ""2.A.1.e"": 0.825517, ""2.A.1.f"": 0.508823, ""2.A.2.a"": 0.553019, ""2.A.2.b"": 0.615429, ""2.A.2.c"": 0.426415, ""2.A.2.d"": 0.404394, ""2.B.1.a"": 0.477129, ""2.B.1.b"": 0.408932, ""2.B.1.c"": 0.416636, ""2.B.1.d"": 0.339489, ""2.B.1.e"": 0.390158, ""2.B.1.f"": 0.313403, ""2.B.2.i"": 0.67654, ""2.B.3.a"": 0.533097, ""2.B.3.b"": 0.2589, ""2.B.3.c"": 0.224265, ""2.B.3.d"": 0.17273, ""2.B.3.e"": 0.400667, ""2.B.3.g"": 0.217204, ""2.B.3.h"": 0.19293, ""2.B.3.j"": 0.210853, ""2.B.3.k"": 0.204428, ""2.B.3.l"": 0.15473, ""2.B.3.m"": 0.326037, ""2.B.4.e"": 0.544069, ""2.B.4.g"": 0.535694, ""2.B.4.h"": 0.690275, ""2.B.5.a"": 0.462486, ""2.B.5.b"": 0.315566, ""2.B.5.c"": 0.322104, ""2.B.5.d"": 0.390929}",在武汉参与运筹分析师工作5年，持续提升阅读理解、积极倾听、书面表达、口头表达等技能。,负责运筹分析师相关项目，完成需求分析、代码实现、测试验证和上线复盘，使用网络工程知识解决实际业务问题。,我具备硕士学历，专业为网络工程，目标方向是数据科学家。重视工程质量、团队协作和持续学习。,"求职方向：数据科学家
教育背景：硕士｜网络工程
工作经历：在武汉参与运筹分析师工作5年，持续提升阅读理解、积极倾听、书面表达、口头表达等技能。
项目经历：负责运筹分析师相关项目，完成需求分析、代码实现、测试验证和上线复盘，使用网络工程知识解决实际业务问题。
技能：阅读理解、积极倾听、书面表达、口头表达、数学、科学、批判性思维、主动学习、学习策略、监控、社会洞察、协调、说服、谈判、指导、服务导向、复杂问题解决、运营分析、编程、质量控制分析、判断与决策、系统分析、系统评估、时间管理、财务资源管理、物资资源管理、人员资源管理
自我评价：我具备硕士学历，专业为网络工程，目标方向是数据科学家。重视工程质量、团队协作和持续学习。",synthetic_chinese_resume
CR0240,u240,大专,信息安全,1,西安,15-2051.00,数据科学家,15-1211.00,计算机系统分析师,阅读理解、积极倾听、书面表达、口头表达、数学、批判性思维、主动学习、学习策略、监控、社会洞察、协调、说服、谈判、指导、服务导向、复杂问题解决、运营分析、编程、运营监控、质量控制分析、判断与决策、系统分析、系统评估、时间管理、财务资源管理、人员资源管理,"{""2.A.1.a"": 0.616509, ""2.A.1.b"": 0.632781, ""2.A.1.c"": 0.576253, ""2.A.1.d"": 0.506071, ""2.A.1.e"": 0.492776, ""2.A.1.f"": 0.257514, ""2.A.2.a"": 0.623791, ""2.A.2.b"": 0.616886, ""2.A.2.c"": 0.426326, ""2.A.2.d"": 0.516533, ""2.B.1.a"": 0.462546, ""2.B.1.b"": 0.406116, ""2.B.1.c"": 0.389317, ""2.B.1.d"": 0.379481, ""2.B.1.e"": 0.47418, ""2.B.1.f"": 0.373811, ""2.B.2.i"": 0.473437, ""2.B.3.a"": 0.307167, ""2.B.3.b"": 0.235147, ""2.B.3.c"": 0.178249, ""2.B.3.d"": 0.166451, ""2.B.3.e"": 0.396769, ""2.B.3.g"": 0.309065, ""2.B.3.h"": 0.14902, ""2.B.3.j"": 0.152552, ""2.B.3.k"": 0.187637, ""2.B.3.l"": 0.181667, ""2.B.3.m"": 0.364123, ""2.B.4.e"": 0.58623, ""2.B.4.g"": 0.398201, ""2.B.4.h"": 0.487633, ""2.B.5.a"": 0.443142, ""2.B.5.b"": 0.372215, ""2.B.5.c"": 0.219333, ""2.B.5.d"": 0.389114}",在西安参与数据科学家工作1年，持续提升阅读理解、积极倾听、书面表达、口头表达等技能。,负责数据科学家相关项目，完成需求分析、代码实现、测试验证和上线复盘，使用信息安全知识解决实际业务问题。,我具备大专学历，专业为信息安全，目标方向是计算机系统分析师。重视工程质量、团队协作和持续学习。,"求职方向：计算机系统分析师
教育背景：大专｜信息安全
工作经历：在西安参与数据科学家工作1年，持续提升阅读理解、积极倾听、书面表达、口头表达等技能。
项目经历：负责数据科学家相关项目，完成需求分析、代码实现、测试验证和上线复盘，使用信息安全知识解决实际业务问题。
技能：阅读理解、积极倾听、书面表达、口头表达、数学、批判性思维、主动学习、学习策略、监控、社会洞察、协调、说服、谈判、指导、服务导向、复杂问题解决、运营分析、编程、运营监控、质量控制分析、判断与决策、系统分析、系统评估、时间管理、财务资源管理、人员资源管理
自我评价：我具备大专学历，专业为信息安全，目标方向是计算机系统分析师。重视工程质量、团队协作和持续学习。",synthetic_chinese_resume
CR0241,u241,本科,计算机科学与技术,8,北京,15-1211.00,计算机系统分析师,15-2051.00,数据科学家,阅读理解、积极倾听、书面表达、口头表达、数学、批判性思维、主动学习、学习策略、监控、社会洞察、协调、说服、谈判、指导、服务导向、复杂问题解决、运营分析、技术设计、设备选型、编程、运营监控、操作与控制、故障排查、质量控制分析、判断与决策、系统分析、系统评估、时间管理、物资资源管理、人员资源管理,"{""2.A.1.a"": 0.580545, ""2.A.1.b"": 0.579166, ""2.A.1.c"": 0.485496, ""2.A.1.d"": 0.548545, ""2.A.1.e"": 0.489431, ""2.A.1.f"": 0.278264, ""2.A.2.a"": 0.528249, ""2.A.2.b"": 0.536009, ""2.A.2.c"": 0.430055, ""2.A.2.d"": 0.573787, ""2.B.1.a"": 0.588213, ""2.B.1.b"": 0.353133, ""2.B.1.c"": 0.407798, ""2.B.1.d"": 0.315363, ""2.B.1.e"": 0.41812, ""2.B.1.f"": 0.360894, ""2.B.2.i"": 0.517096, ""2.B.3.a"": 0.460004, ""2.B.3.b"": 0.476822, ""2.B.3.c"": 0.381455, ""2.B.3.d"": 0.215371, ""2.B.3.e"": 0.527164, ""2.B.3.g"": 0.443169, ""2.B.3.h"": 0.320422, ""2.B.3.j"": 0.232798, ""2.B.3.k"": 0.454816, ""2.B.3.l"": 0.232375, ""2.B.3.m"": 0.451052, ""2.B.4.e"": 0.570389, ""2.B.4.g"": 0.612443, ""2.B.4.h"": 0.614141, ""2.B.5.a"": 0.511907, ""2.B.5.b"": 0.263518, ""2.B.5.c"": 0.371287, ""2.B.5.d"": 0.361459}",在北京参与计算机系统分析师工作8年，持续提升阅读理解、积极倾听、书面表达、口头表达等技能。,负责计算机系统分析师相关项目，完成需求分析、代码实现、测试验证和上线复盘，使用计算机科学与技术知识解决实际业务问题。,我具备本科学历，专业为计算机科学与技术，目标方向是数据科学家。重视工程质量、团队协作和持续学习。,"求职方向：数据科学家
教育背景：本科｜计算机科学与技术
工作经历：在北京参与计算机系统分析师工作8年，持续提升阅读理解、积极倾听、书面表达、口头表达等技能。
项目经历：负责计算机系统分析师相关项目，完成需求分析、代码实现、测试验证和上线复盘，使用计算机科学与技术知识解决实际业务问题。
技能：阅读理解、积极倾听、书面表达、口头表达、数学、批判性思维、主动学习、学习策略、监控、社会洞察、协调、说服、谈判、指导、服务导向、复杂问题解决、运营分析、技术设计、设备选型、编程、运营监控、操作与控制、故障排查、质量控制分析、判断与决策、系统分析、系统评估、时间管理、物资资源管理、人员资源管理
自我评价：我具备本科学历，专业为计算机科学与技术，目标方向是数据科学家。重视工程质量、团队协作和持续学习。",synthetic_chinese_resume
CR0242,u242,本科,软件工程,4,上海,15-1212.00,信息安全分析师,15-1242.00,数据库管理员,阅读理解、积极倾听、书面表达、口头表达、数学、科学、批判性思维、主动学习、学习策略、监控、协调、说服、谈判、指导、服务导向、复杂问题解决、运营分析、技术设计、编程、运营监控、故障排查、质量控制分析、判断与决策、系统分析、系统评估、时间管理、物资资源管理、人员资源管理,"{""2.A.1.a"": 0.570817, ""2.A.1.b"": 0.524143, ""2.A.1.c"": 0.518769, ""2.A.1.d"": 0.534514, ""2.A.1.e"": 0.380553, ""2.A.1.f"": 0.315954, ""2.A.2.a"": 0.662153, ""2.A.2.b"": 0.462242, ""2.A.2.c"": 0.40851, ""2.A.2.d"": 0.546188, ""2.B.1.a"": 0.243693, ""2.B.1.b"": 0.370933, ""2.B.1.c"": 0.355539, ""2.B.1.d"": 0.477538, ""2.B.1.e"": 0.338158, ""2.B.1.f"": 0.387061, ""2.B.2.i"": 0.541491, ""2.B.3.a"": 0.400594, ""2.B.3.b"": 0.321653, ""2.B.3.c"": 0.168571, ""2.B.3.d"": 0.225294, ""2.B.3.e"": 0.333093, ""2.B.3.g"": 0.423854, ""2.B.3.h"": 0.184673, ""2.B.3.j"": 0.182346, ""2.B.3.k"": 0.291587, ""2.B.3.l"": 0.219696, ""2.B.3.m"": 0.459976, ""2.B.4.e"": 0.491587, ""2.B.4.g"": 0.497969, ""2.B.4.h"": 0.44747, ""2.B.5.a"": 0.452306, ""2.B.5.b"": 0.205888, ""2.B.5.c"": 0.344803, ""2.B.5.d"": 0.318927}",在上海参与信息安全分析师工作4年，持续提升阅读理解、积极倾听、书面表达、口头表达等技能。,负责信息安全分析师相关项目，完成需求分析、代码实现、测试验证和上线复盘，使用软件工程知识解决实际业务问题。,我具备本科学历，专业为软件工程，目标方向是数据库管理员。重视工程质量、团队协作和持续学习。,"求职方向：数据库管理员
教育背景：本科｜软件工程
工作经历：在上海参与信息安全分析师工作4年，持续提升阅读理解、积极倾听、书面表达、口头表达等技能。
项目经历：负责信息安全分析师相关项目，完成需求分析、代码实现、测试验证和上线复盘，使用软件工程知识解决实际业务问题。
技能：阅读理解、积极倾听、书面表达、口头表达、数学、科学、批判性思维、主动学习、学习策略、监控、协调、说服、谈判、指导、服务导向、复杂问题解决、运营分析、技术设计、编程、运营监控、故障排查、质量控制分析、判断与决策、系统分析、系统评估、时间管理、物资资源管理、人员资源管理
自我评价：我具备本科学历，专业为软件工程，目标方向是数据库管理员。重视工程质量、团队协作和持续学习。",synthetic_chinese_resume
CR0243,u243,硕士,数据科学与大数据技术,0,广州,15-1242.00,数据库管理员,15-2051.00,数据科学家,阅读理解、积极倾听、书面表达、口头表达、数学、批判性思维、主动学习、学习策略、监控、社会洞察、协调、说服、指导、服务导向、复杂问题解决、运营分析、技术设计、编程、运营监控、故障排查、修复、质量控制分析、判断与决策、系统分析、系统评估、时间管理、财务资源管理、人员资源管理,"{""2.A.1.a"": 0.630232, ""2.A.1.b"": 0.58183, ""2.A.1.c"": 0.53734, ""2.A.1.d"": 0.556255, ""2.A.1.e"": 0.476951, ""2.A.1.f"": 0.162931, ""2.A.2.a"": 0.555368, ""2.A.2.b"": 0.612731, ""2.A.2.c"": 0.421507, ""2.A.2.d"": 0.618846, ""2.B.1.a"": 0.399882, ""2.B.1.b"": 0.468111, ""2.B.1.c"": 0.431991, ""2.B.1.d"": 0.268229, ""2.B.1.e"": 0.566927, ""2.B.1.f"": 0.419806, ""2.B.2.i"": 0.6058, ""2.B.3.a"": 0.518466, ""2.B.3.b"": 0.326307, ""2.B.3.c"": 0.206193, ""2.B.3.d"": 0.275138, ""2.B.3.e"": 0.477858, ""2.B.3.g"": 0.444455, ""2.B.3.h"": 0.203554, ""2.B.3.j"": 0.246908, ""2.B.3.k"": 0.414035, ""2.B.3.l"": 0.297151, ""2.B.3.m"": 0.462901, ""2.B.4.e"": 0.493794, ""2.B.4.g"": 0.485659, ""2.B.4.h"": 0.521149, ""2.B.5.a"": 0.420566, ""2.B.5.b"": 0.292206, ""2.B.5.c"": 0.163476, ""2.B.5.d"": 0.43212}",在广州参与数据库管理员工作0年，持续提升阅读理解、积极倾听、书面表达、口头表达等技能。,负责数据库管理员相关项目，完成需求分析、代码实现、测试验证和上线复盘，使用数据科学与大数据技术知识解决实际业务问题。,我具备硕士学历，专业为数据科学与大数据技术，目标方向是数据科学家。重视工程质量、团队协作和持续学习。,"求职方向：数据科学家
教育背景：硕士｜数据科学与大数据技术
工作经历：在广州参与数据库管理员工作0年，持续提升阅读理解、积极倾听、书面表达、口头表达等技能。
项目经历：负责数据库管理员相关项目，完成需求分析、代码实现、测试验证和上线复盘，使用数据科学与大数据技术知识解决实际业务问题。
技能：阅读理解、积极倾听、书面表达、口头表达、数学、批判性思维、主动学习、学习策略、监控、社会洞察、协调、说服、指导、服务导向、复杂问题解决、运营分析、技术设计、编程、运营监控、故障排查、修复、质量控制分析、判断与决策、系统分析、系统评估、时间管理、财务资源管理、人员资源管理
自我评价：我具备硕士学历，专业为数据科学与大数据技术，目标方向是数据科学家。重视工程质量、团队协作和持续学习。",synthetic_chinese_resume
CR0244,u244,大专,网络工程,7,深圳,15-1243.00,数据库架构师,15-1244.00,网络与计算机系统管理员,阅读理解、积极倾听、书面表达、口头表达、数学、批判性思维、主动学习、学习策略、监控、社会洞察、协调、说服、谈判、指导、服务导向、复杂问题解决、运营分析、技术设计、编程、运营监控、故障排查、质量控制分析、判断与决策、系统分析、系统评估、时间管理、人员资源管理,"{""2.A.1.a"": 0.64685, ""2.A.1.b"": 0.57433, ""2.A.1.c"": 0.490642, ""2.A.1.d"": 0.441374, ""2.A.1.e"": 0.43512, ""2.A.1.f"": 0.205978, ""2.A.2.a"": 0.580243, ""2.A.2.b"": 0.43055, ""2.A.2.c"": 0.346975, ""2.A.2.d"": 0.515185, ""2.B.1.a"": 0.431671, ""2.B.1.b"": 0.455093, ""2.B.1.c"": 0.483826, ""2.B.1.d"": 0.395086, ""2.B.1.e"": 0.452824, ""2.B.1.f"": 0.382381, ""2.B.2.i"": 0.569506, ""2.B.3.a"": 0.401417, ""2.B.3.b"": 0.351146, ""2.B.3.c"": 0.158623, ""2.B.3.d"": 0.181347, ""2.B.3.e"": 0.573135, ""2.B.3.g"": 0.284084, ""2.B.3.h"": 0.275744, ""2.B.3.j"": 0.226563, ""2.B.3.k"": 0.288259, ""2.B.3.l"": 0.165746, ""2.B.3.m"": 0.307226, ""2.B.4.e"": 0.642281, ""2.B.4.g"": 0.581308, ""2.B.4.h"": 0.519429, ""2.B.5.a"": 0.405892, ""2.B.5.b"": 0.225704, ""2.B.5.c"": 0.194721, ""2.B.5.d"": 0.315371}",在深圳参与数据库架构师工作7年，持续提升阅读理解、积极倾听、书面表达、口头表达等技能。,负责数据库架构师相关项目，完成需求分析、代码实现、测试验证和上线复盘，使用网络工程知识解决实际业务问题。,我具备大专学历，专业为网络工程，目标方向是网络与计算机系统管理员。重视工程质量、团队协作和持续学习。,"求职方向：网络与计算机系统管理员
教育背景：大专｜网络工程
工作经历：在深圳参与数据库架构师工作7年，持续提升阅读理解、积极倾听、书面表达、口头表达等技能。
项目经历：负责数据库架构师相关项目，完成需求分析、代码实现、测试验证和上线复盘，使用网络工程知识解决实际业务问题。
技能：阅读理解、积极倾听、书面表达、口头表达、数学、批判性思维、主动学习、学习策略、监控、社会洞察、协调、说服、谈判、指导、服务导向、复杂问题解决、运营分析、技术设计、编程、运营监控、故障排查、质量控制分析、判断与决策、系统分析、系统评估、时间管理、人员资源管理
自我评价：我具备大专学历，专业为网络工程，目标方向是网络与计算机系统管理员。重视工程质量、团队协作和持续学习。",synthetic_chinese_resume
CR0245,u245,本科,信息安全,3,杭州,15-1244.00,网络与计算机系统管理员,15-1212.00,信息安全分析师,阅读理解、积极倾听、书面表达、口头表达、数学、科学、批判性思维、主动学习、学习策略、监控、社会洞察、协调、说服、谈判、指导、服务导向、复杂问题解决、运营分析、技术设计、设备选型、编程、运营监控、操作与控制、设备维护、故障排查、修复、质量控制分析、判断与决策、系统分析、系统评估、时间管理、物资资源管理、人员资源管理,"{""2.A.1.a"": 0.549642, ""2.A.1.b"": 0.600139, ""2.A.1.c"": 0.44462, ""2.A.1.d"": 0.518511, ""2.A.1.e"": 0.482393, ""2.A.1.f"": 0.314356, ""2.A.2.a"": 0.530219, ""2.A.2.b"": 0.520667, ""2.A.2.c"": 0.444826, ""2.A.2.d"": 0.644852, ""2.B.1.a"": 0.408757, ""2.B.1.b"": 0.380916, ""2.B.1.c"": 0.328124, ""2.B.1.d"": 0.435402, ""2.B.1.e"": 0.427736, ""2.B.1.f"": 0.491128, ""2.B.2.i"": 0.578749, ""2.B.3.a"": 0.458286, ""2.B.3.b"": 0.392962, ""2.B.3.c"": 0.384264, ""2.B.3.d"": 0.26158, ""2.B.3.e"": 0.584491, ""2.B.3.g"": 0.462058, ""2.B.3.h"": 0.458708, ""2.B.3.j"": 0.397078, ""2.B.3.k"": 0.548545, ""2.B.3.l"": 0.397138, ""2.B.3.m"": 0.543255, ""2.B.4.e"": 0.56256, ""2.B.4.g"": 0.5724, ""2.B.4.h"": 0.642, ""2.B.5.a"": 0.460209, ""2.B.5.b"": 0.25961, ""2.B.5.c"": 0.348023, ""2.B.5.d"": 0.455741}",在杭州参与网络与计算机系统管理员工作3年，持续提升阅读理解、积极倾听、书面表达、口头表达等技能。,负责网络与计算机系统管理员相关项目，完成需求分析、代码实现、测试验证和上线复盘，使用信息安全知识解决实际业务问题。,我具备本科学历，专业为信息安全，目标方向是信息安全分析师。重视工程质量、团队协作和持续学习。,"求职方向：信息安全分析师
教育背景：本科｜信息安全
工作经历：在杭州参与网络与计算机系统管理员工作3年，持续提升阅读理解、积极倾听、书面表达、口头表达等技能。
项目经历：负责网络与计算机系统管理员相关项目，完成需求分析、代码实现、测试验证和上线复盘，使用信息安全知识解决实际业务问题。
技能：阅读理解、积极倾听、书面表达、口头表达、数学、科学、批判性思维、主动学习、学习策略、监控、社会洞察、协调、说服、谈判、指导、服务导向、复杂问题解决、运营分析、技术设计、设备选型、编程、运营监控、操作与控制、设备维护、故障排查、修复、质量控制分析、判断与决策、系统分析、系统评估、时间管理、物资资源管理、人员资源管理
自我评价：我具备本科学历，专业为信息安全，目标方向是信息安全分析师。重视工程质量、团队协作和持续学习。",synthetic_chinese_resume
CR0246,u246,本科,计算机科学与技术,10,成都,15-1251.00,计算机程序员,15-1252.00,软件开发工程师,阅读理解、积极倾听、书面表达、口头表达、数学、科学、批判性思维、主动学习、学习策略、监控、社会洞察、协调、说服、谈判、指导、服务导向、复杂问题解决、运营分析、技术设计、编程、运营监控、质量控制分析、判断与决策、系统分析、系统评估、时间管理、物资资源管理、人员资源管理,"{""2.A.1.a"": 0.435125, ""2.A.1.b"": 0.56918, ""2.A.1.c"": 0.466443, ""2.A.1.d"": 0.419326, ""2.A.1.e"": 0.389708, ""2.A.1.f"": 0.380525, ""2.A.2.a"": 0.58, ""2.A.2.b"": 0.412882, ""2.A.2.c"": 0.311657, ""2.A.2.d"": 0.460323, ""2.B.1.a"": 0.493524, ""2.B.1.b"": 0.46325, ""2.B.1.c"": 0.360856, ""2.B.1.d"": 0.285006, ""2.B.1.e"": 0.399452, ""2.B.1.f"": 0.400723, ""2.B.2.i"": 0.566872, ""2.B.3.a"": 0.487076, ""2.B.3.b"": 0.324417, ""2.B.3.c"": 0.172564, ""2.B.3.d"": 0.138712, ""2.B.3.e"": 0.724522, ""2.B.3.g"": 0.287132, ""2.B.3.h"": 0.217831, ""2.B.3.j"": 0.167483, ""2.B.3.k"": 0.246094, ""2.B.3.l"": 0.231916, ""2.B.3.m"": 0.516421, ""2.B.4.e"": 0.45482, ""2.B.4.g"": 0.447069, ""2.B.4.h"": 0.469884, ""2.B.5.a"": 0.425235, ""2.B.5.b"": 0.265001, ""2.B.5.c"": 0.303201, ""2.B.5.d"": 0.375723}",在成都参与计算机程序员工作10年，持续提升阅读理解、积极倾听、书面表达、口头表达等技能。,负责计算机程序员相关项目，完成需求分析、代码实现、测试验证和上线复盘，使用计算机科学与技术知识解决实际业务问题。,我具备本科学历，专业为计算机科学与技术，目标方向是软件开发工程师。重视工程质量、团队协作和持续学习。,"求职方向：软件开发工程师
教育背景：本科｜计算机科学与技术
工作经历：在成都参与计算机程序员工作10年，持续提升阅读理解、积极倾听、书面表达、口头表达等技能。
项目经历：负责计算机程序员相关项目，完成需求分析、代码实现、测试验证和上线复盘，使用计算机科学与技术知识解决实际业务问题。
技能：阅读理解、积极倾听、书面表达、口头表达、数学、科学、批判性思维、主动学习、学习策略、监控、社会洞察、协调、说服、谈判、指导、服务导向、复杂问题解决、运营分析、技术设计、编程、运营监控、质量控制分析、判断与决策、系统分析、系统评估、时间管理、物资资源管理、人员资源管理
自我评价：我具备本科学历，专业为计算机科学与技术，目标方向是软件开发工程师。重视工程质量、团队协作和持续学习。",synthetic_chinese_resume
CR0247,u247,硕士,软件工程,6,武汉,15-1252.00,软件开发工程师,15-1253.00,软件质量保证分析师与测试工程师,阅读理解、积极倾听、书面表达、口头表达、数学、批判性思维、主动学习、学习策略、监控、社会洞察、协调、说服、谈判、指导、服务导向、复杂问题解决、技术设计、运营监控、故障排查、判断与决策、系统分析、系统评估、时间管理、物资资源管理、人员资源管理,"{""2.A.1.a"": 0.527947, ""2.A.1.b"": 0.53273, ""2.A.1.c"": 0.446573, ""2.A.1.d"": 0.504152, ""2.A.1.e"": 0.383154, ""2.A.1.f"": 0.14918, ""2.A.2.a"": 0.608984, ""2.A.2.b"": 0.541292, ""2.A.2.c"": 0.315535, ""2.A.2.d"": 0.413762, ""2.B.1.a"": 0.441887, ""2.B.1.b"": 0.386594, ""2.B.1.c"": 0.418986, ""2.B.1.d"": 0.413139, ""2.B.1.e"": 0.480584, ""2.B.1.f"": 0.376409, ""2.B.2.i"": 0.428085, ""2.B.3.a"": 0.216256, ""2.B.3.b"": 0.564036, ""2.B.3.c"": 0.191008, ""2.B.3.d"": 0.207277, ""2.B.3.e"": 0.150078, ""2.B.3.g"": 0.390752, ""2.B.3.h"": 0.202974, ""2.B.3.j"": 0.155167, ""2.B.3.k"": 0.404295, ""2.B.3.l"": 0.20281, ""2.B.3.m"": 0.217441, ""2.B.4.e"": 0.429671, ""2.B.4.g"": 0.49757, ""2.B.4.h"": 0.533976, ""2.B.5.a"": 0.537089, ""2.B.5.b"": 0.232152, ""2.B.5.c"": 0.310532, ""2.B.5.d"": 0.366209}",在武汉参与软件开发工程师工作6年，持续提升阅读理解、积极倾听、书面表达、口头表达等技能。,负责软件开发工程师相关项目，完成需求分析、代码实现、测试验证和上线复盘，使用软件工程知识解决实际业务问题。,我具备硕士学历，专业为软件工程，目标方向是软件质量保证分析师与测试工程师。重视工程质量、团队协作和持续学习。,"求职方向：软件质量保证分析师与测试工程师
教育背景：硕士｜软件工程
工作经历：在武汉参与软件开发工程师工作6年，持续提升阅读理解、积极倾听、书面表达、口头表达等技能。
项目经历：负责软件开发工程师相关项目，完成需求分析、代码实现、测试验证和上线复盘，使用软件工程知识解决实际业务问题。
技能：阅读理解、积极倾听、书面表达、口头表达、数学、批判性思维、主动学习、学习策略、监控、社会洞察、协调、说服、谈判、指导、服务导向、复杂问题解决、技术设计、运营监控、故障排查、判断与决策、系统分析、系统评估、时间管理、物资资源管理、人员资源管理
自我评价：我具备硕士学历，专业为软件工程，目标方向是软件质量保证分析师与测试工程师。重视工程质量、团队协作和持续学习。",synthetic_chinese_resume
CR0248,u248,大专,数据科学与大数据技术,2,西安,15-1253.00,软件质量保证分析师与测试工程师,15-1252.00,软件开发工程师,阅读理解、积极倾听、书面表达、口头表达、数学、科学、批判性思维、主动学习、学习策略、监控、社会洞察、协调、说服、谈判、指导、服务导向、复杂问题解决、运营分析、技术设计、安装、编程、运营监控、操作与控制、故障排查、质量控制分析、判断与决策、系统分析、系统评估、时间管理、人员资源管理,"{""2.A.1.a"": 0.651487, ""2.A.1.b"": 0.609232, ""2.A.1.c"": 0.564663, ""2.A.1.d"": 0.57847, ""2.A.1.e"": 0.371317, ""2.A.1.f"": 0.467178, ""2.A.2.a"": 0.534425, ""2.A.2.b"": 0.395447, ""2.A.2.c"": 0.378545, ""2.A.2.d"": 0.561602, ""2.B.1.a"": 0.337901, ""2.B.1.b"": 0.38335, ""2.B.1.c"": 0.447248, ""2.B.1.d"": 0.2878, ""2.B.1.e"": 0.41073, ""2.B.1.f"": 0.398159, ""2.B.2.i"": 0.444317, ""2.B.3.a"": 0.435115, ""2.B.3.b"": 0.374284, ""2.B.3.c"": 0.230853, ""2.B.3.d"": 0.302322, ""2.B.3.e"": 0.559927, ""2.B.3.g"": 0.376591, ""2.B.3.h"": 0.282299, ""2.B.3.j"": 0.17475, ""2.B.3.k"": 0.396389, ""2.B.3.l"": 0.205177, ""2.B.3.m"": 0.493384, ""2.B.4.e"": 0.512459, ""2.B.4.g"": 0.411029, ""2.B.4.h"": 0.382134, ""2.B.5.a"": 0.417234, ""2.B.5.b"": 0.162857, ""2.B.5.c"": 0.270898, ""2.B.5.d"": 0.367631}",在西安参与软件质量保证分析师与测试工程师工作2年，持续提升阅读理解、积极倾听、书面表达、口头表达等技能。,负责软件质量保证分析师与测试工程师相关项目，完成需求分析、代码实现、测试验证和上线复盘，使用数据科学与大数据技术知识解决实际业务问题。,我具备大专学历，专业为数据科学与大数据技术，目标方向是软件开发工程师。重视工程质量、团队协作和持续学习。,"求职方向：软件开发工程师
教育背景：大专｜数据科学与大数据技术
工作经历：在西安参与软件质量保证分析师与测试工程师工作2年，持续提升阅读理解、积极倾听、书面表达、口头表达等技能。
项目经历：负责软件质量保证分析师与测试工程师相关项目，完成需求分析、代码实现、测试验证和上线复盘，使用数据科学与大数据技术知识解决实际业务问题。
技能：阅读理解、积极倾听、书面表达、口头表达、数学、科学、批判性思维、主动学习、学习策略、监控、社会洞察、协调、说服、谈判、指导、服务导向、复杂问题解决、运营分析、技术设计、安装、编程、运营监控、操作与控制、故障排查、质量控制分析、判断与决策、系统分析、系统评估、时间管理、人员资源管理
自我评价：我具备大专学历，专业为数据科学与大数据技术，目标方向是软件开发工程师。重视工程质量、团队协作和持续学习。",synthetic_chinese_resume
CR0249,u249,本科,网络工程,9,北京,15-1254.00,网页开发工程师,15-1252.00,软件开发工程师,阅读理解、积极倾听、书面表达、口头表达、数学、科学、批判性思维、主动学习、学习策略、监控、社会洞察、协调、说服、谈判、指导、服务导向、复杂问题解决、运营分析、技术设计、编程、故障排查、质量控制分析、判断与决策、系统分析、系统评估、时间管理、物资资源管理、人员资源管理,"{""2.A.1.a"": 0.529747, ""2.A.1.b"": 0.465563, ""2.A.1.c"": 0.400899, ""2.A.1.d"": 0.441402, ""2.A.1.e"": 0.343266, ""2.A.1.f"": 0.289068, ""2.A.2.a"": 0.52516, ""2.A.2.b"": 0.477284, ""2.A.2.c"": 0.447434, ""2.A.2.d"": 0.448881, ""2.B.1.a"": 0.308137, ""2.B.1.b"": 0.407351, ""2.B.1.c"": 0.472968, ""2.B.1.d"": 0.373915, ""2.B.1.e"": 0.452846, ""2.B.1.f"": 0.448753, ""2.B.2.i"": 0.562919, ""2.B.3.a"": 0.560128, ""2.B.3.b"": 0.378046, ""2.B.3.c"": 0.253288, ""2.B.3.d"": 0.193486, ""2.B.3.e"": 0.601063, ""2.B.3.g"": 0.256505, ""2.B.3.h"": 0.199654, ""2.B.3.j"": 0.212598, ""2.B.3.k"": 0.322639, ""2.B.3.l"": 0.127609, ""2.B.3.m"": 0.364699, ""2.B.4.e"": 0.47756, ""2.B.4.g"": 0.49165, ""2.B.4.h"": 0.520369, ""2.B.5.a"": 0.578334, ""2.B.5.b"": 0.245247, ""2.B.5.c"": 0.315753, ""2.B.5.d"": 0.41486}",在北京参与网页开发工程师工作9年，持续提升阅读理解、积极倾听、书面表达、口头表达等技能。,负责网页开发工程师相关项目，完成需求分析、代码实现、测试验证和上线复盘，使用网络工程知识解决实际业务问题。,我具备本科学历，专业为网络工程，目标方向是软件开发工程师。重视工程质量、团队协作和持续学习。,"求职方向：软件开发工程师
教育背景：本科｜网络工程
工作经历：在北京参与网页开发工程师工作9年，持续提升阅读理解、积极倾听、书面表达、口头表达等技能。
项目经历：负责网页开发工程师相关项目，完成需求分析、代码实现、测试验证和上线复盘，使用网络工程知识解决实际业务问题。
技能：阅读理解、积极倾听、书面表达、口头表达、数学、科学、批判性思维、主动学习、学习策略、监控、社会洞察、协调、说服、谈判、指导、服务导向、复杂问题解决、运营分析、技术设计、编程、故障排查、质量控制分析、判断与决策、系统分析、系统评估、时间管理、物资资源管理、人员资源管理
自我评价：我具备本科学历，专业为网络工程，目标方向是软件开发工程师。重视工程质量、团队协作和持续学习。",synthetic_chinese_resume
CR0250,u250,本科,信息安全,5,上海,15-1255.00,网页与数字界面设计师,15-2031.00,运筹分析师,阅读理解、积极倾听、书面表达、口头表达、数学、批判性思维、主动学习、学习策略、监控、社会洞察、协调、说服、谈判、指导、服务导向、复杂问题解决、运营分析、技术设计、编程、运营监控、判断与决策、系统分析、系统评估、时间管理、人员资源管理,"{""2.A.1.a"": 0.583175, ""2.A.1.b"": 0.518045, ""2.A.1.c"": 0.490113, ""2.A.1.d"": 0.49689, ""2.A.1.e"": 0.419176, ""2.A.1.f"": 0.184808, ""2.A.2.a"": 0.534766, ""2.A.2.b"": 0.550972, ""2.A.2.c"": 0.40656, ""2.A.2.d"": 0.414063, ""2.B.1.a"": 0.394826, ""2.B.1.b"": 0.465398, ""2.B.1.c"": 0.443425, ""2.B.1.d"": 0.360328, ""2.B.1.e"": 0.41661, ""2.B.1.f"": 0.410565, ""2.B.2.i"": 0.475184, ""2.B.3.a"": 0.446073, ""2.B.3.b"": 0.432394, ""2.B.3.c"": 0.190799, ""2.B.3.d"": 0.189453, ""2.B.3.e"": 0.595384, ""2.B.3.g"": 0.301376, ""2.B.3.h"": 0.259393, ""2.B.3.j"": 0.21494, ""2.B.3.k"": 0.255901, ""2.B.3.l"": 0.234602, ""2.B.3.m"": 0.257854, ""2.B.4.e"": 0.539149, ""2.B.4.g"": 0.466345, ""2.B.4.h"": 0.508876, ""2.B.5.a"": 0.507479, ""2.B.5.b"": 0.262321, ""2.B.5.c"": 0.214345, ""2.B.5.d"": 0.426129}",在上海参与网页与数字界面设计师工作5年，持续提升阅读理解、积极倾听、书面表达、口头表达等技能。,负责网页与数字界面设计师相关项目，完成需求分析、代码实现、测试验证和上线复盘，使用信息安全知识解决实际业务问题。,我具备本科学历，专业为信息安全，目标方向是运筹分析师。重视工程质量、团队协作和持续学习。,"求职方向：运筹分析师
教育背景：本科｜信息安全
工作经历：在上海参与网页与数字界面设计师工作5年，持续提升阅读理解、积极倾听、书面表达、口头表达等技能。
项目经历：负责网页与数字界面设计师相关项目，完成需求分析、代码实现、测试验证和上线复盘，使用信息安全知识解决实际业务问题。
技能：阅读理解、积极倾听、书面表达、口头表达、数学、批判性思维、主动学习、学习策略、监控、社会洞察、协调、说服、谈判、指导、服务导向、复杂问题解决、运营分析、技术设计、编程、运营监控、判断与决策、系统分析、系统评估、时间管理、人员资源管理
自我评价：我具备本科学历，专业为信息安全，目标方向是运筹分析师。重视工程质量、团队协作和持续学习。",synthetic_chinese_resume
CR0251,u251,硕士,计算机科学与技术,1,广州,15-2031.00,运筹分析师,15-2051.00,数据科学家,阅读理解、积极倾听、书面表达、口头表达、数学、科学、批判性思维、主动学习、学习策略、监控、社会洞察、协调、说服、谈判、指导、服务导向、复杂问题解决、运营分析、编程、判断与决策、系统分析、系统评估、时间管理、物资资源管理、人员资源管理,"{""2.A.1.a"": 0.613642, ""2.A.1.b"": 0.712434, ""2.A.1.c"": 0.587625, ""2.A.1.d"": 0.541869, ""2.A.1.e"": 0.662427, ""2.A.1.f"": 0.411964, ""2.A.2.a"": 0.540453, ""2.A.2.b"": 0.608936, ""2.A.2.c"": 0.357749, ""2.A.2.d"": 0.43214, ""2.B.1.a"": 0.416641, ""2.B.1.b"": 0.36755, ""2.B.1.c"": 0.311967, ""2.B.1.d"": 0.284318, ""2.B.1.e"": 0.516917, ""2.B.1.f"": 0.343573, ""2.B.2.i"": 0.628361, ""2.B.3.a"": 0.5944, ""2.B.3.b"": 0.188276, ""2.B.3.c"": 0.238708, ""2.B.3.d"": 0.161015, ""2.B.3.e"": 0.467842, ""2.B.3.g"": 0.249813, ""2.B.3.h"": 0.230653, ""2.B.3.j"": 0.197337, ""2.B.3.k"": 0.157411, ""2.B.3.l"": 0.223644, ""2.B.3.m"": 0.240117, ""2.B.4.e"": 0.6522, ""2.B.4.g"": 0.570433, ""2.B.4.h"": 0.566204, ""2.B.5.a"": 0.458604, ""2.B.5.b"": 0.23943, ""2.B.5.c"": 0.292677, ""2.B.5.d"": 0.428277}",在广州参与运筹分析师工作1年，持续提升阅读理解、积极倾听、书面表达、口头表达等技能。,负责运筹分析师相关项目，完成需求分析、代码实现、测试验证和上线复盘，使用计算机科学与技术知识解决实际业务问题。,我具备硕士学历，专业为计算机科学与技术，目标方向是数据科学家。重视工程质量、团队协作和持续学习。,"求职方向：数据科学家
教育背景：硕士｜计算机科学与技术
工作经历：在广州参与运筹分析师工作1年，持续提升阅读理解、积极倾听、书面表达、口头表达等技能。
项目经历：负责运筹分析师相关项目，完成需求分析、代码实现、测试验证和上线复盘，使用计算机科学与技术知识解决实际业务问题。
技能：阅读理解、积极倾听、书面表达、口头表达、数学、科学、批判性思维、主动学习、学习策略、监控、社会洞察、协调、说服、谈判、指导、服务导向、复杂问题解决、运营分析、编程、判断与决策、系统分析、系统评估、时间管理、物资资源管理、人员资源管理
自我评价：我具备硕士学历，专业为计算机科学与技术，目标方向是数据科学家。重视工程质量、团队协作和持续学习。",synthetic_chinese_resume
CR0252,u252,大专,软件工程,8,深圳,15-2051.00,数据科学家,15-1211.00,计算机系统分析师,阅读理解、积极倾听、书面表达、口头表达、数学、科学、批判性思维、主动学习、学习策略、监控、社会洞察、协调、说服、谈判、指导、服务导向、复杂问题解决、运营分析、技术设计、编程、质量控制分析、判断与决策、系统分析、系统评估、时间管理、财务资源管理、物资资源管理、人员资源管理,"{""2.A.1.a"": 0.638862, ""2.A.1.b"": 0.598606, ""2.A.1.c"": 0.542926, ""2.A.1.d"": 0.63722, ""2.A.1.e"": 0.596059, ""2.A.1.f"": 0.329404, ""2.A.2.a"": 0.600921, ""2.A.2.b"": 0.534388, ""2.A.2.c"": 0.372675, ""2.A.2.d"": 0.492546, ""2.B.1.a"": 0.433582, ""2.B.1.b"": 0.476182, ""2.B.1.c"": 0.436138, ""2.B.1.d"": 0.446338, ""2.B.1.e"": 0.425621, ""2.B.1.f"": 0.380625, ""2.B.2.i"": 0.545442, ""2.B.3.a"": 0.324517, ""2.B.3.b"": 0.371482, ""2.B.3.c"": 0.209426, ""2.B.3.d"": 0.159838, ""2.B.3.e"": 0.338901, ""2.B.3.g"": 0.244863, ""2.B.3.h"": 0.216486, ""2.B.3.j"": 0.167441, ""2.B.3.k"": 0.218978, ""2.B.3.l"": 0.199738, ""2.B.3.m"": 0.297562, ""2.B.4.e"": 0.495216, ""2.B.4.g"": 0.53074, ""2.B.4.h"": 0.510707, ""2.B.5.a"": 0.432033, ""2.B.5.b"": 0.375711, ""2.B.5.c"": 0.280219, ""2.B.5.d"": 0.335814}",在深圳参与数据科学家工作8年，持续提升阅读理解、积极倾听、书面表达、口头表达等技能。,负责数据科学家相关项目，完成需求分析、代码实现、测试验证和上线复盘，使用软件工程知识解决实际业务问题。,我具备大专学历，专业为软件工程，目标方向是计算机系统分析师。重视工程质量、团队协作和持续学习。,"求职方向：计算机系统分析师
教育背景：大专｜软件工程
工作经历：在深圳参与数据科学家工作8年，持续提升阅读理解、积极倾听、书面表达、口头表达等技能。
项目经历：负责数据科学家相关项目，完成需求分析、代码实现、测试验证和上线复盘，使用软件工程知识解决实际业务问题。
技能：阅读理解、积极倾听、书面表达、口头表达、数学、科学、批判性思维、主动学习、学习策略、监控、社会洞察、协调、说服、谈判、指导、服务导向、复杂问题解决、运营分析、技术设计、编程、质量控制分析、判断与决策、系统分析、系统评估、时间管理、财务资源管理、物资资源管理、人员资源管理
自我评价：我具备大专学历，专业为软件工程，目标方向是计算机系统分析师。重视工程质量、团队协作和持续学习。",synthetic_chinese_resume
CR0253,u253,本科,数据科学与大数据技术,4,杭州,15-1211.00,计算机系统分析师,15-2051.00,数据科学家,阅读理解、积极倾听、书面表达、口头表达、数学、科学、批判性思维、主动学习、学习策略、监控、社会洞察、协调、说服、谈判、指导、服务导向、复杂问题解决、运营分析、技术设计、设备选型、编程、运营监控、操作与控制、故障排查、质量控制分析、判断与决策、系统分析、系统评估、时间管理、物资资源管理、人员资源管理,"{""2.A.1.a"": 0.545988, ""2.A.1.b"": 0.598485, ""2.A.1.c"": 0.62458, ""2.A.1.d"": 0.532477, ""2.A.1.e"": 0.4561, ""2.A.1.f"": 0.345456, ""2.A.2.a"": 0.542592, ""2.A.2.b"": 0.519175, ""2.A.2.c"": 0.399667, ""2.A.2.d"": 0.500668, ""2.B.1.a"": 0.51098, ""2.B.1.b"": 0.48432, ""2.B.1.c"": 0.411211, ""2.B.1.d"": 0.316888, ""2.B.1.e"": 0.513402, ""2.B.1.f"": 0.41492, ""2.B.2.i"": 0.512677, ""2.B.3.a"": 0.337542, ""2.B.3.b"": 0.394428, ""2.B.3.c"": 0.34903, ""2.B.3.d"": 0.230695, ""2.B.3.e"": 0.510362, ""2.B.3.g"": 0.392363, ""2.B.3.h"": 0.338919, ""2.B.3.j"": 0.26344, ""2.B.3.k"": 0.529351, ""2.B.3.l"": 0.245906, ""2.B.3.m"": 0.4561, ""2.B.4.e"": 0.581077, ""2.B.4.g"": 0.499915, ""2.B.4.h"": 0.656708, ""2.B.5.a"": 0.470847, ""2.B.5.b"": 0.238135, ""2.B.5.c"": 0.308841, ""2.B.5.d"": 0.474447}",在杭州参与计算机系统分析师工作4年，持续提升阅读理解、积极倾听、书面表达、口头表达等技能。,负责计算机系统分析师相关项目，完成需求分析、代码实现、测试验证和上线复盘，使用数据科学与大数据技术知识解决实际业务问题。,我具备本科学历，专业为数据科学与大数据技术，目标方向是数据科学家。重视工程质量、团队协作和持续学习。,"求职方向：数据科学家
教育背景：本科｜数据科学与大数据技术
工作经历：在杭州参与计算机系统分析师工作4年，持续提升阅读理解、积极倾听、书面表达、口头表达等技能。
项目经历：负责计算机系统分析师相关项目，完成需求分析、代码实现、测试验证和上线复盘，使用数据科学与大数据技术知识解决实际业务问题。
技能：阅读理解、积极倾听、书面表达、口头表达、数学、科学、批判性思维、主动学习、学习策略、监控、社会洞察、协调、说服、谈判、指导、服务导向、复杂问题解决、运营分析、技术设计、设备选型、编程、运营监控、操作与控制、故障排查、质量控制分析、判断与决策、系统分析、系统评估、时间管理、物资资源管理、人员资源管理
自我评价：我具备本科学历，专业为数据科学与大数据技术，目标方向是数据科学家。重视工程质量、团队协作和持续学习。",synthetic_chinese_resume
CR0254,u254,本科,网络工程,0,成都,15-1212.00,信息安全分析师,15-1242.00,数据库管理员,阅读理解、积极倾听、书面表达、口头表达、数学、批判性思维、主动学习、学习策略、监控、社会洞察、协调、说服、谈判、指导、服务导向、复杂问题解决、运营分析、技术设计、设备选型、编程、运营监控、操作与控制、质量控制分析、判断与决策、系统分析、系统评估、时间管理、人员资源管理,"{""2.A.1.a"": 0.580592, ""2.A.1.b"": 0.567003, ""2.A.1.c"": 0.609383, ""2.A.1.d"": 0.572897, ""2.A.1.e"": 0.31146, ""2.A.1.f"": 0.273519, ""2.A.2.a"": 0.645126, ""2.A.2.b"": 0.425208, ""2.A.2.c"": 0.439202, ""2.A.2.d"": 0.444209, ""2.B.1.a"": 0.348862, ""2.B.1.b"": 0.395555, ""2.B.1.c"": 0.42981, ""2.B.1.d"": 0.360651, ""2.B.1.e"": 0.406706, ""2.B.1.f"": 0.46434, ""2.B.2.i"": 0.448668, ""2.B.3.a"": 0.32362, ""2.B.3.b"": 0.361773, ""2.B.3.c"": 0.296343, ""2.B.3.d"": 0.276653, ""2.B.3.e"": 0.380108, ""2.B.3.g"": 0.349468, ""2.B.3.h"": 0.280839, ""2.B.3.j"": 0.268115, ""2.B.3.k"": 0.27308, ""2.B.3.l"": 0.236679, ""2.B.3.m"": 0.437259, ""2.B.4.e"": 0.515272, ""2.B.4.g"": 0.495682, ""2.B.4.h"": 0.382539, ""2.B.5.a"": 0.385108, ""2.B.5.b"": 0.168801, ""2.B.5.c"": 0.120767, ""2.B.5.d"": 0.287841}",在成都参与信息安全分析师工作0年，持续提升阅读理解、积极倾听、书面表达、口头表达等技能。,负责信息安全分析师相关项目，完成需求分析、代码实现、测试验证和上线复盘，使用网络工程知识解决实际业务问题。,我具备本科学历，专业为网络工程，目标方向是数据库管理员。重视工程质量、团队协作和持续学习。,"求职方向：数据库管理员
教育背景：本科｜网络工程
工作经历：在成都参与信息安全分析师工作0年，持续提升阅读理解、积极倾听、书面表达、口头表达等技能。
项目经历：负责信息安全分析师相关项目，完成需求分析、代码实现、测试验证和上线复盘，使用网络工程知识解决实际业务问题。
技能：阅读理解、积极倾听、书面表达、口头表达、数学、批判性思维、主动学习、学习策略、监控、社会洞察、协调、说服、谈判、指导、服务导向、复杂问题解决、运营分析、技术设计、设备选型、编程、运营监控、操作与控制、质量控制分析、判断与决策、系统分析、系统评估、时间管理、人员资源管理
自我评价：我具备本科学历，专业为网络工程，目标方向是数据库管理员。重视工程质量、团队协作和持续学习。",synthetic_chinese_resume
CR0255,u255,硕士,信息安全,7,武汉,15-1242.00,数据库管理员,15-2051.00,数据科学家,阅读理解、积极倾听、书面表达、口头表达、数学、科学、批判性思维、主动学习、学习策略、监控、社会洞察、协调、说服、谈判、指导、服务导向、复杂问题解决、运营分析、技术设计、编程、运营监控、故障排查、质量控制分析、判断与决策、系统分析、系统评估、时间管理、人员资源管理,"{""2.A.1.a"": 0.5239, ""2.A.1.b"": 0.506849, ""2.A.1.c"": 0.50159, ""2.A.1.d"": 0.511507, ""2.A.1.e"": 0.479259, ""2.A.1.f"": 0.316026, ""2.A.2.a"": 0.477976, ""2.A.2.b"": 0.550917, ""2.A.2.c"": 0.498087, ""2.A.2.d"": 0.462859, ""2.B.1.a"": 0.482305, ""2.B.1.b"": 0.408093, ""2.B.1.c"": 0.402901, ""2.B.1.d"": 0.312205, ""2.B.1.e"": 0.416073, ""2.B.1.f"": 0.4483, ""2.B.2.i"": 0.621342, ""2.B.3.a"": 0.45686, ""2.B.3.b"": 0.365111, ""2.B.3.c"": 0.266175, ""2.B.3.d"": 0.119112, ""2.B.3.e"": 0.537922, ""2.B.3.g"": 0.417683, ""2.B.3.h"": 0.167521, ""2.B.3.j"": 0.196746, ""2.B.3.k"": 0.458039, ""2.B.3.l"": 0.169251, ""2.B.3.m"": 0.402004, ""2.B.4.e"": 0.615753, ""2.B.4.g"": 0.504817, ""2.B.4.h"": 0.369113, ""2.B.5.a"": 0.423173, ""2.B.5.b"": 0.153274, ""2.B.5.c"": 0.229007, ""2.B.5.d"": 0.303315}",在武汉参与数据库管理员工作7年，持续提升阅读理解、积极倾听、书面表达、口头表达等技能。,负责数据库管理员相关项目，完成需求分析、代码实现、测试验证和上线复盘，使用信息安全知识解决实际业务问题。,我具备硕士学历，专业为信息安全，目标方向是数据科学家。重视工程质量、团队协作和持续学习。,"求职方向：数据科学家
教育背景：硕士｜信息安全
工作经历：在武汉参与数据库管理员工作7年，持续提升阅读理解、积极倾听、书面表达、口头表达等技能。
项目经历：负责数据库管理员相关项目，完成需求分析、代码实现、测试验证和上线复盘，使用信息安全知识解决实际业务问题。
技能：阅读理解、积极倾听、书面表达、口头表达、数学、科学、批判性思维、主动学习、学习策略、监控、社会洞察、协调、说服、谈判、指导、服务导向、复杂问题解决、运营分析、技术设计、编程、运营监控、故障排查、质量控制分析、判断与决策、系统分析、系统评估、时间管理、人员资源管理
自我评价：我具备硕士学历，专业为信息安全，目标方向是数据科学家。重视工程质量、团队协作和持续学习。",synthetic_chinese_resume
CR0256,u256,大专,计算机科学与技术,3,西安,15-1243.00,数据库架构师,15-1244.00,网络与计算机系统管理员,阅读理解、积极倾听、书面表达、口头表达、数学、科学、批判性思维、主动学习、学习策略、监控、社会洞察、协调、说服、谈判、指导、服务导向、复杂问题解决、运营分析、技术设计、编程、运营监控、设备维护、故障排查、质量控制分析、判断与决策、系统分析、系统评估、时间管理、人员资源管理,"{""2.A.1.a"": 0.57708, ""2.A.1.b"": 0.507297, ""2.A.1.c"": 0.508425, ""2.A.1.d"": 0.604371, ""2.A.1.e"": 0.393608, ""2.A.1.f"": 0.327183, ""2.A.2.a"": 0.609662, ""2.A.2.b"": 0.532971, ""2.A.2.c"": 0.361768, ""2.A.2.d"": 0.52792, ""2.B.1.a"": 0.421026, ""2.B.1.b"": 0.405905, ""2.B.1.c"": 0.395923, ""2.B.1.d"": 0.326799, ""2.B.1.e"": 0.425342, ""2.B.1.f"": 0.429843, ""2.B.2.i"": 0.525776, ""2.B.3.a"": 0.437761, ""2.B.3.b"": 0.424767, ""2.B.3.c"": 0.194013, ""2.B.3.d"": 0.267537, ""2.B.3.e"": 0.60741, ""2.B.3.g"": 0.287331, ""2.B.3.h"": 0.151724, ""2.B.3.j"": 0.303724, ""2.B.3.k"": 0.315031, ""2.B.3.l"": 0.172101, ""2.B.3.m"": 0.316199, ""2.B.4.e"": 0.622069, ""2.B.4.g"": 0.579422, ""2.B.4.h"": 0.507462, ""2.B.5.a"": 0.45733, ""2.B.5.b"": 0.274536, ""2.B.5.c"": 0.228224, ""2.B.5.d"": 0.489524}",在西安参与数据库架构师工作3年，持续提升阅读理解、积极倾听、书面表达、口头表达等技能。,负责数据库架构师相关项目，完成需求分析、代码实现、测试验证和上线复盘，使用计算机科学与技术知识解决实际业务问题。,我具备大专学历，专业为计算机科学与技术，目标方向是网络与计算机系统管理员。重视工程质量、团队协作和持续学习。,"求职方向：网络与计算机系统管理员
教育背景：大专｜计算机科学与技术
工作经历：在西安参与数据库架构师工作3年，持续提升阅读理解、积极倾听、书面表达、口头表达等技能。
项目经历：负责数据库架构师相关项目，完成需求分析、代码实现、测试验证和上线复盘，使用计算机科学与技术知识解决实际业务问题。
技能：阅读理解、积极倾听、书面表达、口头表达、数学、科学、批判性思维、主动学习、学习策略、监控、社会洞察、协调、说服、谈判、指导、服务导向、复杂问题解决、运营分析、技术设计、编程、运营监控、设备维护、故障排查、质量控制分析、判断与决策、系统分析、系统评估、时间管理、人员资源管理
自我评价：我具备大专学历，专业为计算机科学与技术，目标方向是网络与计算机系统管理员。重视工程质量、团队协作和持续学习。",synthetic_chinese_resume
CR0257,u257,本科,软件工程,10,北京,15-1244.00,网络与计算机系统管理员,15-1212.00,信息安全分析师,阅读理解、积极倾听、书面表达、口头表达、数学、科学、批判性思维、主动学习、学习策略、监控、社会洞察、协调、说服、谈判、指导、服务导向、复杂问题解决、运营分析、技术设计、设备选型、编程、运营监控、操作与控制、设备维护、故障排查、修复、质量控制分析、判断与决策、系统分析、系统评估、时间管理、物资资源管理、人员资源管理,"{""2.A.1.a"": 0.567719, ""2.A.1.b"": 0.542057, ""2.A.1.c"": 0.486744, ""2.A.1.d"": 0.507605, ""2.A.1.e"": 0.425914, ""2.A.1.f"": 0.315078, ""2.A.2.a"": 0.567389, ""2.A.2.b"": 0.474519, ""2.A.2.c"": 0.437828, ""2.A.2.d"": 0.488525, ""2.B.1.a"": 0.461601, ""2.B.1.b"": 0.419557, ""2.B.1.c"": 0.428699, ""2.B.1.d"": 0.365886, ""2.B.1.e"": 0.494326, ""2.B.1.f"": 0.450382, ""2.B.2.i"": 0.528848, ""2.B.3.a"": 0.466076, ""2.B.3.b"": 0.420252, ""2.B.3.c"": 0.395474, ""2.B.3.d"": 0.270823, ""2.B.3.e"": 0.543061, ""2.B.3.g"": 0.462393, ""2.B.3.h"": 0.446315, ""2.B.3.j"": 0.441248, ""2.B.3.k"": 0.550475, ""2.B.3.l"": 0.47076, ""2.B.3.m"": 0.392893, ""2.B.4.e"": 0.55255, ""2.B.4.g"": 0.556726, ""2.B.4.h"": 0.562933, ""2.B.5.a"": 0.485244, ""2.B.5.b"": 0.254746, ""2.B.5.c"": 0.453433, ""2.B.5.d"": 0.466164}",在北京参与网络与计算机系统管理员工作10年，持续提升阅读理解、积极倾听、书面表达、口头表达等技能。,负责网络与计算机系统管理员相关项目，完成需求分析、代码实现、测试验证和上线复盘，使用软件工程知识解决实际业务问题。,我具备本科学历，专业为软件工程，目标方向是信息安全分析师。重视工程质量、团队协作和持续学习。,"求职方向：信息安全分析师
教育背景：本科｜软件工程
工作经历：在北京参与网络与计算机系统管理员工作10年，持续提升阅读理解、积极倾听、书面表达、口头表达等技能。
项目经历：负责网络与计算机系统管理员相关项目，完成需求分析、代码实现、测试验证和上线复盘，使用软件工程知识解决实际业务问题。
技能：阅读理解、积极倾听、书面表达、口头表达、数学、科学、批判性思维、主动学习、学习策略、监控、社会洞察、协调、说服、谈判、指导、服务导向、复杂问题解决、运营分析、技术设计、设备选型、编程、运营监控、操作与控制、设备维护、故障排查、修复、质量控制分析、判断与决策、系统分析、系统评估、时间管理、物资资源管理、人员资源管理
自我评价：我具备本科学历，专业为软件工程，目标方向是信息安全分析师。重视工程质量、团队协作和持续学习。",synthetic_chinese_resume
CR0258,u258,本科,数据科学与大数据技术,6,上海,15-1251.00,计算机程序员,15-1252.00,软件开发工程师,阅读理解、积极倾听、书面表达、口头表达、数学、科学、批判性思维、主动学习、学习策略、监控、社会洞察、协调、说服、谈判、指导、服务导向、复杂问题解决、运营分析、技术设计、编程、运营监控、故障排查、质量控制分析、判断与决策、系统分析、系统评估、时间管理、人员资源管理,"{""2.A.1.a"": 0.480399, ""2.A.1.b"": 0.557655, ""2.A.1.c"": 0.41897, ""2.A.1.d"": 0.404041, ""2.A.1.e"": 0.469258, ""2.A.1.f"": 0.371893, ""2.A.2.a"": 0.52107, ""2.A.2.b"": 0.495608, ""2.A.2.c"": 0.302471, ""2.A.2.d"": 0.445886, ""2.B.1.a"": 0.520679, ""2.B.1.b"": 0.453533, ""2.B.1.c"": 0.378563, ""2.B.1.d"": 0.405852, ""2.B.1.e"": 0.329143, ""2.B.1.f"": 0.353664, ""2.B.2.i"": 0.538985, ""2.B.3.a"": 0.434533, ""2.B.3.b"": 0.295964, ""2.B.3.c"": 0.171969, ""2.B.3.d"": 0.189445, ""2.B.3.e"": 0.816069, ""2.B.3.g"": 0.330538, ""2.B.3.h"": 0.212569, ""2.B.3.j"": 0.275396, ""2.B.3.k"": 0.314602, ""2.B.3.l"": 0.202623, ""2.B.3.m"": 0.43872, ""2.B.4.e"": 0.487088, ""2.B.4.g"": 0.53832, ""2.B.4.h"": 0.565171, ""2.B.5.a"": 0.483721, ""2.B.5.b"": 0.228832, ""2.B.5.c"": 0.262179, ""2.B.5.d"": 0.32441}",在上海参与计算机程序员工作6年，持续提升阅读理解、积极倾听、书面表达、口头表达等技能。,负责计算机程序员相关项目，完成需求分析、代码实现、测试验证和上线复盘，使用数据科学与大数据技术知识解决实际业务问题。,我具备本科学历，专业为数据科学与大数据技术，目标方向是软件开发工程师。重视工程质量、团队协作和持续学习。,"求职方向：软件开发工程师
教育背景：本科｜数据科学与大数据技术
工作经历：在上海参与计算机程序员工作6年，持续提升阅读理解、积极倾听、书面表达、口头表达等技能。
项目经历：负责计算机程序员相关项目，完成需求分析、代码实现、测试验证和上线复盘，使用数据科学与大数据技术知识解决实际业务问题。
技能：阅读理解、积极倾听、书面表达、口头表达、数学、科学、批判性思维、主动学习、学习策略、监控、社会洞察、协调、说服、谈判、指导、服务导向、复杂问题解决、运营分析、技术设计、编程、运营监控、故障排查、质量控制分析、判断与决策、系统分析、系统评估、时间管理、人员资源管理
自我评价：我具备本科学历，专业为数据科学与大数据技术，目标方向是软件开发工程师。重视工程质量、团队协作和持续学习。",synthetic_chinese_resume
CR0259,u259,硕士,网络工程,2,广州,15-1252.00,软件开发工程师,15-1253.00,软件质量保证分析师与测试工程师,阅读理解、积极倾听、书面表达、口头表达、数学、批判性思维、主动学习、学习策略、监控、社会洞察、协调、说服、谈判、指导、服务导向、复杂问题解决、技术设计、安装、运营监控、故障排查、判断与决策、系统分析、系统评估、时间管理、人员资源管理,"{""2.A.1.a"": 0.568944, ""2.A.1.b"": 0.495351, ""2.A.1.c"": 0.418427, ""2.A.1.d"": 0.405993, ""2.A.1.e"": 0.442189, ""2.A.1.f"": 0.205748, ""2.A.2.a"": 0.47357, ""2.A.2.b"": 0.429919, ""2.A.2.c"": 0.495866, ""2.A.2.d"": 0.43618, ""2.B.1.a"": 0.4629, ""2.B.1.b"": 0.420354, ""2.B.1.c"": 0.449185, ""2.B.1.d"": 0.446465, ""2.B.1.e"": 0.407666, ""2.B.1.f"": 0.36452, ""2.B.2.i"": 0.54979, ""2.B.3.a"": 0.196588, ""2.B.3.b"": 0.563666, ""2.B.3.c"": 0.262623, ""2.B.3.d"": 0.285559, ""2.B.3.e"": 0.206661, ""2.B.3.g"": 0.364588, ""2.B.3.h"": 0.152179, ""2.B.3.j"": 0.123438, ""2.B.3.k"": 0.362476, ""2.B.3.l"": 0.209782, ""2.B.3.m"": 0.239891, ""2.B.4.e"": 0.542657, ""2.B.4.g"": 0.570108, ""2.B.4.h"": 0.469155, ""2.B.5.a"": 0.471141, ""2.B.5.b"": 0.255476, ""2.B.5.c"": 0.214684, ""2.B.5.d"": 0.283885}",在广州参与软件开发工程师工作2年，持续提升阅读理解、积极倾听、书面表达、口头表达等技能。,负责软件开发工程师相关项目，完成需求分析、代码实现、测试验证和上线复盘，使用网络工程知识解决实际业务问题。,我具备硕士学历，专业为网络工程，目标方向是软件质量保证分析师与测试工程师。重视工程质量、团队协作和持续学习。,"求职方向：软件质量保证分析师与测试工程师
教育背景：硕士｜网络工程
工作经历：在广州参与软件开发工程师工作2年，持续提升阅读理解、积极倾听、书面表达、口头表达等技能。
项目经历：负责软件开发工程师相关项目，完成需求分析、代码实现、测试验证和上线复盘，使用网络工程知识解决实际业务问题。
技能：阅读理解、积极倾听、书面表达、口头表达、数学、批判性思维、主动学习、学习策略、监控、社会洞察、协调、说服、谈判、指导、服务导向、复杂问题解决、技术设计、安装、运营监控、故障排查、判断与决策、系统分析、系统评估、时间管理、人员资源管理
自我评价：我具备硕士学历，专业为网络工程，目标方向是软件质量保证分析师与测试工程师。重视工程质量、团队协作和持续学习。",synthetic_chinese_resume
CR0260,u260,大专,信息安全,9,深圳,15-1253.00,软件质量保证分析师与测试工程师,15-1252.00,软件开发工程师,阅读理解、积极倾听、书面表达、口头表达、数学、科学、批判性思维、主动学习、学习策略、监控、社会洞察、协调、说服、指导、服务导向、复杂问题解决、运营分析、技术设计、编程、运营监控、故障排查、质量控制分析、判断与决策、系统分析、系统评估、时间管理、人员资源管理,"{""2.A.1.a"": 0.591718, ""2.A.1.b"": 0.581454, ""2.A.1.c"": 0.552726, ""2.A.1.d"": 0.588774, ""2.A.1.e"": 0.415866, ""2.A.1.f"": 0.388768, ""2.A.2.a"": 0.581436, ""2.A.2.b"": 0.414509, ""2.A.2.c"": 0.48363, ""2.A.2.d"": 0.557824, ""2.B.1.a"": 0.403672, ""2.B.1.b"": 0.420724, ""2.B.1.c"": 0.295687, ""2.B.1.d"": 0.249055, ""2.B.1.e"": 0.408958, ""2.B.1.f"": 0.37788, ""2.B.2.i"": 0.395248, ""2.B.3.a"": 0.422546, ""2.B.3.b"": 0.340163, ""2.B.3.c"": 0.236477, ""2.B.3.d"": 0.252254, ""2.B.3.e"": 0.543654, ""2.B.3.g"": 0.403098, ""2.B.3.h"": 0.256363, ""2.B.3.j"": 0.153748, ""2.B.3.k"": 0.449166, ""2.B.3.l"": 0.185638, ""2.B.3.m"": 0.482703, ""2.B.4.e"": 0.429231, ""2.B.4.g"": 0.350846, ""2.B.4.h"": 0.469714, ""2.B.5.a"": 0.396847, ""2.B.5.b"": 0.219909, ""2.B.5.c"": 0.191512, ""2.B.5.d"": 0.358983}",在深圳参与软件质量保证分析师与测试工程师工作9年，持续提升阅读理解、积极倾听、书面表达、口头表达等技能。,负责软件质量保证分析师与测试工程师相关项目，完成需求分析、代码实现、测试验证和上线复盘，使用信息安全知识解决实际业务问题。,我具备大专学历，专业为信息安全，目标方向是软件开发工程师。重视工程质量、团队协作和持续学习。,"求职方向：软件开发工程师
教育背景：大专｜信息安全
工作经历：在深圳参与软件质量保证分析师与测试工程师工作9年，持续提升阅读理解、积极倾听、书面表达、口头表达等技能。
项目经历：负责软件质量保证分析师与测试工程师相关项目，完成需求分析、代码实现、测试验证和上线复盘，使用信息安全知识解决实际业务问题。
技能：阅读理解、积极倾听、书面表达、口头表达、数学、科学、批判性思维、主动学习、学习策略、监控、社会洞察、协调、说服、指导、服务导向、复杂问题解决、运营分析、技术设计、编程、运营监控、故障排查、质量控制分析、判断与决策、系统分析、系统评估、时间管理、人员资源管理
自我评价：我具备大专学历，专业为信息安全，目标方向是软件开发工程师。重视工程质量、团队协作和持续学习。",synthetic_chinese_resume
CR0261,u261,本科,计算机科学与技术,5,杭州,15-1254.00,网页开发工程师,15-1252.00,软件开发工程师,阅读理解、积极倾听、书面表达、口头表达、数学、批判性思维、主动学习、学习策略、监控、社会洞察、协调、说服、谈判、指导、服务导向、复杂问题解决、运营分析、技术设计、设备选型、编程、故障排查、质量控制分析、判断与决策、系统分析、系统评估、时间管理、人员资源管理,"{""2.A.1.a"": 0.481608, ""2.A.1.b"": 0.552429, ""2.A.1.c"": 0.4415, ""2.A.1.d"": 0.439899, ""2.A.1.e"": 0.392657, ""2.A.1.f"": 0.21728, ""2.A.2.a"": 0.523555, ""2.A.2.b"": 0.508869, ""2.A.2.c"": 0.406452, ""2.A.2.d"": 0.447441, ""2.B.1.a"": 0.306269, ""2.B.1.b"": 0.419924, ""2.B.1.c"": 0.455039, ""2.B.1.d"": 0.412339, ""2.B.1.e"": 0.345412, ""2.B.1.f"": 0.448469, ""2.B.2.i"": 0.544014, ""2.B.3.a"": 0.53845, ""2.B.3.b"": 0.311836, ""2.B.3.c"": 0.31139, ""2.B.3.d"": 0.19047, ""2.B.3.e"": 0.660606, ""2.B.3.g"": 0.269139, ""2.B.3.h"": 0.225107, ""2.B.3.j"": 0.153919, ""2.B.3.k"": 0.324559, ""2.B.3.l"": 0.141165, ""2.B.3.m"": 0.406405, ""2.B.4.e"": 0.480901, ""2.B.4.g"": 0.466566, ""2.B.4.h"": 0.464635, ""2.B.5.a"": 0.460795, ""2.B.5.b"": 0.197612, ""2.B.5.c"": 0.233509, ""2.B.5.d"": 0.343843}",在杭州参与网页开发工程师工作5年，持续提升阅读理解、积极倾听、书面表达、口头表达等技能。,负责网页开发工程师相关项目，完成需求分析、代码实现、测试验证和上线复盘，使用计算机科学与技术知识解决实际业务问题。,我具备本科学历，专业为计算机科学与技术，目标方向是软件开发工程师。重视工程质量、团队协作和持续学习。,"求职方向：软件开发工程师
教育背景：本科｜计算机科学与技术
工作经历：在杭州参与网页开发工程师工作5年，持续提升阅读理解、积极倾听、书面表达、口头表达等技能。
项目经历：负责网页开发工程师相关项目，完成需求分析、代码实现、测试验证和上线复盘，使用计算机科学与技术知识解决实际业务问题。
技能：阅读理解、积极倾听、书面表达、口头表达、数学、批判性思维、主动学习、学习策略、监控、社会洞察、协调、说服、谈判、指导、服务导向、复杂问题解决、运营分析、技术设计、设备选型、编程、故障排查、质量控制分析、判断与决策、系统分析、系统评估、时间管理、人员资源管理
自我评价：我具备本科学历，专业为计算机科学与技术，目标方向是软件开发工程师。重视工程质量、团队协作和持续学习。",synthetic_chinese_resume
CR0262,u262,本科,软件工程,1,成都,15-1255.00,网页与数字界面设计师,15-2031.00,运筹分析师,阅读理解、积极倾听、书面表达、口头表达、数学、批判性思维、主动学习、学习策略、监控、社会洞察、协调、说服、谈判、指导、服务导向、复杂问题解决、运营分析、技术设计、编程、运营监控、质量控制分析、判断与决策、系统分析、系统评估、时间管理、物资资源管理、人员资源管理,"{""2.A.1.a"": 0.590253, ""2.A.1.b"": 0.563511, ""2.A.1.c"": 0.490893, ""2.A.1.d"": 0.521641, ""2.A.1.e"": 0.471191, ""2.A.1.f"": 0.162253, ""2.A.2.a"": 0.559446, ""2.A.2.b"": 0.553035, ""2.A.2.c"": 0.38265, ""2.A.2.d"": 0.483174, ""2.B.1.a"": 0.420139, ""2.B.1.b"": 0.479064, ""2.B.1.c"": 0.377525, ""2.B.1.d"": 0.460394, ""2.B.1.e"": 0.456664, ""2.B.1.f"": 0.336767, ""2.B.2.i"": 0.578352, ""2.B.3.a"": 0.442372, ""2.B.3.b"": 0.397416, ""2.B.3.c"": 0.243302, ""2.B.3.d"": 0.22709, ""2.B.3.e"": 0.575032, ""2.B.3.g"": 0.355426, ""2.B.3.h"": 0.20635, ""2.B.3.j"": 0.195268, ""2.B.3.k"": 0.105311, ""2.B.3.l"": 0.214817, ""2.B.3.m"": 0.31668, ""2.B.4.e"": 0.524558, ""2.B.4.g"": 0.509309, ""2.B.4.h"": 0.455284, ""2.B.5.a"": 0.492593, ""2.B.5.b"": 0.26516, ""2.B.5.c"": 0.319492, ""2.B.5.d"": 0.439639}",在成都参与网页与数字界面设计师工作1年，持续提升阅读理解、积极倾听、书面表达、口头表达等技能。,负责网页与数字界面设计师相关项目，完成需求分析、代码实现、测试验证和上线复盘，使用软件工程知识解决实际业务问题。,我具备本科学历，专业为软件工程，目标方向是运筹分析师。重视工程质量、团队协作和持续学习。,"求职方向：运筹分析师
教育背景：本科｜软件工程
工作经历：在成都参与网页与数字界面设计师工作1年，持续提升阅读理解、积极倾听、书面表达、口头表达等技能。
项目经历：负责网页与数字界面设计师相关项目，完成需求分析、代码实现、测试验证和上线复盘，使用软件工程知识解决实际业务问题。
技能：阅读理解、积极倾听、书面表达、口头表达、数学、批判性思维、主动学习、学习策略、监控、社会洞察、协调、说服、谈判、指导、服务导向、复杂问题解决、运营分析、技术设计、编程、运营监控、质量控制分析、判断与决策、系统分析、系统评估、时间管理、物资资源管理、人员资源管理
自我评价：我具备本科学历，专业为软件工程，目标方向是运筹分析师。重视工程质量、团队协作和持续学习。",synthetic_chinese_resume
CR0263,u263,硕士,数据科学与大数据技术,8,武汉,15-2031.00,运筹分析师,15-2051.00,数据科学家,阅读理解、积极倾听、书面表达、口头表达、数学、科学、批判性思维、主动学习、学习策略、监控、社会洞察、协调、说服、谈判、指导、服务导向、复杂问题解决、运营分析、编程、判断与决策、系统分析、系统评估、时间管理、物资资源管理、人员资源管理,"{""2.A.1.a"": 0.615288, ""2.A.1.b"": 0.574154, ""2.A.1.c"": 0.602922, ""2.A.1.d"": 0.52827, ""2.A.1.e"": 0.643558, ""2.A.1.f"": 0.438792, ""2.A.2.a"": 0.594087, ""2.A.2.b"": 0.555207, ""2.A.2.c"": 0.415988, ""2.A.2.d"": 0.390913, ""2.B.1.a"": 0.372044, ""2.B.1.b"": 0.500466, ""2.B.1.c"": 0.423453, ""2.B.1.d"": 0.283056, ""2.B.1.e"": 0.361545, ""2.B.1.f"": 0.433744, ""2.B.2.i"": 0.658115, ""2.B.3.a"": 0.542104, ""2.B.3.b"": 0.157601, ""2.B.3.c"": 0.196051, ""2.B.3.d"": 0.2721, ""2.B.3.e"": 0.440896, ""2.B.3.g"": 0.223095, ""2.B.3.h"": 0.191186, ""2.B.3.j"": 0.163172, ""2.B.3.k"": 0.190863, ""2.B.3.l"": 0.144783, ""2.B.3.m"": 0.260565, ""2.B.4.e"": 0.633006, ""2.B.4.g"": 0.563938, ""2.B.4.h"": 0.608657, ""2.B.5.a"": 0.411319, ""2.B.5.b"": 0.257693, ""2.B.5.c"": 0.293583, ""2.B.5.d"": 0.348895}",在武汉参与运筹分析师工作8年，持续提升阅读理解、积极倾听、书面表达、口头表达等技能。,负责运筹分析师相关项目，完成需求分析、代码实现、测试验证和上线复盘，使用数据科学与大数据技术知识解决实际业务问题。,我具备硕士学历，专业为数据科学与大数据技术，目标方向是数据科学家。重视工程质量、团队协作和持续学习。,"求职方向：数据科学家
教育背景：硕士｜数据科学与大数据技术
工作经历：在武汉参与运筹分析师工作8年，持续提升阅读理解、积极倾听、书面表达、口头表达等技能。
项目经历：负责运筹分析师相关项目，完成需求分析、代码实现、测试验证和上线复盘，使用数据科学与大数据技术知识解决实际业务问题。
技能：阅读理解、积极倾听、书面表达、口头表达、数学、科学、批判性思维、主动学习、学习策略、监控、社会洞察、协调、说服、谈判、指导、服务导向、复杂问题解决、运营分析、编程、判断与决策、系统分析、系统评估、时间管理、物资资源管理、人员资源管理
自我评价：我具备硕士学历，专业为数据科学与大数据技术，目标方向是数据科学家。重视工程质量、团队协作和持续学习。",synthetic_chinese_resume
CR0264,u264,大专,网络工程,4,西安,15-2051.00,数据科学家,15-1211.00,计算机系统分析师,阅读理解、积极倾听、书面表达、口头表达、数学、科学、批判性思维、主动学习、学习策略、监控、社会洞察、协调、说服、谈判、指导、服务导向、复杂问题解决、运营分析、编程、故障排查、判断与决策、系统分析、系统评估、时间管理、财务资源管理、人员资源管理,"{""2.A.1.a"": 0.735431, ""2.A.1.b"": 0.606084, ""2.A.1.c"": 0.529518, ""2.A.1.d"": 0.638617, ""2.A.1.e"": 0.558613, ""2.A.1.f"": 0.287398, ""2.A.2.a"": 0.5776, ""2.A.2.b"": 0.623321, ""2.A.2.c"": 0.400249, ""2.A.2.d"": 0.491016, ""2.B.1.a"": 0.373423, ""2.B.1.b"": 0.386399, ""2.B.1.c"": 0.381629, ""2.B.1.d"": 0.389014, ""2.B.1.e"": 0.412421, ""2.B.1.f"": 0.402825, ""2.B.2.i"": 0.487537, ""2.B.3.a"": 0.308389, ""2.B.3.b"": 0.214055, ""2.B.3.c"": 0.156671, ""2.B.3.d"": 0.236946, ""2.B.3.e"": 0.376207, ""2.B.3.g"": 0.195367, ""2.B.3.h"": 0.250916, ""2.B.3.j"": 0.205106, ""2.B.3.k"": 0.286869, ""2.B.3.l"": 0.171169, ""2.B.3.m"": 0.237493, ""2.B.4.e"": 0.469276, ""2.B.4.g"": 0.48194, ""2.B.4.h"": 0.481496, ""2.B.5.a"": 0.557325, ""2.B.5.b"": 0.329289, ""2.B.5.c"": 0.203748, ""2.B.5.d"": 0.316035}",在西安参与数据科学家工作4年，持续提升阅读理解、积极倾听、书面表达、口头表达等技能。,负责数据科学家相关项目，完成需求分析、代码实现、测试验证和上线复盘，使用网络工程知识解决实际业务问题。,我具备大专学历，专业为网络工程，目标方向是计算机系统分析师。重视工程质量、团队协作和持续学习。,"求职方向：计算机系统分析师
教育背景：大专｜网络工程
工作经历：在西安参与数据科学家工作4年，持续提升阅读理解、积极倾听、书面表达、口头表达等技能。
项目经历：负责数据科学家相关项目，完成需求分析、代码实现、测试验证和上线复盘，使用网络工程知识解决实际业务问题。
技能：阅读理解、积极倾听、书面表达、口头表达、数学、科学、批判性思维、主动学习、学习策略、监控、社会洞察、协调、说服、谈判、指导、服务导向、复杂问题解决、运营分析、编程、故障排查、判断与决策、系统分析、系统评估、时间管理、财务资源管理、人员资源管理
自我评价：我具备大专学历，专业为网络工程，目标方向是计算机系统分析师。重视工程质量、团队协作和持续学习。",synthetic_chinese_resume
CR0265,u265,本科,信息安全,0,北京,15-1211.00,计算机系统分析师,15-2051.00,数据科学家,阅读理解、积极倾听、书面表达、口头表达、数学、科学、批判性思维、主动学习、学习策略、监控、社会洞察、协调、说服、谈判、指导、服务导向、复杂问题解决、运营分析、技术设计、安装、编程、运营监控、操作与控制、故障排查、质量控制分析、判断与决策、系统分析、系统评估、时间管理、人员资源管理,"{""2.A.1.a"": 0.674462, ""2.A.1.b"": 0.590318, ""2.A.1.c"": 0.561336, ""2.A.1.d"": 0.538831, ""2.A.1.e"": 0.450599, ""2.A.1.f"": 0.329562, ""2.A.2.a"": 0.535856, ""2.A.2.b"": 0.585314, ""2.A.2.c"": 0.394149, ""2.A.2.d"": 0.580714, ""2.B.1.a"": 0.468331, ""2.B.1.b"": 0.475773, ""2.B.1.c"": 0.39743, ""2.B.1.d"": 0.43448, ""2.B.1.e"": 0.485905, ""2.B.1.f"": 0.368764, ""2.B.2.i"": 0.666036, ""2.B.3.a"": 0.404385, ""2.B.3.b"": 0.48546, ""2.B.3.c"": 0.256239, ""2.B.3.d"": 0.305438, ""2.B.3.e"": 0.396949, ""2.B.3.g"": 0.446249, ""2.B.3.h"": 0.353867, ""2.B.3.j"": 0.261225, ""2.B.3.k"": 0.413041, ""2.B.3.l"": 0.211205, ""2.B.3.m"": 0.423539, ""2.B.4.e"": 0.585718, ""2.B.4.g"": 0.585552, ""2.B.4.h"": 0.543809, ""2.B.5.a"": 0.412032, ""2.B.5.b"": 0.261642, ""2.B.5.c"": 0.243551, ""2.B.5.d"": 0.379634}",在北京参与计算机系统分析师工作0年，持续提升阅读理解、积极倾听、书面表达、口头表达等技能。,负责计算机系统分析师相关项目，完成需求分析、代码实现、测试验证和上线复盘，使用信息安全知识解决实际业务问题。,我具备本科学历，专业为信息安全，目标方向是数据科学家。重视工程质量、团队协作和持续学习。,"求职方向：数据科学家
教育背景：本科｜信息安全
工作经历：在北京参与计算机系统分析师工作0年，持续提升阅读理解、积极倾听、书面表达、口头表达等技能。
项目经历：负责计算机系统分析师相关项目，完成需求分析、代码实现、测试验证和上线复盘，使用信息安全知识解决实际业务问题。
技能：阅读理解、积极倾听、书面表达、口头表达、数学、科学、批判性思维、主动学习、学习策略、监控、社会洞察、协调、说服、谈判、指导、服务导向、复杂问题解决、运营分析、技术设计、安装、编程、运营监控、操作与控制、故障排查、质量控制分析、判断与决策、系统分析、系统评估、时间管理、人员资源管理
自我评价：我具备本科学历，专业为信息安全，目标方向是数据科学家。重视工程质量、团队协作和持续学习。",synthetic_chinese_resume
CR0266,u266,本科,计算机科学与技术,7,上海,15-1212.00,信息安全分析师,15-1242.00,数据库管理员,阅读理解、积极倾听、书面表达、口头表达、数学、批判性思维、主动学习、学习策略、监控、社会洞察、协调、说服、谈判、指导、服务导向、复杂问题解决、运营分析、编程、运营监控、故障排查、修复、质量控制分析、判断与决策、系统分析、系统评估、时间管理、财务资源管理、物资资源管理、人员资源管理,"{""2.A.1.a"": 0.541157, ""2.A.1.b"": 0.521618, ""2.A.1.c"": 0.550267, ""2.A.1.d"": 0.588171, ""2.A.1.e"": 0.325586, ""2.A.1.f"": 0.212687, ""2.A.2.a"": 0.495155, ""2.A.2.b"": 0.501625, ""2.A.2.c"": 0.456963, ""2.A.2.d"": 0.503876, ""2.B.1.a"": 0.419938, ""2.B.1.b"": 0.34688, ""2.B.1.c"": 0.32155, ""2.B.1.d"": 0.344847, ""2.B.1.e"": 0.472336, ""2.B.1.f"": 0.427953, ""2.B.2.i"": 0.561219, ""2.B.3.a"": 0.360007, ""2.B.3.b"": 0.262214, ""2.B.3.c"": 0.232965, ""2.B.3.d"": 0.193712, ""2.B.3.e"": 0.316461, ""2.B.3.g"": 0.446451, ""2.B.3.h"": 0.245093, ""2.B.3.j"": 0.245273, ""2.B.3.k"": 0.324102, ""2.B.3.l"": 0.291816, ""2.B.3.m"": 0.451546, ""2.B.4.e"": 0.560145, ""2.B.4.g"": 0.570354, ""2.B.4.h"": 0.376779, ""2.B.5.a"": 0.461244, ""2.B.5.b"": 0.282806, ""2.B.5.c"": 0.296442, ""2.B.5.d"": 0.438754}",在上海参与信息安全分析师工作7年，持续提升阅读理解、积极倾听、书面表达、口头表达等技能。,负责信息安全分析师相关项目，完成需求分析、代码实现、测试验证和上线复盘，使用计算机科学与技术知识解决实际业务问题。,我具备本科学历，专业为计算机科学与技术，目标方向是数据库管理员。重视工程质量、团队协作和持续学习。,"求职方向：数据库管理员
教育背景：本科｜计算机科学与技术
工作经历：在上海参与信息安全分析师工作7年，持续提升阅读理解、积极倾听、书面表达、口头表达等技能。
项目经历：负责信息安全分析师相关项目，完成需求分析、代码实现、测试验证和上线复盘，使用计算机科学与技术知识解决实际业务问题。
技能：阅读理解、积极倾听、书面表达、口头表达、数学、批判性思维、主动学习、学习策略、监控、社会洞察、协调、说服、谈判、指导、服务导向、复杂问题解决、运营分析、编程、运营监控、故障排查、修复、质量控制分析、判断与决策、系统分析、系统评估、时间管理、财务资源管理、物资资源管理、人员资源管理
自我评价：我具备本科学历，专业为计算机科学与技术，目标方向是数据库管理员。重视工程质量、团队协作和持续学习。",synthetic_chinese_resume
CR0267,u267,硕士,软件工程,3,广州,15-1242.00,数据库管理员,15-2051.00,数据科学家,阅读理解、积极倾听、书面表达、口头表达、数学、批判性思维、主动学习、学习策略、监控、社会洞察、协调、说服、谈判、指导、服务导向、复杂问题解决、运营分析、设备选型、编程、运营监控、故障排查、质量控制分析、判断与决策、系统分析、系统评估、时间管理、物资资源管理、人员资源管理,"{""2.A.1.a"": 0.583943, ""2.A.1.b"": 0.593797, ""2.A.1.c"": 0.364654, ""2.A.1.d"": 0.62512, ""2.A.1.e"": 0.363209, ""2.A.1.f"": 0.252707, ""2.A.2.a"": 0.531145, ""2.A.2.b"": 0.523446, ""2.A.2.c"": 0.409956, ""2.A.2.d"": 0.522461, ""2.B.1.a"": 0.366381, ""2.B.1.b"": 0.385248, ""2.B.1.c"": 0.300129, ""2.B.1.d"": 0.348955, ""2.B.1.e"": 0.357662, ""2.B.1.f"": 0.453687, ""2.B.2.i"": 0.589106, ""2.B.3.a"": 0.491337, ""2.B.3.b"": 0.236549, ""2.B.3.c"": 0.283795, ""2.B.3.d"": 0.23129, ""2.B.3.e"": 0.467638, ""2.B.3.g"": 0.409178, ""2.B.3.h"": 0.228347, ""2.B.3.j"": 0.16344, ""2.B.3.k"": 0.351178, ""2.B.3.l"": 0.221839, ""2.B.3.m"": 0.399505, ""2.B.4.e"": 0.654991, ""2.B.4.g"": 0.453569, ""2.B.4.h"": 0.517151, ""2.B.5.a"": 0.449331, ""2.B.5.b"": 0.264938, ""2.B.5.c"": 0.334633, ""2.B.5.d"": 0.379129}",在广州参与数据库管理员工作3年，持续提升阅读理解、积极倾听、书面表达、口头表达等技能。,负责数据库管理员相关项目，完成需求分析、代码实现、测试验证和上线复盘，使用软件工程知识解决实际业务问题。,我具备硕士学历，专业为软件工程，目标方向是数据科学家。重视工程质量、团队协作和持续学习。,"求职方向：数据科学家
教育背景：硕士｜软件工程
工作经历：在广州参与数据库管理员工作3年，持续提升阅读理解、积极倾听、书面表达、口头表达等技能。
项目经历：负责数据库管理员相关项目，完成需求分析、代码实现、测试验证和上线复盘，使用软件工程知识解决实际业务问题。
技能：阅读理解、积极倾听、书面表达、口头表达、数学、批判性思维、主动学习、学习策略、监控、社会洞察、协调、说服、谈判、指导、服务导向、复杂问题解决、运营分析、设备选型、编程、运营监控、故障排查、质量控制分析、判断与决策、系统分析、系统评估、时间管理、物资资源管理、人员资源管理
自我评价：我具备硕士学历，专业为软件工程，目标方向是数据科学家。重视工程质量、团队协作和持续学习。",synthetic_chinese_resume
CR0268,u268,大专,数据科学与大数据技术,10,深圳,15-1243.00,数据库架构师,15-1244.00,网络与计算机系统管理员,阅读理解、积极倾听、书面表达、口头表达、数学、批判性思维、主动学习、学习策略、监控、社会洞察、协调、说服、谈判、指导、服务导向、复杂问题解决、运营分析、技术设计、编程、运营监控、操作与控制、判断与决策、系统分析、系统评估、时间管理、人员资源管理,"{""2.A.1.a"": 0.568092, ""2.A.1.b"": 0.491921, ""2.A.1.c"": 0.500589, ""2.A.1.d"": 0.526116, ""2.A.1.e"": 0.361903, ""2.A.1.f"": 0.262565, ""2.A.2.a"": 0.579019, ""2.A.2.b"": 0.491895, ""2.A.2.c"": 0.369868, ""2.A.2.d"": 0.460355, ""2.B.1.a"": 0.450184, ""2.B.1.b"": 0.393228, ""2.B.1.c"": 0.475303, ""2.B.1.d"": 0.438337, ""2.B.1.e"": 0.516061, ""2.B.1.f"": 0.410162, ""2.B.2.i"": 0.627588, ""2.B.3.a"": 0.502469, ""2.B.3.b"": 0.404392, ""2.B.3.c"": 0.19538, ""2.B.3.d"": 0.249177, ""2.B.3.e"": 0.449676, ""2.B.3.g"": 0.341173, ""2.B.3.h"": 0.281669, ""2.B.3.j"": 0.173813, ""2.B.3.k"": 0.248087, ""2.B.3.l"": 0.160778, ""2.B.3.m"": 0.256481, ""2.B.4.e"": 0.628362, ""2.B.4.g"": 0.501471, ""2.B.4.h"": 0.558908, ""2.B.5.a"": 0.443564, ""2.B.5.b"": 0.270419, ""2.B.5.c"": 0.225529, ""2.B.5.d"": 0.447303}",在深圳参与数据库架构师工作10年，持续提升阅读理解、积极倾听、书面表达、口头表达等技能。,负责数据库架构师相关项目，完成需求分析、代码实现、测试验证和上线复盘，使用数据科学与大数据技术知识解决实际业务问题。,我具备大专学历，专业为数据科学与大数据技术，目标方向是网络与计算机系统管理员。重视工程质量、团队协作和持续学习。,"求职方向：网络与计算机系统管理员
教育背景：大专｜数据科学与大数据技术
工作经历：在深圳参与数据库架构师工作10年，持续提升阅读理解、积极倾听、书面表达、口头表达等技能。
项目经历：负责数据库架构师相关项目，完成需求分析、代码实现、测试验证和上线复盘，使用数据科学与大数据技术知识解决实际业务问题。
技能：阅读理解、积极倾听、书面表达、口头表达、数学、批判性思维、主动学习、学习策略、监控、社会洞察、协调、说服、谈判、指导、服务导向、复杂问题解决、运营分析、技术设计、编程、运营监控、操作与控制、判断与决策、系统分析、系统评估、时间管理、人员资源管理
自我评价：我具备大专学历，专业为数据科学与大数据技术，目标方向是网络与计算机系统管理员。重视工程质量、团队协作和持续学习。",synthetic_chinese_resume
CR0269,u269,本科,网络工程,6,杭州,15-1244.00,网络与计算机系统管理员,15-1212.00,信息安全分析师,阅读理解、积极倾听、书面表达、口头表达、数学、科学、批判性思维、主动学习、学习策略、监控、社会洞察、协调、说服、谈判、指导、服务导向、复杂问题解决、运营分析、技术设计、设备选型、安装、编程、运营监控、操作与控制、设备维护、故障排查、修复、质量控制分析、判断与决策、系统分析、系统评估、时间管理、财务资源管理、物资资源管理、人员资源管理,"{""2.A.1.a"": 0.54732, ""2.A.1.b"": 0.679028, ""2.A.1.c"": 0.54104, ""2.A.1.d"": 0.528835, ""2.A.1.e"": 0.437497, ""2.A.1.f"": 0.378159, ""2.A.2.a"": 0.592626, ""2.A.2.b"": 0.529927, ""2.A.2.c"": 0.472789, ""2.A.2.d"": 0.522122, ""2.B.1.a"": 0.441262, ""2.B.1.b"": 0.448293, ""2.B.1.c"": 0.331328, ""2.B.1.d"": 0.361383, ""2.B.1.e"": 0.414394, ""2.B.1.f"": 0.494041, ""2.B.2.i"": 0.570713, ""2.B.3.a"": 0.456863, ""2.B.3.b"": 0.414368, ""2.B.3.c"": 0.428668, ""2.B.3.d"": 0.312229, ""2.B.3.e"": 0.465477, ""2.B.3.g"": 0.451005, ""2.B.3.h"": 0.423532, ""2.B.3.j"": 0.421359, ""2.B.3.k"": 0.615574, ""2.B.3.l"": 0.428868, ""2.B.3.m"": 0.534579, ""2.B.4.e"": 0.568102, ""2.B.4.g"": 0.551545, ""2.B.4.h"": 0.513606, ""2.B.5.a"": 0.491415, ""2.B.5.b"": 0.2839, ""2.B.5.c"": 0.401293, ""2.B.5.d"": 0.399884}",在杭州参与网络与计算机系统管理员工作6年，持续提升阅读理解、积极倾听、书面表达、口头表达等技能。,负责网络与计算机系统管理员相关项目，完成需求分析、代码实现、测试验证和上线复盘，使用网络工程知识解决实际业务问题。,我具备本科学历，专业为网络工程，目标方向是信息安全分析师。重视工程质量、团队协作和持续学习。,"求职方向：信息安全分析师
教育背景：本科｜网络工程
工作经历：在杭州参与网络与计算机系统管理员工作6年，持续提升阅读理解、积极倾听、书面表达、口头表达等技能。
项目经历：负责网络与计算机系统管理员相关项目，完成需求分析、代码实现、测试验证和上线复盘，使用网络工程知识解决实际业务问题。
技能：阅读理解、积极倾听、书面表达、口头表达、数学、科学、批判性思维、主动学习、学习策略、监控、社会洞察、协调、说服、谈判、指导、服务导向、复杂问题解决、运营分析、技术设计、设备选型、安装、编程、运营监控、操作与控制、设备维护、故障排查、修复、质量控制分析、判断与决策、系统分析、系统评估、时间管理、财务资源管理、物资资源管理、人员资源管理
自我评价：我具备本科学历，专业为网络工程，目标方向是信息安全分析师。重视工程质量、团队协作和持续学习。",synthetic_chinese_resume
CR0270,u270,本科,信息安全,2,成都,15-1251.00,计算机程序员,15-1252.00,软件开发工程师,阅读理解、积极倾听、书面表达、口头表达、数学、科学、批判性思维、主动学习、学习策略、监控、社会洞察、协调、说服、指导、服务导向、复杂问题解决、运营分析、技术设计、编程、运营监控、故障排查、质量控制分析、判断与决策、系统分析、系统评估、时间管理、财务资源管理、物资资源管理、人员资源管理,"{""2.A.1.a"": 0.472144, ""2.A.1.b"": 0.613896, ""2.A.1.c"": 0.445999, ""2.A.1.d"": 0.485327, ""2.A.1.e"": 0.44444, ""2.A.1.f"": 0.348879, ""2.A.2.a"": 0.532987, ""2.A.2.b"": 0.391662, ""2.A.2.c"": 0.40539, ""2.A.2.d"": 0.418092, ""2.B.1.a"": 0.477124, ""2.B.1.b"": 0.428329, ""2.B.1.c"": 0.424532, ""2.B.1.d"": 0.271543, ""2.B.1.e"": 0.419622, ""2.B.1.f"": 0.30791, ""2.B.2.i"": 0.517037, ""2.B.3.a"": 0.589163, ""2.B.3.b"": 0.390983, ""2.B.3.c"": 0.190329, ""2.B.3.d"": 0.138332, ""2.B.3.e"": 0.758174, ""2.B.3.g"": 0.422119, ""2.B.3.h"": 0.21778, ""2.B.3.j"": 0.202575, ""2.B.3.k"": 0.333343, ""2.B.3.l"": 0.206151, ""2.B.3.m"": 0.504407, ""2.B.4.e"": 0.527096, ""2.B.4.g"": 0.401814, ""2.B.4.h"": 0.571542, ""2.B.5.a"": 0.395917, ""2.B.5.b"": 0.285196, ""2.B.5.c"": 0.29804, ""2.B.5.d"": 0.371247}",在成都参与计算机程序员工作2年，持续提升阅读理解、积极倾听、书面表达、口头表达等技能。,负责计算机程序员相关项目，完成需求分析、代码实现、测试验证和上线复盘，使用信息安全知识解决实际业务问题。,我具备本科学历，专业为信息安全，目标方向是软件开发工程师。重视工程质量、团队协作和持续学习。,"求职方向：软件开发工程师
教育背景：本科｜信息安全
工作经历：在成都参与计算机程序员工作2年，持续提升阅读理解、积极倾听、书面表达、口头表达等技能。
项目经历：负责计算机程序员相关项目，完成需求分析、代码实现、测试验证和上线复盘，使用信息安全知识解决实际业务问题。
技能：阅读理解、积极倾听、书面表达、口头表达、数学、科学、批判性思维、主动学习、学习策略、监控、社会洞察、协调、说服、指导、服务导向、复杂问题解决、运营分析、技术设计、编程、运营监控、故障排查、质量控制分析、判断与决策、系统分析、系统评估、时间管理、财务资源管理、物资资源管理、人员资源管理
自我评价：我具备本科学历，专业为信息安全，目标方向是软件开发工程师。重视工程质量、团队协作和持续学习。",synthetic_chinese_resume
CR0271,u271,硕士,计算机科学与技术,9,武汉,15-1252.00,软件开发工程师,15-1253.00,软件质量保证分析师与测试工程师,阅读理解、积极倾听、书面表达、口头表达、数学、批判性思维、主动学习、学习策略、监控、社会洞察、协调、说服、谈判、指导、服务导向、复杂问题解决、技术设计、运营监控、故障排查、判断与决策、系统分析、系统评估、时间管理、人员资源管理,"{""2.A.1.a"": 0.664019, ""2.A.1.b"": 0.508149, ""2.A.1.c"": 0.519346, ""2.A.1.d"": 0.454392, ""2.A.1.e"": 0.407189, ""2.A.1.f"": 0.224672, ""2.A.2.a"": 0.52027, ""2.A.2.b"": 0.449241, ""2.A.2.c"": 0.37514, ""2.A.2.d"": 0.395194, ""2.B.1.a"": 0.459984, ""2.B.1.b"": 0.468927, ""2.B.1.c"": 0.408249, ""2.B.1.d"": 0.339739, ""2.B.1.e"": 0.436863, ""2.B.1.f"": 0.449389, ""2.B.2.i"": 0.473841, ""2.B.3.a"": 0.178906, ""2.B.3.b"": 0.488728, ""2.B.3.c"": 0.229749, ""2.B.3.d"": 0.268859, ""2.B.3.e"": 0.198816, ""2.B.3.g"": 0.384924, ""2.B.3.h"": 0.265311, ""2.B.3.j"": 0.188064, ""2.B.3.k"": 0.360886, ""2.B.3.l"": 0.234186, ""2.B.3.m"": 0.181404, ""2.B.4.e"": 0.578458, ""2.B.4.g"": 0.543958, ""2.B.4.h"": 0.639451, ""2.B.5.a"": 0.578575, ""2.B.5.b"": 0.278154, ""2.B.5.c"": 0.206602, ""2.B.5.d"": 0.363695}",在武汉参与软件开发工程师工作9年，持续提升阅读理解、积极倾听、书面表达、口头表达等技能。,负责软件开发工程师相关项目，完成需求分析、代码实现、测试验证和上线复盘，使用计算机科学与技术知识解决实际业务问题。,我具备硕士学历，专业为计算机科学与技术，目标方向是软件质量保证分析师与测试工程师。重视工程质量、团队协作和持续学习。,"求职方向：软件质量保证分析师与测试工程师
教育背景：硕士｜计算机科学与技术
工作经历：在武汉参与软件开发工程师工作9年，持续提升阅读理解、积极倾听、书面表达、口头表达等技能。
项目经历：负责软件开发工程师相关项目，完成需求分析、代码实现、测试验证和上线复盘，使用计算机科学与技术知识解决实际业务问题。
技能：阅读理解、积极倾听、书面表达、口头表达、数学、批判性思维、主动学习、学习策略、监控、社会洞察、协调、说服、谈判、指导、服务导向、复杂问题解决、技术设计、运营监控、故障排查、判断与决策、系统分析、系统评估、时间管理、人员资源管理
自我评价：我具备硕士学历，专业为计算机科学与技术，目标方向是软件质量保证分析师与测试工程师。重视工程质量、团队协作和持续学习。",synthetic_chinese_resume
CR0272,u272,大专,软件工程,5,西安,15-1253.00,软件质量保证分析师与测试工程师,15-1252.00,软件开发工程师,阅读理解、积极倾听、书面表达、口头表达、数学、科学、批判性思维、主动学习、学习策略、监控、社会洞察、协调、说服、谈判、指导、服务导向、复杂问题解决、运营分析、技术设计、安装、编程、运营监控、故障排查、质量控制分析、判断与决策、系统分析、系统评估、时间管理、人员资源管理,"{""2.A.1.a"": 0.598576, ""2.A.1.b"": 0.546739, ""2.A.1.c"": 0.570865, ""2.A.1.d"": 0.510845, ""2.A.1.e"": 0.398399, ""2.A.1.f"": 0.407113, ""2.A.2.a"": 0.552787, ""2.A.2.b"": 0.414465, ""2.A.2.c"": 0.379447, ""2.A.2.d"": 0.618137, ""2.B.1.a"": 0.306181, ""2.B.1.b"": 0.450171, ""2.B.1.c"": 0.379297, ""2.B.1.d"": 0.366709, ""2.B.1.e"": 0.376688, ""2.B.1.f"": 0.354766, ""2.B.2.i"": 0.458868, ""2.B.3.a"": 0.508964, ""2.B.3.b"": 0.341329, ""2.B.3.c"": 0.200493, ""2.B.3.d"": 0.318073, ""2.B.3.e"": 0.453469, ""2.B.3.g"": 0.410267, ""2.B.3.h"": 0.243343, ""2.B.3.j"": 0.167522, ""2.B.3.k"": 0.355082, ""2.B.3.l"": 0.173712, ""2.B.3.m"": 0.535931, ""2.B.4.e"": 0.468728, ""2.B.4.g"": 0.421579, ""2.B.4.h"": 0.513371, ""2.B.5.a"": 0.443385, ""2.B.5.b"": 0.211193, ""2.B.5.c"": 0.217366, ""2.B.5.d"": 0.309372}",在西安参与软件质量保证分析师与测试工程师工作5年，持续提升阅读理解、积极倾听、书面表达、口头表达等技能。,负责软件质量保证分析师与测试工程师相关项目，完成需求分析、代码实现、测试验证和上线复盘，使用软件工程知识解决实际业务问题。,我具备大专学历，专业为软件工程，目标方向是软件开发工程师。重视工程质量、团队协作和持续学习。,"求职方向：软件开发工程师
教育背景：大专｜软件工程
工作经历：在西安参与软件质量保证分析师与测试工程师工作5年，持续提升阅读理解、积极倾听、书面表达、口头表达等技能。
项目经历：负责软件质量保证分析师与测试工程师相关项目，完成需求分析、代码实现、测试验证和上线复盘，使用软件工程知识解决实际业务问题。
技能：阅读理解、积极倾听、书面表达、口头表达、数学、科学、批判性思维、主动学习、学习策略、监控、社会洞察、协调、说服、谈判、指导、服务导向、复杂问题解决、运营分析、技术设计、安装、编程、运营监控、故障排查、质量控制分析、判断与决策、系统分析、系统评估、时间管理、人员资源管理
自我评价：我具备大专学历，专业为软件工程，目标方向是软件开发工程师。重视工程质量、团队协作和持续学习。",synthetic_chinese_resume
CR0273,u273,本科,数据科学与大数据技术,1,北京,15-1254.00,网页开发工程师,15-1252.00,软件开发工程师,阅读理解、积极倾听、书面表达、口头表达、数学、批判性思维、主动学习、学习策略、监控、社会洞察、协调、说服、谈判、指导、服务导向、复杂问题解决、运营分析、技术设计、设备选型、编程、运营监控、故障排查、质量控制分析、判断与决策、系统分析、系统评估、时间管理、物资资源管理、人员资源管理,"{""2.A.1.a"": 0.538858, ""2.A.1.b"": 0.492012, ""2.A.1.c"": 0.503933, ""2.A.1.d"": 0.502784, ""2.A.1.e"": 0.432315, ""2.A.1.f"": 0.276693, ""2.A.2.a"": 0.567679, ""2.A.2.b"": 0.445407, ""2.A.2.c"": 0.427521, ""2.A.2.d"": 0.449565, ""2.B.1.a"": 0.357527, ""2.B.1.b"": 0.364009, ""2.B.1.c"": 0.325333, ""2.B.1.d"": 0.3476, ""2.B.1.e"": 0.430859, ""2.B.1.f"": 0.389239, ""2.B.2.i"": 0.471457, ""2.B.3.a"": 0.496611, ""2.B.3.b"": 0.399793, ""2.B.3.c"": 0.302589, ""2.B.3.d"": 0.130282, ""2.B.3.e"": 0.588263, ""2.B.3.g"": 0.367993, ""2.B.3.h"": 0.216654, ""2.B.3.j"": 0.211081, ""2.B.3.k"": 0.294849, ""2.B.3.l"": 0.216245, ""2.B.3.m"": 0.306364, ""2.B.4.e"": 0.480683, ""2.B.4.g"": 0.382856, ""2.B.4.h"": 0.391025, ""2.B.5.a"": 0.394889, ""2.B.5.b"": 0.216969, ""2.B.5.c"": 0.282643, ""2.B.5.d"": 0.327383}",在北京参与网页开发工程师工作1年，持续提升阅读理解、积极倾听、书面表达、口头表达等技能。,负责网页开发工程师相关项目，完成需求分析、代码实现、测试验证和上线复盘，使用数据科学与大数据技术知识解决实际业务问题。,我具备本科学历，专业为数据科学与大数据技术，目标方向是软件开发工程师。重视工程质量、团队协作和持续学习。,"求职方向：软件开发工程师
教育背景：本科｜数据科学与大数据技术
工作经历：在北京参与网页开发工程师工作1年，持续提升阅读理解、积极倾听、书面表达、口头表达等技能。
项目经历：负责网页开发工程师相关项目，完成需求分析、代码实现、测试验证和上线复盘，使用数据科学与大数据技术知识解决实际业务问题。
技能：阅读理解、积极倾听、书面表达、口头表达、数学、批判性思维、主动学习、学习策略、监控、社会洞察、协调、说服、谈判、指导、服务导向、复杂问题解决、运营分析、技术设计、设备选型、编程、运营监控、故障排查、质量控制分析、判断与决策、系统分析、系统评估、时间管理、物资资源管理、人员资源管理
自我评价：我具备本科学历，专业为数据科学与大数据技术，目标方向是软件开发工程师。重视工程质量、团队协作和持续学习。",synthetic_chinese_resume
CR0274,u274,本科,网络工程,8,上海,15-1255.00,网页与数字界面设计师,15-2031.00,运筹分析师,阅读理解、积极倾听、书面表达、口头表达、数学、批判性思维、主动学习、学习策略、监控、社会洞察、协调、说服、谈判、指导、服务导向、复杂问题解决、运营分析、技术设计、编程、运营监控、判断与决策、系统分析、系统评估、时间管理、财务资源管理、物资资源管理、人员资源管理,"{""2.A.1.a"": 0.515496, ""2.A.1.b"": 0.583073, ""2.A.1.c"": 0.538493, ""2.A.1.d"": 0.492648, ""2.A.1.e"": 0.319871, ""2.A.1.f"": 0.189285, ""2.A.2.a"": 0.523289, ""2.A.2.b"": 0.535215, ""2.A.2.c"": 0.363108, ""2.A.2.d"": 0.445194, ""2.B.1.a"": 0.391885, ""2.B.1.b"": 0.470753, ""2.B.1.c"": 0.47949, ""2.B.1.d"": 0.363141, ""2.B.1.e"": 0.445753, ""2.B.1.f"": 0.359581, ""2.B.2.i"": 0.526136, ""2.B.3.a"": 0.401154, ""2.B.3.b"": 0.391371, ""2.B.3.c"": 0.245904, ""2.B.3.d"": 0.090921, ""2.B.3.e"": 0.634204, ""2.B.3.g"": 0.301304, ""2.B.3.h"": 0.194737, ""2.B.3.j"": 0.164574, ""2.B.3.k"": 0.238222, ""2.B.3.l"": 0.176927, ""2.B.3.m"": 0.235284, ""2.B.4.e"": 0.57895, ""2.B.4.g"": 0.466343, ""2.B.4.h"": 0.422132, ""2.B.5.a"": 0.530777, ""2.B.5.b"": 0.32305, ""2.B.5.c"": 0.288725, ""2.B.5.d"": 0.435195}",在上海参与网页与数字界面设计师工作8年，持续提升阅读理解、积极倾听、书面表达、口头表达等技能。,负责网页与数字界面设计师相关项目，完成需求分析、代码实现、测试验证和上线复盘，使用网络工程知识解决实际业务问题。,我具备本科学历，专业为网络工程，目标方向是运筹分析师。重视工程质量、团队协作和持续学习。,"求职方向：运筹分析师
教育背景：本科｜网络工程
工作经历：在上海参与网页与数字界面设计师工作8年，持续提升阅读理解、积极倾听、书面表达、口头表达等技能。
项目经历：负责网页与数字界面设计师相关项目，完成需求分析、代码实现、测试验证和上线复盘，使用网络工程知识解决实际业务问题。
技能：阅读理解、积极倾听、书面表达、口头表达、数学、批判性思维、主动学习、学习策略、监控、社会洞察、协调、说服、谈判、指导、服务导向、复杂问题解决、运营分析、技术设计、编程、运营监控、判断与决策、系统分析、系统评估、时间管理、财务资源管理、物资资源管理、人员资源管理
自我评价：我具备本科学历，专业为网络工程，目标方向是运筹分析师。重视工程质量、团队协作和持续学习。",synthetic_chinese_resume
CR0275,u275,硕士,信息安全,4,广州,15-2031.00,运筹分析师,15-2051.00,数据科学家,阅读理解、积极倾听、书面表达、口头表达、数学、科学、批判性思维、主动学习、学习策略、监控、社会洞察、协调、说服、谈判、指导、服务导向、复杂问题解决、运营分析、编程、判断与决策、系统分析、系统评估、时间管理、财务资源管理、人员资源管理,"{""2.A.1.a"": 0.701865, ""2.A.1.b"": 0.557523, ""2.A.1.c"": 0.642435, ""2.A.1.d"": 0.588389, ""2.A.1.e"": 0.64153, ""2.A.1.f"": 0.448105, ""2.A.2.a"": 0.582287, ""2.A.2.b"": 0.616428, ""2.A.2.c"": 0.391554, ""2.A.2.d"": 0.394612, ""2.B.1.a"": 0.391768, ""2.B.1.b"": 0.439136, ""2.B.1.c"": 0.388098, ""2.B.1.d"": 0.300456, ""2.B.1.e"": 0.454202, ""2.B.1.f"": 0.410427, ""2.B.2.i"": 0.616546, ""2.B.3.a"": 0.642193, ""2.B.3.b"": 0.183009, ""2.B.3.c"": 0.277765, ""2.B.3.d"": 0.214101, ""2.B.3.e"": 0.41099, ""2.B.3.g"": 0.238403, ""2.B.3.h"": 0.198169, ""2.B.3.j"": 0.262997, ""2.B.3.k"": 0.200111, ""2.B.3.l"": 0.135522, ""2.B.3.m"": 0.265786, ""2.B.4.e"": 0.627638, ""2.B.4.g"": 0.59435, ""2.B.4.h"": 0.653522, ""2.B.5.a"": 0.404469, ""2.B.5.b"": 0.299821, ""2.B.5.c"": 0.270215, ""2.B.5.d"": 0.411704}",在广州参与运筹分析师工作4年，持续提升阅读理解、积极倾听、书面表达、口头表达等技能。,负责运筹分析师相关项目，完成需求分析、代码实现、测试验证和上线复盘，使用信息安全知识解决实际业务问题。,我具备硕士学历，专业为信息安全，目标方向是数据科学家。重视工程质量、团队协作和持续学习。,"求职方向：数据科学家
教育背景：硕士｜信息安全
工作经历：在广州参与运筹分析师工作4年，持续提升阅读理解、积极倾听、书面表达、口头表达等技能。
项目经历：负责运筹分析师相关项目，完成需求分析、代码实现、测试验证和上线复盘，使用信息安全知识解决实际业务问题。
技能：阅读理解、积极倾听、书面表达、口头表达、数学、科学、批判性思维、主动学习、学习策略、监控、社会洞察、协调、说服、谈判、指导、服务导向、复杂问题解决、运营分析、编程、判断与决策、系统分析、系统评估、时间管理、财务资源管理、人员资源管理
自我评价：我具备硕士学历，专业为信息安全，目标方向是数据科学家。重视工程质量、团队协作和持续学习。",synthetic_chinese_resume
CR0276,u276,大专,计算机科学与技术,0,深圳,15-2051.00,数据科学家,15-1211.00,计算机系统分析师,阅读理解、积极倾听、书面表达、口头表达、数学、批判性思维、主动学习、学习策略、监控、社会洞察、协调、说服、谈判、指导、服务导向、复杂问题解决、运营分析、技术设计、安装、编程、操作与控制、质量控制分析、判断与决策、系统分析、系统评估、时间管理、财务资源管理、物资资源管理、人员资源管理,"{""2.A.1.a"": 0.595807, ""2.A.1.b"": 0.53704, ""2.A.1.c"": 0.523974, ""2.A.1.d"": 0.554005, ""2.A.1.e"": 0.540823, ""2.A.1.f"": 0.212801, ""2.A.2.a"": 0.609464, ""2.A.2.b"": 0.468506, ""2.A.2.c"": 0.36942, ""2.A.2.d"": 0.518317, ""2.B.1.a"": 0.39789, ""2.B.1.b"": 0.409381, ""2.B.1.c"": 0.379291, ""2.B.1.d"": 0.335921, ""2.B.1.e"": 0.454885, ""2.B.1.f"": 0.459959, ""2.B.2.i"": 0.499788, ""2.B.3.a"": 0.401265, ""2.B.3.b"": 0.319981, ""2.B.3.c"": 0.274039, ""2.B.3.d"": 0.294369, ""2.B.3.e"": 0.378188, ""2.B.3.g"": 0.269172, ""2.B.3.h"": 0.283425, ""2.B.3.j"": 0.179348, ""2.B.3.k"": 0.197288, ""2.B.3.l"": 0.191397, ""2.B.3.m"": 0.452826, ""2.B.4.e"": 0.482303, ""2.B.4.g"": 0.528516, ""2.B.4.h"": 0.389544, ""2.B.5.a"": 0.419993, ""2.B.5.b"": 0.302787, ""2.B.5.c"": 0.29735, ""2.B.5.d"": 0.331336}",在深圳参与数据科学家工作0年，持续提升阅读理解、积极倾听、书面表达、口头表达等技能。,负责数据科学家相关项目，完成需求分析、代码实现、测试验证和上线复盘，使用计算机科学与技术知识解决实际业务问题。,我具备大专学历，专业为计算机科学与技术，目标方向是计算机系统分析师。重视工程质量、团队协作和持续学习。,"求职方向：计算机系统分析师
教育背景：大专｜计算机科学与技术
工作经历：在深圳参与数据科学家工作0年，持续提升阅读理解、积极倾听、书面表达、口头表达等技能。
项目经历：负责数据科学家相关项目，完成需求分析、代码实现、测试验证和上线复盘，使用计算机科学与技术知识解决实际业务问题。
技能：阅读理解、积极倾听、书面表达、口头表达、数学、批判性思维、主动学习、学习策略、监控、社会洞察、协调、说服、谈判、指导、服务导向、复杂问题解决、运营分析、技术设计、安装、编程、操作与控制、质量控制分析、判断与决策、系统分析、系统评估、时间管理、财务资源管理、物资资源管理、人员资源管理
自我评价：我具备大专学历，专业为计算机科学与技术，目标方向是计算机系统分析师。重视工程质量、团队协作和持续学习。",synthetic_chinese_resume
CR0277,u277,本科,软件工程,7,杭州,15-1211.00,计算机系统分析师,15-2051.00,数据科学家,阅读理解、积极倾听、书面表达、口头表达、数学、科学、批判性思维、主动学习、学习策略、监控、社会洞察、协调、说服、谈判、指导、服务导向、复杂问题解决、运营分析、技术设计、设备选型、安装、编程、运营监控、操作与控制、故障排查、质量控制分析、判断与决策、系统分析、系统评估、时间管理、财务资源管理、人员资源管理,"{""2.A.1.a"": 0.626091, ""2.A.1.b"": 0.538523, ""2.A.1.c"": 0.584482, ""2.A.1.d"": 0.582424, ""2.A.1.e"": 0.504356, ""2.A.1.f"": 0.295135, ""2.A.2.a"": 0.56487, ""2.A.2.b"": 0.460635, ""2.A.2.c"": 0.425351, ""2.A.2.d"": 0.492109, ""2.B.1.a"": 0.443092, ""2.B.1.b"": 0.415736, ""2.B.1.c"": 0.320367, ""2.B.1.d"": 0.376181, ""2.B.1.e"": 0.451455, ""2.B.1.f"": 0.521769, ""2.B.2.i"": 0.549645, ""2.B.3.a"": 0.484567, ""2.B.3.b"": 0.449897, ""2.B.3.c"": 0.400942, ""2.B.3.d"": 0.316852, ""2.B.3.e"": 0.486322, ""2.B.3.g"": 0.333823, ""2.B.3.h"": 0.381903, ""2.B.3.j"": 0.214047, ""2.B.3.k"": 0.431347, ""2.B.3.l"": 0.208407, ""2.B.3.m"": 0.481992, ""2.B.4.e"": 0.493389, ""2.B.4.g"": 0.595916, ""2.B.4.h"": 0.593913, ""2.B.5.a"": 0.433287, ""2.B.5.b"": 0.307968, ""2.B.5.c"": 0.265162, ""2.B.5.d"": 0.359779}",在杭州参与计算机系统分析师工作7年，持续提升阅读理解、积极倾听、书面表达、口头表达等技能。,负责计算机系统分析师相关项目，完成需求分析、代码实现、测试验证和上线复盘，使用软件工程知识解决实际业务问题。,我具备本科学历，专业为软件工程，目标方向是数据科学家。重视工程质量、团队协作和持续学习。,"求职方向：数据科学家
教育背景：本科｜软件工程
工作经历：在杭州参与计算机系统分析师工作7年，持续提升阅读理解、积极倾听、书面表达、口头表达等技能。
项目经历：负责计算机系统分析师相关项目，完成需求分析、代码实现、测试验证和上线复盘，使用软件工程知识解决实际业务问题。
技能：阅读理解、积极倾听、书面表达、口头表达、数学、科学、批判性思维、主动学习、学习策略、监控、社会洞察、协调、说服、谈判、指导、服务导向、复杂问题解决、运营分析、技术设计、设备选型、安装、编程、运营监控、操作与控制、故障排查、质量控制分析、判断与决策、系统分析、系统评估、时间管理、财务资源管理、人员资源管理
自我评价：我具备本科学历，专业为软件工程，目标方向是数据科学家。重视工程质量、团队协作和持续学习。",synthetic_chinese_resume
CR0278,u278,本科,数据科学与大数据技术,3,成都,15-1212.00,信息安全分析师,15-1242.00,数据库管理员,阅读理解、积极倾听、书面表达、口头表达、数学、科学、批判性思维、主动学习、学习策略、监控、社会洞察、协调、说服、谈判、指导、服务导向、复杂问题解决、运营分析、技术设计、设备选型、运营监控、设备维护、质量控制分析、判断与决策、系统分析、系统评估、时间管理、人员资源管理,"{""2.A.1.a"": 0.647895, ""2.A.1.b"": 0.71772, ""2.A.1.c"": 0.457395, ""2.A.1.d"": 0.572701, ""2.A.1.e"": 0.311836, ""2.A.1.f"": 0.330168, ""2.A.2.a"": 0.570818, ""2.A.2.b"": 0.488198, ""2.A.2.c"": 0.425068, ""2.A.2.d"": 0.551497, ""2.B.1.a"": 0.34825, ""2.B.1.b"": 0.405161, ""2.B.1.c"": 0.34636, ""2.B.1.d"": 0.314617, ""2.B.1.e"": 0.385186, ""2.B.1.f"": 0.341331, ""2.B.2.i"": 0.495082, ""2.B.3.a"": 0.33089, ""2.B.3.b"": 0.329612, ""2.B.3.c"": 0.321375, ""2.B.3.d"": 0.25032, ""2.B.3.e"": 0.252426, ""2.B.3.g"": 0.460213, ""2.B.3.h"": 0.26003, ""2.B.3.j"": 0.312059, ""2.B.3.k"": 0.273686, ""2.B.3.l"": 0.211783, ""2.B.3.m"": 0.437749, ""2.B.4.e"": 0.471562, ""2.B.4.g"": 0.531352, ""2.B.4.h"": 0.436775, ""2.B.5.a"": 0.373841, ""2.B.5.b"": 0.143526, ""2.B.5.c"": 0.240647, ""2.B.5.d"": 0.388542}",在成都参与信息安全分析师工作3年，持续提升阅读理解、积极倾听、书面表达、口头表达等技能。,负责信息安全分析师相关项目，完成需求分析、代码实现、测试验证和上线复盘，使用数据科学与大数据技术知识解决实际业务问题。,我具备本科学历，专业为数据科学与大数据技术，目标方向是数据库管理员。重视工程质量、团队协作和持续学习。,"求职方向：数据库管理员
教育背景：本科｜数据科学与大数据技术
工作经历：在成都参与信息安全分析师工作3年，持续提升阅读理解、积极倾听、书面表达、口头表达等技能。
项目经历：负责信息安全分析师相关项目，完成需求分析、代码实现、测试验证和上线复盘，使用数据科学与大数据技术知识解决实际业务问题。
技能：阅读理解、积极倾听、书面表达、口头表达、数学、科学、批判性思维、主动学习、学习策略、监控、社会洞察、协调、说服、谈判、指导、服务导向、复杂问题解决、运营分析、技术设计、设备选型、运营监控、设备维护、质量控制分析、判断与决策、系统分析、系统评估、时间管理、人员资源管理
自我评价：我具备本科学历，专业为数据科学与大数据技术，目标方向是数据库管理员。重视工程质量、团队协作和持续学习。",synthetic_chinese_resume
CR0279,u279,硕士,网络工程,10,武汉,15-1242.00,数据库管理员,15-2051.00,数据科学家,阅读理解、积极倾听、书面表达、口头表达、数学、批判性思维、主动学习、学习策略、监控、社会洞察、协调、说服、指导、服务导向、复杂问题解决、运营分析、技术设计、编程、运营监控、故障排查、修复、质量控制分析、判断与决策、系统分析、系统评估、时间管理、物资资源管理、人员资源管理,"{""2.A.1.a"": 0.629817, ""2.A.1.b"": 0.547656, ""2.A.1.c"": 0.478724, ""2.A.1.d"": 0.488116, ""2.A.1.e"": 0.493501, ""2.A.1.f"": 0.265759, ""2.A.2.a"": 0.557636, ""2.A.2.b"": 0.536749, ""2.A.2.c"": 0.424276, ""2.A.2.d"": 0.505413, ""2.B.1.a"": 0.374138, ""2.B.1.b"": 0.457699, ""2.B.1.c"": 0.407981, ""2.B.1.d"": 0.253555, ""2.B.1.e"": 0.427344, ""2.B.1.f"": 0.29827, ""2.B.2.i"": 0.489592, ""2.B.3.a"": 0.474073, ""2.B.3.b"": 0.339577, ""2.B.3.c"": 0.205667, ""2.B.3.d"": 0.222203, ""2.B.3.e"": 0.545788, ""2.B.3.g"": 0.44533, ""2.B.3.h"": 0.262103, ""2.B.3.j"": 0.154064, ""2.B.3.k"": 0.364812, ""2.B.3.l"": 0.359756, ""2.B.3.m"": 0.31411, ""2.B.4.e"": 0.485084, ""2.B.4.g"": 0.507774, ""2.B.4.h"": 0.601486, ""2.B.5.a"": 0.400595, ""2.B.5.b"": 0.236489, ""2.B.5.c"": 0.299917, ""2.B.5.d"": 0.377588}",在武汉参与数据库管理员工作10年，持续提升阅读理解、积极倾听、书面表达、口头表达等技能。,负责数据库管理员相关项目，完成需求分析、代码实现、测试验证和上线复盘，使用网络工程知识解决实际业务问题。,我具备硕士学历，专业为网络工程，目标方向是数据科学家。重视工程质量、团队协作和持续学习。,"求职方向：数据科学家
教育背景：硕士｜网络工程
工作经历：在武汉参与数据库管理员工作10年，持续提升阅读理解、积极倾听、书面表达、口头表达等技能。
项目经历：负责数据库管理员相关项目，完成需求分析、代码实现、测试验证和上线复盘，使用网络工程知识解决实际业务问题。
技能：阅读理解、积极倾听、书面表达、口头表达、数学、批判性思维、主动学习、学习策略、监控、社会洞察、协调、说服、指导、服务导向、复杂问题解决、运营分析、技术设计、编程、运营监控、故障排查、修复、质量控制分析、判断与决策、系统分析、系统评估、时间管理、物资资源管理、人员资源管理
自我评价：我具备硕士学历，专业为网络工程，目标方向是数据科学家。重视工程质量、团队协作和持续学习。",synthetic_chinese_resume
CR0280,u280,大专,信息安全,6,西安,15-1243.00,数据库架构师,15-1244.00,网络与计算机系统管理员,阅读理解、积极倾听、书面表达、口头表达、数学、科学、批判性思维、主动学习、学习策略、监控、社会洞察、协调、说服、谈判、指导、服务导向、复杂问题解决、运营分析、技术设计、编程、运营监控、操作与控制、故障排查、判断与决策、系统分析、系统评估、时间管理、财务资源管理、物资资源管理、人员资源管理,"{""2.A.1.a"": 0.62412, ""2.A.1.b"": 0.539292, ""2.A.1.c"": 0.504902, ""2.A.1.d"": 0.634651, ""2.A.1.e"": 0.456014, ""2.A.1.f"": 0.317449, ""2.A.2.a"": 0.534587, ""2.A.2.b"": 0.453738, ""2.A.2.c"": 0.398877, ""2.A.2.d"": 0.376578, ""2.B.1.a"": 0.458743, ""2.B.1.b"": 0.443251, ""2.B.1.c"": 0.454432, ""2.B.1.d"": 0.428174, ""2.B.1.e"": 0.489199, ""2.B.1.f"": 0.426437, ""2.B.2.i"": 0.600017, ""2.B.3.a"": 0.429255, ""2.B.3.b"": 0.447343, ""2.B.3.c"": 0.217241, ""2.B.3.d"": 0.209719, ""2.B.3.e"": 0.511496, ""2.B.3.g"": 0.344083, ""2.B.3.h"": 0.306496, ""2.B.3.j"": 0.204694, ""2.B.3.k"": 0.338065, ""2.B.3.l"": 0.193057, ""2.B.3.m"": 0.25484, ""2.B.4.e"": 0.714969, ""2.B.4.g"": 0.521667, ""2.B.4.h"": 0.506802, ""2.B.5.a"": 0.385155, ""2.B.5.b"": 0.29685, ""2.B.5.c"": 0.293036, ""2.B.5.d"": 0.407771}",在西安参与数据库架构师工作6年，持续提升阅读理解、积极倾听、书面表达、口头表达等技能。,负责数据库架构师相关项目，完成需求分析、代码实现、测试验证和上线复盘，使用信息安全知识解决实际业务问题。,我具备大专学历，专业为信息安全，目标方向是网络与计算机系统管理员。重视工程质量、团队协作和持续学习。,"求职方向：网络与计算机系统管理员
教育背景：大专｜信息安全
工作经历：在西安参与数据库架构师工作6年，持续提升阅读理解、积极倾听、书面表达、口头表达等技能。
项目经历：负责数据库架构师相关项目，完成需求分析、代码实现、测试验证和上线复盘，使用信息安全知识解决实际业务问题。
技能：阅读理解、积极倾听、书面表达、口头表达、数学、科学、批判性思维、主动学习、学习策略、监控、社会洞察、协调、说服、谈判、指导、服务导向、复杂问题解决、运营分析、技术设计、编程、运营监控、操作与控制、故障排查、判断与决策、系统分析、系统评估、时间管理、财务资源管理、物资资源管理、人员资源管理
自我评价：我具备大专学历，专业为信息安全，目标方向是网络与计算机系统管理员。重视工程质量、团队协作和持续学习。",synthetic_chinese_resume
CR0281,u281,本科,计算机科学与技术,2,北京,15-1244.00,网络与计算机系统管理员,15-1212.00,信息安全分析师,阅读理解、积极倾听、书面表达、口头表达、数学、批判性思维、主动学习、学习策略、监控、社会洞察、协调、说服、谈判、指导、服务导向、复杂问题解决、运营分析、技术设计、设备选型、安装、编程、运营监控、操作与控制、设备维护、故障排查、修复、质量控制分析、判断与决策、系统分析、系统评估、时间管理、物资资源管理、人员资源管理,"{""2.A.1.a"": 0.474829, ""2.A.1.b"": 0.54237, ""2.A.1.c"": 0.508121, ""2.A.1.d"": 0.47441, ""2.A.1.e"": 0.464892, ""2.A.1.f"": 0.278499, ""2.A.2.a"": 0.552676, ""2.A.2.b"": 0.539048, ""2.A.2.c"": 0.446257, ""2.A.2.d"": 0.625597, ""2.B.1.a"": 0.409991, ""2.B.1.b"": 0.418736, ""2.B.1.c"": 0.364471, ""2.B.1.d"": 0.336776, ""2.B.1.e"": 0.405025, ""2.B.1.f"": 0.485541, ""2.B.2.i"": 0.555703, ""2.B.3.a"": 0.400389, ""2.B.3.b"": 0.435054, ""2.B.3.c"": 0.43132, ""2.B.3.d"": 0.306774, ""2.B.3.e"": 0.5556, ""2.B.3.g"": 0.468232, ""2.B.3.h"": 0.431787, ""2.B.3.j"": 0.43866, ""2.B.3.k"": 0.580061, ""2.B.3.l"": 0.433438, ""2.B.3.m"": 0.420011, ""2.B.4.e"": 0.554878, ""2.B.4.g"": 0.667647, ""2.B.4.h"": 0.601684, ""2.B.5.a"": 0.384648, ""2.B.5.b"": 0.239485, ""2.B.5.c"": 0.368465, ""2.B.5.d"": 0.378645}",在北京参与网络与计算机系统管理员工作2年，持续提升阅读理解、积极倾听、书面表达、口头表达等技能。,负责网络与计算机系统管理员相关项目，完成需求分析、代码实现、测试验证和上线复盘，使用计算机科学与技术知识解决实际业务问题。,我具备本科学历，专业为计算机科学与技术，目标方向是信息安全分析师。重视工程质量、团队协作和持续学习。,"求职方向：信息安全分析师
教育背景：本科｜计算机科学与技术
工作经历：在北京参与网络与计算机系统管理员工作2年，持续提升阅读理解、积极倾听、书面表达、口头表达等技能。
项目经历：负责网络与计算机系统管理员相关项目，完成需求分析、代码实现、测试验证和上线复盘，使用计算机科学与技术知识解决实际业务问题。
技能：阅读理解、积极倾听、书面表达、口头表达、数学、批判性思维、主动学习、学习策略、监控、社会洞察、协调、说服、谈判、指导、服务导向、复杂问题解决、运营分析、技术设计、设备选型、安装、编程、运营监控、操作与控制、设备维护、故障排查、修复、质量控制分析、判断与决策、系统分析、系统评估、时间管理、物资资源管理、人员资源管理
自我评价：我具备本科学历，专业为计算机科学与技术，目标方向是信息安全分析师。重视工程质量、团队协作和持续学习。",synthetic_chinese_resume
CR0282,u282,本科,软件工程,9,上海,15-1251.00,计算机程序员,15-1252.00,软件开发工程师,阅读理解、积极倾听、书面表达、口头表达、数学、科学、批判性思维、主动学习、学习策略、监控、社会洞察、协调、说服、谈判、指导、服务导向、复杂问题解决、运营分析、技术设计、编程、设备维护、故障排查、质量控制分析、判断与决策、系统分析、系统评估、时间管理、人员资源管理,"{""2.A.1.a"": 0.486387, ""2.A.1.b"": 0.506477, ""2.A.1.c"": 0.39404, ""2.A.1.d"": 0.495869, ""2.A.1.e"": 0.372797, ""2.A.1.f"": 0.438151, ""2.A.2.a"": 0.461965, ""2.A.2.b"": 0.452634, ""2.A.2.c"": 0.367272, ""2.A.2.d"": 0.471578, ""2.B.1.a"": 0.436467, ""2.B.1.b"": 0.39233, ""2.B.1.c"": 0.452814, ""2.B.1.d"": 0.365387, ""2.B.1.e"": 0.432832, ""2.B.1.f"": 0.364784, ""2.B.2.i"": 0.547285, ""2.B.3.a"": 0.371506, ""2.B.3.b"": 0.326456, ""2.B.3.c"": 0.254262, ""2.B.3.d"": 0.248921, ""2.B.3.e"": 0.770307, ""2.B.3.g"": 0.21904, ""2.B.3.h"": 0.184485, ""2.B.3.j"": 0.299244, ""2.B.3.k"": 0.305887, ""2.B.3.l"": 0.217922, ""2.B.3.m"": 0.484404, ""2.B.4.e"": 0.495067, ""2.B.4.g"": 0.49993, ""2.B.4.h"": 0.453609, ""2.B.5.a"": 0.417744, ""2.B.5.b"": 0.265846, ""2.B.5.c"": 0.171674, ""2.B.5.d"": 0.3226}",在上海参与计算机程序员工作9年，持续提升阅读理解、积极倾听、书面表达、口头表达等技能。,负责计算机程序员相关项目，完成需求分析、代码实现、测试验证和上线复盘，使用软件工程知识解决实际业务问题。,我具备本科学历，专业为软件工程，目标方向是软件开发工程师。重视工程质量、团队协作和持续学习。,"求职方向：软件开发工程师
教育背景：本科｜软件工程
工作经历：在上海参与计算机程序员工作9年，持续提升阅读理解、积极倾听、书面表达、口头表达等技能。
项目经历：负责计算机程序员相关项目，完成需求分析、代码实现、测试验证和上线复盘，使用软件工程知识解决实际业务问题。
技能：阅读理解、积极倾听、书面表达、口头表达、数学、科学、批判性思维、主动学习、学习策略、监控、社会洞察、协调、说服、谈判、指导、服务导向、复杂问题解决、运营分析、技术设计、编程、设备维护、故障排查、质量控制分析、判断与决策、系统分析、系统评估、时间管理、人员资源管理
自我评价：我具备本科学历，专业为软件工程，目标方向是软件开发工程师。重视工程质量、团队协作和持续学习。",synthetic_chinese_resume
CR0283,u283,硕士,数据科学与大数据技术,5,广州,15-1252.00,软件开发工程师,15-1253.00,软件质量保证分析师与测试工程师,阅读理解、积极倾听、书面表达、口头表达、数学、批判性思维、主动学习、学习策略、监控、社会洞察、协调、说服、谈判、指导、服务导向、复杂问题解决、技术设计、运营监控、故障排查、判断与决策、系统分析、系统评估、时间管理、人员资源管理,"{""2.A.1.a"": 0.504564, ""2.A.1.b"": 0.53501, ""2.A.1.c"": 0.481485, ""2.A.1.d"": 0.392328, ""2.A.1.e"": 0.403343, ""2.A.1.f"": 0.224029, ""2.A.2.a"": 0.671141, ""2.A.2.b"": 0.494391, ""2.A.2.c"": 0.424267, ""2.A.2.d"": 0.43095, ""2.B.1.a"": 0.450299, ""2.B.1.b"": 0.477556, ""2.B.1.c"": 0.398641, ""2.B.1.d"": 0.379177, ""2.B.1.e"": 0.413476, ""2.B.1.f"": 0.362526, ""2.B.2.i"": 0.370858, ""2.B.3.a"": 0.218266, ""2.B.3.b"": 0.444929, ""2.B.3.c"": 0.205701, ""2.B.3.d"": 0.157778, ""2.B.3.e"": 0.225693, ""2.B.3.g"": 0.344482, ""2.B.3.h"": 0.195467, ""2.B.3.j"": 0.204367, ""2.B.3.k"": 0.38503, ""2.B.3.l"": 0.215843, ""2.B.3.m"": 0.093257, ""2.B.4.e"": 0.487593, ""2.B.4.g"": 0.551373, ""2.B.4.h"": 0.517209, ""2.B.5.a"": 0.476049, ""2.B.5.b"": 0.177826, ""2.B.5.c"": 0.166205, ""2.B.5.d"": 0.299031}",在广州参与软件开发工程师工作5年，持续提升阅读理解、积极倾听、书面表达、口头表达等技能。,负责软件开发工程师相关项目，完成需求分析、代码实现、测试验证和上线复盘，使用数据科学与大数据技术知识解决实际业务问题。,我具备硕士学历，专业为数据科学与大数据技术，目标方向是软件质量保证分析师与测试工程师。重视工程质量、团队协作和持续学习。,"求职方向：软件质量保证分析师与测试工程师
教育背景：硕士｜数据科学与大数据技术
工作经历：在广州参与软件开发工程师工作5年，持续提升阅读理解、积极倾听、书面表达、口头表达等技能。
项目经历：负责软件开发工程师相关项目，完成需求分析、代码实现、测试验证和上线复盘，使用数据科学与大数据技术知识解决实际业务问题。
技能：阅读理解、积极倾听、书面表达、口头表达、数学、批判性思维、主动学习、学习策略、监控、社会洞察、协调、说服、谈判、指导、服务导向、复杂问题解决、技术设计、运营监控、故障排查、判断与决策、系统分析、系统评估、时间管理、人员资源管理
自我评价：我具备硕士学历，专业为数据科学与大数据技术，目标方向是软件质量保证分析师与测试工程师。重视工程质量、团队协作和持续学习。",synthetic_chinese_resume
CR0284,u284,大专,网络工程,1,深圳,15-1253.00,软件质量保证分析师与测试工程师,15-1252.00,软件开发工程师,阅读理解、积极倾听、书面表达、口头表达、数学、科学、批判性思维、主动学习、学习策略、监控、社会洞察、协调、说服、谈判、指导、服务导向、复杂问题解决、运营分析、技术设计、安装、编程、运营监控、故障排查、质量控制分析、判断与决策、系统分析、系统评估、时间管理,"{""2.A.1.a"": 0.598383, ""2.A.1.b"": 0.560898, ""2.A.1.c"": 0.57461, ""2.A.1.d"": 0.57273, ""2.A.1.e"": 0.410396, ""2.A.1.f"": 0.376226, ""2.A.2.a"": 0.586472, ""2.A.2.b"": 0.377731, ""2.A.2.c"": 0.456163, ""2.A.2.d"": 0.60088, ""2.B.1.a"": 0.43174, ""2.B.1.b"": 0.408073, ""2.B.1.c"": 0.353341, ""2.B.1.d"": 0.349311, ""2.B.1.e"": 0.410376, ""2.B.1.f"": 0.349853, ""2.B.2.i"": 0.469756, ""2.B.3.a"": 0.544777, ""2.B.3.b"": 0.295151, ""2.B.3.c"": 0.247775, ""2.B.3.d"": 0.34412, ""2.B.3.e"": 0.505022, ""2.B.3.g"": 0.373331, ""2.B.3.h"": 0.230035, ""2.B.3.j"": 0.162887, ""2.B.3.k"": 0.427058, ""2.B.3.l"": 0.25669, ""2.B.3.m"": 0.506682, ""2.B.4.e"": 0.433121, ""2.B.4.g"": 0.420187, ""2.B.4.h"": 0.468611, ""2.B.5.a"": 0.473824, ""2.B.5.b"": 0.246533, ""2.B.5.c"": 0.213742, ""2.B.5.d"": 0.271654}",在深圳参与软件质量保证分析师与测试工程师工作1年，持续提升阅读理解、积极倾听、书面表达、口头表达等技能。,负责软件质量保证分析师与测试工程师相关项目，完成需求分析、代码实现、测试验证和上线复盘，使用网络工程知识解决实际业务问题。,我具备大专学历，专业为网络工程，目标方向是软件开发工程师。重视工程质量、团队协作和持续学习。,"求职方向：软件开发工程师
教育背景：大专｜网络工程
工作经历：在深圳参与软件质量保证分析师与测试工程师工作1年，持续提升阅读理解、积极倾听、书面表达、口头表达等技能。
项目经历：负责软件质量保证分析师与测试工程师相关项目，完成需求分析、代码实现、测试验证和上线复盘，使用网络工程知识解决实际业务问题。
技能：阅读理解、积极倾听、书面表达、口头表达、数学、科学、批判性思维、主动学习、学习策略、监控、社会洞察、协调、说服、谈判、指导、服务导向、复杂问题解决、运营分析、技术设计、安装、编程、运营监控、故障排查、质量控制分析、判断与决策、系统分析、系统评估、时间管理
自我评价：我具备大专学历，专业为网络工程，目标方向是软件开发工程师。重视工程质量、团队协作和持续学习。",synthetic_chinese_resume
CR0285,u285,本科,信息安全,8,杭州,15-1254.00,网页开发工程师,15-1252.00,软件开发工程师,阅读理解、积极倾听、书面表达、口头表达、数学、科学、批判性思维、主动学习、学习策略、监控、社会洞察、协调、说服、谈判、指导、服务导向、复杂问题解决、运营分析、技术设计、编程、运营监控、操作与控制、故障排查、质量控制分析、判断与决策、系统分析、系统评估、时间管理、物资资源管理、人员资源管理,"{""2.A.1.a"": 0.550095, ""2.A.1.b"": 0.472241, ""2.A.1.c"": 0.467937, ""2.A.1.d"": 0.42843, ""2.A.1.e"": 0.436498, ""2.A.1.f"": 0.366291, ""2.A.2.a"": 0.481711, ""2.A.2.b"": 0.51614, ""2.A.2.c"": 0.41442, ""2.A.2.d"": 0.408302, ""2.B.1.a"": 0.399284, ""2.B.1.b"": 0.49514, ""2.B.1.c"": 0.408638, ""2.B.1.d"": 0.397168, ""2.B.1.e"": 0.375231, ""2.B.1.f"": 0.500815, ""2.B.2.i"": 0.511349, ""2.B.3.a"": 0.516834, ""2.B.3.b"": 0.404792, ""2.B.3.c"": 0.249643, ""2.B.3.d"": 0.155302, ""2.B.3.e"": 0.659586, ""2.B.3.g"": 0.319036, ""2.B.3.h"": 0.284937, ""2.B.3.j"": 0.126586, ""2.B.3.k"": 0.321448, ""2.B.3.l"": 0.236562, ""2.B.3.m"": 0.371468, ""2.B.4.e"": 0.442664, ""2.B.4.g"": 0.374859, ""2.B.4.h"": 0.453747, ""2.B.5.a"": 0.392506, ""2.B.5.b"": 0.256295, ""2.B.5.c"": 0.307926, ""2.B.5.d"": 0.357503}",在杭州参与网页开发工程师工作8年，持续提升阅读理解、积极倾听、书面表达、口头表达等技能。,负责网页开发工程师相关项目，完成需求分析、代码实现、测试验证和上线复盘，使用信息安全知识解决实际业务问题。,我具备本科学历，专业为信息安全，目标方向是软件开发工程师。重视工程质量、团队协作和持续学习。,"求职方向：软件开发工程师
教育背景：本科｜信息安全
工作经历：在杭州参与网页开发工程师工作8年，持续提升阅读理解、积极倾听、书面表达、口头表达等技能。
项目经历：负责网页开发工程师相关项目，完成需求分析、代码实现、测试验证和上线复盘，使用信息安全知识解决实际业务问题。
技能：阅读理解、积极倾听、书面表达、口头表达、数学、科学、批判性思维、主动学习、学习策略、监控、社会洞察、协调、说服、谈判、指导、服务导向、复杂问题解决、运营分析、技术设计、编程、运营监控、操作与控制、故障排查、质量控制分析、判断与决策、系统分析、系统评估、时间管理、物资资源管理、人员资源管理
自我评价：我具备本科学历，专业为信息安全，目标方向是软件开发工程师。重视工程质量、团队协作和持续学习。",synthetic_chinese_resume
CR0286,u286,本科,计算机科学与技术,4,成都,15-1255.00,网页与数字界面设计师,15-2031.00,运筹分析师,阅读理解、积极倾听、书面表达、口头表达、数学、批判性思维、主动学习、学习策略、监控、社会洞察、协调、说服、谈判、指导、服务导向、复杂问题解决、运营分析、技术设计、编程、运营监控、判断与决策、系统分析、系统评估、时间管理、人员资源管理,"{""2.A.1.a"": 0.534747, ""2.A.1.b"": 0.559077, ""2.A.1.c"": 0.447136, ""2.A.1.d"": 0.406978, ""2.A.1.e"": 0.347028, ""2.A.1.f"": 0.236378, ""2.A.2.a"": 0.567324, ""2.A.2.b"": 0.53576, ""2.A.2.c"": 0.426064, ""2.A.2.d"": 0.422119, ""2.B.1.a"": 0.481931, ""2.B.1.b"": 0.543468, ""2.B.1.c"": 0.398085, ""2.B.1.d"": 0.471215, ""2.B.1.e"": 0.414484, ""2.B.1.f"": 0.402107, ""2.B.2.i"": 0.476126, ""2.B.3.a"": 0.438642, ""2.B.3.b"": 0.453077, ""2.B.3.c"": 0.270249, ""2.B.3.d"": 0.253891, ""2.B.3.e"": 0.480272, ""2.B.3.g"": 0.284242, ""2.B.3.h"": 0.171468, ""2.B.3.j"": 0.123752, ""2.B.3.k"": 0.227295, ""2.B.3.l"": 0.157579, ""2.B.3.m"": 0.231211, ""2.B.4.e"": 0.593475, ""2.B.4.g"": 0.476255, ""2.B.4.h"": 0.564317, ""2.B.5.a"": 0.516216, ""2.B.5.b"": 0.203029, ""2.B.5.c"": 0.271607, ""2.B.5.d"": 0.411891}",在成都参与网页与数字界面设计师工作4年，持续提升阅读理解、积极倾听、书面表达、口头表达等技能。,负责网页与数字界面设计师相关项目，完成需求分析、代码实现、测试验证和上线复盘，使用计算机科学与技术知识解决实际业务问题。,我具备本科学历，专业为计算机科学与技术，目标方向是运筹分析师。重视工程质量、团队协作和持续学习。,"求职方向：运筹分析师
教育背景：本科｜计算机科学与技术
工作经历：在成都参与网页与数字界面设计师工作4年，持续提升阅读理解、积极倾听、书面表达、口头表达等技能。
项目经历：负责网页与数字界面设计师相关项目，完成需求分析、代码实现、测试验证和上线复盘，使用计算机科学与技术知识解决实际业务问题。
技能：阅读理解、积极倾听、书面表达、口头表达、数学、批判性思维、主动学习、学习策略、监控、社会洞察、协调、说服、谈判、指导、服务导向、复杂问题解决、运营分析、技术设计、编程、运营监控、判断与决策、系统分析、系统评估、时间管理、人员资源管理
自我评价：我具备本科学历，专业为计算机科学与技术，目标方向是运筹分析师。重视工程质量、团队协作和持续学习。",synthetic_chinese_resume
CR0287,u287,硕士,软件工程,0,武汉,15-2031.00,运筹分析师,15-2051.00,数据科学家,阅读理解、积极倾听、书面表达、口头表达、数学、科学、批判性思维、主动学习、学习策略、监控、社会洞察、协调、说服、谈判、指导、服务导向、复杂问题解决、运营分析、编程、故障排查、判断与决策、系统分析、系统评估、时间管理、人员资源管理,"{""2.A.1.a"": 0.607702, ""2.A.1.b"": 0.601233, ""2.A.1.c"": 0.664512, ""2.A.1.d"": 0.560445, ""2.A.1.e"": 0.725165, ""2.A.1.f"": 0.528259, ""2.A.2.a"": 0.563766, ""2.A.2.b"": 0.575196, ""2.A.2.c"": 0.419108, ""2.A.2.d"": 0.411128, ""2.B.1.a"": 0.452205, ""2.B.1.b"": 0.475428, ""2.B.1.c"": 0.439047, ""2.B.1.d"": 0.30504, ""2.B.1.e"": 0.47529, ""2.B.1.f"": 0.327569, ""2.B.2.i"": 0.709662, ""2.B.3.a"": 0.568391, ""2.B.3.b"": 0.192066, ""2.B.3.c"": 0.257505, ""2.B.3.d"": 0.255978, ""2.B.3.e"": 0.388258, ""2.B.3.g"": 0.20622, ""2.B.3.h"": 0.164718, ""2.B.3.j"": 0.17317, ""2.B.3.k"": 0.333181, ""2.B.3.l"": 0.203799, ""2.B.3.m"": 0.252678, ""2.B.4.e"": 0.64892, ""2.B.4.g"": 0.551017, ""2.B.4.h"": 0.612819, ""2.B.5.a"": 0.398845, ""2.B.5.b"": 0.267788, ""2.B.5.c"": 0.20139, ""2.B.5.d"": 0.371359}",在武汉参与运筹分析师工作0年，持续提升阅读理解、积极倾听、书面表达、口头表达等技能。,负责运筹分析师相关项目，完成需求分析、代码实现、测试验证和上线复盘，使用软件工程知识解决实际业务问题。,我具备硕士学历，专业为软件工程，目标方向是数据科学家。重视工程质量、团队协作和持续学习。,"求职方向：数据科学家
教育背景：硕士｜软件工程
工作经历：在武汉参与运筹分析师工作0年，持续提升阅读理解、积极倾听、书面表达、口头表达等技能。
项目经历：负责运筹分析师相关项目，完成需求分析、代码实现、测试验证和上线复盘，使用软件工程知识解决实际业务问题。
技能：阅读理解、积极倾听、书面表达、口头表达、数学、科学、批判性思维、主动学习、学习策略、监控、社会洞察、协调、说服、谈判、指导、服务导向、复杂问题解决、运营分析、编程、故障排查、判断与决策、系统分析、系统评估、时间管理、人员资源管理
自我评价：我具备硕士学历，专业为软件工程，目标方向是数据科学家。重视工程质量、团队协作和持续学习。",synthetic_chinese_resume
CR0288,u288,大专,数据科学与大数据技术,7,西安,15-2051.00,数据科学家,15-1211.00,计算机系统分析师,阅读理解、积极倾听、书面表达、口头表达、数学、科学、批判性思维、主动学习、学习策略、监控、社会洞察、协调、说服、谈判、指导、服务导向、复杂问题解决、运营分析、编程、故障排查、质量控制分析、判断与决策、系统分析、系统评估、时间管理、人员资源管理,"{""2.A.1.a"": 0.641752, ""2.A.1.b"": 0.476695, ""2.A.1.c"": 0.604399, ""2.A.1.d"": 0.53554, ""2.A.1.e"": 0.473225, ""2.A.1.f"": 0.283453, ""2.A.2.a"": 0.665642, ""2.A.2.b"": 0.56537, ""2.A.2.c"": 0.371721, ""2.A.2.d"": 0.501809, ""2.B.1.a"": 0.430333, ""2.B.1.b"": 0.37256, ""2.B.1.c"": 0.406958, ""2.B.1.d"": 0.334185, ""2.B.1.e"": 0.420705, ""2.B.1.f"": 0.341279, ""2.B.2.i"": 0.456886, ""2.B.3.a"": 0.301735, ""2.B.3.b"": 0.260016, ""2.B.3.c"": 0.138415, ""2.B.3.d"": 0.14156, ""2.B.3.e"": 0.370805, ""2.B.3.g"": 0.265512, ""2.B.3.h"": 0.235734, ""2.B.3.j"": 0.217874, ""2.B.3.k"": 0.321075, ""2.B.3.l"": 0.170407, ""2.B.3.m"": 0.351134, ""2.B.4.e"": 0.537722, ""2.B.4.g"": 0.453459, ""2.B.4.h"": 0.483038, ""2.B.5.a"": 0.412366, ""2.B.5.b"": 0.196015, ""2.B.5.c"": 0.270825, ""2.B.5.d"": 0.419301}",在西安参与数据科学家工作7年，持续提升阅读理解、积极倾听、书面表达、口头表达等技能。,负责数据科学家相关项目，完成需求分析、代码实现、测试验证和上线复盘，使用数据科学与大数据技术知识解决实际业务问题。,我具备大专学历，专业为数据科学与大数据技术，目标方向是计算机系统分析师。重视工程质量、团队协作和持续学习。,"求职方向：计算机系统分析师
教育背景：大专｜数据科学与大数据技术
工作经历：在西安参与数据科学家工作7年，持续提升阅读理解、积极倾听、书面表达、口头表达等技能。
项目经历：负责数据科学家相关项目，完成需求分析、代码实现、测试验证和上线复盘，使用数据科学与大数据技术知识解决实际业务问题。
技能：阅读理解、积极倾听、书面表达、口头表达、数学、科学、批判性思维、主动学习、学习策略、监控、社会洞察、协调、说服、谈判、指导、服务导向、复杂问题解决、运营分析、编程、故障排查、质量控制分析、判断与决策、系统分析、系统评估、时间管理、人员资源管理
自我评价：我具备大专学历，专业为数据科学与大数据技术，目标方向是计算机系统分析师。重视工程质量、团队协作和持续学习。",synthetic_chinese_resume
CR0289,u289,本科,网络工程,3,北京,15-1211.00,计算机系统分析师,15-2051.00,数据科学家,阅读理解、积极倾听、书面表达、口头表达、数学、批判性思维、主动学习、学习策略、监控、社会洞察、协调、说服、谈判、指导、服务导向、复杂问题解决、运营分析、技术设计、设备选型、编程、运营监控、操作与控制、设备维护、故障排查、质量控制分析、判断与决策、系统分析、系统评估、时间管理、财务资源管理、人员资源管理,"{""2.A.1.a"": 0.617621, ""2.A.1.b"": 0.59678, ""2.A.1.c"": 0.529708, ""2.A.1.d"": 0.518412, ""2.A.1.e"": 0.460218, ""2.A.1.f"": 0.250662, ""2.A.2.a"": 0.58456, ""2.A.2.b"": 0.537823, ""2.A.2.c"": 0.42864, ""2.A.2.d"": 0.554951, ""2.B.1.a"": 0.356059, ""2.B.1.b"": 0.434243, ""2.B.1.c"": 0.336349, ""2.B.1.d"": 0.281223, ""2.B.1.e"": 0.442171, ""2.B.1.f"": 0.381147, ""2.B.2.i"": 0.491892, ""2.B.3.a"": 0.503136, ""2.B.3.b"": 0.410663, ""2.B.3.c"": 0.349895, ""2.B.3.d"": 0.245981, ""2.B.3.e"": 0.547859, ""2.B.3.g"": 0.464816, ""2.B.3.h"": 0.417232, ""2.B.3.j"": 0.283756, ""2.B.3.k"": 0.510305, ""2.B.3.l"": 0.258983, ""2.B.3.m"": 0.421996, ""2.B.4.e"": 0.598228, ""2.B.4.g"": 0.5546, ""2.B.4.h"": 0.551891, ""2.B.5.a"": 0.466494, ""2.B.5.b"": 0.409432, ""2.B.5.c"": 0.277058, ""2.B.5.d"": 0.352276}",在北京参与计算机系统分析师工作3年，持续提升阅读理解、积极倾听、书面表达、口头表达等技能。,负责计算机系统分析师相关项目，完成需求分析、代码实现、测试验证和上线复盘，使用网络工程知识解决实际业务问题。,我具备本科学历，专业为网络工程，目标方向是数据科学家。重视工程质量、团队协作和持续学习。,"求职方向：数据科学家
教育背景：本科｜网络工程
工作经历：在北京参与计算机系统分析师工作3年，持续提升阅读理解、积极倾听、书面表达、口头表达等技能。
项目经历：负责计算机系统分析师相关项目，完成需求分析、代码实现、测试验证和上线复盘，使用网络工程知识解决实际业务问题。
技能：阅读理解、积极倾听、书面表达、口头表达、数学、批判性思维、主动学习、学习策略、监控、社会洞察、协调、说服、谈判、指导、服务导向、复杂问题解决、运营分析、技术设计、设备选型、编程、运营监控、操作与控制、设备维护、故障排查、质量控制分析、判断与决策、系统分析、系统评估、时间管理、财务资源管理、人员资源管理
自我评价：我具备本科学历，专业为网络工程，目标方向是数据科学家。重视工程质量、团队协作和持续学习。",synthetic_chinese_resume
CR0290,u290,本科,信息安全,10,上海,15-1212.00,信息安全分析师,15-1242.00,数据库管理员,阅读理解、积极倾听、书面表达、口头表达、数学、批判性思维、主动学习、学习策略、监控、社会洞察、协调、说服、谈判、指导、服务导向、复杂问题解决、运营分析、设备选型、编程、运营监控、设备维护、故障排查、质量控制分析、判断与决策、系统分析、系统评估、时间管理、人员资源管理,"{""2.A.1.a"": 0.549418, ""2.A.1.b"": 0.494979, ""2.A.1.c"": 0.530401, ""2.A.1.d"": 0.621106, ""2.A.1.e"": 0.333876, ""2.A.1.f"": 0.262663, ""2.A.2.a"": 0.667929, ""2.A.2.b"": 0.442705, ""2.A.2.c"": 0.376396, ""2.A.2.d"": 0.458552, ""2.B.1.a"": 0.370426, ""2.B.1.b"": 0.391891, ""2.B.1.c"": 0.312344, ""2.B.1.d"": 0.424459, ""2.B.1.e"": 0.480538, ""2.B.1.f"": 0.400377, ""2.B.2.i"": 0.57128, ""2.B.3.a"": 0.436221, ""2.B.3.b"": 0.250079, ""2.B.3.c"": 0.2926, ""2.B.3.d"": 0.210269, ""2.B.3.e"": 0.332422, ""2.B.3.g"": 0.418348, ""2.B.3.h"": 0.238825, ""2.B.3.j"": 0.306325, ""2.B.3.k"": 0.325927, ""2.B.3.l"": 0.207683, ""2.B.3.m"": 0.440033, ""2.B.4.e"": 0.516668, ""2.B.4.g"": 0.47527, ""2.B.4.h"": 0.494132, ""2.B.5.a"": 0.59101, ""2.B.5.b"": 0.148384, ""2.B.5.c"": 0.20869, ""2.B.5.d"": 0.400104}",在上海参与信息安全分析师工作10年，持续提升阅读理解、积极倾听、书面表达、口头表达等技能。,负责信息安全分析师相关项目，完成需求分析、代码实现、测试验证和上线复盘，使用信息安全知识解决实际业务问题。,我具备本科学历，专业为信息安全，目标方向是数据库管理员。重视工程质量、团队协作和持续学习。,"求职方向：数据库管理员
教育背景：本科｜信息安全
工作经历：在上海参与信息安全分析师工作10年，持续提升阅读理解、积极倾听、书面表达、口头表达等技能。
项目经历：负责信息安全分析师相关项目，完成需求分析、代码实现、测试验证和上线复盘，使用信息安全知识解决实际业务问题。
技能：阅读理解、积极倾听、书面表达、口头表达、数学、批判性思维、主动学习、学习策略、监控、社会洞察、协调、说服、谈判、指导、服务导向、复杂问题解决、运营分析、设备选型、编程、运营监控、设备维护、故障排查、质量控制分析、判断与决策、系统分析、系统评估、时间管理、人员资源管理
自我评价：我具备本科学历，专业为信息安全，目标方向是数据库管理员。重视工程质量、团队协作和持续学习。",synthetic_chinese_resume
CR0291,u291,硕士,计算机科学与技术,6,广州,15-1242.00,数据库管理员,15-2051.00,数据科学家,阅读理解、积极倾听、书面表达、口头表达、数学、科学、批判性思维、主动学习、学习策略、监控、社会洞察、协调、说服、指导、服务导向、复杂问题解决、运营分析、技术设计、编程、运营监控、故障排查、质量控制分析、判断与决策、系统分析、系统评估、人员资源管理,"{""2.A.1.a"": 0.426428, ""2.A.1.b"": 0.575115, ""2.A.1.c"": 0.446336, ""2.A.1.d"": 0.529582, ""2.A.1.e"": 0.38188, ""2.A.1.f"": 0.336713, ""2.A.2.a"": 0.567624, ""2.A.2.b"": 0.54409, ""2.A.2.c"": 0.487094, ""2.A.2.d"": 0.470843, ""2.B.1.a"": 0.357489, ""2.B.1.b"": 0.490808, ""2.B.1.c"": 0.281578, ""2.B.1.d"": 0.23728, ""2.B.1.e"": 0.504532, ""2.B.1.f"": 0.333638, ""2.B.2.i"": 0.55675, ""2.B.3.a"": 0.400523, ""2.B.3.b"": 0.411202, ""2.B.3.c"": 0.253382, ""2.B.3.d"": 0.27248, ""2.B.3.e"": 0.489923, ""2.B.3.g"": 0.454672, ""2.B.3.h"": 0.218036, ""2.B.3.j"": 0.192651, ""2.B.3.k"": 0.298096, ""2.B.3.l"": 0.145898, ""2.B.3.m"": 0.394276, ""2.B.4.e"": 0.615532, ""2.B.4.g"": 0.484725, ""2.B.4.h"": 0.507554, ""2.B.5.a"": 0.261778, ""2.B.5.b"": 0.251377, ""2.B.5.c"": 0.182637, ""2.B.5.d"": 0.378564}",在广州参与数据库管理员工作6年，持续提升阅读理解、积极倾听、书面表达、口头表达等技能。,负责数据库管理员相关项目，完成需求分析、代码实现、测试验证和上线复盘，使用计算机科学与技术知识解决实际业务问题。,我具备硕士学历，专业为计算机科学与技术，目标方向是数据科学家。重视工程质量、团队协作和持续学习。,"求职方向：数据科学家
教育背景：硕士｜计算机科学与技术
工作经历：在广州参与数据库管理员工作6年，持续提升阅读理解、积极倾听、书面表达、口头表达等技能。
项目经历：负责数据库管理员相关项目，完成需求分析、代码实现、测试验证和上线复盘，使用计算机科学与技术知识解决实际业务问题。
技能：阅读理解、积极倾听、书面表达、口头表达、数学、科学、批判性思维、主动学习、学习策略、监控、社会洞察、协调、说服、指导、服务导向、复杂问题解决、运营分析、技术设计、编程、运营监控、故障排查、质量控制分析、判断与决策、系统分析、系统评估、人员资源管理
自我评价：我具备硕士学历，专业为计算机科学与技术，目标方向是数据科学家。重视工程质量、团队协作和持续学习。",synthetic_chinese_resume
CR0292,u292,大专,软件工程,2,深圳,15-1243.00,数据库架构师,15-1244.00,网络与计算机系统管理员,阅读理解、积极倾听、书面表达、口头表达、数学、批判性思维、主动学习、学习策略、监控、社会洞察、协调、说服、谈判、指导、服务导向、复杂问题解决、运营分析、技术设计、编程、运营监控、操作与控制、质量控制分析、判断与决策、系统分析、系统评估、时间管理、人员资源管理,"{""2.A.1.a"": 0.573114, ""2.A.1.b"": 0.463202, ""2.A.1.c"": 0.527343, ""2.A.1.d"": 0.517277, ""2.A.1.e"": 0.451782, ""2.A.1.f"": 0.257871, ""2.A.2.a"": 0.626862, ""2.A.2.b"": 0.47934, ""2.A.2.c"": 0.390245, ""2.A.2.d"": 0.432692, ""2.B.1.a"": 0.366219, ""2.B.1.b"": 0.412141, ""2.B.1.c"": 0.398773, ""2.B.1.d"": 0.354271, ""2.B.1.e"": 0.507144, ""2.B.1.f"": 0.44008, ""2.B.2.i"": 0.696529, ""2.B.3.a"": 0.389976, ""2.B.3.b"": 0.415267, ""2.B.3.c"": 0.159947, ""2.B.3.d"": 0.256582, ""2.B.3.e"": 0.502756, ""2.B.3.g"": 0.286202, ""2.B.3.h"": 0.283508, ""2.B.3.j"": 0.257694, ""2.B.3.k"": 0.26065, ""2.B.3.l"": 0.195994, ""2.B.3.m"": 0.30182, ""2.B.4.e"": 0.626171, ""2.B.4.g"": 0.507083, ""2.B.4.h"": 0.48943, ""2.B.5.a"": 0.399957, ""2.B.5.b"": 0.23871, ""2.B.5.c"": 0.263465, ""2.B.5.d"": 0.372702}",在深圳参与数据库架构师工作2年，持续提升阅读理解、积极倾听、书面表达、口头表达等技能。,负责数据库架构师相关项目，完成需求分析、代码实现、测试验证和上线复盘，使用软件工程知识解决实际业务问题。,我具备大专学历，专业为软件工程，目标方向是网络与计算机系统管理员。重视工程质量、团队协作和持续学习。,"求职方向：网络与计算机系统管理员
教育背景：大专｜软件工程
工作经历：在深圳参与数据库架构师工作2年，持续提升阅读理解、积极倾听、书面表达、口头表达等技能。
项目经历：负责数据库架构师相关项目，完成需求分析、代码实现、测试验证和上线复盘，使用软件工程知识解决实际业务问题。
技能：阅读理解、积极倾听、书面表达、口头表达、数学、批判性思维、主动学习、学习策略、监控、社会洞察、协调、说服、谈判、指导、服务导向、复杂问题解决、运营分析、技术设计、编程、运营监控、操作与控制、质量控制分析、判断与决策、系统分析、系统评估、时间管理、人员资源管理
自我评价：我具备大专学历，专业为软件工程，目标方向是网络与计算机系统管理员。重视工程质量、团队协作和持续学习。",synthetic_chinese_resume
CR0293,u293,本科,数据科学与大数据技术,9,杭州,15-1244.00,网络与计算机系统管理员,15-1212.00,信息安全分析师,阅读理解、积极倾听、书面表达、口头表达、数学、科学、批判性思维、主动学习、学习策略、监控、社会洞察、协调、说服、谈判、指导、服务导向、复杂问题解决、运营分析、技术设计、设备选型、安装、编程、运营监控、操作与控制、设备维护、故障排查、修复、质量控制分析、判断与决策、系统分析、系统评估、时间管理、物资资源管理、人员资源管理,"{""2.A.1.a"": 0.606336, ""2.A.1.b"": 0.651465, ""2.A.1.c"": 0.472948, ""2.A.1.d"": 0.541932, ""2.A.1.e"": 0.461994, ""2.A.1.f"": 0.300274, ""2.A.2.a"": 0.55926, ""2.A.2.b"": 0.476364, ""2.A.2.c"": 0.54385, ""2.A.2.d"": 0.540596, ""2.B.1.a"": 0.408415, ""2.B.1.b"": 0.385666, ""2.B.1.c"": 0.380915, ""2.B.1.d"": 0.388006, ""2.B.1.e"": 0.397375, ""2.B.1.f"": 0.417695, ""2.B.2.i"": 0.561229, ""2.B.3.a"": 0.436081, ""2.B.3.b"": 0.459896, ""2.B.3.c"": 0.433719, ""2.B.3.d"": 0.365232, ""2.B.3.e"": 0.529306, ""2.B.3.g"": 0.513345, ""2.B.3.h"": 0.428255, ""2.B.3.j"": 0.3813, ""2.B.3.k"": 0.447037, ""2.B.3.l"": 0.459378, ""2.B.3.m"": 0.519398, ""2.B.4.e"": 0.607146, ""2.B.4.g"": 0.581033, ""2.B.4.h"": 0.611559, ""2.B.5.a"": 0.456328, ""2.B.5.b"": 0.248325, ""2.B.5.c"": 0.39876, ""2.B.5.d"": 0.368666}",在杭州参与网络与计算机系统管理员工作9年，持续提升阅读理解、积极倾听、书面表达、口头表达等技能。,负责网络与计算机系统管理员相关项目，完成需求分析、代码实现、测试验证和上线复盘，使用数据科学与大数据技术知识解决实际业务问题。,我具备本科学历，专业为数据科学与大数据技术，目标方向是信息安全分析师。重视工程质量、团队协作和持续学习。,"求职方向：信息安全分析师
教育背景：本科｜数据科学与大数据技术
工作经历：在杭州参与网络与计算机系统管理员工作9年，持续提升阅读理解、积极倾听、书面表达、口头表达等技能。
项目经历：负责网络与计算机系统管理员相关项目，完成需求分析、代码实现、测试验证和上线复盘，使用数据科学与大数据技术知识解决实际业务问题。
技能：阅读理解、积极倾听、书面表达、口头表达、数学、科学、批判性思维、主动学习、学习策略、监控、社会洞察、协调、说服、谈判、指导、服务导向、复杂问题解决、运营分析、技术设计、设备选型、安装、编程、运营监控、操作与控制、设备维护、故障排查、修复、质量控制分析、判断与决策、系统分析、系统评估、时间管理、物资资源管理、人员资源管理
自我评价：我具备本科学历，专业为数据科学与大数据技术，目标方向是信息安全分析师。重视工程质量、团队协作和持续学习。",synthetic_chinese_resume
CR0294,u294,本科,网络工程,5,成都,15-1251.00,计算机程序员,15-1252.00,软件开发工程师,阅读理解、积极倾听、书面表达、口头表达、数学、科学、批判性思维、主动学习、监控、社会洞察、协调、说服、谈判、指导、服务导向、复杂问题解决、运营分析、技术设计、编程、运营监控、故障排查、修复、质量控制分析、判断与决策、系统分析、系统评估、时间管理、财务资源管理、物资资源管理、人员资源管理,"{""2.A.1.a"": 0.551342, ""2.A.1.b"": 0.470849, ""2.A.1.c"": 0.522407, ""2.A.1.d"": 0.462066, ""2.A.1.e"": 0.494789, ""2.A.1.f"": 0.335378, ""2.A.2.a"": 0.530093, ""2.A.2.b"": 0.375433, ""2.A.2.c"": 0.273226, ""2.A.2.d"": 0.299674, ""2.B.1.a"": 0.425625, ""2.B.1.b"": 0.42477, ""2.B.1.c"": 0.340709, ""2.B.1.d"": 0.286301, ""2.B.1.e"": 0.461757, ""2.B.1.f"": 0.360928, ""2.B.2.i"": 0.556741, ""2.B.3.a"": 0.539031, ""2.B.3.b"": 0.347898, ""2.B.3.c"": 0.15186, ""2.B.3.d"": 0.205721, ""2.B.3.e"": 0.787723, ""2.B.3.g"": 0.343513, ""2.B.3.h"": 0.270422, ""2.B.3.j"": 0.139146, ""2.B.3.k"": 0.297363, ""2.B.3.l"": 0.298444, ""2.B.3.m"": 0.43872, ""2.B.4.e"": 0.411542, ""2.B.4.g"": 0.454882, ""2.B.4.h"": 0.444442, ""2.B.5.a"": 0.463425, ""2.B.5.b"": 0.324835, ""2.B.5.c"": 0.305185, ""2.B.5.d"": 0.407944}",在成都参与计算机程序员工作5年，持续提升阅读理解、积极倾听、书面表达、口头表达等技能。,负责计算机程序员相关项目，完成需求分析、代码实现、测试验证和上线复盘，使用网络工程知识解决实际业务问题。,我具备本科学历，专业为网络工程，目标方向是软件开发工程师。重视工程质量、团队协作和持续学习。,"求职方向：软件开发工程师
教育背景：本科｜网络工程
工作经历：在成都参与计算机程序员工作5年，持续提升阅读理解、积极倾听、书面表达、口头表达等技能。
项目经历：负责计算机程序员相关项目，完成需求分析、代码实现、测试验证和上线复盘，使用网络工程知识解决实际业务问题。
技能：阅读理解、积极倾听、书面表达、口头表达、数学、科学、批判性思维、主动学习、监控、社会洞察、协调、说服、谈判、指导、服务导向、复杂问题解决、运营分析、技术设计、编程、运营监控、故障排查、修复、质量控制分析、判断与决策、系统分析、系统评估、时间管理、财务资源管理、物资资源管理、人员资源管理
自我评价：我具备本科学历，专业为网络工程，目标方向是软件开发工程师。重视工程质量、团队协作和持续学习。",synthetic_chinese_resume
CR0295,u295,硕士,信息安全,1,武汉,15-1252.00,软件开发工程师,15-1253.00,软件质量保证分析师与测试工程师,阅读理解、积极倾听、书面表达、口头表达、数学、批判性思维、主动学习、学习策略、监控、社会洞察、协调、说服、谈判、指导、服务导向、复杂问题解决、技术设计、运营监控、故障排查、判断与决策、系统分析、系统评估、时间管理、人员资源管理,"{""2.A.1.a"": 0.615319, ""2.A.1.b"": 0.503154, ""2.A.1.c"": 0.420175, ""2.A.1.d"": 0.496793, ""2.A.1.e"": 0.382156, ""2.A.1.f"": 0.167875, ""2.A.2.a"": 0.574989, ""2.A.2.b"": 0.570211, ""2.A.2.c"": 0.291525, ""2.A.2.d"": 0.446703, ""2.B.1.a"": 0.419012, ""2.B.1.b"": 0.403529, ""2.B.1.c"": 0.424784, ""2.B.1.d"": 0.428262, ""2.B.1.e"": 0.428947, ""2.B.1.f"": 0.385441, ""2.B.2.i"": 0.440014, ""2.B.3.a"": 0.198798, ""2.B.3.b"": 0.531747, ""2.B.3.c"": 0.133037, ""2.B.3.d"": 0.231213, ""2.B.3.e"": 0.219106, ""2.B.3.g"": 0.356713, ""2.B.3.h"": 0.193429, ""2.B.3.j"": 0.27133, ""2.B.3.k"": 0.290575, ""2.B.3.l"": 0.176814, ""2.B.3.m"": 0.242916, ""2.B.4.e"": 0.524075, ""2.B.4.g"": 0.507861, ""2.B.4.h"": 0.575274, ""2.B.5.a"": 0.446096, ""2.B.5.b"": 0.195279, ""2.B.5.c"": 0.251067, ""2.B.5.d"": 0.336989}",在武汉参与软件开发工程师工作1年，持续提升阅读理解、积极倾听、书面表达、口头表达等技能。,负责软件开发工程师相关项目，完成需求分析、代码实现、测试验证和上线复盘，使用信息安全知识解决实际业务问题。,我具备硕士学历，专业为信息安全，目标方向是软件质量保证分析师与测试工程师。重视工程质量、团队协作和持续学习。,"求职方向：软件质量保证分析师与测试工程师
教育背景：硕士｜信息安全
工作经历：在武汉参与软件开发工程师工作1年，持续提升阅读理解、积极倾听、书面表达、口头表达等技能。
项目经历：负责软件开发工程师相关项目，完成需求分析、代码实现、测试验证和上线复盘，使用信息安全知识解决实际业务问题。
技能：阅读理解、积极倾听、书面表达、口头表达、数学、批判性思维、主动学习、学习策略、监控、社会洞察、协调、说服、谈判、指导、服务导向、复杂问题解决、技术设计、运营监控、故障排查、判断与决策、系统分析、系统评估、时间管理、人员资源管理
自我评价：我具备硕士学历，专业为信息安全，目标方向是软件质量保证分析师与测试工程师。重视工程质量、团队协作和持续学习。",synthetic_chinese_resume
CR0296,u296,大专,计算机科学与技术,8,西安,15-1253.00,软件质量保证分析师与测试工程师,15-1252.00,软件开发工程师,阅读理解、积极倾听、书面表达、口头表达、数学、科学、批判性思维、主动学习、学习策略、监控、社会洞察、协调、说服、谈判、指导、服务导向、复杂问题解决、运营分析、技术设计、编程、运营监控、故障排查、质量控制分析、判断与决策、系统分析、系统评估、时间管理,"{""2.A.1.a"": 0.657643, ""2.A.1.b"": 0.595479, ""2.A.1.c"": 0.616639, ""2.A.1.d"": 0.556833, ""2.A.1.e"": 0.39427, ""2.A.1.f"": 0.481053, ""2.A.2.a"": 0.587622, ""2.A.2.b"": 0.486238, ""2.A.2.c"": 0.430145, ""2.A.2.d"": 0.490633, ""2.B.1.a"": 0.422791, ""2.B.1.b"": 0.443014, ""2.B.1.c"": 0.34791, ""2.B.1.d"": 0.393869, ""2.B.1.e"": 0.44554, ""2.B.1.f"": 0.380925, ""2.B.2.i"": 0.52291, ""2.B.3.a"": 0.464872, ""2.B.3.b"": 0.342117, ""2.B.3.c"": 0.110056, ""2.B.3.d"": 0.254537, ""2.B.3.e"": 0.498228, ""2.B.3.g"": 0.367677, ""2.B.3.h"": 0.216427, ""2.B.3.j"": 0.204471, ""2.B.3.k"": 0.428457, ""2.B.3.l"": 0.21525, ""2.B.3.m"": 0.535184, ""2.B.4.e"": 0.435929, ""2.B.4.g"": 0.440263, ""2.B.4.h"": 0.428163, ""2.B.5.a"": 0.385582, ""2.B.5.b"": 0.141293, ""2.B.5.c"": 0.15302, ""2.B.5.d"": 0.256863}",在西安参与软件质量保证分析师与测试工程师工作8年，持续提升阅读理解、积极倾听、书面表达、口头表达等技能。,负责软件质量保证分析师与测试工程师相关项目，完成需求分析、代码实现、测试验证和上线复盘，使用计算机科学与技术知识解决实际业务问题。,我具备大专学历，专业为计算机科学与技术，目标方向是软件开发工程师。重视工程质量、团队协作和持续学习。,"求职方向：软件开发工程师
教育背景：大专｜计算机科学与技术
工作经历：在西安参与软件质量保证分析师与测试工程师工作8年，持续提升阅读理解、积极倾听、书面表达、口头表达等技能。
项目经历：负责软件质量保证分析师与测试工程师相关项目，完成需求分析、代码实现、测试验证和上线复盘，使用计算机科学与技术知识解决实际业务问题。
技能：阅读理解、积极倾听、书面表达、口头表达、数学、科学、批判性思维、主动学习、学习策略、监控、社会洞察、协调、说服、谈判、指导、服务导向、复杂问题解决、运营分析、技术设计、编程、运营监控、故障排查、质量控制分析、判断与决策、系统分析、系统评估、时间管理
自我评价：我具备大专学历，专业为计算机科学与技术，目标方向是软件开发工程师。重视工程质量、团队协作和持续学习。",synthetic_chinese_resume
CR0297,u297,本科,软件工程,4,北京,15-1254.00,网页开发工程师,15-1252.00,软件开发工程师,阅读理解、积极倾听、书面表达、口头表达、数学、批判性思维、主动学习、学习策略、监控、社会洞察、协调、说服、谈判、指导、服务导向、复杂问题解决、运营分析、技术设计、设备选型、编程、质量控制分析、判断与决策、系统分析、系统评估、时间管理,"{""2.A.1.a"": 0.448376, ""2.A.1.b"": 0.548817, ""2.A.1.c"": 0.440729, ""2.A.1.d"": 0.458285, ""2.A.1.e"": 0.365785, ""2.A.1.f"": 0.232219, ""2.A.2.a"": 0.532754, ""2.A.2.b"": 0.4634, ""2.A.2.c"": 0.43689, ""2.A.2.d"": 0.443868, ""2.B.1.a"": 0.427805, ""2.B.1.b"": 0.425343, ""2.B.1.c"": 0.456855, ""2.B.1.d"": 0.353241, ""2.B.1.e"": 0.416281, ""2.B.1.f"": 0.410298, ""2.B.2.i"": 0.547728, ""2.B.3.a"": 0.55057, ""2.B.3.b"": 0.302755, ""2.B.3.c"": 0.36857, ""2.B.3.d"": 0.229352, ""2.B.3.e"": 0.610872, ""2.B.3.g"": 0.237236, ""2.B.3.h"": 0.173145, ""2.B.3.j"": 0.245364, ""2.B.3.k"": 0.24417, ""2.B.3.l"": 0.199451, ""2.B.3.m"": 0.296992, ""2.B.4.e"": 0.46068, ""2.B.4.g"": 0.493114, ""2.B.4.h"": 0.421526, ""2.B.5.a"": 0.392233, ""2.B.5.b"": 0.20203, ""2.B.5.c"": 0.278104, ""2.B.5.d"": 0.26703}",在北京参与网页开发工程师工作4年，持续提升阅读理解、积极倾听、书面表达、口头表达等技能。,负责网页开发工程师相关项目，完成需求分析、代码实现、测试验证和上线复盘，使用软件工程知识解决实际业务问题。,我具备本科学历，专业为软件工程，目标方向是软件开发工程师。重视工程质量、团队协作和持续学习。,"求职方向：软件开发工程师
教育背景：本科｜软件工程
工作经历：在北京参与网页开发工程师工作4年，持续提升阅读理解、积极倾听、书面表达、口头表达等技能。
项目经历：负责网页开发工程师相关项目，完成需求分析、代码实现、测试验证和上线复盘，使用软件工程知识解决实际业务问题。
技能：阅读理解、积极倾听、书面表达、口头表达、数学、批判性思维、主动学习、学习策略、监控、社会洞察、协调、说服、谈判、指导、服务导向、复杂问题解决、运营分析、技术设计、设备选型、编程、质量控制分析、判断与决策、系统分析、系统评估、时间管理
自我评价：我具备本科学历，专业为软件工程，目标方向是软件开发工程师。重视工程质量、团队协作和持续学习。",synthetic_chinese_resume
CR0298,u298,本科,数据科学与大数据技术,0,上海,15-1255.00,网页与数字界面设计师,15-2031.00,运筹分析师,阅读理解、积极倾听、书面表达、口头表达、数学、科学、批判性思维、主动学习、学习策略、监控、社会洞察、协调、说服、谈判、指导、服务导向、复杂问题解决、运营分析、技术设计、编程、运营监控、质量控制分析、判断与决策、系统分析、系统评估、时间管理、人员资源管理,"{""2.A.1.a"": 0.610699, ""2.A.1.b"": 0.610088, ""2.A.1.c"": 0.488514, ""2.A.1.d"": 0.474081, ""2.A.1.e"": 0.369566, ""2.A.1.f"": 0.308533, ""2.A.2.a"": 0.504436, ""2.A.2.b"": 0.511502, ""2.A.2.c"": 0.413327, ""2.A.2.d"": 0.410291, ""2.B.1.a"": 0.447476, ""2.B.1.b"": 0.462154, ""2.B.1.c"": 0.3899, ""2.B.1.d"": 0.387609, ""2.B.1.e"": 0.461042, ""2.B.1.f"": 0.391395, ""2.B.2.i"": 0.477339, ""2.B.3.a"": 0.513654, ""2.B.3.b"": 0.40707, ""2.B.3.c"": 0.183511, ""2.B.3.d"": 0.230016, ""2.B.3.e"": 0.621977, ""2.B.3.g"": 0.407594, ""2.B.3.h"": 0.225401, ""2.B.3.j"": 0.233136, ""2.B.3.k"": 0.166123, ""2.B.3.l"": 0.132335, ""2.B.3.m"": 0.290238, ""2.B.4.e"": 0.491244, ""2.B.4.g"": 0.464271, ""2.B.4.h"": 0.478742, ""2.B.5.a"": 0.479543, ""2.B.5.b"": 0.235338, ""2.B.5.c"": 0.270275, ""2.B.5.d"": 0.407477}",在上海参与网页与数字界面设计师工作0年，持续提升阅读理解、积极倾听、书面表达、口头表达等技能。,负责网页与数字界面设计师相关项目，完成需求分析、代码实现、测试验证和上线复盘，使用数据科学与大数据技术知识解决实际业务问题。,我具备本科学历，专业为数据科学与大数据技术，目标方向是运筹分析师。重视工程质量、团队协作和持续学习。,"求职方向：运筹分析师
教育背景：本科｜数据科学与大数据技术
工作经历：在上海参与网页与数字界面设计师工作0年，持续提升阅读理解、积极倾听、书面表达、口头表达等技能。
项目经历：负责网页与数字界面设计师相关项目，完成需求分析、代码实现、测试验证和上线复盘，使用数据科学与大数据技术知识解决实际业务问题。
技能：阅读理解、积极倾听、书面表达、口头表达、数学、科学、批判性思维、主动学习、学习策略、监控、社会洞察、协调、说服、谈判、指导、服务导向、复杂问题解决、运营分析、技术设计、编程、运营监控、质量控制分析、判断与决策、系统分析、系统评估、时间管理、人员资源管理
自我评价：我具备本科学历，专业为数据科学与大数据技术，目标方向是运筹分析师。重视工程质量、团队协作和持续学习。",synthetic_chinese_resume
CR0299,u299,硕士,网络工程,7,广州,15-2031.00,运筹分析师,15-2051.00,数据科学家,阅读理解、积极倾听、书面表达、口头表达、数学、科学、批判性思维、主动学习、学习策略、监控、社会洞察、协调、说服、谈判、指导、服务导向、复杂问题解决、运营分析、编程、判断与决策、系统分析、系统评估、时间管理、人员资源管理,"{""2.A.1.a"": 0.591126, ""2.A.1.b"": 0.566092, ""2.A.1.c"": 0.597861, ""2.A.1.d"": 0.61808, ""2.A.1.e"": 0.761526, ""2.A.1.f"": 0.512859, ""2.A.2.a"": 0.648774, ""2.A.2.b"": 0.603223, ""2.A.2.c"": 0.433416, ""2.A.2.d"": 0.456899, ""2.B.1.a"": 0.362977, ""2.B.1.b"": 0.415381, ""2.B.1.c"": 0.478277, ""2.B.1.d"": 0.308864, ""2.B.1.e"": 0.412698, ""2.B.1.f"": 0.357456, ""2.B.2.i"": 0.634243, ""2.B.3.a"": 0.560131, ""2.B.3.b"": 0.251137, ""2.B.3.c"": 0.194521, ""2.B.3.d"": 0.18253, ""2.B.3.e"": 0.346408, ""2.B.3.g"": 0.262439, ""2.B.3.h"": 0.207954, ""2.B.3.j"": 0.124485, ""2.B.3.k"": 0.258091, ""2.B.3.l"": 0.209775, ""2.B.3.m"": 0.210346, ""2.B.4.e"": 0.591122, ""2.B.4.g"": 0.491844, ""2.B.4.h"": 0.604712, ""2.B.5.a"": 0.451801, ""2.B.5.b"": 0.272533, ""2.B.5.c"": 0.25294, ""2.B.5.d"": 0.358815}",在广州参与运筹分析师工作7年，持续提升阅读理解、积极倾听、书面表达、口头表达等技能。,负责运筹分析师相关项目，完成需求分析、代码实现、测试验证和上线复盘，使用网络工程知识解决实际业务问题。,我具备硕士学历，专业为网络工程，目标方向是数据科学家。重视工程质量、团队协作和持续学习。,"求职方向：数据科学家
教育背景：硕士｜网络工程
工作经历：在广州参与运筹分析师工作7年，持续提升阅读理解、积极倾听、书面表达、口头表达等技能。
项目经历：负责运筹分析师相关项目，完成需求分析、代码实现、测试验证和上线复盘，使用网络工程知识解决实际业务问题。
技能：阅读理解、积极倾听、书面表达、口头表达、数学、科学、批判性思维、主动学习、学习策略、监控、社会洞察、协调、说服、谈判、指导、服务导向、复杂问题解决、运营分析、编程、判断与决策、系统分析、系统评估、时间管理、人员资源管理
自我评价：我具备硕士学历，专业为网络工程，目标方向是数据科学家。重视工程质量、团队协作和持续学习。",synthetic_chinese_resume
CR0300,u300,大专,信息安全,3,深圳,15-2051.00,数据科学家,15-1211.00,计算机系统分析师,阅读理解、积极倾听、书面表达、口头表达、数学、批判性思维、主动学习、学习策略、监控、社会洞察、协调、说服、谈判、指导、服务导向、复杂问题解决、运营分析、设备选型、编程、质量控制分析、判断与决策、系统分析、系统评估、时间管理、财务资源管理、人员资源管理,"{""2.A.1.a"": 0.625149, ""2.A.1.b"": 0.58038, ""2.A.1.c"": 0.568819, ""2.A.1.d"": 0.555036, ""2.A.1.e"": 0.54248, ""2.A.1.f"": 0.251505, ""2.A.2.a"": 0.62922, ""2.A.2.b"": 0.521974, ""2.A.2.c"": 0.421275, ""2.A.2.d"": 0.476557, ""2.B.1.a"": 0.49664, ""2.B.1.b"": 0.430463, ""2.B.1.c"": 0.376775, ""2.B.1.d"": 0.39463, ""2.B.1.e"": 0.391089, ""2.B.1.f"": 0.352215, ""2.B.2.i"": 0.531163, ""2.B.3.a"": 0.41572, ""2.B.3.b"": 0.21209, ""2.B.3.c"": 0.292599, ""2.B.3.d"": 0.188183, ""2.B.3.e"": 0.418483, ""2.B.3.g"": 0.255648, ""2.B.3.h"": 0.215863, ""2.B.3.j"": 0.251576, ""2.B.3.k"": 0.174918, ""2.B.3.l"": 0.198244, ""2.B.3.m"": 0.32976, ""2.B.4.e"": 0.503219, ""2.B.4.g"": 0.539824, ""2.B.4.h"": 0.452263, ""2.B.5.a"": 0.41465, ""2.B.5.b"": 0.32429, ""2.B.5.c"": 0.235822, ""2.B.5.d"": 0.312191}",在深圳参与数据科学家工作3年，持续提升阅读理解、积极倾听、书面表达、口头表达等技能。,负责数据科学家相关项目，完成需求分析、代码实现、测试验证和上线复盘，使用信息安全知识解决实际业务问题。,我具备大专学历，专业为信息安全，目标方向是计算机系统分析师。重视工程质量、团队协作和持续学习。,"求职方向：计算机系统分析师
教育背景：大专｜信息安全
工作经历：在深圳参与数据科学家工作3年，持续提升阅读理解、积极倾听、书面表达、口头表达等技能。
项目经历：负责数据科学家相关项目，完成需求分析、代码实现、测试验证和上线复盘，使用信息安全知识解决实际业务问题。
技能：阅读理解、积极倾听、书面表达、口头表达、数学、批判性思维、主动学习、学习策略、监控、社会洞察、协调、说服、谈判、指导、服务导向、复杂问题解决、运营分析、设备选型、编程、质量控制分析、判断与决策、系统分析、系统评估、时间管理、财务资源管理、人员资源管理
自我评价：我具备大专学历，专业为信息安全，目标方向是计算机系统分析师。重视工程质量、团队协作和持续学习。",synthetic_chinese_resume
